week,n_so_far,deaths_so_far,score_total::h1n1_2009,score_total::STRANGER,score_profile::h1n1_2009,score_profile::STRANGER,score_severity::h1n1_2009,score_severity::STRANGER,fob,score_total::flu_2013,score_total::othervirus_2013,score_profile::flu_2013,score_profile::othervirus_2013,score_severity::flu_2013,score_severity::othervirus_2013,score_total::flu_2014,score_total::othervirus_2014,score_profile::flu_2014,score_profile::othervirus_2014,score_severity::flu_2014,score_severity::othervirus_2014,score_total::flu_2015,score_total::othervirus_2015,score_profile::flu_2015,score_profile::othervirus_2015,score_severity::flu_2015,score_severity::othervirus_2015,score_total::flu_2016,score_total::othervirus_2016,score_profile::flu_2016,score_profile::othervirus_2016,score_severity::flu_2016,score_severity::othervirus_2016,score_total::flu_2017,score_total::othervirus_2017,score_profile::flu_2017,score_profile::othervirus_2017,score_severity::flu_2017,score_severity::othervirus_2017,score_total::flu_2018,score_total::othervirus_2018,score_profile::flu_2018,score_profile::othervirus_2018,score_severity::flu_2018,score_severity::othervirus_2018,score_total::flu_2019,score_total::othervirus_2019,score_profile::flu_2019,score_profile::othervirus_2019,score_severity::flu_2019,score_severity::othervirus_2019,score_total::flu_2020,score_profile::flu_2020,score_severity::flu_2020,score_total::covid_2020,score_total::othervirus_2020,score_profile::covid_2020,score_profile::othervirus_2020,score_severity::covid_2020,score_severity::othervirus_2020,score_total::covid_2021,score_profile::covid_2021,score_severity::covid_2021,score_total::flu_2021,score_total::othervirus_2021,score_profile::flu_2021,score_profile::othervirus_2021,score_severity::flu_2021,score_severity::othervirus_2021
0,8,2,-60.97466666865053,-80.87620508757918,-56.529635406105854,-75.33102764309962,-4.445031262544672,-5.545177444479562,flu_2013,,,,,,,,,,,,,,,,,,,,,,,,,,,,,,,,,,,,,,,,,,,,,,,,,,,,,,,,,,,,
1,11,3,-95.49088573957762,-106.87437018790186,-88.6841427422722,-99.4118700512189,-6.806742997305417,-7.462500136682963,flu_2013,,,,,,,,,,,,,,,,,,,,,,,,,,,,,,,,,,,,,,,,,,,,,,,,,,,,,,,,,,,,
2,16,3,-130.46479613583574,-139.87030479334376,-120.54341948521682,-130.5691807560342,-9.92137665061893,-9.30112403730955,flu_2013,,,,,,,,,,,,,,,,,,,,,,,,,,,,,,,,,,,,,,,,,,,,,,,,,,,,,,,,,,,,
3,19,4,-148.59126824116078,-158.25319630983373,-135.39222237802832,-146.94536601918608,-13.199045863132461,-11.307830290647637,flu_2013,,,,,,,,,,,,,,,,,,,,,,,,,,,,,,,,,,,,,,,,,,,,,,,,,,,,,,,,,,,,
4,22,4,-164.9992553888533,-178.25698724668837,-151.3485554530708,-166.1333558095898,-13.650699935782525,-12.123631437098561,flu_2013,,,,,,,,,,,,,,,,,,,,,,,,,,,,,,,,,,,,,,,,,,,,,,,,,,,,,,,,,,,,
5,25,5,-201.1134496607212,-204.74359305165237,-186.30742011073175,-190.58411599427694,-14.806029549989436,-14.159477057375417,flu_2013,,,,,,,,,,,,,,,,,,,,,,,,,,,,,,,,,,,,,,,,,,,,,,,,,,,,,,,,,,,,
6,27,5,-218.60292677619202,-216.22006049103786,-201.54676068531293,-201.55795457710062,-17.056166090879074,-14.662105913937229,flu_2013,,,,,,,,,,,,,,,,,,,,,,,,,,,,,,,,,,,,,,,,,,,,,,,,,,,,,,,,,,,,
7,37,7,-300.04210077642006,-287.0281163774708,-279.760307584711,-267.36052482955813,-20.281793191709113,-19.66759154791266,flu_2013,,,,,,,,,,,,,,,,,,,,,,,,,,,,,,,,,,,,,,,,,,,,,,,,,,,,,,,,,,,,
8,45,9,-352.38953888744817,-337.4322655013687,-326.0484274776806,-312.9837450910798,-26.341111409767585,-24.448520410288868,flu_2013,,,,,,,,,,,,,,,,,,,,,,,,,,,,,,,,,,,,,,,,,,,,,,,,,,,,,,,,,,,,
9,56,9,-414.82122587409384,-402.9252008178556,-387.02805332316655,-376.13403678793236,-27.793172550927302,-26.791164029923284,flu_2013,,,,,,,,,,,,,,,,,,,,,,,,,,,,,,,,,,,,,,,,,,,,,,,,,,,,,,,,,,,,
10,60,9,-438.78175128181016,-424.9764765187087,-410.76383152267573,-397.57296367989954,-28.01791975913442,-27.403512838809128,flu_2013,,,,,,,,,,,,,,,,,,,,,,,,,,,,,,,,,,,,,,,,,,,,,,,,,,,,,,,,,,,,
11,77,12,-566.8080713397733,-529.7072607005167,-530.1454734400081,-494.53137066984095,-36.66259789976522,-35.175890030675724,flu_2013,,,,,,,,,,,,,,,,,,,,,,,,,,,,,,,,,,,,,,,,,,,,,,,,,,,,,,,,,,,,
12,116,21,-822.1713140806393,-764.3933562595097,-757.9926083760389,-709.0772097621823,-64.17870570460036,-55.31614649732735,flu_2013,,,,,,,,,,,,,,,,,,,,,,,,,,,,,,,,,,,,,,,,,,,,,,,,,,,,,,,,,,,,
13,160,29,-1138.8625303468045,-1036.6787762359722,-1038.0823951526738,-958.9218476260149,-100.78013519413074,-77.75692860995726,flu_2013,,,,,,,,,,,,,,,,,,,,,,,,,,,,,,,,,,,,,,,,,,,,,,,,,,,,,,,,,,,,
14,229,43,-1625.1253176493265,-1465.8551989646999,-1488.864550459971,-1354.708954349081,-136.26076718935542,-111.14624461561868,flu_2013,,,,,,,,,,,,,,,,,,,,,,,,,,,,,,,,,,,,,,,,,,,,,,,,,,,,,,,,,,,,
15,373,78,-2609.1004035490582,-2352.8109990733956,-2386.7322566877883,-2163.4114973265796,-222.36814686126974,-189.39950174681587,flu_2013,,,,,,,,,,,,,,,,,,,,,,,,,,,,,,,,,,,,,,,,,,,,,,,,,,,,,,,,,,,,
16,595,121,-4185.68247503731,-3723.1908408325394,-3828.2736114476884,-3434.083898200335,-357.4088635896211,-289.10694263220427,flu_2013,,,,,,,,,,,,,,,,,,,,,,,,,,,,,,,,,,,,,,,,,,,,,,,,,,,,,,,,,,,,
17,848,162,-6172.189106694334,-5412.2988530808125,-5670.816572429639,-5014.610518993276,-501.3725342646958,-397.68833408753676,flu_2013,,,,,,,,,,,,,,,,,,,,,,,,,,,,,,,,,,,,,,,,,,,,,,,,,,,,,,,,,,,,
18,1078,208,-7827.835213590083,-6845.026895818396,-7206.758287955082,-6344.1811900364455,-621.0769256350011,-500.84570578195024,flu_2013,,,,,,,,,,,,,,,,,,,,,,,,,,,,,,,,,,,,,,,,,,,,,,,,,,,,,,,,,,,,
19,1399,271,-10282.156769565227,-8902.844869941187,-9481.996312171268,-8260.543503415964,-800.1604573939577,-642.3013665252233,flu_2013,,,,,,,,,,,,,,,,,,,,,,,,,,,,,,,,,,,,,,,,,,,,,,,,,,,,,,,,,,,,
20,1656,318,-12084.002298007612,-10489.223613307895,-11155.127588831232,-9735.77970150375,-928.8747091763796,-753.443911804144,flu_2013,,,,,,,,,,,,,,,,,,,,,,,,,,,,,,,,,,,,,,,,,,,,,,,,,,,,,,,,,,,,
21,2088,388,-15155.168002074422,-13127.877306496272,-14000.738044938626,-12203.790224141041,-1154.4299571357967,-924.0870823552311,flu_2013,,,,,,,,,,,,,,,,,,,,,,,,,,,,,,,,,,,,,,,,,,,,,,,,,,,,,,,,,,,,
22,2498,447,-18068.07646723143,-15657.223375116224,-16711.15653695642,-14577.665563674987,-1356.919930275009,-1079.5578114412367,flu_2013,,,,,,,,,,,,,,,,,,,,,,,,,,,,,,,,,,,,,,,,,,,,,,,,,,,,,,,,,,,,
23,2870,525,-20786.510546404654,-17973.00868956607,-19201.627321232467,-16722.33703278957,-1584.8832251721874,-1250.671656776505,flu_2013,,,,,,,,,,,,,,,,,,,,,,,,,,,,,,,,,,,,,,,,,,,,,,,,,,,,,,,,,,,,
24,3287,577,-23626.950955302378,-20447.206861811897,-21859.328112786196,-19058.521211807314,-1767.622842516184,-1388.6856500045835,flu_2013,,,,,,,,,,,,,,,,,,,,,,,,,,,,,,,,,,,,,,,,,,,,,,,,,,,,,,,,,,,,
25,3638,634,-26114.61501528423,-22610.35513437732,-24164.584613612038,-21086.27058788933,-1950.0304016721936,-1524.0845464879942,flu_2013,,,,,,,,,,,,,,,,,,,,,,,,,,,,,,,,,,,,,,,,,,,,,,,,,,,,,,,,,,,,
0,2,0,-22.535251521545877,-20.219051271894795,-19.309090934953595,-18.832756910774904,-3.226160586592281,-1.3862943611198906,othervirus_2013,,,,,,,,,,,,,,,,,,,,,,,,,,,,,,,,,,,,,,,,,,,,,,,,,,,,,,,,,,,,
1,7,2,-66.50124906004939,-63.253401336799584,-59.43069328792314,-58.23147203608457,-7.070555772126251,-5.021929300715015,othervirus_2013,,,,,,,,,,,,,,,,,,,,,,,,,,,,,,,,,,,,,,,,,,,,,,,,,,,,,,,,,,,,
2,16,4,-138.22314649483948,-124.36435664266367,-121.83193851913467,-114.30694700785529,-16.391207975704827,-10.057409634808385,othervirus_2013,,,,,,,,,,,,,,,,,,,,,,,,,,,,,,,,,,,,,,,,,,,,,,,,,,,,,,,,,,,,
3,25,5,-181.84270249006957,-165.61404320730074,-161.63290315651992,-151.67232052355325,-20.209799333549658,-13.941722683747473,othervirus_2013,,,,,,,,,,,,,,,,,,,,,,,,,,,,,,,,,,,,,,,,,,,,,,,,,,,,,,,,,,,,
4,27,5,-197.54266932547415,-180.1335656826414,-175.96212036602043,-165.6892141423321,-21.58054895945373,-14.444351540309285,othervirus_2013,,,,,,,,,,,,,,,,,,,,,,,,,,,,,,,,,,,,,,,,,,,,,,,,,,,,,,,,,,,,
5,29,5,-213.278485287092,-190.26988724716952,-191.03752536690848,-175.3619324787456,-22.240959920183514,-14.907954768423933,othervirus_2013,,,,,,,,,,,,,,,,,,,,,,,,,,,,,,,,,,,,,,,,,,,,,,,,,,,,,,,,,,,,
6,32,6,-229.28560884651628,-203.816449423262,-203.3165251594196,-186.8360441603471,-25.96908368709669,-16.980405262914914,othervirus_2013,,,,,,,,,,,,,,,,,,,,,,,,,,,,,,,,,,,,,,,,,,,,,,,,,,,,,,,,,,,,
7,38,6,-260.7579927947703,-230.79050124355504,-234.51129707379707,-212.565506247679,-26.246695720973253,-18.224994995876038,othervirus_2013,,,,,,,,,,,,,,,,,,,,,,,,,,,,,,,,,,,,,,,,,,,,,,,,,,,,,,,,,,,,
8,51,7,-332.96165966436075,-288.2722853263858,-300.7576499916414,-266.199610888899,-32.20400967271932,-22.072674437486835,othervirus_2013,,,,,,,,,,,,,,,,,,,,,,,,,,,,,,,,,,,,,,,,,,,,,,,,,,,,,,,,,,,,
9,64,7,-426.9503916402813,-345.0221911220242,-388.20664296551246,-321.02006866649174,-38.7437486747688,-24.002122455532454,othervirus_2013,,,,,,,,,,,,,,,,,,,,,,,,,,,,,,,,,,,,,,,,,,,,,,,,,,,,,,,,,,,,
10,77,8,-493.8494852601295,-410.74887659227073,-451.3110976605589,-383.70100886418766,-42.53838759957058,-27.047867728083066,othervirus_2013,,,,,,,,,,,,,,,,,,,,,,,,,,,,,,,,,,,,,,,,,,,,,,,,,,,,,,,,,,,,
11,91,8,-570.7999644193856,-469.64356454354373,-527.472282000486,-441.2688435082217,-43.32768241889956,-28.374721035322025,othervirus_2013,,,,,,,,,,,,,,,,,,,,,,,,,,,,,,,,,,,,,,,,,,,,,,,,,,,,,,,,,,,,
12,108,9,-671.8214785989097,-536.5040036156034,-625.3873841127375,-504.54276588669353,-46.43409448617215,-31.96123772890987,othervirus_2013,,,,,,,,,,,,,,,,,,,,,,,,,,,,,,,,,,,,,,,,,,,,,,,,,,,,,,,,,,,,
13,144,10,-874.7410520387542,-670.6897403474298,-822.1976506336295,-632.670619777999,-52.54340140512477,-38.01912056943085,othervirus_2013,,,,,,,,,,,,,,,,,,,,,,,,,,,,,,,,,,,,,,,,,,,,,,,,,,,,,,,,,,,,
14,196,11,-1134.6545824824452,-869.1745946995461,-1077.692478858984,-825.588784664017,-56.96210362346117,-43.585810035529136,othervirus_2013,,,,,,,,,,,,,,,,,,,,,,,,,,,,,,,,,,,,,,,,,,,,,,,,,,,,,,,,,,,,
15,296,16,-1817.4708682730507,-1338.7173676529394,-1732.9477967398993,-1277.5197838362412,-84.52307153315125,-61.19758381669828,othervirus_2013,,,,,,,,,,,,,,,,,,,,,,,,,,,,,,,,,,,,,,,,,,,,,,,,,,,,,,,,,,,,
16,376,20,-2301.4365105853512,-1658.9601514785527,-2203.3670152865207,-1584.2548197575202,-98.06949529883062,-74.70533172103245,othervirus_2013,,,,,,,,,,,,,,,,,,,,,,,,,,,,,,,,,,,,,,,,,,,,,,,,,,,,,,,,,,,,
17,496,30,-3115.291591647496,-2246.6683834111514,-2985.177884579345,-2137.6814863391987,-130.1137070681506,-108.98689707195257,othervirus_2013,,,,,,,,,,,,,,,,,,,,,,,,,,,,,,,,,,,,,,,,,,,,,,,,,,,,,,,,,,,,
18,609,39,-3846.4290972895333,-2759.4540469178337,-3682.023420159804,-2622.378609142922,-164.40567712972913,-137.0754377749115,othervirus_2013,,,,,,,,,,,,,,,,,,,,,,,,,,,,,,,,,,,,,,,,,,,,,,,,,,,,,,,,,,,,
19,774,54,-4970.0095835026395,-3609.199595322629,-4745.0317248226265,-3425.14327126085,-224.9778586800133,-184.05632406177924,othervirus_2013,,,,,,,,,,,,,,,,,,,,,,,,,,,,,,,,,,,,,,,,,,,,,,,,,,,,,,,,,,,,
20,890,58,-5704.920690718834,-4123.461571720833,-5455.402646715157,-3921.0985376068,-249.51804400367652,-202.3630341140325,othervirus_2013,,,,,,,,,,,,,,,,,,,,,,,,,,,,,,,,,,,,,,,,,,,,,,,,,,,,,,,,,,,,
21,1094,67,-7160.883109501598,-5192.658077715039,-6854.830170726946,-4954.2768473399265,-306.05293877465147,-238.38123037511275,othervirus_2013,,,,,,,,,,,,,,,,,,,,,,,,,,,,,,,,,,,,,,,,,,,,,,,,,,,,,,,,,,,,
22,1280,81,-8462.054553812823,-6111.331484459123,-8099.179280025148,-5830.412182870853,-362.8752737876753,-280.9193015882703,othervirus_2013,,,,,,,,,,,,,,,,,,,,,,,,,,,,,,,,,,,,,,,,,,,,,,,,,,,,,,,,,,,,
23,1454,91,-9612.534346806002,-6952.110119449295,-9206.977625902768,-6635.150509034206,-405.55672090323486,-316.9596104150892,othervirus_2013,,,,,,,,,,,,,,,,,,,,,,,,,,,,,,,,,,,,,,,,,,,,,,,,,,,,,,,,,,,,
24,1637,108,-10840.851788220016,-7866.1428658703,-10376.38347518064,-7501.300465585082,-464.46831303937495,-364.8424002852182,othervirus_2013,,,,,,,,,,,,,,,,,,,,,,,,,,,,,,,,,,,,,,,,,,,,,,,,,,,,,,,,,,,,
25,1808,115,-12001.586212382019,-8739.131963403257,-11490.518546210951,-8344.316602626455,-511.0676661710685,-394.8153607768021,othervirus_2013,,,,,,,,,,,,,,,,,,,,,,,,,,,,,,,,,,,,,,,,,,,,,,,,,,,,,,,,,,,,
0,9,1,-69.7073466527433,-90.98573072352657,-64.98090724442936,-84.74740609848706,-4.726439408313938,-6.238324625039508,flu_2014,-60.625316966899916,-70.17237984183913,-56.42572388193204,-66.3719696695726,-4.1995930849678755,-3.800410172266539,,,,,,,,,,,,,,,,,,,,,,,,,,,,,,,,,,,,,,,,,,,,,,,,,,,,,,
1,17,2,-128.17288707257077,-145.05239936309545,-122.43673213153683,-135.70463177758245,-5.736154941033941,-9.34776758551299,flu_2014,-112.60406436779458,-127.04944120523702,-106.60843068104143,-121.73467177206282,-5.995633686753149,-5.31476943317419,,,,,,,,,,,,,,,,,,,,,,,,,,,,,,,,,,,,,,,,,,,,,,,,,,,,,,
2,22,3,-182.43460029964228,-184.12598091114987,-172.59692345062624,-172.24498560743191,-9.837676849016042,-11.880995303717958,flu_2014,-153.58941298722397,-172.12489328783016,-144.67067413356887,-163.52485343329994,-8.918738853655086,-8.600039854530229,,,,,,,,,,,,,,,,,,,,,,,,,,,,,,,,,,,,,,,,,,,,,,,,,,,,,,
3,27,4,-216.16056616539234,-221.44833643018382,-203.26932512899774,-207.04629543006197,-12.891241036394614,-14.40204100012183,flu_2014,-186.4274625649033,-211.34099822141664,-175.41206552655464,-200.7605319170832,-11.01539703834864,-10.580466304333452,,,,,,,,,,,,,,,,,,,,,,,,,,,,,,,,,,,,,,,,,,,,,,,,,,,,,,
4,32,5,-243.01325116088378,-250.42375116138655,-226.5348645697554,-233.50688424515823,-16.478386591128395,-16.91686691622832,flu_2014,-212.52923326964873,-243.52744762613924,-198.61027953532948,-229.69917282060436,-13.918953734319235,-13.828274805534878,,,,,,,,,,,,,,,,,,,,,,,,,,,,,,,,,,,,,,,,,,,,,,,,,,,,,,
5,37,6,-270.686300546459,-278.21772208205084,-251.47266722735577,-259.09297784384506,-19.213633319103234,-19.124744238205807,flu_2014,-237.84802077325938,-273.4979793563744,-221.97380619227158,-258.3308991095462,-15.874214580987786,-15.167080246828231,,,,,,,,,,,,,,,,,,,,,,,,,,,,,,,,,,,,,,,,,,,,,,,,,,,,,,
6,45,6,-314.08337613572445,-321.9373828128106,-292.32564684035447,-301.3823524231471,-21.757729295369977,-20.55503038966352,flu_2014,-277.85389100081284,-316.39434077644063,-260.35278035490774,-300.091097928245,-17.501110645905108,-16.30324284819563,,,,,,,,,,,,,,,,,,,,,,,,,,,,,,,,,,,,,,,,,,,,,,,,,,,,,,
7,53,7,-368.5293640612069,-369.2827374404355,-340.8850634060707,-345.87575214290246,-27.64430065513617,-23.406985297533048,flu_2014,-327.6775306968522,-369.7931675264897,-305.29739019227134,-348.29999893640456,-22.380140504580865,-21.493168590085123,,,,,,,,,,,,,,,,,,,,,,,,,,,,,,,,,,,,,,,,,,,,,,,,,,,,,,
8,59,7,-415.2693416331065,-410.47948790821675,-386.04389047226255,-386.17123526255904,-29.225451160843914,-24.308252645657692,flu_2014,-368.2092544124996,-415.60710483563525,-345.015380401446,-393.1852282041109,-23.193874011053598,-22.42187663152435,,,,,,,,,,,,,,,,,,,,,,,,,,,,,,,,,,,,,,,,,,,,,,,,,,,,,,
9,62,7,-432.3608768575893,-426.4111267469563,-402.54903643629444,-401.7355256144152,-29.81184042129483,-24.67560113254108,flu_2014,-384.27490869231946,-431.44100228261243,-360.72099692653194,-408.6414843126421,-23.55391176578751,-22.799517969970317,,,,,,,,,,,,,,,,,,,,,,,,,,,,,,,,,,,,,,,,,,,,,,,,,,,,,,
10,77,7,-512.1280300701708,-505.89520721296685,-481.26287925778547,-479.4351103708507,-30.86515081238528,-26.460096842116144,flu_2014,-463.8305207935093,-519.4294972938056,-438.5464946087136,-494.92512461140353,-25.2840261847957,-24.504372682402124,,,,,,,,,,,,,,,,,,,,,,,,,,,,,,,,,,,,,,,,,,,,,,,,,,,,,,
11,87,9,-590.7956876235593,-579.3662498235157,-557.4425554302254,-547.6984974765072,-33.35313219333391,-31.66775234700843,flu_2014,-534.7170787220975,-597.7417782674761,-506.3568623492482,-571.0104385140277,-28.36021637284929,-26.731339753448445,,,,,,,,,,,,,,,,,,,,,,,,,,,,,,,,,,,,,,,,,,,,,,,,,,,,,,
12,116,12,-799.349086449724,-765.4299050123498,-752.4817052024058,-723.1443625122448,-46.867381247318235,-42.285542500104974,flu_2014,-711.8378414311428,-797.2010451512881,-674.1934561437881,-762.0939130187003,-37.64438528735472,-35.10713213258778,,,,,,,,,,,,,,,,,,,,,,,,,,,,,,,,,,,,,,,,,,,,,,,,,,,,,,
13,148,17,-1017.5213697761778,-962.9119090703332,-956.4174795301161,-905.9733900314477,-61.103890246061724,-56.93851903888549,flu_2014,-909.4076722332909,-1010.4503822006734,-857.5662246677446,-959.8142337268271,-51.84144756554638,-50.636148473846326,,,,,,,,,,,,,,,,,,,,,,,,,,,,,,,,,,,,,,,,,,,,,,,,,,,,,,
14,160,23,-1117.8242868353223,-1050.858974314602,-1039.373617827251,-979.3846973038859,-78.45066900807116,-71.47427701071614,flu_2014,-995.1094926067502,-1100.6656534977872,-929.6476130809929,-1035.2660923197725,-65.46187952575731,-65.3995611780147,,,,,,,,,,,,,,,,,,,,,,,,,,,,,,,,,,,,,,,,,,,,,,,,,,,,,,
15,186,28,-1324.6971285157642,-1228.4395328974686,-1234.748759190786,-1144.7814938803597,-89.94836932497827,-83.65803901710889,flu_2014,-1171.2070213229479,-1295.3653406862397,-1095.8884867676002,-1219.3116535088175,-75.3185345553476,-76.05368717742218,,,,,,,,,,,,,,,,,,,,,,,,,,,,,,,,,,,,,,,,,,,,,,,,,,,,,,
16,228,34,-1661.8966724065917,-1504.104936884731,-1548.2653515950005,-1402.342023616332,-113.63132081159112,-101.76291326839902,flu_2014,-1452.1389723113075,-1611.1919048162163,-1359.7666831269999,-1515.4799786536983,-92.3722891843076,-95.7119261625181,,,,,,,,,,,,,,,,,,,,,,,,,,,,,,,,,,,,,,,,,,,,,,,,,,,,,,
17,274,47,-2028.1587181674217,-1813.1663562467609,-1889.9942218402082,-1684.7764231449557,-138.16449632721358,-128.3899331018051,flu_2014,-1756.4232178907155,-1938.9127253672616,-1641.922448258944,-1820.6509020432782,-114.50076963177135,-118.26182332398344,,,,,,,,,,,,,,,,,,,,,,,,,,,,,,,,,,,,,,,,,,,,,,,,,,,,,,
18,343,66,-2536.4506641963244,-2269.6016195849847,-2348.453762186315,-2098.252155380869,-187.99690201000908,-171.34946420411558,flu_2014,-2207.2139123323664,-2439.264666029614,-2053.8613155936496,-2283.465797884002,-153.35259673871673,-155.79886814561226,,,,,,,,,,,,,,,,,,,,,,,,,,,,,,,,,,,,,,,,,,,,,,,,,,,,,,
19,404,78,-2946.3357071328855,-2633.907851716678,-2735.766570040891,-2436.1482677217805,-210.56913709199463,-197.7595839948976,flu_2014,-2568.806005625578,-2847.218234224516,-2389.0833395477266,-2664.79715830114,-179.7226660778517,-182.4210759233759,,,,,,,,,,,,,,,,,,,,,,,,,,,,,,,,,,,,,,,,,,,,,,,,,,,,,,
20,499,105,-3714.405475236823,-3267.8960319247944,-3425.8819657689414,-3013.2755633554157,-288.5235094678817,-254.6204685693787,flu_2014,-3203.7053437965833,-3566.3869901332023,-2966.3450227328303,-3322.8489669719174,-237.36032106375282,-243.538023161285,,,,,,,,,,,,,,,,,,,,,,,,,,,,,,,,,,,,,,,,,,,,,,,,,,,,,,
21,563,112,-4156.743395406827,-3660.0565615166365,-3838.669962751759,-3382.0530944016905,-318.07343265506836,-278.003467114946,flu_2014,-3594.084978242886,-3999.1349631782514,-3334.170193218791,-3732.9130643760336,-259.91478502409467,-266.22189880221794,,,,,,,,,,,,,,,,,,,,,,,,,,,,,,,,,,,,,,,,,,,,,,,,,,,,,,
22,637,121,-4738.724166122784,-4135.776261983598,-4384.6193913261,-3831.6859758426085,-354.10477479668305,-304.0902861409893,flu_2014,-4065.427124190713,-4517.955212645181,-3780.52488162118,-4225.372081694433,-284.90224256953303,-292.5831309507475,,,,,,,,,,,,,,,,,,,,,,,,,,,,,,,,,,,,,,,,,,,,,,,,,,,,,,
23,671,122,-4937.039637235196,-4332.489581835129,-4579.295396889356,-4021.6125192491863,-357.74424034583967,-310.8770625859421,flu_2014,-4258.77935114241,-4735.499584701452,-3967.096343695287,-4437.316213911219,-291.6830074471227,-298.18337079023246,,,,,,,,,,,,,,,,,,,,,,,,,,,,,,,,,,,,,,,,,,,,,,,,,,,,,,
24,748,140,-5541.107214461262,-4834.386077400147,-5143.540411899894,-4487.301750662771,-397.5668025613677,-347.0843267373756,flu_2014,-4767.055819073979,-5306.962436470536,-4438.765471665236,-4969.1820725890975,-328.290347408743,-337.78036388143806,,,,,,,,,,,,,,,,,,,,,,,,,,,,,,,,,,,,,,,,,,,,,,,,,,,,,,
25,818,156,-6062.7697744442185,-5276.262489690114,-5629.877944498833,-4900.164706792788,-432.8918299453851,-376.0977828973265,flu_2014,-5205.954364778567,-5810.3806282272035,-4851.4383232479295,-5443.717464958548,-354.51604153063715,-366.66316326865575,,,,,,,,,,,,,,,,,,,,,,,,,,,,,,,,,,,,,,,,,,,,,,,,,,,,,,
0,4,0,-36.101398392689035,-40.43810254378959,-34.0652385734386,-37.66551382154981,-2.0361598192504338,-2.772588722239781,othervirus_2014,-27.92929061697547,-24.547444274400082,-26.595782324856685,-23.77470927885315,-1.333508292118785,-0.7727349955469313,,,,,,,,,,,,,,,,,,,,,,,,,,,,,,,,,,,,,,,,,,,,,,,,,,,,,,
1,14,3,-114.14790491196173,-121.03060762036266,-106.81360978087872,-111.60648959288103,-7.334295131083016,-9.42411802748163,othervirus_2014,-97.41584127213858,-92.18539552692194,-91.31680303371662,-86.59437139941963,-6.099038238421948,-5.5910241275023065,,,,,,,,,,,,,,,,,,,,,,,,,,,,,,,,,,,,,,,,,,,,,,,,,,,,,,
2,20,5,-152.62128501033385,-153.5376083442319,-139.52050817320347,-140.19017330470336,-13.100776837130377,-13.347435039528534,othervirus_2014,-131.3866057029407,-119.90071555067902,-121.82072198382029,-111.28980550801407,-9.565883719120414,-8.61091004266496,,,,,,,,,,,,,,,,,,,,,,,,,,,,,,,,,,,,,,,,,,,,,,,,,,,,,,
3,27,6,-190.85740168252119,-187.53462516529086,-174.26149900920024,-170.97718475492087,-16.59590267332094,-16.557440410370003,othervirus_2014,-164.87613638785822,-147.53859804841466,-152.8899999752613,-136.6706872487788,-11.98613641259691,-10.867910799635867,,,,,,,,,,,,,,,,,,,,,,,,,,,,,,,,,,,,,,,,,,,,,,,,,,,,,,
4,34,7,-236.0536406713899,-220.49512233975238,-217.109706571553,-200.85877598868228,-18.943934099836884,-19.636346351070113,othervirus_2014,-205.22111633694456,-178.33090711193393,-190.6284090488618,-164.86579734600156,-14.592707288082737,-13.465109765932354,,,,,,,,,,,,,,,,,,,,,,,,,,,,,,,,,,,,,,,,,,,,,,,,,,,,,,
5,41,8,-284.54539515412154,-261.7521233705229,-265.2321990686309,-239.3699793464193,-19.31319608549063,-22.382144024103603,othervirus_2014,-248.43294475497672,-214.7384923219596,-232.93946417133247,-200.73509583155536,-15.493480583644235,-14.00339649040424,,,,,,,,,,,,,,,,,,,,,,,,,,,,,,,,,,,,,,,,,,,,,,,,,,,,,,
6,56,9,-424.8983822438731,-359.7544500146493,-395.90284943358574,-332.619690279609,-28.995532810287347,-27.134759735040273,othervirus_2014,-356.8245396788174,-313.43849770377386,-337.2241231039284,-295.67069676334427,-19.600416574889053,-17.76780094042962,,,,,,,,,,,,,,,,,,,,,,,,,,,,,,,,,,,,,,,,,,,,,,,,,,,,,,
7,65,10,-496.6667364236559,-405.5353609476322,-461.39680162444864,-375.93608814208926,-35.26993479920727,-29.599272805542984,othervirus_2014,-411.1547435765925,-357.92455546536075,-390.1216622897583,-338.36253538600374,-21.033081286834225,-19.562020079357012,,,,,,,,,,,,,,,,,,,,,,,,,,,,,,,,,,,,,,,,,,,,,,,,,,,,,,
8,79,12,-607.8515593557523,-484.80028913782326,-564.3513621487837,-449.3911452625149,-43.50019720696863,-35.40914387530835,othervirus_2014,-502.48944244851197,-434.1708958879737,-473.8571212616007,-408.03556902792616,-28.63232118691128,-26.135326860047527,,,,,,,,,,,,,,,,,,,,,,,,,,,,,,,,,,,,,,,,,,,,,,,,,,,,,,
9,92,13,-708.0354262740992,-546.3843721612234,-662.25430378711,-507.046390152358,-45.78112248698928,-39.337982008865396,othervirus_2014,-581.4570877045985,-493.82135300590636,-548.7220069225572,-463.81668179340255,-32.73508078204139,-30.004671212503798,,,,,,,,,,,,,,,,,,,,,,,,,,,,,,,,,,,,,,,,,,,,,,,,,,,,,,
10,111,16,-827.1924644447107,-648.718501018613,-774.5720023138239,-601.092975327191,-52.620462130886864,-47.62552569142199,othervirus_2014,-692.9115000413581,-593.9639589268063,-653.6887624026222,-556.6984085186632,-39.22273763873589,-37.26555040814312,,,,,,,,,,,,,,,,,,,,,,,,,,,,,,,,,,,,,,,,,,,,,,,,,,,,,,
11,135,17,-971.9297705615095,-752.7115371788783,-912.9961758927711,-700.0037619888575,-58.93359466873834,-52.707775190020804,othervirus_2014,-823.9809789892633,-696.8921896077037,-779.7773501841817,-654.9809296202438,-44.20362880508159,-41.911259987459886,,,,,,,,,,,,,,,,,,,,,,,,,,,,,,,,,,,,,,,,,,,,,,,,,,,,,,
12,170,21,-1218.9415672242403,-925.4765431504011,-1145.6052783911543,-861.3199237519914,-73.33628883308592,-64.15661939840965,othervirus_2014,-1034.4087624101762,-869.8255138757057,-981.2208646511322,-818.164859984138,-53.18789775904415,-51.66065389156765,,,,,,,,,,,,,,,,,,,,,,,,,,,,,,,,,,,,,,,,,,,,,,,,,,,,,,
13,210,24,-1449.2507513557566,-1097.35177072663,-1362.9162967356954,-1021.3442388165631,-86.33445462006117,-76.00753191006689,othervirus_2014,-1250.743258301268,-1034.5287544724702,-1184.5563502007105,-971.1033201143689,-66.18690810055755,-63.42543435810133,,,,,,,,,,,,,,,,,,,,,,,,,,,,,,,,,,,,,,,,,,,,,,,,,,,,,,
14,224,25,-1547.1783453904616,-1171.3695941990027,-1455.4454733670248,-1091.2948966360009,-91.73287202343681,-80.07469756300176,othervirus_2014,-1337.683852787838,-1109.7384214258273,-1267.7410975170665,-1041.861557012194,-69.9427552707717,-67.8768644136332,,,,,,,,,,,,,,,,,,,,,,,,,,,,,,,,,,,,,,,,,,,,,,,,,,,,,,
15,283,31,-1956.8946280297914,-1444.9904267772731,-1843.2050187058644,-1347.6916978279514,-113.68960932392699,-97.29872894932157,othervirus_2014,-1682.0948189710318,-1383.2125164665651,-1596.4978008960607,-1300.8880060923948,-85.59701807497116,-82.32451037417029,,,,,,,,,,,,,,,,,,,,,,,,,,,,,,,,,,,,,,,,,,,,,,,,,,,,,,
16,336,33,-2220.286358155477,-1639.392117786702,-2095.809015286634,-1532.2657945546905,-124.47734286884318,-107.1263232320117,othervirus_2014,-1949.5491569964659,-1577.3435776102065,-1854.9050187871244,-1486.6548590692485,-94.64413820934148,-90.68871854095791,,,,,,,,,,,,,,,,,,,,,,,,,,,,,,,,,,,,,,,,,,,,,,,,,,,,,,
17,425,39,-2745.6636839514636,-2024.5493874685912,-2597.6469423307053,-1898.1199565871657,-148.01674162075844,-126.42943088142557,othervirus_2014,-2442.2090448389645,-1968.5523303291736,-2327.943534680664,-1857.7271665914857,-114.26551015830053,-110.82516373768803,,,,,,,,,,,,,,,,,,,,,,,,,,,,,,,,,,,,,,,,,,,,,,,,,,,,,,
18,521,45,-3430.328194788995,-2448.61775175836,-3256.7729503889523,-2300.976884678607,-173.55524440004288,-147.64086707975332,othervirus_2014,-3009.6783195092053,-2392.039686879931,-2875.562546552197,-2261.2935355362065,-134.11577295700837,-130.74615134372488,,,,,,,,,,,,,,,,,,,,,,,,,,,,,,,,,,,,,,,,,,,,,,,,,,,,,,
19,595,46,-3824.07845239543,-2731.2781842676327,-3641.750590292776,-2574.9089376065504,-182.32786210265408,-156.36924666108217,othervirus_2014,-3385.113634597653,-2676.497200863926,-3242.040982617049,-2536.737077658673,-143.07265198060404,-139.76012320525302,,,,,,,,,,,,,,,,,,,,,,,,,,,,,,,,,,,,,,,,,,,,,,,,,,,,,,
20,702,54,-4520.874276798706,-3220.7956786900213,-4308.143874008755,-3042.3908726163045,-212.73040278995072,-178.4048060737169,othervirus_2014,-4014.299958218241,-3167.6400295138205,-3848.4430668558493,-3009.5743688129032,-165.85689136239188,-158.06566070091714,,,,,,,,,,,,,,,,,,,,,,,,,,,,,,,,,,,,,,,,,,,,,,,,,,,,,,
21,808,62,-5208.677353935908,-3697.586105262879,-4966.902039881331,-3495.1143786940975,-241.77531405457776,-202.47172656878138,othervirus_2014,-4625.996032091196,-3648.5958227291935,-4435.478974979187,-3468.3258848454707,-190.51705711200893,-180.2699378837229,,,,,,,,,,,,,,,,,,,,,,,,,,,,,,,,,,,,,,,,,,,,,,,,,,,,,,
22,934,68,-5947.739385077641,-4166.0680198311675,-5684.708236370915,-3941.064102114834,-263.0311487067257,-225.00391771633366,othervirus_2014,-5296.315322108857,-4127.482184410165,-5085.89480533288,-3928.5668251983416,-210.4205167759761,-198.91535921182327,,,,,,,,,,,,,,,,,,,,,,,,,,,,,,,,,,,,,,,,,,,,,,,,,,,,,,
23,1019,70,-6445.259458043416,-4490.917882208671,-6174.587714879735,-4256.935890589641,-270.6717431636803,-233.98199161903008,othervirus_2014,-5755.7795661961,-4464.206535127676,-5536.68826470699,-4256.462308400167,-219.0913014891106,-207.74422672750956,,,,,,,,,,,,,,,,,,,,,,,,,,,,,,,,,,,,,,,,,,,,,,,,,,,,,,
24,1161,76,-7329.433570393604,-5088.440581954912,-7025.328581361466,-4830.657258378349,-304.1049890321381,-257.78332357656336,othervirus_2014,-6539.338551829087,-5065.907678516304,-6294.162268080758,-4833.996671138878,-245.1762837483289,-231.91100737742616,,,,,,,,,,,,,,,,,,,,,,,,,,,,,,,,,,,,,,,,,,,,,,,,,,,,,,
25,1252,79,-7859.801441403698,-5419.568264372284,-7540.578063534358,-5147.511871069398,-319.2233778693402,-272.05639330288614,othervirus_2014,-7017.981086483918,-5409.108978660286,-6759.740027952474,-5163.791590798768,-258.24105853144454,-245.3173878615183,,,,,,,,,,,,,,,,,,,,,,,,,,,,,,,,,,,,,,,,,,,,,,,,,,,,,,
0,6,1,-43.9927182009287,-60.65715381568438,-42.50988616000548,-56.49827073232471,-1.4828320409232179,-4.1588830833596715,flu_2015,-39.48760782661682,-40.998544499506174,-37.35859981525551,-39.370480428928225,-2.1290080113613086,-1.62806407057795,-38.80886167223576,-44.577865691124856,-36.91627085620409,-41.868477160243664,-1.8925908160316667,-2.7093885308811885,,,,,,,,,,,,,,,,,,,,,,,,,,,,,,,,,,,,,,,,,,,,,,,,
1,11,3,-95.22707299738826,-100.20578644651626,-89.73344844260747,-92.41126842356147,-5.493624554780794,-7.7945180229547955,flu_2015,-79.302014656634,-83.41207639196641,-74.5425294804163,-79.68847805462883,-4.759485176217688,-3.7235983373375774,-76.85486647443855,-90.64691914861365,-72.58439614861635,-85.10150699249255,-4.270470325822207,-5.545412156121098,,,,,,,,,,,,,,,,,,,,,,,,,,,,,,,,,,,,,,,,,,,,,,,,
2,13,5,-120.8461986173207,-119.42861554451395,-113.287061733608,-109.27678752887586,-7.5591368837127,-10.151828015638088,flu_2015,-99.5520752332952,-103.92441294194983,-92.83749988750995,-98.01636691300612,-6.714575345785242,-5.908046028943703,-95.94934598215127,-112.24250739467134,-89.52695218236987,-104.34099875460322,-6.422393799781405,-7.901508640068111,,,,,,,,,,,,,,,,,,,,,,,,,,,,,,,,,,,,,,,,,,,,,,,,
4,22,6,-174.02272900116427,-180.85438443475334,-164.28603085251376,-165.6996606971132,-9.736698148650504,-15.154723737640168,flu_2015,-153.84806596812334,-158.94094612748995,-143.9650394257423,-149.66188448442378,-9.883026542381035,-9.27906164306618,-149.96531964842345,-169.89606758087805,-141.18096354109687,-158.9818095129989,-8.784356107326584,-10.914258067879162,,,,,,,,,,,,,,,,,,,,,,,,,,,,,,,,,,,,,,,,,,,,,,,,
5,26,7,-202.49599047176716,-203.831792487281,-188.78252276736245,-186.410403609473,-13.713467704404698,-17.42138887780799,flu_2015,-177.190250957523,-179.46075879155308,-165.29281220321698,-168.64970372847134,-11.897438754306034,-10.811055063081737,-172.3593716175626,-191.4262911099287,-161.6219467620378,-178.3300713031215,-10.737424855524809,-13.096219806807207,,,,,,,,,,,,,,,,,,,,,,,,,,,,,,,,,,,,,,,,,,,,,,,,
6,30,8,-238.2164660702922,-234.28297495113154,-223.18257023987317,-214.59940639496455,-15.033895830419041,-19.683568556166996,flu_2015,-207.98513921178167,-213.58531411803727,-194.15123010346014,-201.0179406170266,-13.83390910832154,-12.56737350101068,-202.73777159776122,-228.02334737008928,-190.7769726342515,-213.36133102155392,-11.96079896350971,-14.662016348535362,,,,,,,,,,,,,,,,,,,,,,,,,,,,,,,,,,,,,,,,,,,,,,,,
7,34,9,-271.95255886982636,-264.47318724976583,-254.6164966159017,-242.62472413040774,-17.336062253924677,-21.848463119358073,flu_2015,-238.84102727078584,-250.0715743959384,-223.16526196342588,-235.79946596394194,-15.675765307359965,-14.272108431996449,-232.90570642103194,-268.4969799143863,-219.08576096281087,-251.2886179166614,-13.819945458221081,-17.20836199772492,,,,,,,,,,,,,,,,,,,,,,,,,,,,,,,,,,,,,,,,,,,,,,,,
8,56,11,-442.9939392421877,-404.29971930215174,-415.65803654058277,-375.6695249987613,-27.335902701604944,-28.630194303390454,flu_2015,-377.3388058815425,-383.5896880385292,-356.18321199772925,-365.4437218178865,-21.15559388381326,-18.14596622064269,-368.6600443149237,-410.9547420631208,-349.4466668290205,-389.0219737081725,-19.213377485903216,-21.932768354948323,,,,,,,,,,,,,,,,,,,,,,,,,,,,,,,,,,,,,,,,,,,,,,,,
9,69,14,-536.2408202455617,-482.1371277856298,-500.3228680550101,-446.7145609880421,-35.917952190551716,-35.42256679758768,flu_2015,-453.2586061171131,-460.54389741557395,-426.5819239410224,-435.76924656372313,-26.67668217609073,-24.774650851850836,-443.88431501566765,-494.04913355990647,-419.5108639137746,-465.0137568944924,-24.373451101893053,-29.03537666541403,,,,,,,,,,,,,,,,,,,,,,,,,,,,,,,,,,,,,,,,,,,,,,,,
10,81,18,-665.1205677426664,-576.7982053666476,-620.5520059955577,-533.162682355534,-44.56856174710869,-43.63552301111356,flu_2015,-552.3028475961827,-568.813987629411,-516.4514887584669,-533.5843906686695,-35.85135883771581,-35.2295969607415,-538.8230336645449,-608.0456781754842,-506.6822184375918,-569.7999422507776,-32.14081522695316,-38.245735924706636,,,,,,,,,,,,,,,,,,,,,,,,,,,,,,,,,,,,,,,,,,,,,,,,
11,94,21,-761.1587531024772,-652.5162462041352,-712.2743109463826,-603.8601277494457,-48.884442156094664,-48.656118454689484,flu_2015,-631.4681174210983,-637.6460923557291,-592.2777075219062,-599.2426641403798,-39.19040989919207,-38.40342821534928,-615.2928455013191,-678.9662348590801,-579.604646229654,-637.6784791467627,-35.68819927166514,-41.28775571231742,,,,,,,,,,,,,,,,,,,,,,,,,,,,,,,,,,,,,,,,,,,,,,,,
12,114,23,-874.8470528941843,-760.2500383385303,-820.2537953805956,-706.217288171834,-54.59325751358869,-54.03275016669634,flu_2015,-738.8347821002714,-736.816123338059,-694.4097821335486,-692.6641618025586,-44.42499996672284,-44.15196153550034,-720.4538669980938,-780.9974628806295,-680.1320901113493,-734.0219675473631,-40.32177688674446,-46.975495333266444,,,,,,,,,,,,,,,,,,,,,,,,,,,,,,,,,,,,,,,,,,,,,,,,
13,139,23,-1043.2187758751845,-906.7010281967584,-980.3832674406412,-848.4343946514117,-62.83550843454336,-58.266633545346764,flu_2015,-884.8863066668158,-888.9731462448491,-835.3468964673054,-839.0808381233218,-49.53941019951035,-49.892308121527336,-864.4731342685589,-944.6378988096714,-819.0458875477227,-892.1053943950136,-45.427246720836095,-52.5325044146577,,,,,,,,,,,,,,,,,,,,,,,,,,,,,,,,,,,,,,,,,,,,,,,,
14,153,24,-1165.8188967687727,-989.7072955577612,-1095.1357814188966,-928.2261411548033,-70.68311534987609,-61.48115440295798,flu_2015,-978.5938048087528,-970.6065513158444,-925.1928583213823,-916.2593625768419,-53.40094648737042,-54.34718873900247,-953.1376874973118,-1027.869409481919,-903.958828367293,-971.2053114331006,-49.17885913001885,-56.66409804881853,,,,,,,,,,,,,,,,,,,,,,,,,,,,,,,,,,,,,,,,,,,,,,,,
15,163,26,-1231.0401757373502,-1048.3212955727486,-1152.6864564830262,-982.9160798527142,-78.35371925432393,-65.40521572003424,flu_2015,-1034.4629810718955,-1034.4904537623718,-976.4695097691415,-975.7745164204296,-57.99347130275397,-58.7159373419421,-1009.6680565519241,-1099.0210137840277,-956.34120585685,-1037.0271117514822,-53.32685069507413,-61.993902032545435,,,,,,,,,,,,,,,,,,,,,,,,,,,,,,,,,,,,,,,,,,,,,,,,
16,192,31,-1482.4525327348842,-1254.8208570220468,-1389.6234153084276,-1179.2664804055237,-92.82911742645652,-75.55437661652297,flu_2015,-1243.1618262221689,-1260.142485921944,-1174.2713510557335,-1189.4883118520036,-68.89047516643548,-70.65417406994047,-1213.6073727941798,-1343.0488245523882,-1150.1352067109747,-1267.6230566827485,-63.47216608320507,-75.42576786963967,,,,,,,,,,,,,,,,,,,,,,,,,,,,,,,,,,,,,,,,,,,,,,,,
17,242,45,-1901.975281224305,-1606.471062398569,-1773.8974295428095,-1501.603878363483,-128.07785168149564,-104.86718403508597,flu_2015,-1593.936770576216,-1644.963728303661,-1499.7135111451498,-1547.0516913386957,-94.2232594310662,-97.9120369649653,-1560.4587070083414,-1752.3313614973022,-1471.1300312344974,-1651.9106325124494,-89.32867577384408,-100.4207289848527,,,,,,,,,,,,,,,,,,,,,,,,,,,,,,,,,,,,,,,,,,,,,,,,
18,305,55,-2443.3650707923866,-2039.1332655525225,-2283.2847795802636,-1909.3848695494135,-160.08029121212314,-129.74839600310912,flu_2015,-2040.953760456362,-2119.650274586859,-1921.593539204734,-1996.0631647541945,-119.36022125162788,-123.58710983266445,-1997.5804449161715,-2257.568728044379,-1884.5579172450123,-2132.136277951809,-113.02252767115911,-125.43245009256992,,,,,,,,,,,,,,,,,,,,,,,,,,,,,,,,,,,,,,,,,,,,,,,,
19,365,64,-2862.2371091879936,-2411.8444785512506,-2673.857952123825,-2253.3439581075713,-188.37915706416874,-158.50052044367914,flu_2015,-2408.7536653604457,-2533.355518944483,-2263.395290986404,-2381.333460257121,-145.35837437404172,-152.02205868736215,-2363.5820734578683,-2704.253077014233,-2223.255804240361,-2552.520525782603,-140.3262692175071,-151.7325512316304,,,,,,,,,,,,,,,,,,,,,,,,,,,,,,,,,,,,,,,,,,,,,,,,
20,420,69,-3343.91747378101,-2784.6850357353705,-3131.9279146465988,-2610.178851479051,-211.98955913441117,-174.5061842563196,flu_2015,-2797.6971814483313,-2950.9890633086275,-2636.849752470021,-2782.35794776707,-160.8474289783101,-168.6311155415575,-2741.456492638692,-3155.206645641758,-2585.1880921925044,-2986.0634197094632,-156.2684004461877,-169.14322593229454,,,,,,,,,,,,,,,,,,,,,,,,,,,,,,,,,,,,,,,,,,,,,,,,
21,450,74,-3583.0724948729444,-2981.348110094611,-3356.3828053040484,-2794.3282937345543,-226.68968956889597,-187.01981636005644,flu_2015,-2997.9789008277485,-3171.483483289507,-2824.0502718585703,-2991.468985009936,-173.92862896917796,-180.01449827957111,-2937.7788297291545,-3395.7327966267667,-2769.681125951592,-3214.50904667883,-168.0977037775624,-181.22374994793654,,,,,,,,,,,,,,,,,,,,,,,,,,,,,,,,,,,,,,,,,,,,,,,,
22,531,89,-4252.651821661665,-3508.799528336213,-3989.5673374354774,-3291.834695972517,-263.0844842261878,-216.96483236369613,flu_2015,-3553.2222434247924,-3758.9840356036375,-3348.221701022014,-3548.1101560082543,-205.00054240277845,-210.87387959538296,-3476.8361195652838,-4026.110885145128,-3277.1698419251893,-3814.9499794352996,-199.66627764009428,-211.16090570982863,,,,,,,,,,,,,,,,,,,,,,,,,,,,,,,,,,,,,,,,,,,,,,,,
23,592,99,-4757.643375495056,-3899.3863226235853,-4465.880290121287,-3661.2694718221583,-291.76308537376923,-238.11685080142684,flu_2015,-3967.4996917068993,-4190.812733131795,-3741.456502293325,-3958.248852776727,-226.04318941357428,-232.56388035506754,-3879.142018149013,-4482.359946369237,-3659.783770393482,-4249.967166199805,-219.3582477555311,-232.39278016943143,,,,,,,,,,,,,,,,,,,,,,,,,,,,,,,,,,,,,,,,,,,,,,,,
24,662,106,-5401.9596623312045,-4368.759442907441,-5077.397182686497,-4105.906155021546,-324.5624796447071,-262.8532878858947,flu_2015,-4475.3224575055865,-4716.118084902873,-4225.9750361350425,-4458.579911566499,-249.34742137054445,-257.5381733363747,-4368.760884875734,-5039.153196700473,-4125.618082267221,-4781.791600875877,-243.14280260851183,-257.3615958245967,,,,,,,,,,,,,,,,,,,,,,,,,,,,,,,,,,,,,,,,,,,,,,,,
25,705,119,-5738.130637120008,-4653.99715934057,-5382.432046143631,-4362.547810422413,-355.6985909763774,-291.44934891815643,flu_2015,-4760.623680098493,-5027.086464510498,-4483.648342839093,-4739.493490870694,-276.97533725940025,-287.5929736398045,-4650.696174078655,-5372.828632955269,-4380.429513991197,-5086.531605261322,-270.26666008745747,-286.29702769394754,,,,,,,,,,,,,,,,,,,,,,,,,,,,,,,,,,,,,,,,,,,,,,,,
0,2,0,-9.700498073627848,-20.219051271894795,-9.631479001320916,-18.832756910774904,-0.06901907230693338,-1.3862943611198906,othervirus_2015,-10.279957133393957,-6.498467426677379,-10.14990297874579,-6.422397637263495,-0.13005415464816708,-0.07606978941388398,-9.616747712630424,-5.69411346836324,-9.470479918303749,-5.644395873342152,-0.14626779432667533,-0.04971759502108894,,,,,,,,,,,,,,,,,,,,,,,,,,,,,,,,,,,,,,,,,,,,,,,,
1,9,1,-69.39204476137444,-78.2694991589504,-68.073322077752,-73.77081800199993,-1.318722683622442,-4.498681156950466,othervirus_2015,-62.08762380598206,-58.07907871614766,-59.28172244664226,-55.09197537439933,-2.805901359339799,-2.9871033417483335,-60.244265922930715,-59.69509341915571,-57.416334300057585,-56.883324495884125,-2.827931622873129,-2.8117689232715897,,,,,,,,,,,,,,,,,,,,,,,,,,,,,,,,,,,,,,,,,,,,,,,,
2,15,1,-91.90852510974014,-110.02221590868317,-90.43288748588084,-104.3195105789598,-1.4756376238592943,-5.702705329723373,othervirus_2015,-88.41576088298191,-79.13733796878913,-85.21125537947017,-75.92286540091385,-3.204505503511741,-3.21447256787527,-86.40154331840714,-81.10281011835767,-83.17694959254229,-77.96957250892818,-3.2245937258648434,-3.1332376094294796,,,,,,,,,,,,,,,,,,,,,,,,,,,,,,,,,,,,,,,,,,,,,,,,
3,19,2,-129.21052298348252,-137.67712597921158,-123.5883075115276,-129.4588650571299,-5.62221547195492,-8.218260922081662,othervirus_2015,-118.28561274158561,-107.8303686089162,-112.43415583679143,-102.02089272080379,-5.851456904794182,-5.809475888112412,-115.46082178163408,-111.39525233433045,-109.42265838471054,-105.50640420012306,-6.038163396923538,-5.888848134207396,,,,,,,,,,,,,,,,,,,,,,,,,,,,,,,,,,,,,,,,,,,,,,,,
4,25,3,-175.71398246332967,-174.9945759780408,-168.47229762562324,-164.05965150776754,-7.241684837706433,-10.934924470273266,othervirus_2015,-156.79122478982447,-145.1252395634206,-149.7333616635746,-138.06277168037548,-7.057863126249844,-7.062467883045122,-152.78767225733532,-150.580899459611,-145.23751715352424,-143.70463241489108,-7.550155103811073,-6.876267044719937,,,,,,,,,,,,,,,,,,,,,,,,,,,,,,,,,,,,,,,,,,,,,,,,
5,44,3,-274.997177170928,-278.14482814864544,-267.3659802362057,-264.1633933269438,-7.631196934722295,-13.981434821701676,othervirus_2015,-259.1065649528202,-235.30086033938832,-250.90434507092763,-227.47469307734644,-8.202219881892539,-7.82616726204188,-255.80981141044373,-240.40375907469587,-247.2083877548186,-232.9152595061384,-8.601423655625137,-7.488499568557486,,,,,,,,,,,,,,,,,,,,,,,,,,,,,,,,,,,,,,,,,,,,,,,,
6,68,5,-413.74536860495795,-382.35844884179613,-398.1502550437457,-361.077155707288,-15.595113561212248,-21.28129313450813,othervirus_2015,-385.3464026525783,-331.49721657806987,-371.8286603411652,-318.13803300091337,-13.51774231141314,-13.359183577156477,-378.9142120058742,-332.82326038555135,-364.3127651541074,-319.7460903341342,-14.601446851766783,-13.077170051417145,,,,,,,,,,,,,,,,,,,,,,,,,,,,,,,,,,,,,,,,,,,,,,,,
7,79,5,-464.9192771050988,-422.30223068065334,-448.4045361124447,-400.1943846167686,-16.51474099265409,-22.107846063884733,othervirus_2015,-434.47740855315703,-368.1169142146956,-420.16857217670196,-354.26041291864067,-14.308836376455057,-13.856501296054935,-426.9867911476048,-369.9194866448523,-411.6286889845343,-356.25983552989504,-15.35810216307047,-13.659651114957304,,,,,,,,,,,,,,,,,,,,,,,,,,,,,,,,,,,,,,,,,,,,,,,,
8,103,5,-590.0287548537415,-519.0550297093587,-572.6495434540054,-495.3971693275417,-17.379211399736093,-23.65786038181703,othervirus_2015,-557.5804272726688,-464.8438114429588,-541.8190902757638,-449.8065873876095,-15.761336996904998,-15.037224055349277,-547.4290973013368,-464.0099221623461,-530.7378686693049,-449.2914787752315,-16.691228632031926,-14.718443387114576,,,,,,,,,,,,,,,,,,,,,,,,,,,,,,,,,,,,,,,,,,,,,,,,
9,144,6,-805.6179496379357,-659.3480015847117,-782.2922973623483,-630.7005721018602,-23.325652275587302,-28.64742948285148,othervirus_2015,-765.8495148407435,-608.4619195389454,-745.3267149466149,-588.6933334713135,-20.522799894128653,-19.768586067631905,-748.7805434510519,-598.7986972744008,-727.3769029344685,-579.2876568844163,-21.403640516583398,-19.511040389984462,,,,,,,,,,,,,,,,,,,,,,,,,,,,,,,,,,,,,,,,,,,,,,,,
10,194,8,-1075.6263401626034,-838.4015702664467,-1049.0312560480336,-802.72548712763,-26.595084114569808,-35.676083138816644,othervirus_2015,-1020.7567628710508,-789.5722955412455,-995.4404837731154,-765.3652407166461,-25.316279097935407,-24.207054824599314,-993.9458947843302,-769.9004267633703,-967.5238879933601,-746.1921628184097,-26.42200679097014,-23.708263944960674,,,,,,,,,,,,,,,,,,,,,,,,,,,,,,,,,,,,,,,,,,,,,,,,
11,230,8,-1264.4766959783065,-959.1922893270653,-1237.264673787796,-922.2436396397806,-27.212022190510503,-36.94864968728475,othervirus_2015,-1205.0606903069556,-920.9027153100951,-1178.6174796418036,-895.8365439242514,-26.443210665152062,-25.06617138584373,-1172.6639599205835,-891.7299748448736,-1145.1907292200538,-867.2991769629957,-27.47323070052963,-24.43079788187789,,,,,,,,,,,,,,,,,,,,,,,,,,,,,,,,,,,,,,,,,,,,,,,,
12,298,13,-1665.0528547704203,-1223.4192772191054,-1618.7733790591171,-1168.6127361347758,-46.27947571130322,-54.806541084329645,othervirus_2015,-1574.5428824669054,-1192.0887767855031,-1532.4544208772643,-1151.4916769966076,-42.08846158964116,-40.59709978889549,-1527.9203312477223,-1153.6406027183775,-1484.2749464245321,-1111.9302957405573,-43.6453848231901,-41.71030697782027,,,,,,,,,,,,,,,,,,,,,,,,,,,,,,,,,,,,,,,,,,,,,,,,
13,356,17,-2036.2597079905609,-1470.3627529130033,-1980.8687679829836,-1403.3811147748208,-55.39094000757725,-66.98163813818245,othervirus_2015,-1902.0349632574985,-1437.327711130925,-1848.5090491409476,-1386.6463411062039,-53.52591411655081,-50.68137002472117,-1841.6673151878315,-1392.2318603458061,-1787.585699402506,-1340.2848599692904,-54.081615785325525,-51.9470003765158,,,,,,,,,,,,,,,,,,,,,,,,,,,,,,,,,,,,,,,,,,,,,,,,
14,416,20,-2406.828362072007,-1698.3021647463065,-2330.965344225688,-1619.057107656116,-75.86301784631901,-79.2450570901907,othervirus_2015,-2233.000772855824,-1676.8437488643735,-2167.361836269252,-1615.1975817914526,-65.63893658657193,-61.646167072920996,-2159.565644886019,-1621.3407140334605,-2093.462965853611,-1557.8777890324411,-66.10267903240816,-63.46292500101944,,,,,,,,,,,,,,,,,,,,,,,,,,,,,,,,,,,,,,,,,,,,,,,,
15,486,25,-2912.215604273103,-2001.0833314027295,-2813.0136948507534,-1906.7447520607795,-99.20190942234962,-94.33857934194995,othervirus_2015,-2641.3001653643605,-1973.6826022128394,-2559.7208806094504,-1899.2871403438382,-81.57928475490988,-74.39546186900112,-2550.48951726494,-1912.9381796210134,-2469.377594389272,-1835.9242729899436,-81.11192287566779,-77.0139066310699,,,,,,,,,,,,,,,,,,,,,,,,,,,,,,,,,,,,,,,,,,,,,,,,
16,598,30,-3567.0815737941034,-2410.636940787857,-3450.1683236183503,-2298.9269582179722,-116.91325017575289,-111.70998256988477,othervirus_2015,-3235.3904431332594,-2395.243496942316,-3138.3453310811133,-2307.8355068405067,-97.0451120521463,-87.40799010180925,-3116.3821277466454,-2314.468508176259,-3020.4572288692107,-2224.3381838022124,-95.92489887743473,-90.1303243740466,,,,,,,,,,,,,,,,,,,,,,,,,,,,,,,,,,,,,,,,,,,,,,,,
17,682,40,-4065.921313096421,-2744.219969697091,-3912.797782730122,-2601.441079676888,-153.1235303662989,-142.778890020203,othervirus_2015,-3695.8224040192317,-2737.614513879146,-3567.6553276836244,-2622.0057953314226,-128.16707633560748,-115.60871854772338,-3559.4274642440955,-2645.273166439868,-3433.9465260340094,-2526.5422604364785,-125.4809382100861,-118.73090600338939,,,,,,,,,,,,,,,,,,,,,,,,,,,,,,,,,,,,,,,,,,,,,,,,
18,819,43,-4845.984820903802,-3222.5993200163516,-4673.64693031119,-3065.428572696819,-172.33789059261213,-157.17074731953244,othervirus_2015,-4412.425046830496,-3247.733007161369,-4270.394744220246,-3117.654977883822,-142.03030261024986,-130.0780292775473,-4246.9382376640615,-3127.8293467564963,-4106.9572121029605,-2995.6988790766454,-139.9810255611011,-132.13046767985077,,,,,,,,,,,,,,,,,,,,,,,,,,,,,,,,,,,,,,,,,,,,,,,,
19,938,53,-5636.638537834621,-3712.3692751449676,-5415.812147817628,-3523.612710943123,-220.8263900169933,-188.75656420184447,othervirus_2015,-5086.698108397406,-3745.4228764427044,-4910.599414355169,-3583.850036705146,-176.09869404223736,-161.57283973755852,-4893.356143551129,-3614.9759090405464,-4720.71168508688,-3450.92856093442,-172.64445846424914,-164.04734810612615,,,,,,,,,,,,,,,,,,,,,,,,,,,,,,,,,,,,,,,,,,,,,,,,
20,1020,56,-6126.749658625948,-4012.2860601081707,-5889.867076193542,-3812.211464209059,-236.882582432406,-200.07459589911159,othervirus_2015,-5533.990116843067,-4063.7084189869092,-5346.528700709607,-3891.1993207589903,-187.46141613346,-172.50909822791874,-5320.394638908259,-3917.3179240780955,-5136.854505249483,-3741.383057136861,-183.5401336587765,-175.93486694123416,,,,,,,,,,,,,,,,,,,,,,,,,,,,,,,,,,,,,,,,,,,,,,,,
21,1060,60,-6380.157600954227,-4167.958399915899,-6129.644993032747,-3959.436518737809,-250.51260792147994,-208.52188117808984,othervirus_2015,-5754.421440003118,-4224.358984722609,-5557.765278223834,-4044.9467044802964,-196.65616177928396,-179.41228024231276,-5531.83425885947,-4072.924842248562,-5339.224799594272,-3889.4513258443635,-192.6094592651981,-183.4735164041986,,,,,,,,,,,,,,,,,,,,,,,,,,,,,,,,,,,,,,,,,,,,,,,,
22,1213,68,-7430.453215781118,-4763.167684390606,-7145.961965202249,-4527.883506502327,-284.4912505788687,-235.28417788827971,othervirus_2015,-6613.874939380959,-4833.940780516997,-6392.726079605276,-4630.24272887501,-221.14885977568343,-203.6980516419872,-6351.131729494979,-4667.673881277814,-6133.489419618265,-4459.482283690151,-217.64230987671374,-208.19159758766278,,,,,,,,,,,,,,,,,,,,,,,,,,,,,,,,,,,,,,,,,,,,,,,,
23,1318,71,-8061.759180399331,-5136.491887853311,-7756.839014153267,-4885.69259817679,-304.9201662460635,-250.79928967652114,othervirus_2015,-7179.34155841819,-5231.606073262169,-6943.253812876054,-5012.681592206753,-236.08774554213602,-218.9244810554162,-6891.488704374571,-5044.5155625000825,-6658.67074206379,-4821.7428068182435,-232.81796231078096,-222.7727556818395,,,,,,,,,,,,,,,,,,,,,,,,,,,,,,,,,,,,,,,,,,,,,,,,
24,1428,80,-8826.205634133146,-5629.4212160483985,-8489.00285473042,-5359.117998175112,-337.2027794027271,-270.30321787328626,othervirus_2015,-7834.976493227685,-5735.161365392237,-7576.50558979491,-5497.99183719196,-258.4709034327757,-237.16952820027686,-7517.205649212038,-5534.626383738293,-7263.813984859562,-5293.682610665131,-253.3916643524765,-240.9437730731623,,,,,,,,,,,,,,,,,,,,,,,,,,,,,,,,,,,,,,,,,,,,,,,,
25,1529,86,-9435.329908364345,-6019.958497480672,-9069.204668102442,-5731.3713627751895,-366.12524026190295,-288.5871347054824,othervirus_2015,-8380.249374553028,-6138.168345531839,-8102.614063682564,-5884.268133213258,-277.63531087046454,-253.90021231858117,-8042.069571075564,-5924.714662993831,-7769.344592911845,-5666.036992370253,-272.724978163719,-258.6776706235779,,,,,,,,,,,,,,,,,,,,,,,,,,,,,,,,,,,,,,,,,,,,,,,,
0,5,0,-27.519713637374288,-50.54762817973699,-26.653155681557703,-47.08189227693726,-0.8665579558165838,-3.4657359027997265,flu_2016,-26.230717711802185,-32.00653486648126,-25.374951005010026,-31.42698588269018,-0.8557667067921604,-0.5795489837910788,-26.993557131649332,-36.029830794409165,-25.967643193196814,-35.29708668476808,-1.0259139384525167,-0.7327441096410838,-28.246497770481536,-38.34753478271382,-27.240735084969046,-37.60427475230665,-1.0057626855124902,-0.7432600304071743,,,,,,,,,,,,,,,,,,,,,,,,,,,,,,,,,,,,,,,,,,
1,16,2,-120.09505018512091,-133.93836614650337,-114.53685597673073,-125.19345382714769,-5.5581942083901765,-8.744912319355677,flu_2016,-114.6733880672323,-134.9133880538778,-108.36838667978193,-126.76115893197277,-6.305001387450362,-8.152229121905037,-117.07865596946175,-143.93172209822043,-109.86325382064965,-136.48255879867094,-7.215402148812109,-7.449163299549491,-116.60103138772752,-150.5174141052603,-110.66465803409993,-144.36700451847048,-5.936373353627582,-6.150409586789802,,,,,,,,,,,,,,,,,,,,,,,,,,,,,,,,,,,,,,,,,,
2,29,5,-200.02298239318011,-217.38267709698601,-185.71951747300545,-201.43927080200663,-14.303464920174656,-15.94340629497939,flu_2016,-187.70362563538933,-221.19168817857823,-174.34162659374127,-205.31329541123327,-13.361999041648065,-15.87839276734497,-191.5384102934458,-239.19867358969995,-176.60946091779476,-224.02342270565902,-14.928949375651031,-15.175250884040935,-193.11068685591178,-249.95360259965224,-180.608278076552,-235.57501382771468,-12.502408779359758,-14.378588771937551,,,,,,,,,,,,,,,,,,,,,,,,,,,,,,,,,,,,,,,,,,
3,48,9,-346.52239663662334,-348.28243957323207,-324.88621073717076,-322.5434516429701,-21.63618589945259,-25.73898793026194,flu_2016,-311.6275886592689,-364.3858113726369,-291.38434677240895,-339.0990342725853,-20.243241886859977,-25.286777100051587,-318.70009931364103,-392.5292137990001,-295.72118321336893,-368.8073522049731,-22.9789161002721,-23.721861594027033,-320.5717120905246,-411.5476644703112,-300.6705647586168,-388.1302645269509,-19.90114733190777,-23.4173999433603,,,,,,,,,,,,,,,,,,,,,,,,,,,,,,,,,,,,,,,,,,
4,63,14,-479.1128804713113,-453.6270095202515,-446.27680363771304,-416.51458094319634,-32.83607683359824,-37.11242857705517,flu_2016,-413.07058795937553,-477.06340560326447,-381.8221220311415,-440.9947908911293,-31.248465928234026,-36.06861471213517,-419.95786661340384,-514.6486544224407,-386.35900426496465,-479.5048409369005,-33.59886234843917,-35.14381348554018,-423.30626996685714,-540.2578574496326,-392.7620351141916,-503.7903664109324,-30.544234852665554,-36.467491038700295,,,,,,,,,,,,,,,,,,,,,,,,,,,,,,,,,,,,,,,,,,
5,91,24,-689.350420751511,-639.2404127572837,-642.1216310130335,-586.4398298631966,-47.22878973847752,-52.80058289408713,flu_2016,-590.1965720200085,-673.1566281620566,-545.162473414927,-622.9299254859618,-45.03409860508141,-50.226702676094746,-594.6356831387785,-727.1320972067092,-547.9194054089446,-677.1267381677861,-46.7162777298339,-50.005359038923054,-599.4662096027191,-760.6591780643521,-554.5267867715047,-708.0814039926432,-44.9394228312144,-52.57777407170882,,,,,,,,,,,,,,,,,,,,,,,,,,,,,,,,,,,,,,,,,,
6,129,28,-990.7720624513305,-875.7393780647668,-925.462606790564,-808.4509811851447,-65.30945566076649,-67.28839687962218,flu_2016,-823.4570190495094,-934.7731763196566,-766.6946102823008,-870.2080169541573,-56.76240876720868,-64.56515936549937,-830.6478656414994,-1011.8069946832529,-771.1849746986015,-947.7979795692543,-59.462890942897836,-64.00901511399861,-840.0554789238734,-1055.844506587111,-782.1084984882095,-989.038408249821,-57.94698043566378,-66.8060983372901,,,,,,,,,,,,,,,,,,,,,,,,,,,,,,,,,,,,,,,,,,
7,187,43,-1466.2997982723984,-1265.5602949200904,-1359.9421876150664,-1166.0463515936588,-106.35761065733213,-99.51394332643159,flu_2016,-1208.4056089867154,-1379.2541862978335,-1124.9906567940052,-1287.3714824633864,-83.4149521927101,-91.88270383444703,-1219.177228522677,-1497.7290860380087,-1130.0435151428812,-1405.9400730095601,-89.13371337979584,-91.7890130284487,-1233.0347747754129,-1558.2939199215243,-1144.9139019106549,-1462.285200878086,-88.12087286475803,-96.00871904343838,,,,,,,,,,,,,,,,,,,,,,,,,,,,,,,,,,,,,,,,,,
8,309,66,-2371.953503408206,-2026.801612957255,-2188.104095002793,-1876.079148463133,-183.8494084054129,-150.722464494122,flu_2016,-1969.1615815976013,-2220.7201455674044,-1835.2736559155383,-2075.7293729365097,-133.88792568206304,-144.99077263089464,-1985.5496141450315,-2412.456327906523,-1844.1823967084774,-2262.2036185996,-141.36721743655397,-150.25270930692304,-2013.2254663574768,-2507.360337228023,-1871.3376718132545,-2349.6194545849826,-141.88779454422234,-157.74088264304055,,,,,,,,,,,,,,,,,,,,,,,,,,,,,,,,,,,,,,,,,,
9,506,107,-3799.688670769187,-3216.811006105701,-3501.9664430504863,-2979.799108533129,-297.7222277187007,-237.0118975725718,flu_2016,-3163.4120228801535,-3567.578405439685,-2942.2729186182096,-3329.159463518552,-221.13910426194371,-238.41894192113287,-3187.805155318956,-3891.872753038554,-2954.7822417477546,-3643.9959914230276,-233.0229135712016,-247.87676161552668,-3248.7123357493033,-4034.3526184569787,-3015.6085557395545,-3780.1364312345913,-233.1037800097487,-254.21618722238716,,,,,,,,,,,,,,,,,,,,,,,,,,,,,,,,,,,,,,,,,,
10,763,160,-5844.898916418453,-4872.100928529925,-5378.859361729405,-4512.029565480645,-466.0395546890486,-360.0713630492803,flu_2016,-4838.778574310906,-5408.815206294278,-4496.036865197137,-5037.273908840716,-342.7417091137692,-371.54129745356227,-4858.705301281934,-5875.37943579846,-4504.240885479331,-5491.422552874146,-354.4644158026035,-383.95688292431385,-4930.775705117078,-6076.927883513926,-4575.813604541196,-5688.176398241204,-354.962100575883,-388.751485272722,,,,,,,,,,,,,,,,,,,,,,,,,,,,,,,,,,,,,,,,,,
11,1362,265,-10392.106772828232,-8651.028263564107,-9575.28135759812,-8039.020658904582,-816.8254152301128,-612.0076046595245,flu_2016,-8623.4550423988,-9615.864501769705,-8034.113721036929,-8983.046037040907,-589.3413213618715,-632.8184647287983,-8659.744684103758,-10445.888125308958,-8050.59981703067,-9796.031100702821,-609.1448670730879,-649.8570246061366,-8791.235244562426,-10824.237317716916,-8180.8232614998005,-10162.226266732923,-610.4119830626249,-662.0110509839919,,,,,,,,,,,,,,,,,,,,,,,,,,,,,,,,,,,,,,,,,,
12,2484,444,-18876.986413672486,-15783.061084821727,-17470.55441873114,-14719.673335631222,-1406.4319949413466,-1063.3877491905055,flu_2016,-15787.49046898857,-17625.769950011483,-14755.203764732292,-16535.826978254954,-1032.2867042562777,-1089.942971756528,-15824.038969358018,-19157.39213195825,-14773.845873781802,-18048.751953377967,-1050.1930955762168,-1108.6401785802864,-16071.712010163834,-19885.03417688218,-15017.044369421696,-18750.556373129828,-1054.667640742138,-1134.4778037523538,,,,,,,,,,,,,,,,,,,,,,,,,,,,,,,,,,,,,,,,,,
13,3725,615,-28040.5653192131,-23561.994491603346,-26075.490847987472,-22055.110657130113,-1965.0744712256287,-1506.8838344732308,flu_2016,-23624.425058345678,-26343.567922982358,-22144.540552788163,-24794.246404138357,-1479.8845055575148,-1549.321518844,-23678.84741169602,-28592.89023812922,-22183.61395762351,-27018.983910948304,-1495.2334540725103,-1573.906327180916,-24000.286368755274,-29699.524872209087,-22503.08895394238,-28085.27025059625,-1497.1974148128957,-1614.2546216128355,,,,,,,,,,,,,,,,,,,,,,,,,,,,,,,,,,,,,,,,,,
14,4697,774,-35367.506974515,-29715.14968957079,-32888.357044459735,-27820.542295348554,-2479.149930055269,-1894.6073942222367,flu_2016,-29817.52060447902,-33264.61142560354,-27950.11933305577,-31312.182866136485,-1867.401271423251,-1952.42855946706,-29885.230327782363,-36128.419846297016,-27999.185161241505,-34142.999553672205,-1886.0451665408577,-1985.4202926248122,-30318.199461399163,-37513.604638189776,-28424.693968523683,-35488.175400119886,-1893.5054928754807,-2025.4292380698912,,,,,,,,,,,,,,,,,,,,,,,,,,,,,,,,,,,,,,,,,,
15,5597,949,-42289.26633307988,-35412.561271713384,-39294.12800776727,-33130.73306831134,-2995.1383253126114,-2281.8282034020476,flu_2016,-35575.07453276329,-39708.77573145785,-33317.63134628996,-37342.590445100795,-2257.443186473325,-2366.1852863570516,-35629.62751139851,-43122.83726186279,-33356.10038756929,-40718.06349881008,-2273.527123829217,-2404.77376305271,-36134.82013242246,-44766.418332619476,-33843.9431295051,-42314.61999395262,-2290.877002917353,-2451.7983386668593,,,,,,,,,,,,,,,,,,,,,,,,,,,,,,,,,,,,,,,,,,
16,6356,1093,-47966.07389438821,-40161.62255803504,-44559.76815442405,-37551.3331118661,-3406.3057399641593,-2610.2894461689375,flu_2016,-40354.94342801466,-45064.90388775425,-37764.98891275708,-42353.02437793824,-2589.9545152575784,-2711.879509816003,-40424.12663993142,-48938.37125806703,-37819.02789615474,-46188.17455685557,-2605.0987437766803,-2750.1967012114596,-40987.22113622593,-50805.63974095038,-38369.983988423475,-48006.93716312505,-2617.2371478024593,-2798.702577825329,,,,,,,,,,,,,,,,,,,,,,,,,,,,,,,,,,,,,,,,,,
17,7187,1235,-54143.732863007346,-45399.19861612095,-50300.43549892324,-42457.19721563616,-3843.297364084111,-2942.00140048479,flu_2016,-45626.77185483699,-51041.852306396424,-42700.15040273537,-47974.4353313011,-2926.621452101614,-3067.4169750953206,-45705.16860632335,-55438.6200172086,-42772.02682816526,-52332.73381414286,-2933.1417781580903,-3105.886203065742,-46337.02712332765,-57578.89547526036,-43378.16306663249,-54412.096585441024,-2958.8640566951563,-3166.7988898193353,,,,,,,,,,,,,,,,,,,,,,,,,,,,,,,,,,,,,,,,,,
18,7925,1363,-59570.839106156855,-50043.633239741874,-55328.830980478,-46799.85661007852,-4242.0081256788535,-3243.7766296633527,flu_2016,-50291.8373948842,-56267.24648507667,-47060.37195029293,-52880.65063030308,-3231.4654445912674,-3386.595854773591,-50379.79344838849,-61127.07368027388,-47142.416415720545,-57696.35774961607,-3237.377032667941,-3430.715930657807,-51074.60163027004,-63485.6544707856,-47807.461704975896,-59994.53533625203,-3267.1399252941437,-3491.1191345335674,,,,,,,,,,,,,,,,,,,,,,,,,,,,,,,,,,,,,,,,,,
19,8465,1475,-63709.92937857394,-53517.31356525337,-59174.37588474309,-50047.63402928686,-4535.553493830858,-3469.6795359665075,flu_2016,-53771.7853779649,-60200.74912165531,-50316.676066538035,-56568.57835877149,-3455.109311426869,-3632.1707628838208,-53874.49470356262,-65413.10480941247,-50401.037584602884,-61735.859302717385,-3473.457118959733,-3677.2455066950833,-54604.83532538082,-67941.93690352721,-51097.97553844658,-64190.3932364289,-3506.8597869342425,-3751.5436670983077,,,,,,,,,,,,,,,,,,,,,,,,,,,,,,,,,,,,,,,,,,
20,8986,1603,-67656.083578911,-56809.74261895726,-62760.44199758978,-53077.282664151506,-4895.64158132121,-3732.4599548057504,flu_2016,-57068.39844206372,-63975.16897476342,-53352.56916324856,-60065.05929694828,-3715.8292788151575,-3910.1096778151405,-57189.98075582024,-69550.78184712134,-53448.33479463244,-65597.2376559733,-3741.645961187792,-3953.544191148041,-57978.111252215844,-72238.01412338561,-54198.500824210074,-68200.76362085913,-3779.610428005769,-4037.250502526481,,,,,,,,,,,,,,,,,,,,,,,,,,,,,,,,,,,,,,,,,,
21,9358,1703,-70448.49935975444,-59103.533214402145,-65286.91857859675,-55179.09043840045,-5161.5807811576815,-3924.442776001691,flu_2016,-59372.90135431231,-66551.32711596524,-55461.48814427908,-62434.57465212956,-3911.4132100332254,-4116.7524638356745,-59497.926205785174,-72373.68464514849,-55562.827058538474,-68211.08689383644,-3935.0991472466976,-4162.597751312045,-60336.203751916815,-75160.89049043243,-56358.84621000076,-70907.07988895966,-3977.357541916057,-4253.810601472767,,,,,,,,,,,,,,,,,,,,,,,,,,,,,,,,,,,,,,,,,,
22,9663,1774,-72683.70612967991,-61026.928845308816,-67329.36649261347,-56952.27551728388,-5354.339637066446,-4074.653328024938,flu_2016,-61302.30223088726,-68717.58815548975,-57239.34337067189,-64442.48647112335,-4062.958860215365,-4275.101684366401,-61430.33540514475,-74727.7162142917,-57340.48709281918,-70409.46906840624,-4089.84831232557,-4318.247145885453,-62291.02015516302,-77613.65771894838,-58160.49744945933,-73202.25700205353,-4130.522705703693,-4411.400716894843,,,,,,,,,,,,,,,,,,,,,,,,,,,,,,,,,,,,,,,,,,
23,9926,1830,-74598.8889203671,-62646.1760608655,-69071.49574502006,-58447.68724202657,-5527.393175347043,-4198.488818838928,flu_2016,-62924.12704214968,-70531.685609764,-58738.1571801327,-66135.49323140057,-4185.96986201698,-4396.192378363428,-63054.56566051358,-76719.90114986256,-58838.384996914254,-72274.48987667047,-4216.18066359933,-4445.411273192084,-63942.11457283381,-79671.48359387362,-59683.9953821021,-75134.558841203,-4258.119190731711,-4536.924752670615,,,,,,,,,,,,,,,,,,,,,,,,,,,,,,,,,,,,,,,,,,
24,10246,1914,-77020.99153935202,-64664.19676929568,-71258.81692155881,-60299.38315641581,-5762.174617793204,-4364.813612879876,flu_2016,-64954.72400875628,-72831.4415104003,-60597.048834319285,-68258.72820639334,-4357.675174436998,-4572.713304006967,-65079.58180658782,-79238.86403808468,-60697.999196265504,-74612.16129243284,-4381.5826103223135,-4626.702745651847,-65997.9853963765,-82277.72701331145,-61566.88290561926,-77557.59622471246,-4431.102490757248,-4720.130788599,,,,,,,,,,,,,,,,,,,,,,,,,,,,,,,,,,,,,,,,,,
25,10475,1954,-78694.04777063473,-66074.52745134974,-72803.79226308165,-61619.97861231412,-5890.25550755308,-4454.548839035628,flu_2016,-66370.29306437226,-74427.87269125103,-61922.51319886724,-69757.77723215941,-4447.779865505027,-4670.095459091625,-66505.6274079001,-80975.38448408444,-62031.73584140454,-76253.29794298076,-4473.891566495565,-4722.086541103679,-67454.41788392364,-84070.07895703937,-62932.728032458836,-79256.94447074061,-4521.689851464807,-4813.134486298764,,,,,,,,,,,,,,,,,,,,,,,,,,,,,,,,,,,,,,,,,,
0,3,0,-19.9240774379215,-30.32857690784219,-18.927124471624843,-28.249135366162356,-0.9969529662966555,-2.0794415416798357,othervirus_2016,-15.940889614725393,-16.605590418894366,-15.212518422066708,-16.174477966719635,-0.728371192658684,-0.43111245217472943,-16.55956880573471,-18.149299837384678,-15.696090681482588,-17.50756295691908,-0.8634781242521221,-0.6417368804655972,-15.692318500166358,-17.88855091147651,-15.27388725413281,-17.560446918269513,-0.4184312460335489,-0.32810399320699635,,,,,,,,,,,,,,,,,,,,,,,,,,,,,,,,,,,,,,,,,,
1,9,1,-71.79610144214413,-74.9099929937191,-67.93795570253849,-70.10539578303411,-3.85814573960564,-4.804597210684985,othervirus_2016,-60.30055653307831,-56.90283166531668,-55.50532204969209,-52.01707539217692,-4.79523448338622,-4.885756273139764,-58.3269464318651,-58.240702084469106,-54.28712017223589,-53.6220442861116,-4.039826259629217,-4.618657798357505,-55.79063226337266,-58.32787081016367,-51.541548924174265,-54.31114088837046,-4.249083339198394,-4.0167299217932095,,,,,,,,,,,,,,,,,,,,,,,,,,,,,,,,,,,,,,,,,,
2,18,1,-123.15437354744438,-126.7470031571165,-118.65910481602808,-120.13636968727215,-4.495268731416307,-6.610633469844346,othervirus_2016,-111.97072633193304,-104.41973156840116,-105.6424753185919,-98.60112464448814,-6.328251013341135,-5.818606923913028,-107.93218873250382,-106.67915131549215,-102.93209531458203,-101.25238175771258,-5.000093417921793,-5.42676955777956,-103.85794859914432,-107.62806248789833,-98.34468289685697,-102.5022730133453,-5.5132657022873595,-5.125789474553036,,,,,,,,,,,,,,,,,,,,,,,,,,,,,,,,,,,,,,,,,,
3,22,3,-159.7016079990553,-156.83315417137317,-151.93236213604385,-145.40662948422508,-7.769245863011474,-11.426524687148088,othervirus_2016,-144.64373600701575,-136.85308364710608,-132.12947993206225,-123.94076138396974,-12.514256074953494,-12.912322263136332,-138.99090616018384,-140.0762332585614,-128.78491966346942,-127.91340414306075,-10.205986496714415,-12.162829115500633,-134.68889345985406,-142.84716096251975,-123.22659272265793,-130.15225693385372,-11.462300737196145,-12.694904028666029,,,,,,,,,,,,,,,,,,,,,,,,,,,,,,,,,,,,,,,,,,
4,24,3,-173.69916553521807,-167.80331124034103,-165.87030788406014,-156.01214343960504,-7.828857651157944,-11.791167800735998,othervirus_2016,-158.5314059986094,-147.9818471890245,-145.88188547232093,-134.99696959720498,-12.649520526288464,-12.98487759181953,-152.11823373621857,-150.14072543172875,-141.78308071178336,-137.933118752775,-10.335153024435227,-12.207606678953763,-147.02201090593948,-153.21198390906187,-135.43735591489204,-140.43175083834012,-11.584654991047449,-12.780233070721746,,,,,,,,,,,,,,,,,,,,,,,,,,,,,,,,,,,,,,,,,,
5,31,3,-229.5095497671734,-209.84293089060847,-219.55609752968581,-196.8823844972303,-9.9534522374876,-12.960546393378161,othervirus_2016,-205.2833978791038,-189.33800736916552,-191.72537779711283,-175.81306353296395,-13.558020081990966,-13.524943836201569,-197.03023077815735,-191.87383070196046,-185.90277557935286,-179.19347021561475,-11.127455198804478,-12.68036048634571,-190.41538457444685,-195.9307737042501,-178.07558692709577,-182.6052895779461,-12.33979764735108,-13.325484126303976,,,,,,,,,,,,,,,,,,,,,,,,,,,,,,,,,,,,,,,,,,
6,42,3,-280.832456519413,-257.93853283909664,-269.289330140896,-244.1082821280096,-11.543126378516916,-13.830250711087048,othervirus_2016,-257.5926957823793,-228.9835771345669,-243.02434311781906,-215.0686089837969,-14.568352664560239,-13.914968150769983,-248.41604363917787,-231.03489001058597,-236.4031178154367,-217.840879193043,-12.012925823741167,-13.194010817542967,-239.8763103321704,-235.42012451405574,-226.84917060602703,-221.78684049843108,-13.027139726143353,-13.633284015624673,,,,,,,,,,,,,,,,,,,,,,,,,,,,,,,,,,,,,,,,,,
7,56,3,-369.34543424811443,-327.8033902624052,-353.79116246419414,-313.053869556673,-15.554271783920292,-14.749520705732143,othervirus_2016,-333.27604654637173,-293.5549457117082,-317.52071635600566,-278.47990044955526,-15.755330190366047,-15.075045262152956,-322.27512403789797,-296.9219868895267,-308.53576662810775,-282.3876490224975,-13.739357409790202,-14.534337867029215,-313.26472370068814,-301.4535975686275,-298.5995087052654,-286.5429723500413,-14.665214995422756,-14.910625218586246,,,,,,,,,,,,,,,,,,,,,,,,,,,,,,,,,,,,,,,,,,
8,80,3,-540.178558574677,-462.47660935087623,-519.7065338642572,-446.33698150045007,-20.47202471041983,-16.13962785042618,othervirus_2016,-473.00675400740005,-421.29793750212366,-455.96699872587027,-404.7082877498698,-17.039755281529775,-16.589649752253877,-458.8146440947866,-429.99111929376335,-443.50448829391985,-413.8259331172191,-15.310155800866768,-16.165186176544225,-449.12708766903506,-436.4388593797786,-432.98220521146186,-419.800712679644,-16.14488245757323,-16.638146700134595,,,,,,,,,,,,,,,,,,,,,,,,,,,,,,,,,,,,,,,,,,
9,100,4,-680.036114534151,-565.3847173746608,-652.3666232483129,-545.1118762463764,-27.669491285838166,-20.272841128284394,othervirus_2016,-591.5447783485323,-523.819936738145,-569.7543954589116,-502.5762241912411,-21.790382889620673,-21.243712546903843,-575.0120367271356,-533.8731451030268,-555.2349398467635,-512.4958203302309,-19.777096880372127,-21.377324772795863,-563.3593858616266,-542.379407747455,-542.0882725094203,-520.6882483145195,-21.271113352206296,-21.691159432935645,,,,,,,,,,,,,,,,,,,,,,,,,,,,,,,,,,,,,,,,,,
10,122,5,-846.953575247845,-685.9890898736469,-814.8346550369323,-662.1531624517877,-32.11892021091272,-23.835927421859182,othervirus_2016,-724.9473280420625,-642.8176954863,-700.2283470902436,-619.1884856487345,-24.718980951818924,-23.629209837565437,-704.3557877255782,-656.6391381438103,-681.7718938908403,-632.2632500252292,-22.583893834737943,-24.375888118581102,-690.5479784841255,-666.4100389736778,-666.3048210645412,-642.5447024062455,-24.243157419584236,-23.865336567432323,,,,,,,,,,,,,,,,,,,,,,,,,,,,,,,,,,,,,,,,,,
11,201,15,-1393.8599869144373,-1099.4699423844884,-1334.3732997688617,-1041.782397559577,-59.48668714557563,-57.68754482491136,othervirus_2016,-1200.483439487207,-1051.5170560383629,-1147.8124372596435,-997.6436994386823,-52.67100222756355,-53.87335659968052,-1164.8657851432536,-1068.06308862951,-1114.4931252827214,-1015.4506304736778,-50.37265986053218,-52.61245815583229,-1141.3854853885666,-1082.9169870650062,-1089.3686050338029,-1029.5212299366963,-52.01688035476387,-53.395757128309974,,,,,,,,,,,,,,,,,,,,,,,,,,,,,,,,,,,,,,,,,,
12,312,26,-2112.601939411087,-1631.796350039231,-2005.4026881641048,-1538.3117459706061,-107.19925124698253,-93.48460406862475,othervirus_2016,-1815.3976039407623,-1575.6086989147698,-1729.611221538637,-1487.1594234879585,-85.78638240212541,-88.44927542681123,-1767.490556623383,-1603.4405286430026,-1682.9987881748432,-1515.2542789853514,-84.49176844853983,-88.18624965765116,-1735.3289172488794,-1625.1102356790566,-1648.9182657898295,-1535.4130239944884,-86.41065145904982,-89.69721168456812,,,,,,,,,,,,,,,,,,,,,,,,,,,,,,,,,,,,,,,,,,
13,448,36,-2967.4277536745476,-2309.4184313531064,-2823.524486584303,-2183.4141797695784,-143.90326709024484,-126.0042515835278,othervirus_2016,-2585.5437607853664,-2247.837735330356,-2468.8601591259853,-2126.945058026646,-116.68360165938115,-120.89267730370972,-2516.9389190611005,-2292.0753066226475,-2401.888361766041,-2172.222311539706,-115.05055729505969,-119.85299508294145,-2476.056641612652,-2326.9232012677676,-2357.3449102905124,-2204.976901864483,-118.71173132213988,-121.94629940328451,,,,,,,,,,,,,,,,,,,,,,,,,,,,,,,,,,,,,,,,,,
14,574,47,-3860.481306921046,-2977.5326146020384,-3680.617264939941,-2819.791618999897,-179.86404198110503,-157.74099560214148,othervirus_2016,-3338.262504085474,-2918.934845717807,-3192.6877652264957,-2768.457649961433,-145.57473885897826,-150.47719575637393,-3254.350966405691,-2977.7597355141124,-3109.1973280585225,-2827.837622445478,-145.15363834716845,-149.9221130686345,-3198.708966566806,-3027.6473472324383,-3050.9878990679595,-2876.592680867099,-147.72106749884645,-151.05466636533944,,,,,,,,,,,,,,,,,,,,,,,,,,,,,,,,,,,,,,,,,,
15,724,54,-4882.988396251568,-3698.587410666312,-4663.060516018872,-3513.7745711393345,-219.92788023269642,-184.81283952697714,othervirus_2016,-4202.084397271578,-3638.881120161143,-4030.7956841380537,-3463.072346093291,-171.28871313352505,-175.80877406785206,-4098.165700918473,-3701.447263051774,-3927.717938902476,-3526.6057601249004,-170.44776201599726,-174.84150292687372,-4027.7976317158978,-3761.0973981990064,-3853.477296588715,-3585.135962370031,-174.32033512718291,-175.96143582897545,,,,,,,,,,,,,,,,,,,,,,,,,,,,,,,,,,,,,,,,,,
16,848,64,-5635.701604974572,-4217.54339321626,-5377.700344275829,-4000.972146089798,-258.0012606987426,-216.57124712646157,othervirus_2016,-4876.277344985087,-4156.124697077717,-4675.665460417403,-3949.8630906408184,-200.61188456768502,-206.2616064368994,-4749.781137944167,-4205.05579968114,-4549.926141848862,-3999.682912875491,-199.85499609530467,-205.37288680564882,-4653.930322544299,-4266.625345408563,-4450.62200679165,-4058.6998194470957,-203.30831575264864,-207.92552596146737,,,,,,,,,,,,,,,,,,,,,,,,,,,,,,,,,,,,,,,,,,
17,981,70,-6520.0992159776,-4861.252749969812,-6234.47588943791,-4621.155912336458,-285.6233265396894,-240.0968376333541,othervirus_2016,-5652.959728153133,-4803.475277356832,-5429.680055286605,-4574.682236500228,-223.2796728665276,-228.79304085660334,-5501.786973049605,-4850.97497839049,-5279.735602400575,-4625.211820674374,-222.0513706490304,-225.7631577161159,-5383.468473511693,-4923.546645364183,-5157.680614202793,-4691.8563207022,-225.7878593089012,-231.69032466198314,,,,,,,,,,,,,,,,,,,,,,,,,,,,,,,,,,,,,,,,,,
18,1142,82,-7514.715562986154,-5576.942870433446,-7189.467205404766,-5300.181010363285,-325.24835758138784,-276.7618600701604,othervirus_2016,-6549.026282539424,-5518.5051038685015,-6290.442805806604,-5256.701667488728,-258.58347673281975,-261.8034363797732,-6366.8220482087545,-5562.060827600051,-6110.502938854102,-5301.053265687165,-256.3191093546533,-261.0075619128868,-6219.0613693922005,-5633.211339090173,-5959.118344045437,-5369.235575749684,-259.9430253467638,-263.97576334048887,,,,,,,,,,,,,,,,,,,,,,,,,,,,,,,,,,,,,,,,,,
19,1248,86,-8145.55273082109,-6026.7577865926405,-7801.1689807468065,-5734.343230002375,-344.3837500742835,-292.4145565902655,othervirus_2016,-7105.333028503069,-5970.3330540981315,-6831.821546623246,-5693.905195674128,-273.5114818798229,-276.42785842400417,-6909.224876665079,-6016.893130965359,-6637.090429390126,-5741.300816427637,-272.1344472749538,-275.5923145377218,-6752.794297647997,-6092.374421507496,-6477.18933994516,-5814.148102658512,-275.6049577028375,-278.2263188489841,,,,,,,,,,,,,,,,,,,,,,,,,,,,,,,,,,,,,,,,,,
20,1442,101,-9463.744315369258,-7009.389933518655,-9061.78165338256,-6672.556657841564,-401.9626619866978,-336.8332756770913,othervirus_2016,-8254.335699148533,-6950.8183239746795,-7936.643467401829,-6634.74284802362,-317.6922317467025,-316.0754759510594,-8018.376891008147,-7006.415618196799,-7704.564963972914,-6689.255049289744,-313.8119270352333,-317.1605689070543,-7821.707945662761,-7092.928693105872,-7504.216969521043,-6774.790936562144,-317.49097614171717,-318.1377565437276,,,,,,,,,,,,,,,,,,,,,,,,,,,,,,,,,,,,,,,,,,
21,1657,112,-10918.189208613247,-8009.0869108598245,-10471.218861108344,-7638.517106613647,-446.9703475049024,-370.5698042461771,othervirus_2016,-9503.469227811524,-7959.5838050149705,-9152.386843121032,-7611.170214882522,-351.08238469049223,-348.4135901324487,-9227.66490862658,-8009.366910831,-8877.549738871581,-7659.7319592750655,-350.1151697549986,-349.6349515559338,-8985.011028463508,-8100.975975019711,-8632.562481752331,-7751.193056644594,-352.4485467111775,-349.7829183751161,,,,,,,,,,,,,,,,,,,,,,,,,,,,,,,,,,,,,,,,,,
22,1912,125,-12634.237043558023,-9187.194921031823,-12136.713805693893,-8774.91877018183,-497.5232378641311,-412.27615084999405,othervirus_2016,-10982.831134567774,-9145.020726319406,-10591.667860612519,-8753.141838984506,-391.1632739552557,-391.8788873348995,-10658.278505595059,-9186.041620816522,-10266.66771456326,-8794.79663118517,-391.61079103179884,-391.2449896313513,-10372.445662923701,-9292.672823234041,-9978.894041142876,-8897.642563029673,-393.55162178082503,-395.0302602043688,,,,,,,,,,,,,,,,,,,,,,,,,,,,,,,,,,,,,,,,,,
23,2121,137,-14109.631052030472,-10218.073613671238,-13560.909775801398,-9766.788695926876,-548.7212762290751,-451.2849177443623,othervirus_2016,-12245.23073665693,-10183.005987345043,-11814.571078112083,-9751.958829005365,-430.6596585448468,-431.04715833967697,-11869.72711142258,-10226.561978510565,-11440.335601782339,-9797.232305323112,-429.3915096402419,-429.3296731874533,-11541.276579688869,-10345.41092835328,-11108.293831721032,-9909.612196533953,-432.9827479678364,-435.79873181932714,,,,,,,,,,,,,,,,,,,,,,,,,,,,,,,,,,,,,,,,,,
24,2387,157,-15940.283808844337,-11524.95619499195,-15318.432979272764,-11018.32085709283,-621.8508295715734,-506.63533789912117,othervirus_2016,-13814.497630312999,-11498.656505229008,-13328.976129249706,-11010.029433198455,-485.52150106329333,-488.6270720305527,-13392.682831317725,-11550.847424475689,-12903.723024435787,-11064.478435039877,-488.95980688193737,-486.3689894358121,-13016.080881730615,-11687.335908116058,-12524.466355152545,-11194.121603602334,-491.6145265780712,-493.2143045137237,,,,,,,,,,,,,,,,,,,,,,,,,,,,,,,,,,,,,,,,,,
25,2658,170,-17652.5782941894,-12669.265015512026,-16979.59025044139,-12118.13751425243,-672.9880437480095,-551.1275012595968,othervirus_2016,-15320.062697843681,-12656.958132895914,-14789.317244713493,-12123.972266489776,-530.7454531301879,-532.9858664061384,-14843.234823905037,-12683.424865967034,-14309.285369345249,-12154.476184672138,-533.9494545597877,-528.9486812948965,-14407.285170645355,-12826.304439319467,-13871.431143135598,-12287.408166820636,-535.8540275097575,-538.89627249883,,,,,,,,,,,,,,,,,,,,,,,,,,,,,,,,,,,,,,,,,,
0,5,1,-28.95890568268147,-50.54762817973699,-25.254624771967272,-47.08189227693726,-3.7042809107141963,-3.4657359027997265,flu_2017,-26.81351412719186,-27.22806070522697,-24.384008037188305,-24.03446040558081,-2.4295060900035517,-3.193600299646161,-26.232587806074093,-29.39836650035913,-24.098615793994654,-26.613307237125237,-2.13397201207944,-2.785059263233895,-27.252673149440696,-29.89629230136257,-25.062492049802827,-27.16580051264233,-2.190181099637869,-2.7304917887202382,-26.699555451689278,-28.11220944162718,-24.651417309272937,-25.80976595205493,-2.048138142416341,-2.3024434895722465,,,,,,,,,,,,,,,,,,,,,,,,,,,,,,,,,,,,
1,16,3,-115.55012821930015,-129.85644410427983,-106.9751750404489,-120.85693213489844,-8.574953178851246,-8.999511969381379,flu_2017,-98.558279362758,-107.06318127805639,-90.56220221750357,-98.16087981636286,-7.996077145254432,-8.90230146169353,-95.8977981266156,-115.56866909956949,-88.42922367233456,-107.09633672080739,-7.468574454281038,-8.472332378762111,-94.19267175946055,-117.05993072014584,-87.38084367304464,-108.99958188973297,-6.811828086415913,-8.060348830412877,-97.33840047516483,-107.77439331463253,-89.85272264056928,-100.00467648750623,-7.485677834595554,-7.769716827126304,,,,,,,,,,,,,,,,,,,,,,,,,,,,,,,,,,,,
2,22,4,-173.78181131471678,-175.0559117774002,-160.91455744990148,-163.29575026983804,-12.867253864815302,-11.760161507562184,flu_2017,-143.29858958101508,-161.59765359750637,-132.76914104774144,-149.97942099615085,-10.529448533273637,-11.618232601355505,-141.55997395147756,-175.17535017030292,-130.8914833193666,-164.01332192454393,-10.668490632110952,-11.162028245758975,-139.07936632261715,-179.43314716383819,-129.37941428221697,-169.27753983157345,-9.699952040400163,-10.155607332264733,-140.1105994136302,-162.2707138457362,-130.10126662739913,-151.80739184971551,-10.009332786231084,-10.463321996020683,,,,,,,,,,,,,,,,,,,,,,,,,,,,,,,,,,,,
3,40,8,-292.38091220466436,-288.62452884967416,-271.26135411375236,-267.3192957539155,-21.119558090911994,-21.305233095758638,flu_2017,-249.74046034258043,-268.80823418476103,-232.5849803251695,-250.118368951029,-17.155480017410937,-18.689865233732036,-246.40569162533671,-287.27686973870897,-228.89135540653606,-268.6122296736999,-17.51433621880064,-18.664640065009078,-243.60329600742386,-294.1218860154024,-227.01063655549297,-277.02107163055916,-16.592659451930892,-17.10081438484325,-244.90730874632115,-269.66454281952537,-228.4847481344302,-252.84580177552718,-16.42256061189097,-16.8187410439982,,,,,,,,,,,,,,,,,,,,,,,,,,,,,,,,,,,,
4,62,13,-520.7266999520382,-451.6908824314402,-474.5508733781189,-418.53749210119804,-46.17582657391928,-33.153390330242104,flu_2017,-420.5687290607779,-455.5739409661499,-390.64768748222065,-423.6751375691464,-29.921041578557244,-31.898803397003512,-412.96167017935545,-489.40900799557056,-382.4906273753241,-456.14709256361493,-30.471042804031384,-33.26191543195563,-407.0948945106501,-500.20885427596227,-377.4861072701791,-470.9083601877568,-29.608787240471003,-29.300494088205483,-412.008710374254,-457.73986266138735,-382.9324731377312,-428.4874905154711,-29.076237236522765,-29.252372145916254,,,,,,,,,,,,,,,,,,,,,,,,,,,,,,,,,,,,
5,93,21,-816.1787578905339,-681.6230704492642,-736.461485520789,-631.7490889540661,-79.71727236974493,-49.873981495198066,flu_2017,-657.8536681404751,-719.8168014446419,-608.8134983274936,-671.0594416460445,-49.04016981298146,-48.75735979859732,-649.2437783517045,-776.7140834866502,-598.161136990215,-723.1315103665597,-51.08264136148941,-53.58257312009056,-637.6512050720912,-793.2223033785374,-589.4090326536842,-747.2754694305188,-48.24217241840696,-45.946833948018636,-646.1709546292085,-726.9875624825173,-597.8131993029123,-677.2094449250095,-48.357755326296186,-49.778117557507834,,,,,,,,,,,,,,,,,,,,,,,,,,,,,,,,,,,,
6,128,24,-1066.4239726728626,-896.1187790192613,-974.6391238355313,-835.1279100567966,-91.78484883733127,-60.9908689624647,flu_2017,-869.1092399348105,-945.9968303496742,-810.2396401137607,-888.0556718416694,-58.86959982104975,-57.94115850800468,-859.6063016089813,-1020.7925695727171,-798.2434437566686,-956.5900134397605,-61.362857852312644,-64.20255613295657,-846.7420309797781,-1043.8680790050676,-788.5996098790027,-988.808802436744,-58.14242110077538,-55.05927656832341,-854.8034884206951,-957.8479911795037,-796.3936561519197,-898.0183971091162,-58.40983226877542,-59.82959407038739,,,,,,,,,,,,,,,,,,,,,,,,,,,,,,,,,,,,
7,150,31,-1233.8456923009853,-1034.9066792336225,-1121.598772647859,-959.8006394172238,-112.2469196531263,-75.1060398163988,flu_2017,-1008.852042716411,-1093.1155151467196,-936.9686840587908,-1021.5851686541647,-71.88335865762016,-71.530346492555,-997.5553525092245,-1179.5080719599587,-922.8177738391176,-1099.5435684627878,-74.73757867010684,-79.964503497171,-984.6212890790746,-1205.887559918477,-912.3860815450674,-1136.5498783121682,-72.23520753400713,-69.33768160630896,-991.9766514475682,-1105.5963461672657,-920.910427193064,-1032.904197930715,-71.06622425450412,-72.69214823655062,,,,,,,,,,,,,,,,,,,,,,,,,,,,,,,,,,,,
8,204,39,-1732.041510036699,-1414.2844955896544,-1589.6803733971983,-1317.3900719835272,-142.36113663950061,-96.89442360612719,flu_2017,-1400.2142664573714,-1528.3474304056508,-1308.2212014205625,-1434.4284359169556,-91.99306503680891,-93.91899448869529,-1382.6425913495802,-1648.19410095016,-1287.2803809881623,-1546.9878687013909,-95.3622103614179,-101.20623224876915,-1360.3603379430715,-1688.4754778691422,-1268.9622679707927,-1598.206933946556,-91.3980699722789,-90.26854392258615,-1378.8972934485992,-1544.2529123476188,-1288.1378425879761,-1450.322881429151,-90.75945086062312,-93.93003091846785,,,,,,,,,,,,,,,,,,,,,,,,,,,,,,,,,,,,
9,260,50,-2165.993734454226,-1778.3649230562419,-1989.8087051843384,-1657.5426835433707,-176.18502926988774,-120.8222395128711,flu_2017,-1764.5914394449353,-1933.3835861023451,-1647.692678906723,-1813.4563322511115,-116.89876053821236,-119.92725385123371,-1745.7631733506628,-2089.0905562317535,-1625.3717486211813,-1960.8669959384451,-120.39142472948159,-128.22356029330828,-1724.4844261132398,-2146.4152133520342,-1607.7314710618612,-2027.846779194491,-116.75295505137876,-118.56843415754335,-1743.203629361975,-1959.1112916223965,-1627.9187702704376,-1840.042589234031,-115.2848590915374,-119.06870238836544,,,,,,,,,,,,,,,,,,,,,,,,,,,,,,,,,,,,
10,340,59,-2845.8427929254817,-2308.3465574873853,-2632.8943281150205,-2159.706477918882,-212.94846481046136,-148.64007956850332,flu_2017,-2318.8791286239843,-2552.8908595003395,-2174.146050847983,-2404.574685358226,-144.733077776001,-148.31617414211368,-2291.3797674244206,-2755.844447437814,-2142.402828946366,-2598.6679364308707,-148.97693847805468,-157.17651100694337,-2258.319622843324,-2838.427236826324,-2115.0657183773696,-2691.6165327346544,-143.25390446595415,-146.81070409166978,-2287.5048058517973,-2581.7601040783875,-2143.9821976949456,-2434.3722391867323,-143.5226081568518,-147.3878648916551,,,,,,,,,,,,,,,,,,,,,,,,,,,,,,,,,,,,
11,405,71,-3309.1744676303983,-2713.484053947291,-3058.1969319940004,-2537.504251690252,-250.977535636398,-175.97980225703913,flu_2017,-2723.6081419192155,-3000.9200396907086,-2552.7901942038843,-2823.132973397521,-170.81794771533114,-177.78706629318796,-2695.179994988509,-3240.1520000641285,-2520.6527620659685,-3053.329854565911,-174.52723292254055,-186.82214549821757,-2663.320759753348,-3341.5373919897033,-2493.5297678203474,-3164.2710386732424,-169.79099193300056,-177.26635331646094,-2691.954024975357,-3037.177785469679,-2523.0256960285733,-2863.4451805913277,-168.92832894678352,-173.73260487835103,,,,,,,,,,,,,,,,,,,,,,,,,,,,,,,,,,,,
12,481,85,-3861.3766991739362,-3184.308322877479,-3564.3626010078574,-2973.70588320867,-297.01409816607895,-210.60243966880884,flu_2017,-3201.754640695528,-3536.0769479295095,-2998.1725383740823,-3323.2836212788748,-203.5821023214458,-212.79332665063487,-3170.5296778831357,-3819.2785843430715,-2962.6293556264327,-3596.8749409480215,-207.9003222567029,-222.40364339505018,-3139.1152436209377,-3941.849060308239,-2933.5912005068085,-3727.4726349863467,-205.52404311412906,-214.37642532189227,-3167.6047698342154,-3581.945502301397,-2965.547695552576,-3374.3045734561865,-202.05707428163947,-207.64092884521045,,,,,,,,,,,,,,,,,,,,,,,,,,,,,,,,,,,,
13,549,95,-4455.0438452954395,-3653.149919030083,-4131.846322530074,-3416.9829010624535,-323.1975227653656,-236.16701796762945,flu_2017,-3691.830862390092,-4090.243059380454,-3464.9119523975633,-3851.2760178228073,-226.91890999252882,-238.96704155764655,-3653.8695650008913,-4413.763846451127,-3422.5737330217494,-4167.410270782932,-231.2958319791421,-246.3535756681959,-3612.719512275647,-4562.020598973383,-3383.705614760219,-4318.8635630693225,-229.01389751542825,-243.15703590406042,-3651.594956586853,-4136.247127044274,-3426.3322228741736,-3905.8200263443323,-225.2627337126794,-230.4271006999416,,,,,,,,,,,,,,,,,,,,,,,,,,,,,,,,,,,,
14,615,106,-4972.530533017008,-4075.0308319621076,-4613.034911537033,-3812.874068507366,-359.49562147997506,-262.15676345474174,flu_2017,-4136.383424657217,-4590.813371158325,-3882.4341183423517,-4320.90875229777,-253.94930631486537,-269.9046188605554,-4096.188964634231,-4949.567506538201,-3835.8559073652955,-4674.551956923011,-260.33305726893553,-275.01554961518974,-4047.291001823701,-5116.61541900271,-3790.2000042340437,-4845.567428777226,-257.09099758965755,-271.047990225484,-4088.401593717777,-4637.245157742649,-3836.4628675289214,-4379.987205792834,-251.93872618885536,-257.25795194981504,,,,,,,,,,,,,,,,,,,,,,,,,,,,,,,,,,,,
15,730,124,-5934.972576975769,-4833.637745514686,-5527.4663648090045,-4525.168860297514,-407.50621216676427,-308.4688852171717,flu_2017,-4918.252424193608,-5443.880035056639,-4624.485595002871,-5134.091011602281,-293.76682919073676,-309.7890234543587,-4866.532975042354,-5866.922607812227,-4565.169618632707,-5555.026914857255,-301.3633564096473,-311.8956929549722,-4806.06085604345,-6063.601904243221,-4509.360418672059,-5751.762380950091,-296.70043737139144,-311.83952329313,-4861.6028074496635,-5498.043682494902,-4569.0610542995855,-5200.8487015743885,-292.54175315007797,-297.1949809205132,,,,,,,,,,,,,,,,,,,,,,,,,,,,,,,,,,,,
16,814,137,-6511.002909562832,-5337.459120170008,-6065.986140092251,-4994.025688958915,-445.0167694705812,-343.4334312110923,flu_2017,-5431.183757609132,-5999.750544430681,-5105.016465215632,-5654.745669612168,-326.1672923935003,-345.0048748185128,-5377.3618226630915,-6462.051029090163,-5040.250316208996,-6116.980831680546,-337.11150645409543,-345.0701974096171,-5308.389945826443,-6678.041984770122,-4980.280630881816,-6334.409633417637,-328.10931494462693,-343.63235135248465,-5370.13915853959,-6061.598772958549,-5043.979803032694,-5731.023157297371,-326.159355506897,-330.5756156611777,,,,,,,,,,,,,,,,,,,,,,,,,,,,,,,,,,,,
17,948,152,-7590.947573891753,-6222.694398013576,-7084.428758737396,-5834.1645831974765,-506.5188151543568,-388.5298148160991,flu_2017,-6346.5417808618,-6986.352347422389,-5973.353027531073,-6597.364506115624,-373.1887533307276,-388.98784130676523,-6274.508103800951,-7524.610719048984,-5891.494561137666,-7133.209957309744,-383.0135426632855,-391.40076173924,-6193.830211741297,-7774.804420769472,-5820.8474694071065,-7389.1004861463125,-372.98274233419033,-385.70393462315974,-6277.482397719262,-7064.261255580816,-5905.772933447761,-6689.525591530793,-371.7094642715009,-374.7356640500239,,,,,,,,,,,,,,,,,,,,,,,,,,,,,,,,,,,,
18,1085,167,-8627.512636788946,-7077.626035249454,-8069.15978250077,-6647.177957421886,-558.352854288176,-430.4480778275679,flu_2017,-7226.88591602029,-7961.438045416404,-6812.0567320990385,-7529.693851508702,-414.8291839212511,-431.74419390770163,-7143.713398071252,-8575.881796772595,-6719.359172211365,-8144.166118958804,-424.3542258598869,-431.71567781379105,-7054.796131883631,-8864.897211548769,-6641.484669422281,-8435.483896850528,-413.3114624613503,-429.4133146982406,-7151.470570224283,-8052.099896915684,-6738.82275232291,-7636.2020085184395,-412.6478179013729,-415.89788839724486,,,,,,,,,,,,,,,,,,,,,,,,,,,,,,,,,,,,
19,1254,193,-10048.406509912364,-8213.9271218304,-9420.613093657266,-7722.422918300086,-627.7934162550979,-491.50420353031467,flu_2017,-8408.735278946155,-9260.942097126128,-7934.867119160045,-8762.907878292284,-473.8681597861094,-498.03421883384283,-8310.808241429982,-9968.30073129779,-7823.938085770324,-9471.342931043653,-486.870155659658,-496.95780025413706,-8198.523068846085,-10304.194714395117,-7726.067465682432,-9807.39168805555,-472.4556031636537,-496.803026339567,-8320.569413512894,-9359.126385942584,-7847.656527600608,-8880.192716114123,-472.91288591228715,-478.9336698284613,,,,,,,,,,,,,,,,,,,,,,,,,,,,,,,,,,,,
20,1395,213,-11200.745900649465,-9131.908277479411,-10497.47143204701,-8585.08111568444,-703.2744686024538,-546.8271617949715,flu_2017,-9366.457633256541,-10296.600563590735,-8838.37248622841,-9739.55757431337,-528.0851470281298,-557.042989277364,-9247.391099213193,-11080.039886575558,-8705.711600355684,-10525.317668065627,-541.6794988575101,-554.7222185099316,-9116.20430108416,-11445.405235606813,-8588.517439676994,-10890.384269181111,-527.6868614071665,-555.0209664257023,-9272.586518391332,-10401.720762230332,-8745.494524623902,-9868.647524643819,-527.09199376743,-533.0732375865138,,,,,,,,,,,,,,,,,,,,,,,,,,,,,,,,,,,,
21,1549,238,-12373.97208682531,-10119.812477945638,-11604.912665042535,-9518.060495693957,-769.0594217827747,-601.7519822516808,flu_2017,-10372.408757112595,-11393.267755348777,-9790.777231785962,-10782.495962203586,-581.6315253266324,-610.7717931451909,-10241.426987668112,-12265.023664517403,-9645.867042721447,-11651.968243518233,-595.5599449466644,-613.0554209991689,-10105.841504402284,-12665.532695600503,-9523.551030003839,-12052.737715258874,-582.290474398446,-612.7949803416294,-10273.084895337635,-11517.913202468453,-9692.45169006124,-10930.7449899217,-580.6332052763962,-587.1682125467524,,,,,,,,,,,,,,,,,,,,,,,,,,,,,,,,,,,,
22,1688,252,-13468.500516552598,-11011.478825739392,-12633.630324285956,-10363.066586864066,-834.8701922666421,-648.4122388753249,flu_2017,-11299.431834797735,-12429.086782528648,-10669.218061066305,-11765.537248644468,-630.2137737314301,-663.5495338841796,-11156.1559278993,-13380.138872610834,-10512.193092976288,-12715.89551330448,-643.9628349230142,-664.2433593063541,-11007.514747774507,-13821.496294952633,-10378.238652232372,-13156.824009767352,-629.2760955421348,-664.6722851852812,-11193.389535252725,-12562.321892569738,-10565.251101144673,-11927.097098883618,-628.1384341080518,-635.2247936861207,,,,,,,,,,,,,,,,,,,,,,,,,,,,,,,,,,,,
23,1834,271,-14666.522711485635,-11968.994872687088,-13768.849953666933,-11273.394218957625,-897.6727578187013,-695.6006537294629,flu_2017,-12286.257392097543,-13494.868456291304,-11611.436341942683,-12784.325923414497,-674.8210501548594,-710.5425328768061,-12124.022618845116,-14527.093123278477,-11432.511080397602,-13816.718506307961,-691.5115384475137,-710.3746169705163,-11967.557216191264,-15014.811178450771,-11290.029850070423,-14299.195592509119,-677.5273661208417,-715.6155859416525,-12170.42728193398,-13644.6732251878,-11496.710971264265,-12964.121700979062,-673.7163106697152,-680.5515242087389,,,,,,,,,,,,,,,,,,,,,,,,,,,,,,,,,,,,
24,1974,291,-15853.14298721135,-12886.67765252468,-14886.435575764384,-12138.183749313526,-966.7074114469648,-748.4939032111538,flu_2017,-13247.59930935325,-14536.539367216203,-12519.039889951844,-13771.560365231357,-728.5594194014068,-764.9790019848465,-13064.872359648272,-15647.151484984144,-12321.976423748833,-14880.696059652684,-742.8959358994405,-766.4554253314607,-12890.969287013102,-16168.828611338038,-12160.592702283731,-15400.09574830943,-730.3765847293699,-768.7328630286081,-13112.096067582801,-14690.280126838023,-12386.915594365753,-13958.197738975769,-725.1804732170483,-732.0823878622534,,,,,,,,,,,,,,,,,,,,,,,,,,,,,,,,,,,,
25,2098,303,-16911.88172957743,-13714.54614819088,-15895.957288121817,-12927.179272792315,-1015.9244414556133,-787.3668753985662,flu_2017,-14108.320101345276,-15483.165101133682,-13341.451567133678,-14680.247836207009,-766.8685342115982,-802.9172649266726,-13915.960617404096,-16668.811340527074,-13132.932306381965,-15863.644871419203,-783.0283110221319,-805.1664691078718,-13722.60080289942,-17228.229456378434,-12953.628427175297,-16418.59251818611,-768.9723757241231,-809.6369381923236,-13964.122945150608,-15648.710101276134,-13199.808864670753,-14877.952848511233,-764.3140804798556,-770.7572527648999,,,,,,,,,,,,,,,,,,,,,,,,,,,,,,,,,,,,
0,11,0,-74.22515970486,-111.20478199542137,-72.26462301717054,-103.58016300926197,-1.9605366876894625,-7.6246189861593985,othervirus_2017,-64.90847703011656,-54.74961984087126,-64.09156649016258,-54.30574849273137,-0.8169105399539778,-0.44387134813989226,-64.24044012519956,-54.64417337361016,-63.298135811138664,-54.17061950569346,-0.9423043140608877,-0.4735538679166958,-62.64765244841648,-55.86852130975828,-61.86486713647184,-55.51052157277298,-0.7827853119446407,-0.35799973698530174,-64.63731085293954,-54.82753271994592,-63.70360075717065,-54.470832018168785,-0.9337100957688884,-0.3567007017771351,,,,,,,,,,,,,,,,,,,,,,,,,,,,,,,,,,,,
1,13,0,-97.33567176921625,-126.5374916611837,-93.16558322670163,-118.75278725967722,-4.17008854251462,-7.784704401506471,othervirus_2017,-79.73920264892573,-67.0341079034836,-78.4682634916675,-66.37821776830798,-1.2709391572582256,-0.655890135175626,-77.99992759114846,-68.0205098831465,-76.70922457157462,-67.20013403333597,-1.2907030195738458,-0.8203758498105251,-76.71897747690697,-68.72287232403811,-75.60126058708545,-68.17919876994408,-1.117716889821522,-0.5436735540940247,-79.62967977219192,-68.12393231182676,-78.29838836280788,-67.4900844688339,-1.3312914093840367,-0.6338478429928707,,,,,,,,,,,,,,,,,,,,,,,,,,,,,,,,,,,,
2,22,0,-162.14526914846155,-181.71347567664316,-157.27066213013754,-173.3078354317541,-4.874607018324003,-8.405640244889033,othervirus_2017,-136.59950123120586,-120.76456921858964,-134.32744434732226,-119.39410793580939,-2.2720568838836064,-1.3704612827802585,-133.98763654263288,-123.1382371289982,-131.68366171620906,-121.42614278041793,-2.3039748264238336,-1.7120943485802615,-130.73153956722624,-125.8484963163547,-128.77782950650413,-124.4686816116965,-1.953710060722111,-1.379814704658207,-134.77334095452713,-121.34538227490877,-132.38945482881712,-119.80162776939964,-2.3838861257100046,-1.5437545055091304,,,,,,,,,,,,,,,,,,,,,,,,,,,,,,,,,,,,
3,31,2,-242.8926489180922,-244.598946780883,-232.95289174511095,-229.53928157436653,-9.939757172981256,-15.059665206516497,othervirus_2017,-204.7732788781491,-181.82973386051924,-196.70082675189602,-176.0455477622495,-8.072452126253086,-5.784186098269732,-200.2438009125824,-185.8667203298333,-192.2166684766387,-178.85108732225854,-8.02713243594372,-7.015633007574774,-194.123162216123,-188.066545284057,-186.79468517718215,-183.586966646306,-7.32847703894085,-4.4795786377510085,-201.04274780975135,-181.75717399138594,-193.23158678002895,-175.38288039291746,-7.811161029722406,-6.374293598468475,,,,,,,,,,,,,,,,,,,,,,,,,,,,,,,,,,,,
4,47,3,-338.6277481794048,-328.31245146440733,-323.881731016334,-309.85608557771644,-14.746017163070789,-18.456365886690918,othervirus_2017,-293.910859503299,-256.88554099633825,-282.7226432903483,-248.6874083576822,-11.188216212950707,-8.19813263865605,-286.63058139408685,-262.046797502321,-275.9476643557507,-251.91681467995448,-10.68291703833617,-10.129982822366516,-279.287131074783,-263.7019948701912,-269.0108027250286,-256.7584514228781,-10.276328349754392,-6.943543447313072,-289.31633575156275,-257.25561391702837,-278.6370911890889,-248.11376037467292,-10.679244562473881,-9.14185354235546,,,,,,,,,,,,,,,,,,,,,,,,,,,,,,,,,,,,
5,77,5,-557.540896461101,-485.51768056671455,-538.9334796558312,-459.28393522237366,-18.607416805269835,-26.233745344340875,othervirus_2017,-478.8360396888793,-411.0913522956421,-463.07350398830624,-397.42406056574566,-15.762535700573054,-13.667291729896446,-468.0181749261877,-416.48189381598644,-452.38794993982674,-402.2935344416079,-15.630224986360997,-14.188359374378527,-455.89953039965417,-421.1278837893544,-439.95672723710913,-408.3962782322829,-15.942803162545031,-12.731605557071521,-473.0845088542307,-410.4487567154124,-457.30786340952943,-397.38491296118394,-15.776645444701257,-13.06384375422843,,,,,,,,,,,,,,,,,,,,,,,,,,,,,,,,,,,,
6,114,7,-795.5196382969465,-661.2664133960152,-767.0896402538809,-627.237556764026,-28.429998043065524,-34.028856631989214,othervirus_2017,-692.3399560167326,-580.6543808006285,-669.8322478539957,-560.4052518552235,-22.507708162736908,-20.249128945405054,-674.0840185803122,-584.7074051248327,-651.5098846122744,-563.8251334843139,-22.574133968037803,-20.882271640518717,-655.502743184161,-589.6509760817956,-633.3073751022662,-570.5816764970695,-22.195368081894838,-19.0692995847262,-683.3662282742703,-580.0154407138382,-660.9880088403272,-560.1367439287627,-22.378219433943016,-19.87869678507551,,,,,,,,,,,,,,,,,,,,,,,,,,,,,,,,,,,,
7,133,11,-950.9779383420382,-788.3485273604537,-914.9782780516566,-745.2539650158338,-35.99966029038157,-43.09456234461978,othervirus_2017,-831.6632143235391,-709.2427112046544,-800.0641401496321,-682.0348691941451,-31.59907417390709,-27.207842010509232,-809.7620968528192,-715.298525697609,-778.1868409792613,-687.9196487563911,-31.575255873557914,-27.37887694121784,-786.6565242281274,-724.3444647757035,-756.0226889535954,-697.2363113682569,-30.63383527453192,-27.108153407446572,-819.0079286126112,-707.5302468070797,-787.3404641700602,-680.3568118091108,-31.667464442550973,-27.173434997968954,,,,,,,,,,,,,,,,,,,,,,,,,,,,,,,,,,,,
8,170,11,-1178.339228350434,-959.858210116527,-1140.7615538111936,-914.2021764844437,-37.577674539240334,-45.65603363208321,othervirus_2017,-1039.8814742098878,-885.6726507523423,-1005.4695947065176,-855.4253577358709,-34.411879503370095,-30.24729301647142,-1014.7494108610465,-889.9644903819194,-980.4106564394122,-860.0243281161054,-34.3387544216343,-29.940162265814074,-984.8759144518891,-899.794139364878,-951.8917284760917,-870.0814560917031,-32.98418597579745,-29.71268327317494,-1024.453502379441,-881.9122933855041,-990.1513824568585,-852.1364263402846,-34.302119922582555,-29.775867045219496,,,,,,,,,,,,,,,,,,,,,,,,,,,,,,,,,,,,
9,225,17,-1525.576990583096,-1222.3641568606565,-1464.8925064595574,-1158.60810974677,-60.68448412353854,-63.75604711388665,othervirus_2017,-1357.1299430601193,-1143.2571431293788,-1306.0801935106063,-1097.8044631529488,-51.04974954951318,-45.45267997643013,-1322.216788435428,-1146.167633859617,-1271.1812606302265,-1099.6499663548773,-51.03552780520153,-46.51766750473965,-1281.5325550196758,-1157.4726779443354,-1232.5676386306905,-1112.2650746768945,-48.9649163889853,-45.20760326744084,-1335.512295521567,-1138.6459860173159,-1284.9886271496796,-1092.522705148951,-50.52366837188743,-46.1232808683648,,,,,,,,,,,,,,,,,,,,,,,,,,,,,,,,,,,,
10,293,21,-1947.240856368553,-1512.1188675806166,-1870.5353154090476,-1433.8242576243724,-76.70554095950557,-78.29460995624422,othervirus_2017,-1732.601713166186,-1432.3042307860596,-1668.3472311121513,-1373.3043255373466,-64.25448205403465,-58.99990524871316,-1685.9896085941816,-1426.8729976168047,-1621.802824760896,-1367.6794575729168,-64.18678383328552,-59.193540043887864,-1635.4459772155133,-1438.7459478001488,-1573.3780679431597,-1380.340343423113,-62.06790927235362,-58.405604377035836,-1703.9853780019641,-1423.255526115012,-1640.0569237617026,-1364.4751805571357,-63.92845424026146,-58.78034555787629,,,,,,,,,,,,,,,,,,,,,,,,,,,,,,,,,,,,
11,360,27,-2368.7605673945977,-1858.5602269090025,-2271.5393769967836,-1761.6587123244449,-97.22119039781414,-96.9015145845577,othervirus_2017,-2125.8634156114254,-1781.9886684148626,-2043.523508258087,-1706.187198479443,-82.33990735333828,-75.8014699354197,-2070.7213161282207,-1778.1127898533118,-1988.363079899866,-1701.8809514055056,-82.35823622835466,-76.23183844780623,-2012.148064096968,-1796.1751501349677,-1932.8077316512424,-1721.0896374097356,-79.34033244572558,-75.08551272523215,-2090.79458014427,-1771.0632466265001,-2008.7238652582475,-1695.156928233503,-82.07071488602251,-75.90631839299698,,,,,,,,,,,,,,,,,,,,,,,,,,,,,,,,,,,,
12,432,36,-2853.910857164058,-2186.136087501327,-2721.2449816718927,-2061.8621089812546,-132.66587549216567,-124.27397852007239,othervirus_2017,-2545.2269045277776,-2102.9366541000786,-2437.476683675777,-2001.4083963913913,-107.75022085200058,-101.52825770868739,-2472.5840790962034,-2094.8790141136224,-2365.104565602209,-1993.1204554760416,-107.47951349399443,-101.75855863758062,-2399.313303389175,-2112.4273375935863,-2295.439967265517,-2011.598646471401,-103.87333612365791,-100.82869112218528,-2506.6803334960737,-2091.765239849774,-2399.1141766930036,-1989.7910733006938,-107.56615680306993,-101.97416654908007,,,,,,,,,,,,,,,,,,,,,,,,,,,,,,,,,,,,
13,536,42,-3537.269922824057,-2663.803347388468,-3374.244761892419,-2518.6050901214253,-163.02516093163823,-145.19825726704278,othervirus_2017,-3151.533663863711,-2590.0813799614466,-3024.5041223150865,-2468.67362189443,-127.0295415486244,-121.4077580670163,-3061.4015471043117,-2574.4452991404673,-2933.789138638457,-2453.017509509006,-127.61240846585437,-121.42778963146161,-2969.058202494582,-2592.1164909590198,-2845.9921636744048,-2472.5906904463923,-123.06603882017737,-119.52580051262747,-3102.0985644852253,-2571.972937626427,-2975.350478625514,-2451.3299167470086,-126.74808585971132,-120.6430208794184,,,,,,,,,,,,,,,,,,,,,,,,,,,,,,,,,,,,
14,668,52,-4378.770054651427,-3219.9232158877235,-4179.199316235268,-3045.812853131406,-199.57073841615863,-174.1103627563173,othervirus_2017,-3899.198715498525,-3155.0370389825093,-3745.2960188306643,-3008.5366254271084,-153.9026966678609,-146.50041355540083,-3781.1792513017226,-3122.7701503344574,-3626.6414521671513,-2974.8367430760427,-154.53779913457151,-147.93340725841483,-3662.022944581448,-3137.062191170472,-3513.098017041537,-2994.4528167538674,-148.92492753991098,-142.60937441660474,-3833.623591674982,-3124.10066445021,-3680.2689516869627,-2979.2802475597373,-153.35463998801907,-144.82041689047273,,,,,,,,,,,,,,,,,,,,,,,,,,,,,,,,,,,,
15,805,61,-5311.615370792582,-3808.308744024669,-5073.5439913165,-3608.637673227903,-238.07137947608254,-199.6710707967659,othervirus_2017,-4701.002332531507,-3753.6794080317086,-4518.69248221463,-3584.2237770417305,-182.30985031687646,-169.45563098997803,-4554.212501153242,-3705.3269015786645,-4372.625935983312,-3534.0217541053235,-181.58656516992977,-171.30514747334087,-4403.609305055746,-3716.1278269260133,-4228.6267158235805,-3553.3297761110553,-174.98258923216508,-162.79805081495815,-4620.726966707617,-3713.07450736216,-4439.471382059309,-3544.90850705072,-181.2555846483079,-168.16600031144011,,,,,,,,,,,,,,,,,,,,,,,,,,,,,,,,,,,,
16,982,66,-6489.652940431934,-4502.653276868519,-6217.44218222876,-4281.618937019188,-272.21075820317367,-221.03433984933167,othervirus_2017,-5683.6878046337815,-4458.369164605246,-5477.059997810763,-4268.696915084153,-206.62780682301894,-189.67224952109288,-5498.720778984622,-4388.681767172499,-5293.895160175547,-4195.997056156266,-204.82561880907414,-192.6847110162338,-5309.944492527562,-4388.993693188103,-5111.997661049657,-4207.5761637872565,-197.94683147790477,-181.41752940084632,-5588.129756337849,-4407.482041476111,-5383.127722483367,-4219.048707610699,-205.0020338544826,-188.433333865411,,,,,,,,,,,,,,,,,,,,,,,,,,,,,,,,,,,,
17,1183,75,-7717.751600440375,-5311.978040885196,-7407.57284263792,-5057.5501642634135,-310.17875780245527,-254.4278766217821,othervirus_2017,-6789.590829444442,-5286.096883078981,-6549.630663392858,-5064.622043658368,-239.9601660515834,-221.4748394206129,-6566.407255160246,-5194.149052659506,-6330.11242606368,-4970.061544100915,-236.29482909656625,-224.08750855859083,-6339.3574236218055,-5196.982910650197,-6109.9475147974135,-4984.1885911192585,-229.40990882439218,-212.7943195309385,-6677.023015646558,-5225.85604434944,-6439.675116369035,-5005.555175221434,-237.34789927752277,-220.30086912800596,,,,,,,,,,,,,,,,,,,,,,,,,,,,,,,,,,,,
18,1355,90,-8896.488292164478,-6061.194147397604,-8521.205150336014,-5760.060244092885,-375.283141828464,-301.1339033047186,othervirus_2017,-7795.386661186059,-6049.327890816434,-7504.551677210777,-5778.170748274863,-290.83498397528246,-271.1571425415706,-7533.898243112363,-5943.623161215363,-7247.342262828289,-5668.643926256096,-286.5559802840746,-274.9792349592673,-7270.401188555308,-5947.461243684141,-6992.501608832443,-5685.1048514612685,-277.8995797228655,-262.356392222872,-7666.514045289152,-5983.3907002947035,-7378.807964973866,-5711.655573675789,-287.70608031528656,-271.73512661891397,,,,,,,,,,,,,,,,,,,,,,,,,,,,,,,,,,,,
19,1588,104,-10441.661979262812,-7018.492968726099,-9991.749886391372,-6677.1024712332155,-449.9120928714395,-341.3904974928841,othervirus_2017,-9111.352008708292,-7027.894649944909,-8772.947726814704,-6715.499046272596,-338.4042818935883,-312.39560367231263,-8796.738523170296,-6903.080683241373,-8463.694893493615,-6583.645945709243,-333.0436296766806,-319.4347375321296,-8478.146772479666,-6898.879303038727,-8154.922959373078,-6597.748319448284,-323.2238131065874,-301.1309835904434,-8961.03081639213,-6948.6065171826,-8626.626386703074,-6635.037769129857,-334.40442968905734,-313.56874805274305,,,,,,,,,,,,,,,,,,,,,,,,,,,,,,,,,,,,
20,1813,116,-11927.821361598157,-7957.876224373003,-11428.293935420657,-7572.946907290984,-499.52742617749874,-384.92931708201905,othervirus_2017,-10393.126172746726,-7990.9856808656095,-10010.90392215964,-7635.554614674818,-382.22225058708625,-355.43106619079094,-10025.637930271134,-7840.056521117903,-9649.99605990831,-7479.30354881398,-375.64187036282425,-360.7529723039225,-9658.55210435548,-7834.65301799771,-9292.979210014371,-7489.683571800012,-365.57289434110936,-344.9694461976978,-10219.552222006412,-7897.141308102423,-9842.40784064872,-7540.716100103757,-377.1443813576916,-356.42520799866656,,,,,,,,,,,,,,,,,,,,,,,,,,,,,,,,,,,,
21,2016,120,-13209.835991596212,-8732.434279474524,-12687.177528034215,-8323.362523009122,-522.6584635619963,-409.0717564654017,othervirus_2017,-11508.546143882282,-8801.16007043862,-11104.276823376935,-8420.64926992854,-404.2693205053477,-380.51080051007943,-11092.35298775354,-8617.38610406829,-10694.723653464112,-8234.283624870526,-397.6293342894276,-383.10247919776407,-10677.90070947241,-8607.041590845432,-10289.993240123862,-8236.340880188513,-387.9074693485469,-370.70071065691957,-11313.111947854763,-8686.397058452032,-10913.968849917135,-8307.295297268347,-399.14309793762715,-379.10176118368565,,,,,,,,,,,,,,,,,,,,,,,,,,,,,,,,,,,,
22,2285,131,-15052.039522611354,-9866.387269485322,-14473.231352076042,-9417.527531635693,-578.808170535312,-448.8597378496289,othervirus_2017,-13051.869815007261,-9961.833820766933,-12605.699694794715,-9543.640325493967,-446.17012021254646,-418.19349527296606,-12574.752936003077,-9754.20397577535,-12138.107233722105,-9333.099622870679,-436.64570228097193,-421.1043529046716,-12102.139005744288,-9742.349612800515,-11673.672192864822,-9334.254539405556,-428.46681287946535,-408.0950733949589,-12828.637118714738,-9831.64041400191,-12387.735822029259,-9415.278971039352,-440.9012966854787,-416.3614429625571,,,,,,,,,,,,,,,,,,,,,,,,,,,,,,,,,,,,
23,2476,147,-16255.107834811663,-10603.514100027469,-15621.875560029075,-10115.065856675335,-633.232274782587,-488.44824335213275,othervirus_2017,-14104.110716332872,-10725.453417155106,-13613.133343531945,-10267.545164854575,-490.9773728009279,-457.9082523005315,-13581.63306203393,-10489.961947774256,-13101.693074599068,-10029.703870488851,-479.9399874348622,-460.2580772854055,-13061.059961019952,-10471.911014346693,-12588.825730178136,-10026.070513799776,-472.23423084181576,-445.840500546917,-13862.97124383162,-10578.369378638201,-13378.210141140948,-10123.891565112639,-484.7611026906731,-454.4778135255617,,,,,,,,,,,,,,,,,,,,,,,,,,,,,,,,,,,,
24,2697,158,-17668.666998073026,-11490.520556265456,-16997.20840912241,-10965.420550833784,-671.4585889506168,-525.1000054316713,othervirus_2017,-15327.665889540642,-11634.73631458975,-14797.797138978014,-11138.358417017933,-529.8687505626278,-496.377897571817,-14755.840220871434,-11375.786685431434,-14235.87962435496,-10879.832311587717,-519.9605965164731,-495.95437384371746,-14183.489151294658,-11352.188269333874,-13671.863288937657,-10869.405133029033,-511.6258623570008,-482.7831363048407,-15071.31581914854,-11478.861000322317,-14546.684218262264,-10987.372164405759,-524.6316008862758,-491.4888359165582,,,,,,,,,,,,,,,,,,,,,,,,,,,,,,,,,,,,
25,2865,169,-18838.438723959145,-12278.189379455076,-18118.055163498557,-11715.973853194368,-720.3835604605882,-562.2155262607088,othervirus_2017,-16328.389512232225,-12431.555672411137,-15761.02748257939,-11898.144382161156,-567.3620296528361,-533.4112902499817,-15714.958977474585,-12163.002151803837,-15159.754174787719,-11630.55646368863,-555.2048026868666,-532.4456881152072,-15102.568535219785,-12144.316039761927,-14554.420227429457,-11625.321592031667,-548.1483077903291,-518.9944477302593,-16050.038146187919,-12262.170036467045,-15489.352235522816,-11734.852162755615,-560.6859106651029,-527.31787371143,,,,,,,,,,,,,,,,,,,,,,,,,,,,,,,,,,,,
0,8,0,-52.914289139577114,-80.87620508757918,-51.28445302367578,-75.33102764309962,-1.6298361159013348,-5.545177444479562,flu_2018,-49.42548551507561,-54.94535941974385,-48.03833261177758,-53.64691879465687,-1.38715290329803,-1.2984406250869804,-49.042141982011934,-58.44181323966675,-47.55381716207787,-57.097352217312604,-1.4883248199340642,-1.3444610223541442,-48.36766196928071,-60.72977493125076,-47.06948541915809,-59.536151513422624,-1.2981765501226215,-1.1936234178281362,-49.16172448329286,-55.76089563512313,-47.695988097585,-54.646675467257154,-1.4657363857078587,-1.114220167865971,-48.18618743926859,-59.43203080285511,-46.965458322957055,-58.28112016296619,-1.2207291163115364,-1.1509106398889237,,,,,,,,,,,,,,,,,,,,,,,,,,,,,,
1,18,2,-132.33871430734558,-148.61114380690805,-126.53328606965215,-137.6179120511778,-5.8054282376934285,-10.993231755730264,flu_2018,-120.08904407241975,-127.61568175320619,-114.39300906303131,-122.13940745251257,-5.696035009388433,-5.476274300693616,-116.68822500566819,-133.34165578303393,-111.18560372953712,-128.04084063398983,-5.502621276131071,-5.300815149044111,-112.88887186369463,-136.9107932506703,-107.84927308047355,-132.08362950026543,-5.039598783221087,-4.8271637504048845,-116.81101695310137,-127.90901450192491,-111.08558526155115,-121.94974154951574,-5.725431691550229,-5.959272952409178,-113.57528094320239,-134.1220586506215,-107.88341284978684,-128.7382525602717,-5.691868093415557,-5.383806090349809,,,,,,,,,,,,,,,,,,,,,,,,,,,,,,
2,36,6,-292.158686348016,-285.4105424260626,-272.9518655147699,-264.55356571781994,-19.206820833246052,-20.85697670824264,flu_2018,-248.55802573280587,-268.8139246921969,-232.52375395137105,-253.35656479412637,-16.034271781434818,-15.457359898070564,-244.3773381255474,-286.9295530628658,-227.58283428839007,-270.7824542148953,-16.79450383715733,-16.14709884797051,-235.76632902417663,-292.9485373034807,-221.6851582781798,-279.5551677257449,-14.081170745996804,-13.393369577735761,-245.11689620746805,-271.0815204009016,-228.91835422045494,-254.3720057736541,-16.1985419870131,-16.70951462724748,-235.58741165937673,-283.47825110181293,-220.80116246531168,-269.1779468667199,-14.78624919406505,-14.30030423509304,,,,,,,,,,,,,,,,,,,,,,,,,,,,,,
3,49,7,-396.7595402210619,-375.2795073580153,-371.11211075987967,-350.0875848714673,-25.647429461182256,-25.19192248654796,flu_2018,-333.8204215329141,-366.10341538676425,-314.3967632130839,-347.25075184707356,-19.423658319830214,-18.852663539690706,-329.9248792018679,-393.49226905431414,-309.0766142982071,-373.9976263370217,-20.84826490366079,-19.49464271729245,-323.49252163158667,-402.5095031751955,-304.91845612860953,-385.8279052839546,-18.574065502977163,-16.681597891240905,-329.98532627337306,-370.5730172927774,-310.0791419140919,-350.74794988327164,-19.906184359281134,-19.82506740950576,-320.6607653275788,-388.98525917585323,-302.2828674520988,-371.3153626341577,-18.377897875480013,-17.66989654169558,,,,,,,,,,,,,,,,,,,,,,,,,,,,,,
4,57,10,-479.29833291797354,-441.16484850690426,-443.04651252526094,-409.85055617504474,-36.25182039271261,-31.314292331859537,flu_2018,-395.5084044393988,-429.3911647541819,-370.6809432817833,-404.1881525261638,-24.82746115761549,-25.2030122280181,-391.5557371381386,-460.6224052365646,-363.92898479926873,-435.16821821388135,-27.626752338869863,-25.45418702268325,-383.9906276266492,-469.49186016914354,-359.32171621364853,-448.36366362413037,-24.66891141300068,-21.128196545013193,-391.48308099492806,-434.0784246017804,-365.9447787163359,-408.89435099911987,-25.538302278592127,-25.18407360266054,-382.27798050012245,-453.6237260499164,-358.22390704372003,-431.2121837549122,-24.054073456402392,-22.41154229500424,,,,,,,,,,,,,,,,,,,,,,,,,,,,,,
5,65,10,-529.5808474351694,-488.5222184588373,-491.60388557788326,-455.53360946690253,-37.97696185728613,-32.98860899193478,flu_2018,-439.278291455828,-476.5139541317494,-413.5854861796204,-450.54470433218637,-25.69280527620767,-25.96924979956305,-435.40845773108697,-511.9217228533156,-406.72764640012787,-485.5350594818102,-28.680811330959113,-26.386663371505392,-429.699042326583,-522.6853373205956,-403.9219025125883,-500.4425119909997,-25.777139813994708,-22.242825329595924,-435.72888119305225,-483.3366014743266,-409.2123777681751,-457.2988039911618,-26.51650342487718,-26.037797483164812,-427.48194218198756,-505.51645100001366,-402.5176383518277,-481.9201627849987,-24.96430383015986,-23.596288215014958,,,,,,,,,,,,,,,,,,,,,,,,,,,,,,
6,82,11,-662.1998653439002,-598.3626950280271,-618.2979099296049,-561.1911087015148,-43.9019554142954,-37.1715863265123,flu_2018,-550.9290400380005,-596.2909835182888,-520.4301144948543,-566.5585016905958,-30.498925543146285,-29.732481827693096,-545.8481766111618,-641.2905383151289,-512.4273775819058,-610.3565551982877,-33.42079902925595,-30.933983116841247,-538.3207110296262,-655.2569416232253,-507.8986387654811,-628.9983760581697,-30.422072264145076,-26.258565565055644,-546.6771965341869,-606.0096177403879,-515.3192116102889,-575.6890618738502,-31.35798492389798,-30.320555866537656,-537.7823150080482,-633.5898670790903,-508.07076060649564,-606.0467883761115,-29.71155440155249,-27.543078702978754,,,,,,,,,,,,,,,,,,,,,,,,,,,,,,
7,100,13,-783.8617615956992,-713.9563802732964,-733.0756061811518,-670.4712968403221,-50.7861554145475,-43.485083432974335,flu_2018,-659.7922479956602,-720.0970247438057,-623.4142783939634,-683.889581494248,-36.37796960169685,-36.207443249557784,-657.3892526349039,-776.9683823226698,-617.3794829501433,-739.7372572497177,-40.009769684760634,-37.23112507295205,-652.267148797923,-796.4445563353402,-616.6642453665344,-764.3261082292212,-35.602903431388704,-32.11844810611902,-657.8656287767883,-736.023608263861,-620.3726582631258,-699.316328264205,-37.49297051366245,-36.707279999655924,-651.586316109269,-770.1225505364247,-616.7440859346889,-736.5993470036999,-34.842230174580074,-33.523203532724814,,,,,,,,,,,,,,,,,,,,,,,,,,,,,,
8,131,19,-1046.4819608856942,-926.2583532744279,-973.6082893280372,-867.2860871385524,-72.87367155765705,-58.97226613587558,flu_2018,-880.3365078733789,-960.5145918211973,-827.9185255935677,-907.364699383899,-52.417982279811184,-53.149892437298305,-873.2483017705973,-1034.4399045685154,-817.2761969264338,-979.9897046045202,-55.972104844163525,-54.4501999639953,-866.4417748863837,-1059.1912933625001,-814.8419959182472,-1010.4796808401271,-51.599778968136434,-48.71161252237299,-875.4754904403048,-978.8202791389402,-822.3070747767772,-924.8042503498745,-53.16841566352762,-54.016028789065814,-867.7182105817062,-1024.5688317249246,-817.0056046362521,-974.0731896696306,-50.712605945454186,-50.49564205529398,,,,,,,,,,,,,,,,,,,,,,,,,,,,,,
9,167,25,-1295.868868763118,-1137.4016614040822,-1202.4233151044637,-1062.8926236891746,-93.44555365865423,-74.50903771490758,flu_2018,-1096.299448530367,-1180.3981688836075,-1027.9434022729286,-1112.210532365374,-68.3560462574386,-68.18763651823332,-1085.6523780905052,-1269.0780840216946,-1014.7944230660016,-1197.8967781696242,-70.85795502450362,-71.18130585207031,-1078.1613111367208,-1297.1320308624965,-1012.0149157802832,-1233.810466526842,-66.14639535643757,-63.3215643356545,-1088.371988856944,-1200.9218453858855,-1020.3603404254303,-1132.3482043958566,-68.01164843151375,-68.57364099002899,-1080.1559576721004,-1256.2072937559658,-1015.0542313706195,-1191.3301835632597,-65.10172630148087,-64.87711019270607,,,,,,,,,,,,,,,,,,,,,,,,,,,,,,
10,232,38,-1767.0950508647884,-1546.6500274310868,-1635.3085202081663,-1441.0145103799637,-131.78653065662218,-105.63551705112307,flu_2018,-1506.676106066303,-1636.3889589390478,-1406.5355421059498,-1532.6235603155374,-100.14056396035319,-103.76539862351058,-1493.4346560651938,-1762.2531478811757,-1390.0975237013683,-1656.9045356951958,-103.33713236382559,-105.34861218597987,-1484.8712305555975,-1805.4174995717597,-1389.2337154486438,-1708.0790333477778,-95.63751510695384,-97.33846622398191,-1498.9420392085672,-1666.817440089136,-1400.023907877775,-1564.012155931363,-98.91813133079211,-102.8052841577731,-1488.1137415329486,-1747.445856154028,-1393.2115370720771,-1649.2448669208777,-94.90220446087152,-98.2009892331502,,,,,,,,,,,,,,,,,,,,,,,,,,,,,,
11,310,47,-2282.241644110368,-2009.1378166308548,-2111.0829138079234,-1874.9478813568637,-171.1587303024446,-134.18993527399107,flu_2018,-1972.3950920235557,-2138.865482849758,-1844.246964328771,-2005.2889825412428,-128.14812769478488,-133.5765003085151,-1960.577051482685,-2298.1915513359118,-1828.7004797349387,-2162.8574001600246,-131.87657174774625,-135.33415117588734,-1952.8848584525588,-2361.637211271481,-1828.6531356398173,-2233.6753362714485,-124.23172281274147,-127.96187500003289,-1962.5955203999622,-2179.2833974903015,-1835.8282470265463,-2046.8432977323505,-126.76727337341586,-132.44009975795092,-1952.798998069,-2288.1074949223025,-1829.508824397396,-2159.2995732477702,-123.29017367160391,-128.80792167453245,,,,,,,,,,,,,,,,,,,,,,,,,,,,,,
12,421,64,-3041.438759718746,-2689.597274074957,-2812.0818475665433,-2506.860534079444,-229.35691215220282,-182.7367399955132,flu_2018,-2651.9562368155175,-2901.1649573176464,-2478.0645528715654,-2717.739948120872,-173.89168394395188,-183.42500919677434,-2640.058158980386,-3123.3538711019164,-2462.922406777615,-2939.7411403367455,-177.13575220277087,-183.61273076517102,-2641.227552801035,-3217.231797681241,-2470.3580490827085,-3041.199582191813,-170.8695037183266,-176.0322154894278,-2639.8638667401833,-2956.5944013029793,-2468.3654813689627,-2779.930055242572,-171.49838537122076,-176.66434606040707,-2640.9957061378723,-3113.2136374558177,-2471.2907319786596,-2938.759960974052,-169.70497415921278,-174.453676481766,,,,,,,,,,,,,,,,,,,,,,,,,,,,,,
13,559,87,-4044.250237542159,-3559.82045587584,-3753.2253042510583,-3321.5076930847017,-291.02493329110075,-238.312762791138,flu_2018,-3523.0707621974398,-3846.0325528582007,-3294.823033078833,-3605.5317774858336,-228.247729118607,-240.50077537236734,-3509.0777549393847,-4137.60076736004,-3280.0444441570917,-3899.1802321110454,-229.03331078229314,-238.42053524899478,-3515.2311261773684,-4266.9924018464535,-3293.488949464747,-4037.216325077614,-221.74217671262136,-229.77607676883952,-3505.887292590556,-3920.166999016717,-3282.728052774657,-3691.9442951393285,-223.15923981589918,-228.22270387738837,-3515.7631535551204,-4125.738057691775,-3292.7100915553447,-3898.429563602498,-223.05306199977582,-227.30849408927654,,,,,,,,,,,,,,,,,,,,,,,,,,,,,,
14,779,136,-5668.940329683046,-4942.267919908327,-5233.831516199703,-4595.20225250142,-435.1088134833425,-347.06566740690664,flu_2018,-4920.3243191099455,-5358.593266514529,-4586.281054722586,-5009.077621515338,-334.04326438735933,-349.51564499919095,-4904.116591536529,-5766.908345333684,-4565.954746890327,-5413.364856447497,-338.16184464620136,-353.54348888618733,-4908.036152903913,-5950.530332126485,-4579.662603227232,-5607.983373205802,-328.373549676681,-342.5469589206825,-4893.723281877189,-5461.871252363811,-4565.066891434542,-5124.715737412463,-328.6563904426464,-337.155514951349,-4907.642094523625,-5749.958556378671,-4579.784706715306,-5412.535934131576,-327.85738780831923,-337.4226222470956,,,,,,,,,,,,,,,,,,,,,,,,,,,,,,
15,1116,187,-8027.08120521631,-6970.025515558766,-7430.821284011027,-6496.953975994045,-596.259921205283,-473.0715395647205,flu_2018,-6967.172935553019,-7574.1270878044115,-6509.223036837757,-7099.095833707674,-457.94989871526207,-475.03125409673817,-6943.373902161481,-8158.6815980132515,-6483.969468229439,-7675.564914814806,-459.40443393204197,-483.11668319844546,-6969.38132895152,-8425.537908205722,-6519.128267346743,-7952.689590173149,-450.2530616047775,-472.8483180325733,-6934.800130887981,-7732.357948123551,-6484.7998066536375,-7272.988306719156,-450.00032423434413,-459.36964140439494,-6972.058538353999,-8141.293638512694,-6522.218118261532,-7679.790838221791,-449.84042009246656,-461.50280029090277,,,,,,,,,,,,,,,,,,,,,,,,,,,,,,
16,1419,240,-10240.158040228078,-8892.230920981843,-9472.102234811764,-8290.063595635726,-768.0558054163137,-602.1673253461181,flu_2018,-8893.624003546654,-9719.622787862758,-8308.935829153676,-9110.425768481517,-584.6881743929791,-609.1970193812408,-8877.189259201492,-10488.171848808513,-8286.69111001548,-9867.346912746412,-590.4981491860118,-620.8249360621004,-8923.144540117855,-10851.343596039591,-8340.191955990633,-10239.402406855417,-582.9525841272224,-611.9411891841742,-8862.079124118112,-9932.461790273814,-8285.610791011888,-9343.478041915783,-576.4683331062245,-588.9837483580312,-8914.865276612762,-10475.9664126618,-8337.605701593358,-9878.86450556355,-577.2595750194026,-597.1019070982514,,,,,,,,,,,,,,,,,,,,,,,,,,,,,,
17,1835,298,-13389.613896530736,-11504.633325145112,-12409.41704381308,-10746.629341172302,-980.1968527176562,-758.003983972811,flu_2018,-11558.38292478594,-12615.906234799935,-10813.908552521749,-11842.310821579253,-744.4743722641905,-773.5954132206821,-11526.617770194322,-13602.114305739855,-10780.41155331443,-12814.011451847007,-746.2062168798918,-788.1028538928473,-11561.358408450265,-14056.512358253145,-10823.220546481161,-13283.801264336988,-738.1378619691034,-772.7110939161583,-11494.748678466853,-12866.605913517622,-10764.414339379531,-12121.183940038449,-730.3343390873221,-745.4219734791735,-11546.390140312753,-13563.04007599976,-10811.058033225245,-12804.269718980937,-735.3321070875074,-758.7703570188226,,,,,,,,,,,,,,,,,,,,,,,,,,,,,,
18,2277,362,-16696.01476984052,-14266.695881204962,-15497.391584884488,-13350.214185181372,-1198.62318495603,-916.4816960235892,flu_2018,-14355.392825463827,-15648.661000103417,-13455.89338742718,-14708.150372386295,-899.4994380366466,-940.5106277171221,-14311.790256008562,-16872.11498035308,-13408.880276512653,-15911.444263287252,-902.9099794959095,-960.6707170658274,-14357.798518515812,-17435.233372957413,-13457.93566613791,-16489.57159810756,-899.8628523779025,-945.6617748498527,-14267.310540251821,-15952.877120202695,-13382.197060006432,-15048.523756363531,-885.1134802453892,-904.3533638391642,-14348.778741636359,-16814.85920131596,-13456.172558575654,-15888.290187466384,-892.6061830607043,-926.5690138495792,,,,,,,,,,,,,,,,,,,,,,,,,,,,,,
19,2762,441,-20360.830975842702,-17305.404121175376,-18910.46383218852,-16206.883167113449,-1450.3671436541802,-1098.5209540619262,flu_2018,-17438.884135099368,-18938.232743289922,-16355.72943987032,-17805.280386349255,-1083.1546952290478,-1132.9523569406665,-17377.74272158744,-20391.124329313854,-16290.426504260053,-19237.9634030887,-1087.3162173273877,-1153.1609262251545,-17424.473449291632,-21071.92740008605,-16337.162994317247,-19929.093246688495,-1087.3104549743853,-1142.8341533975552,-17326.869577996185,-19294.54329732956,-16260.513665509618,-18208.358684513674,-1066.3559124865687,-1086.1846128158882,-17409.61143184214,-20326.34610231267,-16331.442798807779,-19208.43452355972,-1078.1686330343618,-1117.9115787529477,,,,,,,,,,,,,,,,,,,,,,,,,,,,,,
20,3287,535,-24336.004106113054,-20655.696147356975,-22586.16875337644,-19340.014987717026,-1749.8353527366144,-1315.6811596399486,flu_2018,-20837.713061011702,-22616.615616265746,-19538.25859324049,-21255.973166762804,-1299.4544677712108,-1360.642449502944,-20761.009448557805,-24335.667437700395,-19450.33195640828,-22949.139675282113,-1310.677492149523,-1386.5277624182809,-20804.18368967875,-25157.796315588257,-19490.583669576856,-23777.70989308833,-1313.600020101894,-1380.0864224999264,-20692.976443314437,-23033.519448856514,-19410.279340583013,-21728.53079014404,-1282.6971027314253,-1304.9886587124734,-20778.955508771418,-24265.53018055645,-19483.996936669966,-22919.75568863511,-1294.9585721014519,-1345.7744919213403,,,,,,,,,,,,,,,,,,,,,,,,,,,,,,
21,3643,599,-27072.405108559902,-22914.48734757124,-25125.620856304926,-21444.39168427121,-1946.784252254975,-1470.0956633000328,flu_2018,-23130.488852750197,-25093.721322896792,-21671.71647424249,-23569.724318748027,-1458.772378507705,-1523.9970041487666,-23032.24057280773,-26995.870387251816,-21568.84079504721,-25447.60917844767,-1463.3997777605193,-1548.2612088041476,-23077.012370157063,-27902.154194514158,-21607.232209555805,-26357.156238660293,-1469.7801606012597,-1544.9979558538655,-22959.9647084706,-25553.391799575904,-21524.38118178511,-24092.51773322871,-1435.5835266854933,-1460.8740663471926,-23058.487950222094,-26908.58477063895,-21604.504124411338,-25405.106706886698,-1453.9838258107552,-1503.4780637522524,,,,,,,,,,,,,,,,,,,,,,,,,,,,,,
22,4103,670,-30627.891882439664,-25855.044299513003,-28432.429374437288,-24215.28728062529,-2195.462508002375,-1639.7570188877141,flu_2018,-26117.0947026951,-28328.153618032517,-24488.00421759577,-26628.907857030652,-1629.0904850993281,-1699.2457610018632,-26000.180305080143,-30475.150982668354,-24363.693017631802,-28743.727412187684,-1636.487287448342,-1731.4235704806702,-26029.635671422966,-31496.564254042056,-24388.894981524958,-29772.40867224376,-1640.740689898009,-1724.1555817982949,-25916.967918777005,-28843.93189546969,-24311.95617898954,-27212.375216985914,-1605.011739787463,-1631.556678483776,-26009.315722954525,-30372.35230442295,-24389.485547264456,-28692.668647585186,-1619.8301756900707,-1679.6836568377648,,,,,,,,,,,,,,,,,,,,,,,,,,,,,,
23,4582,755,-34493.989645478214,-28987.010556482204,-32022.24319035279,-27153.923552837947,-2471.7464551254234,-1833.087003644258,flu_2018,-29288.553707540177,-31732.644778766626,-27461.710858404476,-29825.568257649895,-1826.842849135701,-1907.0765211167313,-29140.39759003065,-34139.70291374462,-27310.064727876663,-32193.90885215005,-1830.3328621539883,-1945.7940615945736,-29167.876616262776,-35273.64017445423,-27328.920381761258,-33335.684476308,-1838.9562345015179,-1937.9556981462317,-29060.54704846182,-32303.635269282637,-27262.56271234565,-30476.381920525306,-1797.9843361161675,-1827.2533487573323,-29159.508438242803,-34005.014908557285,-27343.63178355469,-32119.9530828167,-1815.876654688114,-1885.061825740583,,,,,,,,,,,,,,,,,,,,,,,,,,,,,,
24,5071,850,-38313.8218788287,-32098.857922343625,-35560.55776310427,-30063.758609416294,-2753.2641157244298,-2035.0993129273293,flu_2018,-32452.835208752826,-35170.94489209879,-30422.757593445476,-33042.596254360265,-2030.0776153073505,-2128.348637738527,-32274.710229509972,-37838.359617362905,-30241.173455081524,-35671.391268451676,-2033.5367744284492,-2166.968348911226,-32290.2598915273,-39085.74770034892,-30246.60872594128,-36918.3836040836,-2043.6511655860206,-2167.364096265314,-32189.25618139682,-35788.96132178151,-30189.91711460127,-33756.20854500912,-1999.33906679555,-2032.7527767723927,-32296.255466603783,-37679.152409496004,-30273.953118532627,-35571.11704139058,-2022.3023480711552,-2108.035368105424,,,,,,,,,,,,,,,,,,,,,,,,,,,,,,
25,5575,954,-42374.617724487834,-35424.140056161734,-39322.77184957804,-33169.80340154065,-3051.845874909792,-2254.336654621082,flu_2018,-35834.3057605271,-38889.12359041333,-33583.26317883884,-36523.463192149306,-2251.042581688263,-2365.660398264024,-35642.21641452289,-41822.06756231546,-33382.86507809913,-39423.810866036845,-2259.3513364237624,-2398.2566962786145,-35633.90883878594,-43221.06522108854,-33369.48093303456,-40816.22327300856,-2264.427905751379,-2404.8419480799753,-35533.72670836256,-39554.64113989024,-33315.186709758775,-37299.95099901692,-2218.5399986037864,-2254.6901408733233,-35627.433139667235,-41643.76834044545,-33386.47150712604,-39310.721606299274,-2240.961632541189,-2333.04673414618,,,,,,,,,,,,,,,,,,,,,,,,,,,,,,
0,16,2,-108.4134362534213,-161.75241017515836,-100.89301970568772,-150.66205528619923,-7.520416547733581,-11.090354888959125,othervirus_2018,-89.32095032336782,-65.5974202600769,-84.89847788500643,-60.57542299283599,-4.4224724383613925,-5.021997267240912,-85.98219061366527,-64.01972423489549,-81.2265269453618,-59.44446445404036,-4.755663668303468,-4.575259780855135,-82.94278078487785,-64.51554429777693,-78.25756760029188,-58.775233558207475,-4.685213184585979,-5.7403107395694475,-88.85947609159078,-65.7091601211835,-84.11036849469536,-60.424765409768966,-4.749107596895419,-5.284394711414541,-90.06745026202523,-64.65127105361073,-85.04140393759974,-59.02895878442348,-5.0260463244254865,-5.622312269187248,,,,,,,,,,,,,,,,,,,,,,,,,,,,,,
1,30,6,-198.5583265347282,-242.37367986584923,-178.54297510730555,-222.29307153203834,-20.01535142742265,-20.080608333810893,othervirus_2018,-171.60132106888793,-140.89774253034744,-159.15915389919314,-126.52190360233851,-12.442167169694773,-14.375838928008921,-165.4533666292218,-141.23705056470595,-153.33040008680138,-127.36340071749835,-12.122966542420416,-13.873649847207599,-161.038277750603,-142.74148919280407,-147.7698642449311,-128.10847608213868,-13.268413505671873,-14.633013110665377,-170.52469000193844,-139.36570420960786,-158.0544412487194,-126.49276194659623,-12.470248753219035,-12.872942263011613,-169.87688568524248,-141.21855989313406,-156.79052451464133,-127.37847507120804,-13.086361170601158,-13.840084821926,,,,,,,,,,,,,,,,,,,,,,,,,,,,,,
2,55,6,-362.8997651399247,-371.39469569962296,-331.5427101039062,-345.9949968447345,-31.357055036018483,-25.399698854888484,othervirus_2018,-316.25095344879196,-263.78428207712096,-299.22336655540835,-245.69977666624044,-17.02758689338362,-18.08450541088055,-306.5766916978227,-266.81215930440203,-290.311980681537,-248.6781398248559,-16.264711016285656,-18.134019479546165,-301.82457235224985,-272.03989936595485,-283.93179874688815,-252.95459719688466,-17.892773605361718,-19.085302169070175,-314.59955756220415,-263.8073810919329,-297.592031692186,-247.11933016730194,-17.007525870018103,-16.68805092463096,-316.90030435160594,-268.6902882082128,-299.0816060758457,-250.59065515313185,-17.81869827576026,-18.09963305508095,,,,,,,,,,,,,,,,,,,,,,,,,,,,,,
3,66,7,-476.093419995132,-468.064692857643,-436.3316056553825,-439.5728185604579,-39.76181433974956,-28.491874297185134,othervirus_2018,-407.5885986775096,-362.58093540195676,-386.47198850125613,-340.0449586407657,-21.116610176253488,-22.535976761191097,-394.8924556170299,-372.7517478721527,-374.70221939540505,-349.15575941971196,-20.190236221624843,-23.595988452440714,-388.48995938392653,-380.37559781168704,-366.1962388187304,-356.11011206684634,-22.293720565196114,-24.265485744840717,-403.86754078175903,-362.8842580163258,-382.98461745479835,-341.71387503761935,-20.88292332696068,-21.17038297870645,-402.75730277501503,-372.09713667739834,-380.7682809896563,-349.2514370222524,-21.98902178535871,-22.84569965514594,,,,,,,,,,,,,,,,,,,,,,,,,,,,,,
4,80,7,-564.9671397601927,-549.4396201096034,-523.0443973041661,-519.4102656494254,-41.922742456026604,-30.029354460178055,othervirus_2018,-491.2726222401688,-443.92042498929004,-468.7579692912202,-420.12842108453737,-22.51465294894862,-23.792003904752704,-478.81292487888885,-456.3718989052579,-457.11218412300195,-431.22761715648016,-21.700740755886887,-25.14428174877775,-471.973541479963,-466.7404367791305,-448.2446173496941,-441.3715500311145,-23.728924130268854,-25.368886748016017,-487.4807805371185,-445.8411290271989,-465.2350324554234,-423.0728051609693,-22.24574808169512,-22.76832386622958,-487.17021374485375,-457.40383913730557,-463.54033459306015,-433.05941903599677,-23.629879151793578,-24.344420101308778,,,,,,,,,,,,,,,,,,,,,,,,,,,,,,
5,99,7,-691.4828051276905,-642.0859411344428,-645.7334641175831,-610.3418031832534,-45.749341010107386,-31.744137951189405,othervirus_2018,-597.9115484652325,-532.5309553803206,-573.8064381381296,-507.1062302567929,-24.105110327102977,-25.424725123527733,-582.3674568603649,-548.3056186246484,-559.1623689597574,-520.4822850019511,-23.205087900607516,-27.823333622697294,-572.5917436231191,-558.2900005054742,-547.5140514570584,-531.4749576267329,-25.077692166060782,-26.815042878741256,-592.7362189479992,-535.156073801338,-569.0029955347017,-510.7138491872741,-23.733223413297587,-24.442224614063974,-594.0202257311832,-547.2660042073687,-569.2081813488985,-521.5700948310589,-24.812044382284746,-25.69590937630982,,,,,,,,,,,,,,,,,,,,,,,,,,,,,,
6,119,9,-832.5621763205318,-748.0311067836944,-781.606051168834,-710.0765050845049,-50.956125151697705,-37.95460169918948,othervirus_2018,-721.4836725336005,-635.7957397820486,-692.2539457491994,-605.1182045126933,-29.22972678440113,-30.677535269355282,-702.821327734349,-653.5443927157439,-673.9553459450566,-619.1058257376586,-28.865981789292427,-34.43856697808529,-690.1351223333643,-663.7894473028805,-659.4499355753533,-631.7990561024966,-30.68518675801097,-31.990391200383915,-714.9623661415507,-638.8530127966507,-685.9253802680984,-608.89570110472,-29.036985873452313,-29.957311691930652,-716.6127596501964,-652.2476580732024,-686.4330862698739,-620.4340317269053,-30.17967338032252,-31.81362634629707,,,,,,,,,,,,,,,,,,,,,,,,,,,,,,
7,140,11,-999.1536457788676,-883.1354055829997,-941.2089018970219,-839.2050641909569,-57.94474388184576,-43.930341392042834,othervirus_2018,-864.4616295702311,-772.8412044824682,-830.3052292670154,-737.5309655603764,-34.15640030321576,-35.31023892209175,-844.4233730188715,-793.934675126416,-810.5026058354956,-754.3871795839383,-33.920767183375965,-39.54749554247769,-831.0166919949153,-808.3080146195948,-795.2868969492174,-770.913135647208,-35.72979504569783,-37.39487897238683,-855.6164554689508,-776.148689870841,-821.6515911977286,-740.6564877270591,-33.96486427122214,-35.49220214378189,-859.6568367502473,-792.578561629873,-824.6873710362729,-755.3206818219616,-34.96946571397439,-37.25787980791139,,,,,,,,,,,,,,,,,,,,,,,,,,,,,,
8,183,15,-1274.3064643820921,-1083.3892620061088,-1198.4870636567139,-1026.919791162912,-75.81940072537826,-56.469470843196945,othervirus_2018,-1106.8157525801048,-968.29567422594,-1057.6297281068412,-920.6369377148301,-49.18602447326357,-47.658736511109936,-1077.228038713955,-990.4151545457623,-1030.6215570754096,-937.7929902529936,-46.60648163854541,-52.62216429276868,-1058.8152333874184,-1007.2356513026957,-1009.4331685122617,-956.743798427729,-49.382064875156665,-50.4918528749668,-1094.8483731700467,-972.5243205740535,-1046.6977464273893,-923.340068999197,-48.15062674265741,-49.18425157485653,-1101.6392396376102,-989.8448861288,-1051.3968871671516,-939.91805152589,-50.2423524704587,-49.92683460291002,,,,,,,,,,,,,,,,,,,,,,,,,,,,,,
9,268,20,-1766.4017569956045,-1476.8741054876841,-1671.66554171486,-1401.794276642578,-94.73621528074455,-75.07982884510614,othervirus_2018,-1574.2388792473948,-1355.9989557900142,-1509.1953020029655,-1292.6286978627836,-65.04357724442937,-63.37025792723065,-1535.2205875521722,-1377.6970580745347,-1472.4438673390014,-1310.593652063206,-62.77672021317085,-67.10340601132863,-1507.1896195864613,-1402.7052394565872,-1441.87239638469,-1336.7219547084528,-65.31722320177114,-65.98328474813431,-1557.8635940020313,-1362.6690365146346,-1493.4770222737702,-1297.6052387143932,-64.38657172826116,-65.0637978002415,-1575.0521592256582,-1383.0453495533168,-1508.4938041793198,-1317.7946664431029,-66.55835504633832,-65.25068311021397,,,,,,,,,,,,,,,,,,,,,,,,,,,,,,
10,351,25,-2312.522095082316,-1878.1108807598268,-2194.6547489514937,-1785.1860990612481,-117.8673461308223,-92.92478169857867,othervirus_2018,-2054.805049606488,-1753.2561751897433,-1974.0110245849116,-1675.089403361419,-80.79402502157613,-78.16677182832426,-2000.2702491007644,-1776.2885620836387,-1922.0366025439953,-1692.9873295211942,-78.2336465567691,-83.30123256244457,-1957.6007474736084,-1806.287880226361,-1876.6488853629755,-1723.1114724813815,-80.95186211063279,-83.17640774497958,-2029.7845112798789,-1756.8163488607938,-1949.660985376794,-1676.5931550864534,-80.12352590308478,-80.22319377434042,-2047.3310191380722,-1781.2717321919617,-1965.9273699860148,-1699.9889610338173,-81.40364915205745,-81.28277115814439,,,,,,,,,,,,,,,,,,,,,,,,,,,,,,
11,466,31,-2984.199183862886,-2378.405264458845,-2832.515830305403,-2261.187222826993,-151.68335355748272,-117.21804163185182,othervirus_2018,-2684.572322008792,-2265.053814313343,-2577.4005817228235,-2160.817966412955,-107.17174028596838,-104.23584790038814,-2614.7572272568323,-2287.2023598332535,-2509.7760252179955,-2176.912835894646,-104.98120203883694,-110.2895239386077,-2563.348085989316,-2328.068196881886,-2455.807995392203,-2218.356101398458,-107.54009059711325,-109.7120954834278,-2651.2517110276303,-2269.448204087625,-2544.546234272363,-2162.569810149059,-106.70547675526714,-106.87839393856609,-2688.166662613961,-2300.136000784594,-2579.7224854896394,-2191.6697911954075,-108.44417712432127,-108.46620958918686,,,,,,,,,,,,,,,,,,,,,,,,,,,,,,
12,637,44,-4012.924588244255,-3123.471042422775,-3807.482993872465,-2962.0285110512614,-205.44159437179016,-161.44253137151355,othervirus_2018,-3625.975793327418,-3012.526727728175,-3476.999507794115,-2866.182686089372,-148.97628553330335,-146.3440416388031,-3528.3786871104903,-3030.8473855810867,-3381.8537742864064,-2877.6720725147375,-146.52491282408394,-153.17531306634905,-3447.438160183368,-3078.6963907788536,-3299.1834527356996,-2925.7094141294156,-148.25470744766824,-152.98697664943785,-3577.860969241749,-3015.1114524314276,-3429.60617074903,-2864.192213031888,-148.25479849271926,-150.91923939953932,-3632.940769231687,-3046.8456940025744,-3482.923785806788,-2895.7232472516835,-150.01698342489908,-151.1224467508911,,,,,,,,,,,,,,,,,,,,,,,,,,,,,,
13,897,61,-5612.1350733714635,-4243.304206353206,-5320.144752534252,-4025.070863361646,-291.9903208372113,-218.23334299156014,othervirus_2018,-5052.651226568844,-4147.159543249042,-4844.753123475428,-3943.5742808828,-207.8981030934168,-203.5852623662422,-4917.001401375803,-4161.172449873632,-4711.236875102829,-3946.750589270186,-205.76452627297402,-214.42186060344574,-4801.430800660597,-4217.868393822922,-4593.774120002339,-4004.4669276582317,-207.6566806582577,-213.40146616469065,-4982.766784886968,-4149.840565724904,-4775.52194776036,-3937.484454438276,-207.24483712660776,-212.35611128662848,-5068.7420709919,-4180.749117642518,-4858.972147566457,-3969.373990020777,-209.76992342544193,-211.37512762174143,,,,,,,,,,,,,,,,,,,,,,,,,,,,,,
14,1182,76,-7403.803126467682,-5468.47575638182,-7059.130103151934,-5200.492622225624,-344.6730233157476,-267.983134156197,othervirus_2018,-6635.507338651614,-5387.867964381547,-6382.947039868264,-5141.678066752211,-252.56029878334994,-246.1898976293361,-6450.676663942282,-5387.355794804664,-6198.93472132575,-5130.531660070856,-251.74194261653207,-256.8241347338083,-6279.750900088062,-5447.378912657375,-6027.478643465014,-5193.094058790938,-252.2722566230474,-254.28485386643652,-6538.974970768503,-5374.216882706404,-6286.490530586524,-5119.22153982117,-252.4844401819789,-254.99534288523404,-6648.4686506544385,-5400.041263476962,-6394.458033622351,-5148.468417954663,-254.01061703208785,-251.57284552229908,,,,,,,,,,,,,,,,,,,,,,,,,,,,,,
15,1536,98,-9601.316664551106,-6951.173754599429,-9177.237462898616,-6610.9546622354965,-424.07920165249084,-340.2190923639323,othervirus_2018,-8571.72497546583,-6891.274314073349,-8250.828765526136,-6577.401720943226,-320.8962099396933,-313.8725931301236,-8330.419839706215,-6869.025432664758,-8010.628302095661,-6542.280685384843,-319.7915376105543,-326.74474727991486,-8096.374000182937,-6936.644817076011,-7777.203601124422,-6612.595997665703,-319.17039905851533,-324.0488194103083,-8442.880697856253,-6856.344008529912,-8122.279818029215,-6537.215461893264,-320.6008798270392,-319.1285466366483,-8575.26622690196,-6880.42686191139,-8254.825487899658,-6560.236901713954,-320.440739002302,-320.18996019743656,,,,,,,,,,,,,,,,,,,,,,,,,,,,,,
16,1799,108,-11499.213652375056,-8141.262053950514,-11002.966948747395,-7762.222014402522,-496.24670362766165,-379.04003954799157,othervirus_2018,-10115.480352020722,-8092.747744144357,-9755.827604822485,-7740.492913515386,-359.6527471982371,-352.254830628971,-9826.122561579516,-8058.187225411386,-9466.747210546082,-7690.801221290556,-359.37535103343333,-367.38600412082997,-9541.913688198614,-8123.134999206925,-9183.73106967955,-7762.208828306564,-358.1826185190644,-360.9261709003615,-9957.508579426536,-8043.045881808614,-9598.485309998929,-7686.321449785879,-359.02326942760817,-356.7244320227343,-10101.09676555852,-8050.83501739069,-9742.846923615054,-7693.437517314381,-358.2498419434651,-357.3975000763091,,,,,,,,,,,,,,,,,,,,,,,,,,,,,,
17,2230,127,-14361.898705678628,-9996.345136482838,-13765.61408073716,-9553.979702180797,-596.2846249414697,-442.36543430204057,othervirus_2018,-12558.132830573819,-9985.058040886932,-12129.790950963863,-9570.745659675438,-428.34187960995627,-414.31238121149295,-12187.892113214013,-9938.2208555748,-11760.855742051124,-9503.684834729163,-427.0363711628896,-434.53602084563596,-11826.328710398251,-10010.115731999214,-11399.100926521098,-9584.188195359238,-427.2277838771537,-425.92753663997524,-12359.35073597234,-9922.044142345685,-11931.270770311146,-9499.21998896277,-428.0799656611945,-422.8241533829158,-12528.013189426714,-9917.417589009341,-12101.352880848404,-9494.494869232138,-426.6603085783107,-422.9227197772035,,,,,,,,,,,,,,,,,,,,,,,,,,,,,,
18,2587,151,-16759.590135647817,-11555.44675240251,-16059.881810028246,-11032.649056681805,-699.7083256195705,-522.7976957207044,othervirus_2018,-14586.747041850067,-11566.643698634898,-14076.862606385617,-11075.13733393618,-509.8844354644506,-491.506364698718,-14150.17318321365,-11495.523450601206,-13643.199144600892,-10987.880242767262,-506.974038612758,-507.6432078339448,-13721.275446691177,-11566.956682150285,-13216.213052547164,-11068.125945823173,-505.06239414401284,-498.83073632711313,-14349.036094991527,-11485.061411747944,-13840.298535708145,-10985.206459550624,-508.73755928338085,-499.8549521973208,-14543.121639480012,-11462.851061498937,-14035.948743276873,-10967.266944334788,-507.1728962031392,-495.58411716414935,,,,,,,,,,,,,,,,,,,,,,,,,,,,,,
19,2937,166,-19046.70658406671,-13061.825432474843,-18277.12453532349,-12490.506939951645,-769.5820487432169,-571.3184925231982,othervirus_2018,-16535.021456346098,-13092.763292996253,-15971.599928302128,-12554.47951626608,-563.4215280439686,-538.2837767301744,-16044.356143765448,-13009.91338894637,-15484.533199283185,-12454.363285668505,-559.822944482263,-555.5501032778647,-15554.805750285574,-13081.683019501972,-14999.572867947907,-12540.922002348854,-555.2328823376672,-540.761017153118,-16267.734068590777,-12999.585817297057,-15706.991817697635,-12453.143476277239,-560.742250893142,-546.442341019818,-16477.43196349257,-12965.141397643205,-15920.49487950142,-12427.091884063366,-556.9370839911486,-538.0495135798393,,,,,,,,,,,,,,,,,,,,,,,,,,,,,,
20,3238,182,-21093.845924391666,-14359.352840081227,-20259.353055050604,-13734.115154201154,-834.4928693410609,-625.2376858800721,othervirus_2018,-18249.502079614373,-14410.582927709751,-17633.518674080227,-13821.067372918558,-615.9834055341458,-589.5155547911918,-17696.841659410784,-14310.696410189968,-17085.730820733235,-13704.436203292104,-611.1108386775489,-606.2602068978657,-17144.8755369568,-14379.35462647289,-16536.043222665394,-13787.490506375092,-608.8323142914041,-591.8641200977978,-17953.04796364945,-14298.48371240948,-17340.41876683994,-13702.690355958395,-612.6291968095114,-595.7933564510838,-18163.224283957417,-14251.905496328329,-17552.61780350292,-13662.764130425292,-610.6064804544976,-589.141365903036,,,,,,,,,,,,,,,,,,,,,,,,,,,,,,
21,3516,204,-23084.564535210688,-15627.056817748746,-22159.40899204192,-14938.521040532136,-925.1555431687672,-688.5357772166099,othervirus_2018,-19899.020567951877,-15697.76909055434,-19218.682624329227,-15044.415408305453,-680.3379436226496,-653.353682248888,-19287.511116746653,-15585.41881209334,-18612.152228235766,-14915.26682613799,-675.3588885108884,-670.1519859553491,-18676.404640235767,-15656.100008341558,-18003.6413490065,-14999.952422878989,-672.7632912292685,-656.1475854625689,-19573.037155214908,-15571.391472364168,-18896.48531223289,-14913.381968139824,-676.5518429820197,-658.0095042243447,-19789.891890715502,-15511.541171177583,-19115.91031806916,-14860.770453648216,-673.9815726463432,-650.7707175293671,,,,,,,,,,,,,,,,,,,,,,,,,,,,,,
22,3809,224,-25214.53284741812,-17051.594044399335,-24212.554763012282,-16305.804231578524,-1001.9780844058374,-745.7898128208104,othervirus_2018,-21666.46373741283,-17130.524971792514,-20925.50277519986,-16421.680304998077,-740.9609622129668,-708.8446667944388,-20992.57565212602,-17019.06802369415,-20258.869432628755,-16293.681938348598,-733.7062194972629,-725.3860853455527,-20326.451381371655,-17093.907507148448,-19595.401945922644,-16383.919326209925,-731.0494354490104,-709.9881809385212,-21307.94698337686,-16992.19161258905,-20572.085161263247,-16278.103332248053,-735.8618221136145,-714.088280340998,-21525.41154832945,-16928.1726805434,-20791.76185212338,-16222.837745875408,-733.6496962060685,-705.3349346679934,,,,,,,,,,,,,,,,,,,,,,,,,,,,,,
23,4043,238,-26807.544721374637,-18120.89530624181,-25746.3260205712,-17329.44370153056,-1061.2187008034377,-791.4516047112514,othervirus_2018,-23003.7930677403,-18204.052612012776,-22216.69510666562,-17448.199131443034,-787.0979610746798,-755.8534805697414,-22290.124445806305,-18091.325524189888,-21510.159911341165,-17322.11334642126,-779.964534465139,-769.2121777686276,-21579.211316881032,-18175.509812111377,-20799.7753782011,-17416.829588311768,-779.4359386799315,-758.6802237996093,-22630.549915523938,-18061.492521747296,-21847.72832032828,-17303.44867087358,-782.8215951956598,-758.0438508737179,-22850.69722560872,-17992.66104717965,-22071.453515516718,-17243.993192221078,-779.2437100920023,-748.6678549585711,,,,,,,,,,,,,,,,,,,,,,,,,,,,,,
24,4380,255,-29175.391096304193,-19597.246988826162,-28031.542043296628,-18746.586566784157,-1143.849053007567,-850.6604220420054,othervirus_2018,-24942.826353253873,-19707.146637703234,-24093.373620416874,-18890.28713419923,-849.4527328370002,-816.859503504005,-24164.66897026557,-19581.78976511941,-23323.24843158732,-18753.432649145485,-841.4205386782527,-828.3571159739275,-23396.388597709665,-19667.72569042238,-22556.133047812404,-18848.77070176468,-840.2555498972599,-818.9549886577014,-24542.97020674615,-19555.082004778786,-23697.900689354057,-18737.86165873854,-845.0695173920949,-817.2203460402438,-24777.790657698537,-19469.383194753023,-23935.393622902167,-18661.462247700598,-842.3970347963709,-807.9209470524241,,,,,,,,,,,,,,,,,,,,,,,,,,,,,,
25,4676,274,-31278.85788941318,-20949.61375060755,-30044.040883028705,-20045.69220795566,-1234.817006384473,-903.9215426518898,othervirus_2018,-26670.99209856823,-21082.203322298457,-25762.810383151074,-20211.445571728924,-908.1817154171542,-870.7577505695326,-25836.461692150537,-20962.13997878559,-24937.43060405747,-20076.795810540363,-899.0310880930651,-885.3441682452302,-25016.11890553109,-21051.073040711453,-24118.91619515929,-20180.074000313623,-897.202710371799,-870.9990403978318,-26244.538032876237,-20923.818124452424,-25341.833247874016,-20051.869704765748,-902.7047850022218,-871.9484196866779,-26487.006088972597,-20831.307678150562,-25586.865239956096,-19970.88477164341,-900.1408490165024,-860.4229065071527,,,,,,,,,,,,,,,,,,,,,,,,,,,,,,
0,4,0,-16.283580468320935,-40.43810254378959,-16.11028189060611,-37.66551382154981,-0.1732985777148256,-2.772588722239781,othervirus_2019,-17.481989499352895,-10.375419596158343,-17.150037518907276,-10.242532379046411,-0.3319519804456182,-0.1328872171119319,-16.793865913808716,-8.976365259723892,-16.490606585080428,-8.867420639581791,-0.30325932872828765,-0.10894462014209987,-15.862387570987963,-8.5073748412899,-15.640007032294555,-8.423173626558548,-0.22238053869340765,-0.08420121473135289,-17.10658502138033,-9.857081296018789,-16.751199731397527,-9.745076371299216,-0.3553852899828011,-0.11200492471957202,-17.778282809753623,-9.287657193243966,-17.543838355300064,-9.174192592692009,-0.23444445445355921,-0.11346460055195756,-16.186048926496422,-9.631376711070953,-15.89838226522474,-9.50595023061673,-0.28766666127168256,-0.1254264804542224,,,,,,,,,,,,,,,,,,,,,,,,
1,7,0,-33.91671321868607,-58.2601923856467,-33.52074970652751,-54.940638993025054,-0.3959635121585626,-3.319553392621645,othervirus_2019,-34.444950018813095,-27.461755175661423,-33.96076803681638,-27.242384923955683,-0.48418198199671225,-0.2193702517057407,-34.69082767319531,-26.10422499909129,-34.19349425805429,-25.90615747469179,-0.497333415141023,-0.19806752439950026,-33.52701812782293,-26.123809982759155,-33.207845004493635,-25.97234159544958,-0.3191731233292947,-0.1514683873095746,-34.14672218167618,-27.231721553576477,-33.63364062266088,-26.99055590682971,-0.5130815590153077,-0.2411656467467675,-34.44522938507881,-26.75954596485241,-34.06966990956671,-26.522793658420042,-0.3755594755121014,-0.23675230643236897,-32.36334942495211,-26.942282624218773,-31.957796530151,-26.692794749515556,-0.405552894801113,-0.2494878747032171,,,,,,,,,,,,,,,,,,,,,,,,
2,8,0,-37.96725230125753,-61.53766699120789,-37.53841565542534,-58.10033056292986,-0.42883664583219405,-3.4373364282780283,othervirus_2019,-38.62564665592147,-29.57659976832071,-38.075347849153566,-29.329710071799703,-0.5502988067679081,-0.2468896965210073,-38.67465827072723,-27.85641128606838,-38.11750359946963,-27.63280739053191,-0.5571546712575999,-0.2236038955364706,-37.17648183604309,-27.727707598268957,-36.80982775595767,-27.55868292060474,-0.3666540800854147,-0.16902467766421736,-38.29165170869361,-29.23685353823929,-37.707508575631785,-28.97484849453468,-0.5841431330618254,-0.26200504370461214,-38.765188661688846,-28.560629777273117,-38.33967062901266,-28.300567377077158,-0.425518032676185,-0.2600624001959596,-36.25197789625041,-28.84814244395417,-35.78780766867575,-28.573617928321838,-0.4641702275746621,-0.27452451563233304,,,,,,,,,,,,,,,,,,,,,,,,
3,10,0,-45.77473838197647,-68.19357917447464,-45.286093108513,-64.54552171488095,-0.4886452734634699,-3.648057459593681,othervirus_2019,-46.950537171450065,-33.90237938768866,-46.29019363152267,-33.60309520817343,-0.6603435399273995,-0.2992841795152341,-46.54773352123762,-31.43653667131252,-45.88384425128605,-31.16793062055173,-0.6638892699515693,-0.26860605076079014,-44.44975807045706,-31.0766911411506,-44.00107448647796,-30.870432237276265,-0.44868358397909874,-0.2062589038743347,-46.50275783538922,-33.282097706355565,-45.797544303503926,-32.983386877786,-0.7052135318852896,-0.29871082856956255,-47.20590412263358,-32.31451160490843,-46.69926417185106,-32.00907761049156,-0.5066399507825128,-0.3054339944168736,-43.94767641178858,-32.813705628352785,-43.38799615036362,-32.492067073400406,-0.5596802614249614,-0.32163855495238214,,,,,,,,,,,,,,,,,,,,,,,,
4,17,1,-86.69369582910433,-106.7391252105307,-83.50890878659399,-100.08409283921124,-3.18478704251034,-6.655032371319459,othervirus_2019,-86.86918939803407,-69.71097699520242,-82.82500377443368,-65.70437973239578,-4.044185623600388,-4.006597262806637,-85.86192367502349,-68.60147381344879,-81.6904548454132,-64.58429763399761,-4.1714688296102835,-4.017176179451181,-83.28354820035986,-68.2115890665886,-80.15814704267677,-64.41623717412351,-3.125401157683084,-3.7953518924650944,-86.00450547076665,-69.79663166417441,-82.08277327832505,-65.90777929327481,-3.9217321924415973,-3.8888523708995995,-88.43837525420437,-68.37812773618884,-85.20954244206649,-65.30101747448076,-3.2288328121378758,-3.0771102617080857,-83.16234041048341,-69.2039493755848,-79.55906038425474,-65.55161067524816,-3.603280026228681,-3.6523387003366476,,,,,,,,,,,,,,,,,,,,,,,,
5,26,1,-135.51320631164845,-146.95029185247407,-131.83316973286733,-139.2942287651626,-3.680036578781125,-7.6560630873114786,othervirus_2019,-132.84954087379052,-106.38226230813862,-128.4399513957444,-102.11840394856779,-4.409589478046111,-4.26385835957084,-131.0567068759986,-105.86072768526627,-126.48415586176864,-101.56334550475432,-4.572551014229961,-4.2973821805119465,-128.5286851428598,-106.71508237587133,-125.01497812259454,-102.57685725528377,-3.5137070202652643,-4.138225120587567,-131.20347635401595,-106.74318752104722,-126.84669446061494,-102.63602692794026,-4.356781893401004,-4.107160593106956,-135.6847241758821,-106.17802085513637,-132.12194884057598,-102.73678466988338,-3.562775335306131,-3.4412361852529885,-127.72182551330135,-106.2056319232365,-123.74725750254055,-102.27368979828671,-3.9745680107608115,-3.9319421249497886,,,,,,,,,,,,,,,,,,,,,,,,
6,29,1,-147.64788056901125,-154.2951994933699,-143.88616757956083,-146.41681248959725,-3.761712989450409,-7.8783870037726444,othervirus_2019,-145.39586369962453,-112.74483983000025,-140.78369083275595,-108.38037939209985,-4.612172866868564,-4.364460437900396,-143.00890684193308,-111.11909680955702,-138.25618388601467,-106.74329525227468,-4.752722955918423,-4.37580155728235,-139.48311169512672,-111.53314940753216,-135.82092637698665,-107.33588123074925,-3.662185318140068,-4.197268176782912,-143.6336282227678,-112.77731279288773,-139.06829831952766,-108.58890469105518,-4.565329903240151,-4.18840810183255,-148.6644351885567,-111.58946462248672,-144.9319509989138,-108.07010582585472,-3.7324841896428995,-3.5193587966319915,-139.39947054400577,-111.93812251506061,-135.23729091811478,-107.91615933470555,-4.162179625890975,-4.021963180355063,,,,,,,,,,,,,,,,,,,,,,,,
7,131,8,-667.1869073601408,-522.8325364211325,-640.9897562054591,-489.43258867250967,-26.19715115468176,-33.39994774862291,othervirus_2019,-652.5409636191313,-483.9696557958753,-627.4354107796676,-460.5028785451607,-25.10555283946369,-23.466777250714642,-635.275149995641,-466.793230162127,-610.1422099278079,-442.7163853659061,-25.13294006783307,-24.076844796220872,-613.3136656244134,-467.4673261730727,-589.2231886004278,-443.16418618418345,-24.090477023985663,-24.30313998888927,-641.2392968469634,-477.3807571219308,-616.0414796105329,-453.6830877744586,-25.197817236430517,-23.69766934747219,-660.2374344453611,-472.66789270446924,-635.9620516872226,-449.20826604344774,-24.27538275813851,-23.459626661021524,-618.1525276524475,-474.69645366583393,-594.0632291981003,-451.13594504718037,-24.08929845434716,-23.560508618653536,,,,,,,,,,,,,,,,,,,,,,,,
8,195,14,-1034.0453180323711,-754.7372098494278,-989.5704809271165,-702.3051803211683,-44.47483710525469,-52.43202952825952,othervirus_2019,-988.7477751821253,-724.1297697839989,-946.4320461282152,-685.4746052205063,-42.315729053910125,-38.655164563492605,-960.8316581054224,-696.2853246355373,-917.4639772298927,-657.5865716744457,-43.36768087552966,-38.69875296109157,-923.1933237831915,-695.7059148495423,-880.7429726794018,-653.6644296590689,-42.45035110378975,-42.04148519047341,-973.3812750231691,-714.7441713306174,-929.1594589081568,-673.3542546356643,-44.22181611501227,-41.389916694953044,-1000.4966961735016,-703.451935454976,-957.2565217540009,-663.0225481831242,-43.24017441950068,-40.429387271851894,-937.6995461617361,-708.7799767610517,-894.3586323002469,-668.2878833482678,-43.340913861489156,-40.49209341278388,,,,,,,,,,,,,,,,,,,,,,,,
9,220,14,-1177.235785199118,-835.096492759875,-1129.705357434251,-780.9288175373263,-47.53042776486708,-54.16767522254874,othervirus_2019,-1116.4913301420172,-813.0485519253157,-1072.4422439134469,-772.295042340657,-44.04908622857039,-40.753509584658616,-1083.8238956002954,-780.0910272501736,-1038.7105318573574,-739.7647623619556,-45.113363742938034,-40.32626488821806,-1040.4909305412477,-778.5781441736459,-996.3991521905916,-734.4969522801799,-44.09177835065601,-44.08119189346595,-1098.528965360654,-800.4781969982196,-1052.5751478427615,-757.5000468866413,-45.953817517892496,-42.97815011157837,-1128.4914739772996,-786.8878120326358,-1083.5781618696808,-744.5085802673058,-44.9133121076189,-42.37923176533002,-1057.5417458721317,-792.3100731828464,-1012.4819700093718,-749.8741324176785,-45.05977586275985,-42.43594076516782,,,,,,,,,,,,,,,,,,,,,,,,
10,263,16,-1400.370413782473,-969.0824345393665,-1344.1511202722725,-906.799353857286,-56.2192935102004,-62.28308068208061,othervirus_2019,-1325.5192774780091,-958.1956723902239,-1274.5238418686145,-910.1540108963763,-50.99543560939464,-48.04166149384754,-1285.300882349141,-917.1481832822471,-1233.7552451487722,-870.0549332023194,-51.545637200368574,-47.09325007992778,-1234.8971433658692,-914.100285792808,-1183.482625440149,-862.7064501283373,-51.41451792572023,-51.39383566447065,-1304.6773792258696,-941.5711135837507,-1251.8546767536905,-892.958854816988,-52.822702472179046,-48.61225876676273,-1339.757359176413,-924.7834029762499,-1288.1013746354822,-876.0647693283905,-51.65598454093082,-48.71863364785944,-1254.7513558185713,-930.8127378652218,-1202.8409265229593,-882.222356439551,-51.91042929561202,-48.59038142567084,,,,,,,,,,,,,,,,,,,,,,,,
11,285,18,-1543.8170477808244,-1052.8691684335568,-1477.4786448616098,-983.9696229194221,-66.33840291921456,-68.89954551413472,othervirus_2019,-1442.660608269037,-1044.6428052551407,-1386.204179594049,-991.0304286136145,-56.45642867498802,-53.61237664152624,-1399.5138645908687,-1001.0579377016716,-1342.173349080412,-948.097723199775,-57.340515510456676,-52.96021450189649,-1345.0248554253894,-997.0486511432051,-1287.5236566222748,-940.3559129693482,-57.50119880311477,-56.692738173856895,-1419.058770058284,-1025.4127497166423,-1360.84082617736,-971.3508298860912,-58.217943880923876,-54.061919830551055,-1457.3748018788838,-1007.563773545529,-1400.0363160317042,-953.153118959493,-57.33848584717952,-54.410654586035996,-1365.2903181054771,-1012.1774300074205,-1307.8384954392825,-958.2145201982646,-57.45182266619456,-53.96290980915587,,,,,,,,,,,,,,,,,,,,,,,,
12,337,21,-1842.838160683556,-1234.2443218531105,-1763.3376709998222,-1154.5128593650402,-79.50048968373385,-79.73146248807038,othervirus_2019,-1716.7825820466487,-1240.9670963777362,-1649.587382204609,-1176.631879148454,-67.19519984203983,-64.3352172292822,-1664.470621336935,-1187.1196201525272,-1595.6461110496148,-1123.4786697427771,-68.82451028732022,-63.64095040975015,-1599.5743926256412,-1181.9332689475991,-1531.612375298607,-1114.2166953490282,-67.9620173270342,-67.71657359857082,-1687.7209512513991,-1217.318293641401,-1618.454718026016,-1152.5069554682277,-69.26623322538298,-64.81133817317323,-1731.678395928276,-1194.6834820178758,-1663.930635280197,-1129.6918451616432,-67.7477606480788,-64.99163685623256,-1622.7921013134664,-1200.5400216550938,-1554.597777668668,-1135.4554490966734,-68.19432364479849,-65.08457255842049,,,,,,,,,,,,,,,,,,,,,,,,
13,389,25,-2169.5547209929678,-1432.0394339511893,-2070.9758410774484,-1339.8017354525002,-98.57887991551935,-92.23769849868904,othervirus_2019,-2001.7970492663799,-1445.774843916735,-1921.8979271321236,-1368.874385921226,-79.89912213425612,-76.90045799550916,-1941.350352325048,-1382.9908286086459,-1858.7782262964204,-1306.6844522370534,-82.57212602862779,-76.30637637159244,-1864.4226712682953,-1376.9257489508705,-1784.2074693785178,-1296.37939244006,-80.21520188977743,-80.54635651081044,-1968.092694498196,-1418.9029532728175,-1885.5413095736626,-1340.776242184356,-82.55138492453324,-78.12671108846143,-2015.479789532058,-1390.8110074933275,-1935.3810468762647,-1313.1102139402822,-80.09874265579343,-77.70079355304517,-1891.468741769415,-1398.6896322011034,-1810.2449400924706,-1319.675813694303,-81.22380167694428,-79.01381850680045,,,,,,,,,,,,,,,,,,,,,,,,
14,444,28,-2490.1473751731173,-1634.6435647398027,-2379.894466454397,-1531.9292153950253,-110.25290871872026,-102.7143493447774,othervirus_2019,-2291.0847022590724,-1659.8260169353769,-2201.04920757751,-1573.6709923654741,-90.03549468156231,-86.15502456990265,-2221.68125526981,-1589.9698318549413,-2128.6437003279143,-1503.5165114970532,-93.0375549418959,-86.45332035788795,-2134.0474444414854,-1582.6257439868957,-2043.5457351046423,-1492.4132833610988,-90.50170933684286,-90.21246062579688,-2251.288756746188,-1629.1141205978208,-2158.362631817731,-1540.26442085043,-92.92612492845662,-88.84969974739077,-2303.3911438110676,-1597.7607112468065,-2213.0366915696536,-1509.9800864029182,-90.35445224141415,-87.78062484388839,-2163.489934686046,-1605.4046904736833,-2071.6371509958735,-1516.3096007711022,-91.85278369017244,-89.09508970258125,,,,,,,,,,,,,,,,,,,,,,,,
15,530,29,-2990.669667072797,-1911.6012637215179,-2869.466387138752,-1801.389726614676,-121.20327993404484,-110.21153710684189,othervirus_2019,-2730.0335405115043,-1965.5829710263567,-2632.394837429853,-1871.3042363961094,-97.63870308165122,-94.27873463024736,-2644.66416096149,-1878.1526121610057,-2543.5430247070253,-1784.5847257550295,-101.1211362544644,-93.5678864059763,-2537.04274130727,-1867.506670547606,-2439.4820402839705,-1769.5723616432012,-97.5607010232992,-97.9343089044049,-2681.3223650032896,-1925.3338311512207,-2580.7538182284597,-1828.6896369136816,-100.5685467748297,-96.64419423753903,-2741.4089378700983,-1885.0773838742573,-2644.049135122123,-1790.1575225395486,-97.35980274797512,-94.91986133470878,-2574.7775784032306,-1894.0225587967743,-2475.3172156140918,-1797.1456653126586,-99.46036278913861,-96.8768934841158,,,,,,,,,,,,,,,,,,,,,,,,
16,611,32,-3516.8034550469683,-2213.8030102391763,-3375.5136323483466,-2092.442413197746,-141.2898226986219,-121.36059704142991,othervirus_2019,-3169.005927395593,-2279.6873129240157,-3060.723617664969,-2175.5251162299787,-108.28230973062406,-104.16219669403714,-3066.85635234805,-2181.6735770695054,-2954.6800246359944,-2077.979382270223,-112.17632771205595,-103.69419479928236,-2943.6666643736926,-2166.4626397131183,-2835.5772931673882,-2058.8944480670925,-108.08937120630425,-107.5681916460258,-3112.4554123388357,-2232.91934648003,-3000.8453205221194,-2126.782613996376,-111.61009181671604,-106.136732483654,-3178.5250039339735,-2185.7576379150923,-3070.4494497123874,-2080.4905220377277,-108.075554221586,-105.26711587736446,-2987.553221644164,-2194.074491857291,-2877.5648939989314,-2087.2337792896183,-109.98832764523243,-106.84071256767268,,,,,,,,,,,,,,,,,,,,,,,,
17,702,41,-4084.665724155417,-2587.874362902825,-3914.3839897681255,-2440.6466422042868,-170.28173438729166,-147.22772069853835,othervirus_2019,-3662.7676287212125,-2650.8731905635764,-3531.70174034547,-2523.5659002095776,-131.06588837574236,-127.30729035399884,-3545.7042841055822,-2545.0073265454857,-3408.2276090235277,-2418.5554225474784,-137.47667508205464,-126.45190399800728,-3402.138207305765,-2526.181987691039,-3269.7821890080363,-2397.971461516694,-132.35601829772864,-128.21052617434498,-3601.9274953647414,-2598.5063932759113,-3466.8633956208414,-2471.0796686376143,-135.06409974390002,-127.42672463829683,-3672.6389664731105,-2547.9237373550804,-3541.427031125097,-2420.3973001844133,-131.2119353480133,-127.52643717066695,-3457.4297521250323,-2558.424111886424,-3324.4656154573086,-2428.4286640319515,-132.9641366677236,-129.99544785447216,,,,,,,,,,,,,,,,,,,,,,,,
18,803,48,-4691.16860425979,-2964.6060844052176,-4499.661356727274,-2794.4926752681254,-191.50724753251612,-170.11340913709208,othervirus_2019,-4206.980811106631,-3041.7528328387834,-4055.027174446293,-2891.845577338304,-151.95363666033856,-149.90725550047932,-4069.4000077538262,-2919.892391583575,-3910.603011591728,-2771.818515488451,-158.79699616209817,-148.07387609512384,-3904.540408882751,-2897.6774814298815,-3750.510922785543,-2746.7397117656064,-154.02948609720787,-150.93776966427518,-4138.308517814328,-2981.698482906043,-3982.0866100595717,-2833.1023429591614,-156.22190775475644,-148.5961399468816,-4216.783899395153,-2923.677999104629,-4064.1135566784696,-2773.315266511391,-152.6703427166831,-150.36273259323804,-3971.7316850758743,-2937.8425262355504,-3817.3421582774718,-2784.9361747592893,-154.38952679840247,-152.90635147626125,,,,,,,,,,,,,,,,,,,,,,,,
19,919,50,-5465.28062216175,-3505.9613825298743,-5251.215288239175,-3319.402928503303,-214.0653339225753,-186.55845402657144,othervirus_2019,-4860.907480106115,-3570.4925654704925,-4693.952963153565,-3404.23043914737,-166.95451695255,-166.2621263231226,-4703.485223851545,-3451.701790661016,-4530.108120150046,-3287.198046180859,-173.37710370149978,-164.50374448015688,-4514.318397902031,-3434.002815565358,-4345.489732339936,-3267.2885088197413,-168.82866556209495,-166.714306745617,-4780.216183329735,-3506.198016083742,-4609.718286305842,-3340.9810918573544,-170.497897023893,-165.21692422638745,-4865.808893412533,-3449.496355038835,-4698.471018595162,-3283.655081349387,-167.3378748173709,-165.8412736894485,-4593.843493757018,-3460.386399457558,-4424.871017937393,-3292.298751741848,-168.97247581962512,-168.0876477157102,,,,,,,,,,,,,,,,,,,,,,,,
20,1114,59,-6606.291097396939,-4162.1648034757645,-6351.931873903086,-3941.2482953396275,-254.3592234938532,-220.91650813613725,othervirus_2019,-5868.977230297612,-4274.412094586562,-5669.428715924814,-4079.0775059280954,-199.5485143727971,-195.33458865846617,-5673.532643144108,-4121.464729657157,-5468.854488662757,-3927.445528018366,-204.67815448135133,-194.01920163879046,-5438.7871806016,-4094.625855628175,-5239.207547105856,-3898.263608467949,-199.57963349574393,-196.36224716022625,-5770.643130802707,-4193.133441037813,-5567.810013662821,-3997.510617346786,-202.83311713988576,-195.6228236910271,-5869.898990401699,-4118.330237941793,-5670.722752342667,-3922.7884239117266,-199.1762380590314,-195.54181403006578,-5539.253128782616,-4132.613344005828,-5338.560021190952,-3935.347127783317,-200.69310759166405,-197.2662162225118,,,,,,,,,,,,,,,,,,,,,,,,
21,1314,66,-7717.77934231139,-4897.906594824913,-7430.016643242179,-4648.588884856148,-287.7626990692104,-249.31770996876423,othervirus_2019,-6891.730035129712,-5047.733083658394,-6663.996735394596,-4823.42158437706,-227.73329973511633,-224.31149928133456,-6666.220240852642,-4869.627186390411,-6434.043901645132,-4647.044115932209,-232.17633920750967,-222.5830704582023,-6389.806267485921,-4842.606772306948,-6162.309648726753,-4615.668283783707,-227.49661875916777,-226.9384885232411,-6778.3520811555245,-4953.46287094696,-6547.807347782057,-4728.940508923212,-230.5447333734671,-224.52236202374786,-6893.992547519774,-4871.333920956923,-6666.856643983238,-4645.875227221332,-227.13590353653598,-225.45869373559069,-6506.42548117658,-4887.727774195539,-6277.9229166159275,-4661.622101559215,-228.50256456065273,-226.10567263632382,,,,,,,,,,,,,,,,,,,,,,,,
22,1646,78,-9680.673364702612,-6199.220150641736,-9332.50409244022,-5906.4244075879415,-348.1692722623916,-292.79574305379475,othervirus_2019,-8633.092311408944,-6375.154169929744,-8362.12080053443,-6111.035901480529,-270.97151087451306,-264.11826844921507,-8353.958590250048,-6178.032803190149,-8079.054093240158,-5913.603663313608,-274.90449700988887,-264.42913987654043,-8021.564454877218,-6148.883141601963,-7750.5046262177075,-5881.336676571535,-271.0598286595104,-267.54646503042875,-8494.455999284979,-6268.719396084833,-8221.274541239596,-6005.181368376792,-273.18145804538375,-263.5380277080408,-8642.824131132364,-6178.423811229917,-8373.877257635208,-5913.639698369968,-268.9468734971554,-264.7841128599497,-8160.744819734378,-6195.273376893319,-7891.066022315619,-5930.188870023605,-269.67879741875925,-265.08450686971423,,,,,,,,,,,,,,,,,,,,,,,,
23,1965,91,-11711.984843114924,-7418.703176231686,-11290.984460612042,-7081.614223393717,-421.00038250288173,-337.08895283796875,othervirus_2019,-10353.058661423847,-7651.423459898555,-10034.471716444288,-7344.0212127588,-318.5869449795589,-307.40224713975476,-10010.310416212811,-7422.650745273528,-9688.16285595917,-7112.178996448694,-322.14756025364125,-310.47174882483296,-9610.094919077574,-7380.296483519185,-9292.120984652163,-7070.362501322919,-317.973934425411,-309.93398219626624,-10179.380271898663,-7520.682529481629,-9859.155251254993,-7212.508301363031,-320.22502064366955,-308.1742281185981,-10350.154052894492,-7409.495438375278,-10034.639258180649,-7102.204558302784,-315.5147947138434,-307.2908800724948,-9778.801003822271,-7425.081110909114,-9463.56133684287,-7116.940460807869,-315.2396669794011,-308.1406501012448,,,,,,,,,,,,,,,,,,,,,,,,
24,2159,106,-12918.915252809154,-8236.479257315064,-12431.553293352925,-7853.360474904995,-487.3619594562294,-383.11878241006946,othervirus_2019,-11414.734872220717,-8475.09341311717,-11047.975573456779,-8124.509734942003,-366.759298763939,-350.5836781751673,-11035.403557874703,-8237.365348532578,-10668.165081839594,-7882.4172256935735,-367.2384760351085,-354.94812283900404,-10601.091550312593,-8195.339586086599,-10238.059354153424,-7843.321315451174,-363.0321961591697,-352.01827063542487,-11224.925958543794,-8338.575459276048,-10857.953451136584,-7985.992783017913,-366.9725074072103,-352.58267625813505,-11405.51860732085,-8222.278328788296,-11044.216000572847,-7874.061401396082,-361.302606748003,-348.2169273922144,-10785.378337048769,-8239.025737294376,-10423.98403561985,-7890.054847523431,-361.39430142892064,-348.9708897709447,,,,,,,,,,,,,,,,,,,,,,,,
25,2346,119,-14070.204345611317,-9019.68851912251,-13525.389548008909,-8597.779154737362,-544.8147976024085,-421.9093643851486,othervirus_2019,-12429.372404263015,-9273.436617626892,-12022.900965133165,-8885.301153105534,-406.47143912985007,-388.1354645213575,-12018.360774055447,-9027.654042053924,-11610.613980458485,-8634.433277899183,-407.74679359696086,-393.2207641547409,-11543.338430743248,-8985.442535566775,-11142.513509828961,-8597.546566476165,-400.82492091428645,-387.89596909061004,-12225.33261673816,-9127.641606661733,-11818.224123784084,-8737.531500482104,-407.10849295407616,-390.1101061796288,-12410.9388741733,-9011.288666308861,-12011.321079895974,-8625.283267489749,-399.61779427732625,-386.005398819113,-11745.383854101046,-9030.378406756288,-11345.627265363386,-8642.242335736071,-399.75658873766,-388.1360710202166,,,,,,,,,,,,,,,,,,,,,,,,
0,1,0,-3.933012308799209,-10.1095256359474,-3.916395354992664,-9.416378455387454,-0.016616953806545483,-0.6931471805599453,flu_2019,-4.899021995065063,-3.772127962588825,-4.861043159857643,-3.7575426809633736,-0.037978835207419105,-0.014585281625451267,-4.822861956358717,-3.8697939879173098,-4.789381407547843,-3.8529100494708794,-0.033480548810873936,-0.016883938446430304,-4.898933137325605,-4.2133705265189105,-4.859472233486276,-4.188140783810048,-0.03946090383932879,-0.025229742708862416,-4.889245922528882,-3.9650022179509175,-4.838421754045676,-3.952665660094067,-0.05082416848320586,-0.012336557856850455,-5.165641774262888,-4.123366175712334,-5.128901591353709,-4.086264123671536,-0.036740182909179735,-0.03710205204079865,-4.854898218051691,-4.018312245931364,-4.817345534411958,-3.9979797146557106,-0.03755268363973312,-0.020332531275653373,,,,,,,,,,,,,,,,,,,,,,,,
1,6,3,-33.376778685136216,-51.76611163643589,-25.8456646854722,-46.966197373655284,-7.531113999664012,-4.799914262780604,flu_2019,-35.339104157665396,-33.46195851539268,-28.8374777352492,-25.669941172677234,-6.5016264224161935,-7.792017342715447,-36.24071561107203,-34.29110041537785,-28.77672169233099,-26.770867856733926,-7.463993918741038,-7.520232558643922,-36.05037604006833,-34.688400857579325,-28.971964510051748,-27.416157640299296,-7.078411530016581,-7.2722432172800255,-36.22245755205345,-34.36496763175525,-29.266929360350275,-26.674393745210374,-6.955528191703173,-7.690573886544873,-38.443660333572154,-34.79173994654929,-31.150427780435052,-27.402769762139734,-7.293232553137103,-7.388970184409561,-36.193731084239175,-35.70534638930016,-29.25886921334694,-27.558814479414725,-6.934861870892237,-8.14653190988544,,,,,,,,,,,,,,,,,,,,,,,,
2,49,12,-277.6497155761971,-314.7199255269086,-248.37676443181485,-280.1146825000503,-29.27295114438225,-34.60524302685825,flu_2019,-281.65198797955316,-280.29700857083327,-255.22442207540254,-253.34678482346226,-26.42756590415062,-26.950223747371027,-282.36580987425214,-294.8059287198643,-253.29680050465987,-268.7361706337545,-29.069009369592237,-26.06975808610979,-281.0396321132068,-306.35506066289855,-253.62234550747655,-278.9274216123381,-27.417286605730215,-27.427639050560476,-282.36693567823943,-286.97970299898316,-254.26132001835276,-260.22563704077385,-28.10561565988666,-26.754065958209335,-288.85211368488757,-301.1226602652381,-261.3158023558019,-272.9705485695195,-27.53631132908568,-28.15211169571856,-279.4888933752208,-299.4163096918343,-252.22568917909967,-271.2743240191578,-27.263204196121162,-28.141985672676455,,,,,,,,,,,,,,,,,,,,,,,,
3,67,13,-401.2229280022077,-421.6642777401055,-359.8463913977203,-381.5598665587225,-41.37653660448737,-40.104411181382986,flu_2019,-385.5467819479995,-392.2549766999311,-353.464242673983,-359.1328596307341,-32.08253927401646,-33.12211706919699,-388.0043938080506,-415.9546429873239,-352.3725929546491,-384.1707572771629,-35.63180085340148,-31.78388571016096,-386.6144617454039,-432.35128578846,-353.80041754232445,-398.89321932103763,-32.814044203079426,-33.458066467422405,-387.4372110629609,-403.01875250970954,-353.4090774374217,-369.89022215307625,-34.028133625539205,-33.12853035663327,-394.4285944367578,-422.5081568126901,-361.0430785017664,-388.39939531244283,-33.38551593499142,-34.10876150024731,-383.4672494397738,-418.2084255247995,-350.36289251693745,-383.97864563812624,-33.10435692283637,-34.229779886673285,,,,,,,,,,,,,,,,,,,,,,,,
4,79,13,-478.5679451818836,-491.84085465651935,-431.97662557435643,-449.26416079514587,-46.591319607527154,-42.57669386137347,flu_2019,-451.5584142417308,-457.6534093026413,-416.3526971631228,-420.6261809449114,-35.20571707860804,-37.02722835772986,-454.12598943804244,-483.7349941338827,-414.83977963804637,-448.9890677261786,-39.28620979999609,-34.74592640770415,-451.8666378837505,-502.793260290397,-416.0350819430364,-465.9584953432747,-35.83155594071408,-36.83476494712228,-455.0789974950557,-470.2993798982435,-417.6744118479488,-433.558984549447,-37.404585647106884,-36.74039534879646,-461.40357578006467,-491.7967185958306,-424.6615684266129,-454.6238500654209,-36.74200735345178,-37.17286853040971,-449.5957085762642,-487.47561850968265,-412.9147773061947,-449.98078706725005,-36.68093127006952,-37.494831442432606,,,,,,,,,,,,,,,,,,,,,,,,
5,81,13,-491.02497196702785,-503.5028482661652,-444.12806050572584,-460.62026187378467,-46.896911461302,-42.88258639238054,flu_2019,-463.3519689967536,-472.2636014949758,-427.5931754306021,-434.36371903339295,-35.758793566151496,-37.89988246158279,-465.85988478770435,-499.60368999556306,-425.76645147501415,-464.27808064357157,-40.09343331269022,-35.325609351991474,-463.17542098086784,-519.4604531486555,-426.64093195973425,-481.73161286266065,-36.53448902113358,-37.728840285994806,-466.7816021916004,-484.81175480335804,-428.692657591066,-447.36345983232013,-38.08894460053443,-37.44829497103793,-472.29783139680984,-507.888196617036,-434.9320762101374,-469.6395623377808,-37.36575518667245,-38.24863427925524,-461.16200512062693,-503.27627033250553,-423.6918524690185,-464.815194072109,-37.47015265160842,-38.461076260396524,,,,,,,,,,,,,,,,,,,,,,,,
6,90,13,-548.387813890711,-553.034482730081,-497.1800381563473,-508.44816813393635,-51.207775734363665,-44.58631459614467,flu_2019,-513.9213583946589,-519.0367127058817,-476.1183553777245,-478.9690880590405,-37.80300301693441,-40.06762464684121,-515.1031874152214,-548.0952249424629,-472.7321644697618,-510.4867216237846,-42.37102294545966,-37.60850331867823,-514.4422684818816,-567.6634966621993,-475.2907156045119,-528.1509852496503,-39.15155287736968,-39.51251141254913,-517.6386664689991,-532.5922636728019,-477.5612807568379,-493.45065144783484,-40.077385712161146,-39.141612224967,-525.5823628821369,-556.5319386288697,-486.06007801867395,-516.7308326417104,-39.52228486346291,-39.80110598715934,-511.4031112650865,-552.2927454091576,-472.0466033407094,-512.2540479640086,-39.356507924377105,-40.0386974451491,,,,,,,,,,,,,,,,,,,,,,,,
7,104,13,-625.3235420401242,-623.8419020712321,-572.1130806296222,-577.3236119903033,-53.21046141050187,-46.518290080928786,flu_2019,-586.6742066955139,-590.4627568534767,-546.908184804463,-548.6385224476476,-39.76602189105092,-41.824234405829074,-589.028028501077,-622.6578268772217,-544.4135108088362,-583.2587199981092,-44.61451769224077,-39.39910687911256,-587.074606542603,-645.769102595317,-546.3251045295679,-604.4044958124823,-40.749502013035126,-41.36460678283472,-589.6553679133272,-606.2424419868552,-547.3362082039793,-564.7042803184661,-42.319159709347865,-41.538161668389066,-599.7863229204855,-633.2127421663017,-558.3089385107614,-590.9753355267853,-41.47738440972408,-42.23740663951639,-583.3975062167125,-627.2464557990038,-541.6457700000318,-584.8733048945677,-41.75173621668069,-42.37315090443605,,,,,,,,,,,,,,,,,,,,,,,,
8,115,14,-723.1457995261835,-701.7541156700692,-665.7665400737706,-651.8742858716317,-57.37925945241291,-49.87982979843737,flu_2019,-665.928396151133,-675.4714154790894,-623.2717327748887,-630.88058066356,-42.65666337624434,-44.59083481552942,-667.0190818776905,-712.0569417212316,-619.8260780734377,-670.9483816125897,-47.1930038042528,-41.10856010864189,-662.4560070252788,-738.5721479739368,-619.3231075582565,-694.3532690386137,-43.132899467022284,-44.2188789353231,-667.4097432358288,-691.3601750022539,-622.2452539082433,-647.3134878522507,-45.164489327585535,-44.04668715000321,-673.129399111167,-721.1816105276248,-628.8561713859968,-676.4415111544146,-44.2732277251702,-44.74009937321018,-658.0744750209166,-713.8448751846101,-613.3289868750941,-668.6705220651706,-44.745488145822456,-45.17435311943956,,,,,,,,,,,,,,,,,,,,,,,,
9,133,16,-833.0059495480343,-795.1678837021167,-768.2260723410124,-739.0101911800159,-64.77987720702201,-56.15769252210076,flu_2019,-766.4194129543594,-773.5044080046946,-717.9610309631046,-722.720199241826,-48.45838199125473,-50.784208762868616,-768.5481726766897,-813.9356093234188,-715.0306498904363,-766.7590828673042,-53.5175227862534,-47.17652645611467,-764.3310244245446,-843.1310190499803,-714.8697381404259,-792.8171759916978,-49.46128628411873,-50.31384305828253,-767.538596599647,-789.7243917924989,-716.3441542591686,-740.0110108931299,-51.194442340478396,-49.71338089936903,-775.1243441692902,-822.9587500264648,-724.7320553683438,-772.383424747291,-50.392288800946346,-50.57532527917387,-756.5890844367646,-813.5571124763013,-705.9225920216118,-762.5857694430806,-50.666492415152774,-50.971343033220734,,,,,,,,,,,,,,,,,,,,,,,,
10,157,18,-1072.098427131842,-981.3061251996432,-996.765906568646,-917.5139444302158,-75.33252056319616,-63.79218076942739,flu_2019,-951.6248483592071,-965.664105643716,-896.5880821266785,-907.2657721427488,-55.03676623252869,-58.3983335009672,-948.6104767306527,-1014.7215043268135,-889.0755634634854,-960.0854209948027,-59.53491326716731,-54.63608333201084,-939.9853309588761,-1048.7734555657462,-883.9845937615271,-991.7835422198705,-56.000737197349,-56.989913345875785,-947.1277761515835,-979.7649695924129,-889.9785968124861,-923.7628933311405,-57.149179339097415,-56.00207626127235,-949.0814573486796,-1019.8976473467897,-892.1382508738544,-962.3740918436398,-56.94320647482522,-57.52355550314986,-930.9877911265058,-1008.1071438959987,-874.2612231905816,-950.2454878205428,-56.72656793592421,-57.86165607545581,,,,,,,,,,,,,,,,,,,,,,,,
11,205,19,-1404.6667342004469,-1263.675872028614,-1320.3819738186571,-1192.4360345112468,-84.28476038178977,-71.23983751736729,flu_2019,-1240.6364122199047,-1270.3214603288584,-1177.1223932207067,-1202.6176316215021,-63.51401899919803,-67.70382870735617,-1235.7523522658526,-1341.570399897574,-1167.5680639863817,-1279.0551818928489,-68.18428827947082,-62.51521800472507,-1225.5656971543538,-1388.5400222383603,-1161.844646105406,-1322.5488469713223,-63.72105104894791,-65.99117526703797,-1234.362054325262,-1289.250482093172,-1168.5873966210768,-1224.65485632947,-65.77465770418533,-64.59562576370189,-1237.7900037882553,-1345.8070386739564,-1172.5869165714448,-1279.4924517714862,-65.2030872168105,-66.31458690247015,-1216.953908609872,-1328.4632054668295,-1151.0923122953309,-1261.5952934283637,-65.86159631454122,-66.86791203846579,,,,,,,,,,,,,,,,,,,,,,,,
12,264,28,-1893.2726048246927,-1655.7003053502765,-1774.8654181892684,-1556.942976155296,-118.40718663542424,-98.75732919498056,flu_2019,-1639.1438937530086,-1703.910899846901,-1552.2980209223228,-1609.3866194136108,-86.84587283068578,-94.52428043329019,-1628.0909805031815,-1806.9623242809726,-1536.6052672676415,-1716.42116128567,-91.48571323554015,-90.54116299530259,-1610.1365207129097,-1865.804856111529,-1523.0588774798705,-1772.494122569216,-87.07764323303932,-93.31073354231305,-1625.7583904568146,-1722.2433774538388,-1536.9775059983253,-1633.194957198654,-88.78088445848931,-89.04842025518478,-1619.745231728564,-1803.5735824041885,-1531.260212955694,-1709.6933844799357,-88.48501877287005,-93.88019792425277,-1600.1788588333961,-1779.299748175316,-1511.67915477646,-1685.6402416690053,-88.49970405693608,-93.65950650631076,,,,,,,,,,,,,,,,,,,,,,,,
13,353,37,-2551.6891845685764,-2187.4623422205386,-2400.454329911718,-2062.294932843146,-151.23485465685837,-125.16740937739291,flu_2019,-2179.9143322630357,-2275.3383987912985,-2066.6612316768255,-2151.5684185035757,-113.25310058621,-123.76998028772272,-2168.1713851324002,-2418.3246142368826,-2047.7411677633015,-2299.254053582222,-120.43021736909884,-119.07056065466071,-2145.597513341783,-2497.156946540139,-2031.179846651879,-2373.9501052704813,-114.41766668990365,-123.20684126965752,-2162.0845649494663,-2302.0238896886017,-2045.4666485979847,-2184.8006094278785,-116.61791635148148,-117.22328026072307,-2154.8198876039824,-2412.6637556308983,-2039.1629024833105,-2288.1542279516825,-115.65698512067169,-124.50952767921598,-2131.6812637392854,-2375.77159477791,-2014.0752318007005,-2251.892200170569,-117.60603193858498,-123.87939460734098,,,,,,,,,,,,,,,,,,,,,,,,
14,460,54,-3277.74511429887,-2828.940032173494,-3085.7137854467255,-2660.2983606466332,-192.03132885214416,-168.6416715268608,flu_2019,-2818.326055382183,-2964.8478860234495,-2665.691640845588,-2799.7480459437525,-152.6344145365946,-165.0998400796969,-2804.420592093179,-3161.2484283576027,-2645.196930438027,-3003.776294835529,-159.22366165515234,-157.47213352207385,-2787.024752856972,-3269.900532875143,-2634.2429498116326,-3105.302473642547,-152.78180304533942,-164.59805923259643,-2799.6963389015855,-3010.2523127339127,-2644.114087202444,-2854.879824430272,-155.5822516991415,-155.37248830364047,-2803.116013385609,-3161.317927457613,-2647.4155388136483,-2995.2736596213463,-155.70047457196117,-166.04426783626678,-2769.8676471714825,-3111.536264776253,-2613.0620415666517,-2947.092648925737,-156.80560560483104,-164.4436158505158,,,,,,,,,,,,,,,,,,,,,,,,
15,655,85,-4682.584045097337,-4017.181964205086,-4392.26535565536,-3772.9440902807683,-290.31868944197754,-244.23787392431754,flu_2019,-4016.2038022912166,-4291.850124794744,-3787.979781987342,-4041.221839705499,-228.22402030387465,-250.62828508924542,-4000.436715618356,-4593.736999081303,-3769.0865331733844,-4354.920577224128,-231.3501824449719,-238.81642185717524,-3994.277248216156,-4757.61300065324,-3768.742571489474,-4506.449505962992,-225.534676726682,-251.1634946902487,-3981.921362843744,-4363.348730931695,-3753.897070718341,-4131.844733931609,-228.0242921254028,-231.50399700008597,-4014.4060749289806,-4591.0283129063055,-3783.4730438072074,-4342.451588226106,-230.93303112177307,-248.5767246801996,-3956.5688673501922,-4509.313573762887,-3727.583364636788,-4265.023881836767,-228.98550271340451,-244.28969192611987,,,,,,,,,,,,,,,,,,,,,,,,
16,882,106,-6241.807633091137,-5321.140941534139,-5874.605196436908,-5010.529446828353,-367.2024366542287,-310.61149470578573,flu_2019,-5346.718374108668,-5738.083663885524,-5053.897089896282,-5423.708871355008,-292.8212842123867,-314.3747925305157,-5338.781459707109,-6152.476588044771,-5042.793111997447,-5850.649192365716,-295.9883477096617,-301.82739567905566,-5336.446464160788,-6376.764443500738,-5047.170941573263,-6059.1401231607115,-289.2755225875251,-317.6243203400261,-5304.409082558565,-5843.340527180121,-5012.510909870324,-5549.820560502398,-291.89817268824146,-293.5199666777236,-5349.793369151131,-6148.3430149800515,-5054.326053886477,-5836.828333323931,-295.4673152646541,-311.5146816561205,-5272.066225983245,-6031.718829026768,-4980.47433074298,-5725.029909346285,-291.59189524026567,-306.688919680482,,,,,,,,,,,,,,,,,,,,,,,,
17,1215,160,-8679.002106491402,-7384.887527914525,-8150.604690995409,-6933.816965646103,-528.3974154959926,-451.0705622684214,flu_2019,-7440.153976468588,-8049.107709908631,-7010.857276181236,-7595.473303789672,-429.2967002873516,-453.63440611895874,-7419.782738184996,-8647.270496771682,-6987.658758639131,-8207.730803413362,-432.1239795458648,-439.5396933583192,-7407.690724366571,-8961.061553961434,-6980.344145685778,-8504.087006621716,-427.3465786807927,-456.97454733971745,-7382.437482223567,-8192.989943508526,-6955.080239618822,-7768.318833548146,-427.35724260474484,-424.6711099603791,-7420.539976691815,-8634.519837854097,-6987.738417154271,-8186.099238483189,-432.8015595375443,-448.4205993709078,-7332.87852938061,-8480.294494974321,-6906.3924134400695,-8037.752391681695,-426.48611594054114,-442.54210329262685,,,,,,,,,,,,,,,,,,,,,,,,
18,1518,213,-10946.49321012346,-9264.784007203254,-10270.470767133678,-8689.997218799685,-676.022442989783,-574.7867884035687,flu_2019,-9366.658856001033,-10143.625223080495,-8817.580254613911,-9568.429741193922,-549.0786013871223,-575.1954818865722,-9329.958889163972,-10895.35947393345,-8777.433023237772,-10333.175399406395,-552.5258659262008,-562.184074527054,-9296.629852735647,-11278.576083906595,-8751.029954120952,-10700.70672492824,-545.5998986146949,-577.8693589783541,-9287.88749923046,-10311.61918772572,-8741.94734960876,-9769.989795376241,-545.9401496217007,-541.6293923494795,-9311.788132489772,-10865.585461442584,-8760.338384097233,-10298.389526025569,-551.4497483925395,-567.1959354170167,-9213.597499889878,-10679.027672525925,-8669.98911708922,-10119.137214812323,-543.6083828006578,-559.8904577136014,,,,,,,,,,,,,,,,,,,,,,,,
19,1772,265,-12743.1581140257,-10820.900567939232,-11919.149554324154,-10127.576403485305,-824.008559701545,-693.3241644539264,flu_2019,-10941.225597166529,-11871.526830789408,-10273.499756298748,-11175.056821549158,-667.7258408677817,-696.4700092402492,-10896.534981914076,-12759.64214152453,-10228.863151591419,-12072.822527902346,-667.6718303226567,-686.8196136221824,-10867.685931747563,-13211.361066633859,-10204.976060713767,-12507.617641505334,-662.709871033796,-703.7434251285254,-10845.495518619715,-12074.34855629837,-10183.984970726855,-11414.80144588507,-661.510547892859,-659.5471104132997,-10890.010060354101,-12731.227489225617,-10220.490084463574,-12041.564388044804,-669.5199758905275,-689.6631011808128,-10769.241587906945,-12515.803950922207,-10110.066365224935,-11836.857007516359,-659.1752226820099,-678.9469434058487,,,,,,,,,,,,,,,,,,,,,,,,
20,2062,330,-14938.935298317625,-12662.196208902142,-13916.591341514222,-11822.990708449428,-1022.3439568034029,-839.2055004527131,flu_2019,-12801.272308653059,-13934.915731252782,-11981.454988587815,-13082.982581878337,-819.8173200652436,-851.9331493744442,-12743.986593161033,-15001.034436397742,-11926.841046413505,-14154.85561909517,-817.145546747528,-846.1788173025733,-12730.131695164875,-15523.77504090181,-11916.415037096805,-14665.176410583561,-813.7166580680703,-858.5986303182485,-12689.431646314291,-14186.69085742935,-11881.328867333483,-13379.06332941846,-808.1027789808079,-807.6275280108889,-12752.219684233482,-14958.469519017435,-11933.439585586992,-14119.407949907225,-818.7800986464902,-839.0615691102098,-12612.415116170108,-14708.169868784074,-11807.831926352665,-13880.0710613849,-804.5831898174436,-828.0988073991737,,,,,,,,,,,,,,,,,,,,,,,,
21,2307,379,-16806.01153718232,-14228.683792658861,-15646.457345525481,-13278.259445510823,-1159.5541916568375,-950.4243471480381,flu_2019,-14378.344059661058,-15710.923366985822,-13448.624375093867,-14745.973966950402,-929.7196845671917,-964.9494000354213,-14324.697057404179,-16926.04289038287,-13396.771813037321,-15967.659397848602,-927.9252443668581,-958.3834925342667,-14308.12137213326,-17518.807541824182,-13384.396220607727,-16546.45839185143,-923.7251515255341,-972.349149972752,-14259.794462541695,-15999.822830528847,-13342.097476499941,-15081.31339717968,-917.6969860417537,-918.5094333491664,-14329.564627521853,-16874.78136144516,-13401.222699194646,-15923.822915132609,-928.3419283272076,-950.9584463125494,-14181.991256591136,-16593.344353061882,-13267.14960186473,-15654.735264295166,-914.8416547264053,-938.6090887667151,,,,,,,,,,,,,,,,,,,,,,,,
22,2481,411,-18205.56518925875,-15362.994515063572,-16947.040548889516,-14343.442603625092,-1258.5246403692345,-1019.5519114384805,flu_2019,-15541.216589783538,-17012.858180506453,-14539.714057220372,-15969.973613796143,-1001.5025325631674,-1042.8845667103124,-15477.852783584332,-18334.31411506023,-14480.796726851793,-17299.522169876498,-997.0560567325398,-1034.7919451837342,-15458.280806356186,-18980.58234278163,-14460.80226052415,-17928.374386593634,-997.4785458320362,-1052.2079561879927,-15404.839325505503,-17316.826918410163,-14418.54693316929,-16330.36968803845,-986.2923923362133,-986.4572303717127,-15473.884160301102,-18269.448114617273,-14474.897900132972,-17244.151883697472,-998.9862601681309,-1025.2962309197994,-15321.030109873653,-17961.666756751212,-14339.115566824923,-16951.549736877612,-981.9145430487296,-1010.1170198735981,,,,,,,,,,,,,,,,,,,,,,,,
23,2643,442,-19453.56265149702,-16400.367810893455,-18115.658255024944,-15316.647489421923,-1337.9043964720754,-1083.7203214715303,flu_2019,-16589.64511303742,-18205.060465472598,-15522.939063616384,-17089.135554780387,-1066.706049421033,-1115.9249106922125,-16521.97571770062,-19632.633375483394,-15460.027707066563,-18526.512554444038,-1061.948010634057,-1106.1208210393565,-16505.619402796485,-20322.529800146367,-15442.515077126289,-19196.95749456271,-1063.1043256701948,-1125.5723055836575,-16447.58565197009,-18528.860842195085,-15397.351791150257,-17477.47981767523,-1050.2338608198352,-1051.3810245198545,-16518.89932530531,-19553.58997197255,-15455.943432688891,-18460.044827258025,-1062.9558926164175,-1093.5451447145235,-16362.027937701792,-19224.93317094975,-15315.227646968247,-18147.861822676496,-1046.8002907335447,-1077.0713482732547,,,,,,,,,,,,,,,,,,,,,,,,
24,2778,461,-20384.902590583057,-17216.373158349852,-19002.77164126296,-16085.910170056097,-1382.130949320097,-1130.4629882937538,flu_2019,-17419.750543360857,-19134.277371003933,-16304.471532100726,-17971.61607501407,-1115.279011260132,-1162.6612959898646,-17348.69480766201,-20644.08331870075,-16240.531055574436,-19490.61813465711,-1108.163752087572,-1153.4651840436381,-17334.072758838578,-21368.36796080605,-16223.263920684272,-20193.677415479604,-1110.8088381543039,-1174.6905453264442,-17272.09345756095,-19480.30597961466,-16174.641491503678,-18383.3990364304,-1097.4519660572728,-1096.9069431842568,-17352.759965533776,-20563.35342220906,-16241.13886715044,-19420.128956489127,-1111.621098383339,-1143.2244657199326,-17187.249818284017,-20219.549103446698,-16092.625698130832,-19094.988139555542,-1094.624120153184,-1124.5609638911565,,,,,,,,,,,,,,,,,,,,,,,,
25,2917,479,-21396.335776334767,-18079.89393504276,-19966.136863533826,-16904.265902658717,-1430.1989128009423,-1175.6280323840433,flu_2019,-18298.219282403516,-20109.65142870182,-17138.561685936653,-18899.039797899197,-1159.6575964668623,-1210.6116308026244,-18226.26480130901,-21695.772891084238,-17072.02368824247,-20497.086227773234,-1154.2411130665434,-1198.6866633110033,-18209.43643300099,-22459.309259980524,-17052.140117191,-21234.220752867026,-1157.2963158099892,-1225.0885071134974,-18146.66829670413,-20474.36783619385,-17004.164348797916,-19332.38142491725,-1142.5039479062143,-1141.9864112766018,-18226.656804761154,-21611.920917638232,-17069.853750041086,-20420.894902928096,-1156.8030547200672,-1191.0260147101371,-18056.025935509228,-21252.395525703247,-16915.460211322978,-20081.038385164684,-1140.5657241862507,-1171.3571405385628,,,,,,,,,,,,,,,,,,,,,,,,
0,11,3,-83.78779621469218,-111.20478199542136,-78.0766562718366,-103.58016300926195,-5.711139942855586,-7.6246189861593985,flu_2020,-72.53355771245491,-73.73154013279756,-65.94899530879623,-66.96696863203354,-6.584562403658678,-6.764571500764028,-73.19935646626257,-77.47188536451502,-66.30171452364489,-71.32586989185018,-6.897641942617678,-6.146015472664837,-71.65935098718724,-79.70904313918187,-66.16400319399216,-73.68037979762674,-5.49534779319508,-6.028663341555132,-72.86522536593,-75.96495729209501,-66.36115023160451,-69.0385564933889,-6.504075134325496,-6.926400798706114,-73.07683787261588,-77.44288899542734,-67.03856530406591,-71.3199405328648,-6.038272568549974,-6.1229484625625386,-71.99773207985159,-78.36639526986536,-65.61571265704423,-70.3774984778427,-6.382019422807367,-7.988896792022659,-72.11413650417543,-77.54771989349027,-65.81496508633788,-72.10638432019991,-6.299171417837557,-5.441335573290356,,,,,,,,,,,,,,,,,,
1,43,4,-298.1428472516996,-316.0502345128326,-283.7291505948385,-295.84749234644676,-14.413696656861113,-20.20274216638588,flu_2020,-267.55856645863906,-278.7381675951185,-253.11980042031342,-264.5134794965857,-14.43876603832564,-14.224688098532786,-269.4017207303697,-296.65758157412546,-254.30273244459414,-282.19936663557576,-15.098988285775524,-14.458214938549714,-267.33742533603305,-306.85028702610106,-254.11324336970733,-292.8202229903237,-13.224181966325713,-14.030064035777364,-266.10193636553424,-284.98232776996736,-251.67707274440662,-271.0444332801269,-14.424863621127637,-13.937894489840442,-269.74041744717493,-297.23870993515374,-256.78827844438683,-282.6872467122579,-12.952139002788078,-14.551463222895867,-265.3277388701361,-294.83627133171655,-251.07854323970105,-278.92710795743824,-14.24919563043505,-15.909163374278306,-262.34650370310607,-296.69535873663784,-248.58386673618392,-282.5394193285962,-13.762636966922154,-14.155939408041636,,,,,,,,,,,,,,,,,,
2,82,8,-533.2172044960247,-522.5280448717413,-505.868804883101,-489.2874289599301,-27.348399612923636,-33.240615911811204,flu_2020,-479.52107565993947,-484.6591575155108,-450.77404786024056,-456.81564169553815,-28.74702779969889,-27.843515819972676,-481.5904597230852,-514.6148379209161,-453.5413642530307,-486.25989787186614,-28.049095470054503,-28.35494004904995,-481.9552922014496,-532.5282955064947,-455.1450779688007,-504.47552681511206,-26.810214232648878,-28.052768691382653,-478.87022298247734,-496.52465867884126,-450.6687458782187,-468.59285578732437,-28.201477104258615,-27.931802891516888,-487.4220832044713,-515.8457158528593,-460.4652577927988,-488.20802861414165,-26.956825411672497,-27.63768723871766,-476.14984469922405,-508.69541553767885,-447.59941771853846,-479.2635983534568,-28.550426980685607,-29.431817184222066,-469.5774555583853,-510.9385663061883,-441.6120755359078,-482.9094103864511,-27.965380022477472,-28.02915591973722,,,,,,,,,,,,,,,,,,
3,120,11,-796.5193950685745,-745.0306800624858,-751.5851338809368,-701.0393581635733,-44.9342611876376,-43.99132189891248,flu_2020,-703.0272757558753,-722.68474344398,-662.9878351102293,-684.3978502942776,-40.03944064564597,-38.28689314970239,-703.2371173767078,-771.5584084438689,-664.3638494499436,-731.0678820962594,-38.8732679267643,-40.490526347609475,-704.3569093908682,-793.7647169396774,-666.6637329367765,-756.0551422073983,-37.69317645409175,-37.70957473227917,-700.2024273747724,-739.9847129779555,-661.4987086088229,-701.7134048215443,-38.703718765949425,-38.27130815641118,-708.9828812266433,-769.5920187149409,-671.4902319870587,-732.4481363184927,-37.492649239584566,-37.143882396448106,-694.128415906188,-759.3018281960585,-655.7815945477892,-719.9796976301839,-38.34682135839885,-39.32213056587461,-687.5055338972953,-765.3690761464137,-649.0066663712554,-727.6730778474719,-38.49886752603993,-37.695998298941866,,,,,,,,,,,,,,,,,,
4,159,16,-1048.5468063307237,-975.2836728537541,-984.7113536647107,-916.3641682066167,-63.83545266601295,-58.91950464713739,flu_2020,-928.0315654038484,-971.2346382813852,-874.423703257261,-918.9609209953483,-53.607862146587365,-52.27371728603691,-930.4167234193384,-1044.127195546867,-878.4296997371465,-988.0963441095562,-51.987023682191925,-56.0308514373108,-938.6504431436249,-1075.6458803132844,-886.2579770304172,-1023.0470584050474,-52.392466113207675,-52.598821908236964,-927.0275940452942,-997.4556004719412,-875.3201395878318,-946.4409803104353,-51.707454457462376,-51.01462016150599,-943.0587512487141,-1041.6036419899085,-892.3558024428761,-990.8432281024607,-50.702948805837984,-50.76041388744781,-921.7989900562558,-1026.1333729587352,-870.6839774929629,-973.75323412318,-51.11501256329291,-52.380138835555144,-913.7738502288981,-1037.523513848839,-862.1329717014909,-986.062285361767,-51.640878527407224,-51.46122848707208,,,,,,,,,,,,,,,,,,
5,202,18,-1320.8324326828385,-1209.6787010011478,-1244.824150569386,-1141.914613111264,-76.00828211345271,-67.76408788988381,flu_2020,-1170.2025576748613,-1222.531809139009,-1108.53720996818,-1161.779316672581,-61.66534770668137,-60.75249246642818,-1173.2863090913215,-1314.179921504778,-1113.2710988157326,-1250.0174463766111,-60.01521027558888,-64.16247512816678,-1183.945742975182,-1353.3067475763878,-1123.5943589060616,-1292.4904189420952,-60.35138406912029,-60.81632863429261,-1170.0381284823836,-1256.9359149686086,-1110.465986604088,-1198.0700165975343,-59.57214187829572,-58.865898371074394,-1191.3130460681245,-1311.6192298554413,-1132.3835625760994,-1252.483503723291,-58.92948349202523,-59.13572613215013,-1162.5646027031376,-1291.3699934808883,-1103.4628944239719,-1230.8263649299856,-59.10170827916568,-60.54362855090275,-1150.4620185863603,-1305.9976204803138,-1091.022346135709,-1246.3056858085517,-59.43967245065123,-59.691934671762056,,,,,,,,,,,,,,,,,,
6,264,23,-1751.9495714592833,-1575.8885613095622,-1653.6727329325888,-1491.5013036075277,-98.27683852669442,-84.38725770203442,flu_2020,-1546.0033546747857,-1617.2352654518636,-1468.4530059113654,-1539.6501301985165,-77.55034876342019,-77.58513525334706,-1548.8499077809709,-1734.4915007071972,-1472.046609458396,-1652.9882855814965,-76.8032983225748,-81.50321512570078,-1555.905735619644,-1786.1345531489028,-1479.000519265319,-1708.5249416420293,-76.905216354325,-77.60961150687342,-1543.0394676337075,-1657.7131007987023,-1467.2838250713335,-1581.992001427428,-75.75564256237413,-75.72109937127418,-1564.2135152626756,-1730.0090719127213,-1489.2714568786014,-1654.0743722131017,-74.94205838407436,-75.93469969961964,-1530.0635673567672,-1704.8508689888245,-1454.9074021252882,-1627.220694344494,-75.15616523147897,-77.63017464433042,-1516.480524933141,-1723.9861005039565,-1440.034250942529,-1647.2882610841866,-76.44627399061181,-76.69783941977002,,,,,,,,,,,,,,,,,,
7,311,25,-2024.583478446103,-1829.3455980930394,-1914.8156999114772,-1735.7753362057188,-109.76777853462579,-93.57026188732061,flu_2020,-1804.5032092839608,-1900.1604922010813,-1717.6405535550489,-1812.181210251314,-86.86265572891185,-87.97928194976734,-1813.2776394858658,-2039.832796173586,-1727.403535825217,-1948.7958707745277,-85.87410366064894,-91.03692539905845,-1828.0306567076693,-2106.5903177369855,-1741.5866579498038,-2019.4718664820493,-86.44399875786551,-87.11845125493615,-1804.7841910395096,-1952.6513571833161,-1719.7600380055314,-1867.4764719602651,-85.02415303397822,-85.17488522305109,-1834.042924700534,-2040.5342388397366,-1749.6465977825721,-1955.182772250292,-84.39632691796193,-85.35146658944475,-1793.7443579345677,-2009.2573269468608,-1708.444342207988,-1922.3587334220983,-85.30001572657955,-86.89859352476242,-1777.7431348126004,-2033.5680625522243,-1691.4567455751712,-1946.7825511489004,-86.28638923742922,-86.78551140332388,,,,,,,,,,,,,,,,,,
8,469,36,-3062.6597826413595,-2726.9851552270925,-2909.3698088123115,-2594.7175828025447,-153.28997382904788,-132.26757242454775,flu_2020,-2698.0071216595798,-2911.1560521400565,-2578.063582392035,-2790.034065747689,-119.94353926754471,-121.12198639236749,-2726.125424497062,-3151.5971300388896,-2605.0980537441583,-3027.870286488762,-121.02737075290355,-123.72684355012765,-2768.898032895158,-3265.2739921985517,-2645.9948513025033,-3142.3035206743443,-122.90318159265445,-122.97047152420737,-2708.3835629106443,-3003.3919899588814,-2589.6808726946715,-2886.001218164777,-118.70269021597267,-117.39077179410423,-2769.094673964195,-3155.656874828116,-2650.8412175977783,-3035.5871916154756,-118.25345636641669,-120.06968321264063,-2708.255028805931,-3096.463116096582,-2588.7983503448486,-2976.7791011414834,-119.45667846108239,-119.68401495509863,-2676.0927945186313,-3137.214532971689,-2556.170119506287,-3017.7741923786402,-119.92267501234451,-119.44034059304869,,,,,,,,,,,,,,,,,,
9,602,48,-3953.5929850685184,-3456.658250069461,-3756.404357887599,-3287.3825848618594,-197.1886271809193,-169.27566520760155,flu_2020,-3459.3478086468795,-3744.2840297147336,-3307.266841757202,-3588.5489142020137,-152.08096688967714,-155.73511551271974,-3506.5388040217404,-4053.611347545387,-3351.5872596458285,-3894.235276101709,-154.95154437591194,-159.3760714436782,-3569.509678390869,-4202.93059465953,-3412.9939345150915,-4044.5259075059994,-156.51574387577728,-158.40468715353023,-3470.0389503068154,-3863.3007802130123,-3318.537479000951,-3712.444471936732,-151.5014713058643,-150.85630827628017,-3558.268511845068,-4059.33503520606,-3407.450012599763,-3902.8433622094713,-150.81849924530525,-156.4916729965889,-3475.5379677510123,-3971.75733304743,-3323.0766785980113,-3816.70430165315,-152.46128915300085,-155.0530313942799,-3432.2549262144303,-4022.959765708387,-3278.51632526209,-3868.563074716765,-153.73860095234045,-154.39669099162174,,,,,,,,,,,,,,,,,,
10,786,73,-5137.457893492119,-4493.327823187674,-4860.079581356954,-4256.267167944298,-277.37831213516563,-237.06065524337558,flu_2020,-4515.903553869283,-4922.780691273396,-4297.314101098644,-4698.425207818008,-218.5894527706397,-224.35548345538805,-4578.318241835389,-5343.409704137939,-4355.587234281002,-5117.57317313552,-222.73100755438696,-225.83653100241958,-4676.514830002384,-5548.083898978376,-4451.040735971394,-5318.887457518552,-225.47409403099033,-229.1964414598238,-4532.051425705806,-5090.4757499853695,-4313.588373270001,-4872.441276387553,-218.46305243580443,-218.0344735978156,-4666.58439250931,-5361.381299377091,-4445.607995576986,-5132.128394638318,-220.9763969323245,-229.25290473877288,-4555.186004393099,-5242.610283731863,-4333.910659401201,-5017.867088873314,-221.27534499189795,-224.74319485854915,-4492.387932478702,-5314.8657519841745,-4271.032419571731,-5090.664960489424,-221.35551290697103,-224.20079149475094,,,,,,,,,,,,,,,,,,
11,1049,109,-7006.057483771988,-6110.121840460549,-6614.50500113106,-5773.523275731787,-391.55248264092756,-336.5985647287614,flu_2020,-6144.896474599955,-6726.207202974004,-5832.2570282871675,-6411.181136365696,-312.6394463127869,-315.02606660830736,-6213.280972643572,-7293.951157478845,-5900.101622254504,-6974.118426275723,-313.17935038906796,-319.8327312031216,-6327.983671362801,-7571.312028666639,-6011.264493634773,-7247.417910508642,-316.7191777280275,-323.894118157997,-6154.259267655478,-6941.241296017271,-5843.789386198056,-6633.419137362256,-310.4698814574218,-307.82215865501564,-6300.061256856461,-7307.438933334215,-5986.219510128897,-6988.119048079306,-313.84174672756376,-319.3198852549097,-6169.084428349227,-7153.585078828453,-5857.619255076323,-6838.227331603321,-311.46517327290474,-315.3577472251323,-6089.736128464809,-7253.504730870681,-5779.219018766361,-6936.51371853358,-310.51710969844754,-316.9910123371006,,,,,,,,,,,,,,,,,,
12,1345,156,-9385.288434520906,-8050.816913107279,-8844.585467725412,-7602.954983691399,-540.7029667954932,-447.86192941587996,flu_2020,-8103.430101876875,-8910.605499373793,-7681.990528089374,-8486.902904541568,-421.4395737875011,-423.70259483222344,-8173.593605754819,-9677.66663891263,-7751.263340178635,-9239.04061262573,-422.330265576184,-438.6260262868994,-8296.275354214013,-10032.888111273243,-7871.715181489137,-9598.280130746123,-424.56017272487543,-434.60798052712056,-8095.497148299202,-9178.864147728673,-7678.213648846015,-8762.408459668559,-417.28349945318735,-416.4556880601143,-8242.854818453507,-9660.360662461797,-7824.118379684468,-9230.839764864344,-418.7364387690395,-429.52089759745195,-8102.144888130537,-9452.898088857666,-7684.747210637359,-9030.91246672436,-417.3976774931776,-421.9856221333064,-8010.486798458678,-9616.654796529987,-7593.610537189503,-9189.81490639443,-416.8762612691751,-426.83989013555754,,,,,,,,,,,,,,,,,,
13,1553,171,-10933.862102422023,-9298.656193125133,-10325.976863866274,-8806.378223368845,-607.8852385557502,-492.2779697562877,flu_2020,-9382.027324775974,-10293.287163122503,-8917.836568494211,-9823.877649446511,-464.19075628176245,-469.40951367599223,-9462.907451705401,-11170.265169865364,-8997.238818184405,-10684.972484075895,-465.6686335209964,-485.29268578946886,-9606.229007005628,-11584.874452300519,-9135.357677953276,-11101.665189039411,-470.87132905235194,-483.209263261107,-9375.875309393266,-10598.161494392945,-8915.96976336908,-10137.623714239,-459.9055460241865,-460.5377801539447,-9532.803827150381,-11149.239631188417,-9070.229162012853,-10672.853715027913,-462.57466513752786,-476.385916160504,-9375.720369026862,-10902.851371406294,-8915.274730383371,-10436.863077341095,-460.445638643491,-465.98829406519906,-9281.11146053199,-11102.765727188473,-8820.548540937485,-10631.805220227554,-460.56291959450584,-470.96050696091913,,,,,,,,,,,,,,,,,,
14,1630,190,-11628.730645640155,-9866.214464106868,-10976.402955209061,-9336.403520384061,-652.3276904310925,-529.8109437228067,flu_2020,-9947.878912946144,-10916.285826892487,-9446.59532807559,-10407.085356305288,-501.2835848705537,-509.2004705871989,-10014.69892747361,-11835.517293324869,-9511.279023231067,-11312.669068015684,-503.41990424254186,-522.8482253091846,-10140.243670270052,-12271.842099819367,-9631.997970822387,-11747.5807850857,-508.2456994476655,-524.261314733667,-9934.142401963401,-11220.580714343745,-9437.035637537034,-10722.324318102428,-497.106764426368,-498.2563962413175,-10066.11066791714,-11804.687909363192,-9567.00432803635,-11289.778672073464,-499.10633988079155,-514.9092372897288,-9920.580544654818,-11554.571367667504,-9422.03118001642,-11050.313244338304,-498.54936463839925,-504.2581233291999,-9824.917328386791,-11767.690048029546,-9327.378242738081,-11257.521693398678,-497.5390856487102,-510.1683546308694,,,,,,,,,,,,,,,,,,
15,1686,196,-12102.664047836079,-10238.480432500808,-11415.435221534337,-9688.101993155282,-687.2288263017408,-550.3784393455255,flu_2020,-10317.2015347362,-11327.595553598761,-9795.58503451486,-10797.413346068719,-521.6165002213397,-530.1822075300423,-10383.320741438838,-12288.54835417485,-9857.916838643729,-11743.755822011939,-525.4039027951088,-544.7925321629123,-10515.602808119324,-12735.87657423804,-9984.901126258957,-12192.622241881681,-530.701681860366,-543.2543323563588,-10304.101055501345,-11645.15062995273,-9786.366288839381,-11127.206407677973,-517.7347666619638,-517.9442222747573,-10437.66171235893,-12249.932315047512,-9918.459799560453,-11716.408230508736,-519.2019127984762,-533.5240845387765,-10291.198635403061,-11992.099495721894,-9772.213747272886,-11468.11023329829,-518.9848881301752,-523.989262423604,-10198.191497630383,-12221.725276357522,-9678.388614641235,-11691.722279691698,-519.8028829891475,-530.0029966658244,,,,,,,,,,,,,,,,,,
16,1737,202,-12500.381527418163,-10550.67863563752,-11792.288918253467,-9985.22530222788,-708.0926091646965,-565.453333409639,flu_2020,-10641.142405760362,-11679.127746888173,-10104.142180862373,-11133.816497131347,-537.0002248979888,-545.311249756825,-10709.568078789029,-12669.925810850586,-10167.084575358553,-12109.159255842631,-542.4835034304754,-560.7665550079538,-10840.389339139114,-13127.900657554246,-10294.198702110836,-12570.869808727832,-546.1906370282768,-557.030848826415,-10625.976096027973,-12003.755199159854,-10092.702175689275,-11470.311526581285,-533.2739203386978,-533.4436725785686,-10758.51635587008,-12626.077264336061,-10224.418609189575,-12077.21369942616,-534.0977466805061,-548.8635649099022,-10610.062054170188,-12359.58448377145,-10075.40495954531,-11820.06079793194,-534.657094624877,-539.5236858395111,-10513.476720862378,-12596.257092564245,-9977.524466555727,-12051.5668840454,-535.9522543066507,-544.6902085188448,,,,,,,,,,,,,,,,,,
17,1760,205,-12700.127025428223,-10713.856784907412,-11983.109308712345,-10140.569701928423,-717.0177167158789,-573.2870829789882,flu_2020,-10800.612319874233,-11869.318238789912,-10255.391662793341,-11316.329042777403,-545.220657080892,-552.9891960125098,-10869.318050651258,-12880.343310039596,-10317.67845153815,-12311.373217246413,-551.6395991131086,-568.9700927931827,-11000.992846765512,-13348.23075249431,-10446.083541680777,-12783.073033590184,-554.9093050847357,-565.1577189041245,-10784.679142094577,-12199.051115021413,-10242.66264570174,-11657.489080104546,-542.0164963928381,-541.562034916867,-10917.37269237632,-12836.37191727322,-10374.943104131738,-12278.932655063934,-542.4295882445816,-557.4392622092855,-10770.512123740958,-12566.365671647622,-10227.066773659933,-12018.133917808056,-543.4453500810246,-548.231753839566,-10673.767400208646,-12809.486247354676,-10129.332135294731,-12257.228967908255,-544.435264913914,-552.2572794464221,,,,,,,,,,,,,,,,,,
18,1794,209,-13009.471058352954,-10955.758001587074,-12271.425438389551,-10369.758902228077,-738.0456199634026,-585.999099358996,flu_2020,-11044.800995846888,-12145.985377395798,-10487.201296932,-11577.989158998389,-557.5996989148888,-567.9962183974095,-11109.599978048305,-13184.285188819053,-10545.075671600332,-12598.887592512701,-564.5243064479721,-585.3975963063511,-11240.437140672806,-13659.643316729132,-10672.515071311165,-13079.915783798471,-567.9220693616417,-579.7275329306615,-11025.50878671795,-12479.632345940197,-10471.326707842005,-11925.106103768232,-554.1820788759446,-554.5262421719649,-11155.746418671342,-13133.47663424761,-10600.921351667877,-12561.559536429453,-554.8250670034645,-571.9170978181581,-11009.910921885736,-12858.094668986478,-10454.571864016545,-12296.493474181008,-555.3390578691906,-561.6011948054694,-10912.432375377388,-13113.437001089897,-10355.390925095879,-12545.982686815367,-557.0414502815097,-567.4543142745304,,,,,,,,,,,,,,,,,,
19,1829,219,-13382.458077773725,-11225.536044436416,-12615.369581017416,-10621.443848550169,-767.0884967563095,-604.0921958862467,flu_2020,-11317.29624591755,-12446.94890499904,-10740.759823480723,-11857.985642051912,-576.5364224368278,-588.9632629471283,-11377.18331693199,-13513.54036014487,-10793.511780759403,-12903.432743098105,-583.6715361725871,-610.1076170467662,-11505.865918772644,-13992.980899139835,-10918.286451411252,-13391.52773315603,-587.5794673613932,-601.4531659838055,-11294.155789275996,-12785.466738986575,-10721.819036665249,-12209.774190318094,-572.3367526107469,-575.6925486684804,-11419.310341300315,-13451.901273721865,-10845.954908663945,-12857.87188975754,-573.3554326363695,-594.0293839643248,-11274.489882842443,-13168.55305209281,-10700.886731097262,-12586.505799895764,-573.6031517451803,-582.0472521970454,-11180.535142008634,-13441.396454118682,-10604.297310679014,-12850.692383838687,-576.2378313296192,-590.7040702799944,,,,,,,,,,,,,,,,,,
20,1847,222,-13530.142501396256,-11339.4498733991,-12749.278482482932,-10727.078173052936,-780.8640189133231,-612.3717003461643,flu_2020,-11433.379194642768,-12576.204811973766,-10847.320206314896,-11977.684565032841,-586.0589883278716,-598.5202469409244,-11491.068745905051,-13656.614319465534,-10898.001597954599,-13036.223263178706,-593.067147950453,-620.3910562868282,-11620.537238014089,-14138.377032264732,-11023.803616958055,-13527.399527582907,-596.7336210560333,-610.9775046818246,-11410.143800297392,-12918.963581913156,-10828.544559968876,-12333.867167103817,-581.5992403285162,-585.0964148093396,-11533.489598155931,-13591.604163768878,-10950.900067402028,-12988.750697055315,-582.5895307539035,-602.8534667135635,-11389.264319291313,-13306.429986559562,-10806.303975315595,-12715.206754253559,-582.9603439757176,-591.2232323060035,-11294.877691655296,-13585.07263183643,-10709.559388083675,-12984.254379759615,-585.318303571621,-600.8182520768149,,,,,,,,,,,,,,,,,,
21,1868,223,-13700.996144786526,-11470.218856495303,-12907.936402289874,-10852.727743184547,-793.0597424966522,-617.4911133107553,flu_2020,-11566.652341113635,-12716.644385871936,-10974.899889315806,-12113.70265426618,-591.7524517978294,-602.9417316057546,-11622.918593971546,-13809.140917309429,-11024.022377141322,-13183.652097553111,-598.8962168302248,-625.4888197563184,-11753.427946489308,-14294.391781131795,-11151.35690291385,-13679.671472539467,-602.0710435754576,-614.7203085923277,-11542.31072030305,-13064.17514017918,-10955.268820071988,-12474.11856206898,-587.0419002310623,-590.0565781102018,-11667.343085053559,-13741.837968672919,-11079.611990383346,-13135.464263534142,-587.7310946702121,-606.3737051387764,-11520.765813553522,-13454.031472065019,-10932.831168523957,-12858.787117535316,-587.9346450295646,-595.2443545297033,-11426.429884967309,-13736.6868372704,-10835.468127990669,-13132.271145737017,-590.9617569766402,-604.4156915333824,,,,,,,,,,,,,,,,,,
22,1882,225,-13849.865900630228,-11576.268448905457,-13048.952740641016,-10954.438405451785,-800.9131599892116,-621.8300434536729,flu_2020,-11674.01370635723,-12835.278154257987,-11078.099787199732,-12227.413906319933,-595.9139191574985,-607.8642479380542,-11729.103219373794,-13937.6697068471,-11124.413892662524,-13307.50233569649,-604.6893267112694,-630.1673711506091,-11858.887126112668,-14427.003921429861,-11251.744550353338,-13807.401618204343,-607.1425757593289,-619.6023032255184,-11647.494746035733,-13184.183220242108,-11055.839035155883,-12589.67916336253,-591.6557108798504,-594.5040568795768,-11771.054062542747,-13867.876483535685,-11178.888774477333,-13256.613166755418,-592.1652880654141,-611.2633167802665,-11625.473626770216,-13577.287281023742,-11032.780593944215,-12976.880902818166,-592.6930328259999,-600.4063782055764,-11533.167572352246,-13866.491275594784,-10937.341300777065,-13256.966426727506,-595.826271575181,-609.5248488672779,,,,,,,,,,,,,,,,,,
23,1908,234,-14087.225883125091,-11757.755097433206,-13252.711789959545,-11120.140797681564,-834.5140931655463,-637.6142997516409,flu_2020,-11857.983734265626,-13054.88811671008,-11245.318090489607,-12428.699286680703,-612.6656437760187,-626.1888300293771,-11912.349427846342,-14183.519459729994,-11289.459888462465,-13533.424433505952,-622.8895393838777,-650.095026224042,-12043.94346009133,-14677.628381292547,-11419.514593952583,-14042.034168937163,-624.4288661387467,-635.5942123553835,-11831.396395641095,-13410.430593256251,-11223.471841711143,-12798.211683866926,-607.9245539299526,-612.218909389324,-11952.95974765212,-14107.867863365318,-11344.34756680883,-13479.833579270635,-608.6121808432888,-628.0342840946837,-11809.21647102751,-13812.181899367471,-11200.192188193421,-13195.869734697777,-609.0242828340895,-616.3121646696951,-11716.275107123754,-14111.01491300832,-11102.587690464765,-13483.796494972401,-613.6874166589893,-627.2184180359174,,,,,,,,,,,,,,,,,,
24,1921,239,-14245.995420584675,-11866.687659557268,-13400.138524560587,-11222.557140096249,-845.8568960240882,-644.1305194610189,flu_2020,-11974.5807679277,-13177.296996629828,-11353.97331814944,-12543.988726667807,-620.6074497782613,-633.3082699620209,-12020.961595277566,-14315.844442451425,-11390.780204648318,-13656.965538833056,-630.1813906292485,-658.8789036183705,-12146.591546905827,-14808.727974058349,-11514.46809891712,-14166.608510725677,-632.1234479887074,-642.1194633326722,-11944.98275455695,-13531.911138543968,-11329.779187858332,-12911.79997758322,-615.2035666986178,-620.1111609607483,-12052.253977705046,-14233.396112141989,-11436.2698524105,-13598.148306178531,-615.9841252945461,-635.2478059634582,-11915.27953340551,-13937.503202566884,-11298.926693406662,-13314.190426183319,-616.3528399988488,-623.3127763835647,-11824.49247684693,-14241.381296873937,-11203.157754810645,-13607.155761478698,-621.334722036285,-634.2255353952395,,,,,,,,,,,,,,,,,,
25,1935,242,-14402.296275552733,-11976.394901219148,-13544.00289266149,-11327.436915432916,-858.2933828912421,-648.957985786232,flu_2020,-12088.459336351994,-13300.117948997304,-11462.378789987197,-12662.70816926204,-626.0805463647981,-637.4097797352649,-12131.585894482447,-14450.896213841315,-11495.78325585997,-13785.886925715165,-635.802638622478,-665.0092881261494,-12257.498168964692,-14946.847184510223,-11620.060108646689,-14299.954229619241,-637.4380603180042,-646.8929548909813,-12056.6989332723,-13658.468857480884,-11436.101058802718,-13033.216083348208,-620.5978744695825,-625.2527741326759,-12160.870369554388,-14364.72680666612,-11540.195135624255,-13724.99060012128,-620.6752339301327,-639.7362065448406,-12025.199613163746,-14066.117937151992,-11404.055943641704,-13438.43570241393,-621.1436695220417,-627.6822347380621,-11936.370988870689,-14377.209434510069,-11309.930047783517,-13739.155136824475,-626.4409410871714,-638.0542976855938,,,,,,,,,,,,,,,,,,
0,20,0,-90.87243117341414,-202.19051271894793,-89.48709423631695,-188.327569107749,-1.3853369370971973,-13.862943611198906,othervirus_2020,-93.15495867156818,-64.59575905440293,-91.42426977460967,-63.90925777535366,-1.7306888969585181,-0.6865012790492689,-90.99614307780813,-61.528142398747704,-89.39369417312844,-60.77973110748974,-1.6024489046796855,-0.7484112912579652,-87.25207197250256,-61.03451426479835,-86.00604003452726,-60.4513864959709,-1.2460319379753082,-0.5831277688274458,-92.62702078468384,-64.55334520535872,-90.76609308224283,-63.92014597898719,-1.8609277024409991,-0.6331992263715321,-95.00703425627742,-63.025390958225586,-93.72368224768965,-62.21690388858562,-1.2833520085877665,-0.8084870696399635,-88.17930077771486,-63.58511301454365,-86.770128682343,-62.86276900288075,-1.4091720953718587,-0.722344011662899,-85.73833731045025,-59.72983176899929,-84.55782913226778,-59.047431686607545,-1.1805081781824638,-0.6824000823917465,,,,,,,,,,,,,,,,,,
1,59,4,-338.76211058386036,-389.571723345677,-325.27622559530505,-361.7164093738236,-13.485884988555295,-27.855313971853427,othervirus_2020,-319.32276539308197,-246.43981809995626,-306.445131131058,-233.62481347071886,-12.877634262023923,-12.815004629237384,-310.27995322462374,-238.71848450071283,-297.87277215166284,-226.13458155329863,-12.407181072960878,-12.583902947414202,-298.22097185696094,-237.79804447271744,-285.511852151598,-225.7045311110704,-12.70911970536294,-12.09351336164704,-313.9654153932953,-241.95783262333848,-301.07308549595894,-229.0273277524736,-12.89232989733637,-12.930504870864876,-319.58232039559863,-239.4841101778275,-306.18509128083065,-226.795437452153,-13.397229114767963,-12.68867272567448,-301.86295403231424,-241.6550816133207,-288.93603329186027,-229.39108114255637,-12.926920740453948,-12.264000470764321,-301.25011929291156,-237.07529338798,-288.84864649584654,-224.66335316719525,-12.401472797065036,-12.411940220784752,,,,,,,,,,,,,,,,,,
2,94,7,-585.5821905222111,-569.1635996490437,-556.4148606226336,-530.4414528951877,-29.16732989957757,-38.722146753855995,othervirus_2020,-527.526783438923,-421.1119769055001,-503.46350046193896,-396.5129047831941,-24.06328297698397,-24.59907212230604,-511.86894722898154,-414.7096901192811,-488.52812308089824,-389.63544687207786,-23.340824148083318,-25.074243247203235,-492.2607853090938,-413.9320371876257,-468.50841796517614,-389.56542715672816,-23.75236734391769,-24.366610030897565,-520.0211697245716,-417.34756911306033,-496.3376104258794,-392.21475022182483,-23.683559298692174,-25.13281889123551,-526.571253069484,-414.15058693056085,-502.07790526737915,-389.2003620305571,-24.49334780210489,-24.950224900003803,-500.5450342212303,-416.21496313491053,-476.7461742740535,-391.96848008089296,-23.7988599471768,-24.246483054017553,-499.6952937270391,-412.9325964981248,-476.0108566522398,-388.22849736443374,-23.6844370747993,-24.704099133691074,,,,,,,,,,,,,,,,,,
3,133,11,-805.9019261469253,-749.9827093260101,-761.486338227205,-697.7454776816833,-44.41558791972038,-52.23723164432677,othervirus_2020,-743.4696161031464,-604.98429343925,-707.9212550020842,-567.1413484196662,-35.54836110106222,-37.84294501958376,-723.4299767355934,-594.625914862687,-687.3537394455424,-557.2187461481659,-36.07623729005101,-37.40716871452109,-694.4334575675633,-597.6759281072456,-658.9051708761382,-561.1666868984958,-35.528286691425166,-36.5092412087498,-731.3884759678392,-597.3692321251203,-696.3393314088621,-560.0338019810779,-35.049144558977076,-37.3354301440424,-739.4839417965973,-597.1259847612764,-703.7313230672978,-560.3579546686051,-35.752618729299435,-36.768030092671324,-704.3135231098319,-601.2361500531456,-669.2172345571187,-565.0835399047821,-35.09628855271317,-36.152610148363415,-700.5062231499286,-593.2176694708253,-665.3635953714327,-555.7884952949621,-35.142627778495886,-37.429174175863146,,,,,,,,,,,,,,,,,,
4,171,13,-1032.6783277705758,-931.5164052064621,-981.4608295082337,-871.670685852475,-51.217498262342026,-59.845719353987036,othervirus_2020,-958.1584744378945,-798.7514220496998,-916.2122153431816,-754.8736906100701,-41.94625909471288,-43.877731439629756,-936.9478476217826,-787.7571688645677,-893.869450526163,-744.205124630382,-43.07839709561962,-43.5520442341857,-899.3679613478157,-794.8578836090253,-857.6403570725124,-752.3153518098501,-41.727604275303264,-42.54253179917516,-943.121898366862,-789.5185699287289,-901.470463295982,-745.7693445253445,-41.651435070879934,-43.74922540338432,-950.5761778084852,-792.7326033049068,-908.6795769834773,-749.2601734527107,-41.8966008250079,-43.472429852196164,-908.0548109917542,-797.452755511224,-866.6177421019422,-754.354730520407,-41.43706888981197,-43.098024990817024,-902.6566727295591,-783.3978862049992,-860.9362807282117,-740.1415874330689,-41.72039200134733,-43.25629877193023,,,,,,,,,,,,,,,,,,
5,209,15,-1305.5833617234116,-1142.8005586953454,-1244.3737263959288,-1074.972097160945,-61.209635327482744,-67.82846153440062,othervirus_2020,-1188.3331858552365,-1005.3457282359509,-1137.9568612374044,-955.0249822556643,-50.376324617832,-50.320745980286624,-1164.2545251875827,-1000.6922071953302,-1113.4115029086236,-949.3794048354381,-50.843022278959126,-51.31280235989203,-1124.3956521046425,-1010.4531634201845,-1074.561441486853,-961.5497289707007,-49.83421061778954,-48.90343444948379,-1171.4708233493127,-1000.1909589871271,-1121.8474066781846,-948.6069575467825,-49.623416671128076,-51.5840014403446,-1180.8563549976882,-1004.4571856810286,-1130.5051885445444,-953.7807924026956,-50.351166453143904,-50.676393278333016,-1129.8397296889334,-1006.1737883547066,-1080.4092561213172,-955.8190181920608,-49.430473567616204,-50.35477016264591,-1125.7864334753613,-994.5355452076753,-1076.1841996956834,-944.1149511271205,-49.60223377967784,-50.42059408055474,,,,,,,,,,,,,,,,,,
6,260,18,-1596.4787584906994,-1363.4025645821444,-1521.7784021802672,-1283.999453964537,-74.7003563104322,-79.40311061760733,othervirus_2020,-1461.1897896123808,-1230.3097108945017,-1398.9551685410001,-1167.224591023523,-62.234621071380666,-63.08511987097852,-1432.9564362686824,-1224.2287070325647,-1370.1436111575001,-1160.0368372484384,-62.81282511118228,-64.1918697841262,-1387.1325551332336,-1236.093162391305,-1325.489882222873,-1173.450125867171,-61.64267291036062,-62.64303652413409,-1442.84364599469,-1226.0436347284497,-1381.4624074274398,-1161.2962520997687,-61.381238567250136,-64.74738262868101,-1456.3910420612997,-1229.9502833896295,-1394.185405307411,-1166.2355609586448,-62.2056367538888,-63.71472243098463,-1391.9777874953904,-1231.7128412042673,-1330.5428067157432,-1168.6876147585263,-61.43498077964719,-63.0252264457411,-1387.511503705636,-1216.2026046532253,-1325.8615062936385,-1152.8732428072426,-61.649997411997504,-63.329361845982795,,,,,,,,,,,,,,,,,,
7,297,18,-1792.9431764646201,-1489.0525751687787,-1716.2493093468368,-1407.298591607708,-76.6938671177833,-81.75398356107085,othervirus_2020,-1644.9534484448175,-1359.0684371969073,-1580.9021890062827,-1294.4817744873621,-64.05125943853476,-64.58666270954525,-1610.882327290137,-1345.8118743667426,-1546.2553948020345,-1280.0488213601925,-64.6269324881025,-65.76305300655012,-1560.1374845270145,-1355.674607894273,-1496.6055085101154,-1291.7825636950304,-63.53197601689903,-63.89204419924272,-1622.1162511363946,-1351.6057792496072,-1558.8794825937696,-1285.5123767129999,-63.23676854262499,-66.09340253660727,-1642.5677935486979,-1352.1083089816957,-1578.6770100609863,-1287.0630059821347,-63.890783487711595,-65.04530299956102,-1564.4711779015738,-1354.2725760649255,-1501.2694292850385,-1289.8183725665294,-63.201748616535255,-64.45420349839614,-1559.0353673206773,-1333.163544584978,-1495.7179391142065,-1268.6059628773623,-63.31742820647086,-64.55758170761558,,,,,,,,,,,,,,,,,,
8,422,28,-2546.361109769235,-2054.300038109977,-2423.0498412221496,-1938.1384449560528,-123.31126854708538,-116.16159315392386,othervirus_2020,-2327.470052931241,-1940.8616546826472,-2229.973290253487,-1842.0695973002018,-97.49676267775371,-98.79205738244542,-2285.46184578336,-1932.0524754966284,-2184.861056367452,-1830.8083869266093,-100.60078941590774,-101.24408857001913,-2222.036546280738,-1949.1764547330147,-2123.901193383673,-1849.4660235343104,-98.13535289706488,-99.71043119870428,-2300.987491388472,-1936.0466088067826,-2202.401818144705,-1835.2045211730128,-98.58567324376688,-100.84208763376981,-2333.3853826479285,-1941.8352514911635,-2234.728586325009,-1841.0047643872192,-98.65679632291949,-100.83048710394434,-2223.5352889959495,-1939.1126708510606,-2124.8329723452557,-1840.1489174839264,-98.70231665069397,-98.96375336713416,-2211.899669764187,-1909.7528939715871,-2112.778407927993,-1810.350088516115,-99.12126183619394,-99.4028054554721,,,,,,,,,,,,,,,,,,
9,521,34,-3171.5870738773656,-2522.5647780490463,-3028.5653458988813,-2385.252589498472,-143.0217279784843,-137.3121885505741,othervirus_2020,-2881.2577058349148,-2416.1625898691336,-2766.7812267867303,-2300.6569760249276,-114.47647904818453,-115.5056138442058,-2828.697087821375,-2409.9991333116454,-2711.74505869282,-2292.9537691662454,-116.95202912855527,-117.04536414540004,-2758.97349194999,-2435.820565807258,-2644.514416228495,-2319.174001324058,-114.4590757214953,-116.64656448320028,-2846.880511870411,-2409.4726501955975,-2731.4411311216145,-2293.02837157097,-115.43938074879648,-116.4442786246274,-2889.6559808236507,-2422.6644107678285,-2773.7789961774633,-2304.094485851699,-115.87698464618745,-118.5699249161294,-2753.6307295605316,-2413.143778835982,-2638.2328371129083,-2297.283462627479,-115.3978924476232,-115.86031620850332,-2739.9119930370543,-2380.1984972707774,-2624.374031480936,-2263.7362637428887,-115.53796155611823,-116.4622335278888,,,,,,,,,,,,,,,,,,
10,664,42,-4201.283990770275,-3307.5799876824544,-4006.1631337882336,-3140.667111513363,-195.12085698204075,-166.91287616909145,othervirus_2020,-3757.761415555987,-3203.7869625155317,-3610.96860687771,-3055.801840969063,-146.79280867827674,-147.98512154646855,-3690.136550955311,-3220.664960973154,-3539.223716214286,-3068.2814474300294,-150.91283474102525,-152.3835135431247,-3612.562960955765,-3260.166198387308,-3465.178232110001,-3106.979379126667,-147.38472884576402,-153.18681926064113,-3711.2454687735076,-3203.778495690053,-3562.0682049390202,-3053.005598161246,-149.17726383448752,-150.77289752880716,-3764.0283019663325,-3228.453050400124,-3614.99404954106,-3074.62958359438,-149.0342524252723,-153.82346680574386,-3597.769468906279,-3209.4594685673046,-3449.07625115014,-3059.7163762662994,-148.69321775613935,-149.7430923010051,-3592.518971984227,-3189.4293835480294,-3442.451023182659,-3039.4532991463348,-150.06794880156792,-149.97608440169446,,,,,,,,,,,,,,,,,,
11,910,67,-6006.958306127387,-4683.157080347268,-5727.19649087369,-4442.980870687836,-279.7618152536967,-240.17620965943195,othervirus_2020,-5273.454779535547,-4564.064058365438,-5061.360145652362,-4353.9376016632705,-212.09463388318449,-210.1264567021673,-5168.869125356569,-4616.486697510522,-4955.507663814167,-4400.631812219857,-213.36146154240245,-215.85488529066538,-5051.16139150724,-4676.143174535083,-4841.622951980405,-4460.1552602619,-209.53843952683536,-215.98791427318218,-5199.786472031932,-4562.8615602172395,-4987.78375973456,-4349.033540492064,-212.00271229737277,-213.8280197251748,-5255.621078242774,-4607.701897473325,-5043.810448424136,-4392.172144664399,-211.8106298186383,-215.52975280892545,-5046.9281996722,-4578.354756164128,-4836.009841825673,-4367.254736753805,-210.91835784652756,-211.1000194103226,-5047.061757790805,-4580.6313691650585,-4835.062397148759,-4369.981630706618,-211.99936064204587,-210.6497384584411,,,,,,,,,,,,,,,,,,
12,1260,87,-8459.173623396659,-6576.548166827183,-8074.696950516223,-6265.694529506295,-384.4766728804352,-310.853637320888,othervirus_2020,-7333.248977662419,-6454.910968815563,-7052.134300234771,-6172.080060190907,-281.1146774276475,-282.8309086246567,-7185.48640289116,-6582.309752398696,-6901.519730316433,-6290.243833058157,-283.96667257472694,-292.0659193405386,-7031.449881768602,-6679.688845817272,-6750.833497151771,-6388.224768760043,-280.61638461683117,-291.46407705722874,-7232.93419470667,-6466.141343120919,-6951.466689451936,-6175.6579228188275,-281.46750525473317,-290.4834203020922,-7298.955353557382,-6559.712599626821,-7016.666345983927,-6268.845866548234,-282.2890075734548,-290.8667330785874,-7034.4470807017115,-6507.53923267976,-6751.903552236508,-6223.9305452995595,-282.5435284652033,-283.60868738020054,-7037.082511209232,-6541.446179671728,-6749.709720507139,-6255.351755926846,-287.3727907020925,-286.0944237448821,,,,,,,,,,,,,,,,,,
13,1590,111,-10844.569960315423,-8335.163989128092,-10374.626478704067,-7953.8075661951825,-469.9434816113555,-381.3564229329103,othervirus_2020,-9328.586876510115,-8224.096484899153,-8974.409956832023,-7870.4049725748155,-354.17691967809156,-353.6915123243375,-9125.265515641238,-8406.202304677223,-8771.849623382148,-8040.378223907812,-353.4158922590907,-365.82408076941084,-8932.969017472593,-8524.642673083335,-8582.316800089098,-8159.723538871938,-350.65221738349453,-364.91913421139765,-9200.119849500848,-8240.495818360612,-8848.080577355928,-7879.633364995629,-352.0392721449204,-360.86245336498314,-9277.13051381173,-8362.747710670477,-8924.04452813107,-7999.794791266049,-353.08598568066066,-362.9529194044287,-8949.554819645118,-8295.084040018673,-8596.434460945464,-7941.572822559992,-353.1203586996536,-353.51121745868187,-8960.916629295656,-8363.157441378304,-8604.586827002364,-8005.6829249826915,-356.32980229329223,-357.4745163956121,,,,,,,,,,,,,,,,,,
14,1787,131,-12406.29582708242,-9433.190902800798,-11857.845954457014,-9000.652476731422,-548.4498726254062,-432.53842606937513,othervirus_2020,-10563.588651358596,-9338.97096286942,-10162.979222500118,-8938.863638975014,-400.60942885847703,-400.10732389440665,-10331.432068245173,-9565.66143232187,-9930.960078947306,-9146.790044767191,-400.47198929786606,-418.87138755467845,-10112.518547593401,-9689.857935344133,-9713.064064302582,-9276.434331759596,-399.454483290819,-413.423603584537,-10413.629448247286,-9352.235869658043,-10015.761254212188,-8947.035765485918,-397.86819403509804,-405.2001041721254,-10493.717349803681,-9494.713411668055,-10094.963546869549,-9082.350432558564,-398.7538029341326,-412.3629791094926,-10129.888844549596,-9407.643366550434,-9733.748060528604,-9008.665095232693,-396.1407840209929,-398.9782713177403,-10146.380417617727,-9502.106356461176,-9744.628992325392,-9099.257358401552,-401.7514252923363,-402.84899805962357,,,,,,,,,,,,,,,,,,
15,1882,142,-13097.520073724398,-9979.205729209363,-12512.569841991668,-9514.643833184928,-584.9502317327291,-464.5618960244353,othervirus_2020,-11141.958870586614,-9886.0685268156,-10708.767737832957,-9455.607033526685,-433.19113275365606,-430.4614932889144,-10896.414199236355,-10139.280189057044,-10463.364481353385,-9689.719683552998,-433.0497178829695,-449.56050550404757,-10665.952847867993,-10269.926812543055,-10234.885983320193,-9827.012625492338,-431.0668645477993,-442.9141870507173,-10984.765368206492,-9905.215098742461,-10553.91179492235,-9468.192144116087,-430.8535732841434,-437.02295462637466,-11065.341520165723,-10063.596958652804,-10633.215673723815,-9619.581351530032,-432.12584644190844,-444.0156071227723,-10690.272087852356,-9974.017789305335,-10260.479340116628,-9543.08123354644,-429.7927477357278,-430.9365557588946,-10711.83474249018,-10079.492580622724,-10277.11208643212,-9645.054262041233,-434.72265605806064,-434.438318581491,,,,,,,,,,,,,,,,,,
16,1997,154,-14020.887391754153,-10625.185162174072,-13392.367193589442,-10131.506661168709,-628.520198164712,-493.67850100536225,othervirus_2020,-11872.315493019716,-10545.11209966898,-11408.887350420551,-10087.453369582849,-463.42814259916486,-457.6587300861325,-11605.636755959718,-10823.817085005354,-11144.787975717485,-10344.386805618471,-460.84878024223264,-479.4302793868834,-11362.051374808836,-10962.117154658034,-10902.220284185418,-10490.982576366712,-459.8310906234187,-471.13457829132204,-11701.826476673727,-10564.802667098038,-11241.659218409535,-10099.649337855328,-460.1672582641919,-465.1533292427094,-11781.053277194933,-10734.297369332235,-11319.130289667537,-10261.893990188139,-461.9229875273968,-472.4033791440956,-11387.102184401034,-10632.570514880837,-10928.664063103353,-10174.76798607608,-458.43812129768014,-457.8025288047566,-11413.530304078442,-10756.722265508233,-10950.338729536381,-10292.912835936786,-463.1915745420614,-463.8094295714472,,,,,,,,,,,,,,,,,,
17,2044,157,-14428.506048413912,-10904.178508003528,-13781.74110394207,-10400.055175310601,-646.7649444718434,-504.1233326929275,othervirus_2020,-12181.94999216241,-10831.879121175603,-11707.302404880882,-10362.5982880166,-474.6475872815286,-469.28083315900335,-11906.158169680131,-11126.25476242297,-11434.46448864882,-10635.154024455578,-471.69368103131006,-491.1007379673922,-11657.802776005687,-11266.961439558308,-11187.311868205077,-10784.550822022054,-470.4909078006092,-482.4106175362537,-12008.13213404673,-10854.617273330547,-11537.203178292146,-10378.691161218494,-470.9289557545827,-475.9261121120523,-12083.408632431212,-11028.362106040224,-11610.683033761212,-10545.202203208228,-472.7255986700002,-483.15990283199613,-11684.100258265657,-10921.380111079512,-11215.144289661164,-10453.077913188583,-468.95596860449155,-468.3021978909292,-11712.76780095216,-11056.332195065283,-11238.697139064872,-10581.569525415061,-474.0706618872881,-474.7626696502204,,,,,,,,,,,,,,,,,,
18,2114,168,-15018.84757687957,-11349.586290861085,-14332.68804009934,-10819.20535845728,-686.1595367802307,-530.3809324038056,othervirus_2020,-12649.52743933378,-11283.70416937128,-12151.292209194098,-10788.093774967556,-498.2352301396823,-495.6103944037246,-12364.270617220436,-11600.08963127553,-11868.575930395893,-11083.992537929646,-495.69468682454306,-516.0970933458849,-12107.755308028405,-11751.02987323241,-11615.156423911127,-11244.73018832052,-492.5988841172789,-506.2996849118899,-12467.29483972317,-11306.874107138732,-11973.73929836476,-10809.132638536625,-493.55554135840924,-497.7414686021076,-12541.680862951454,-11493.768904702525,-12047.355923860596,-10988.492991921086,-494.32493909085827,-505.2759127814392,-12133.539989560635,-11381.718157462203,-11643.310164625662,-10889.954704303385,-490.22982493497335,-491.7634531588174,-12166.663176866468,-11532.446692591919,-11671.317334973744,-11034.056725382543,-495.3458418927235,-498.38996720937536,,,,,,,,,,,,,,,,,,
19,2156,170,-15421.389012616402,-11633.380665102743,-14711.47899381673,-11093.949964168974,-709.9100187996712,-539.4307009337673,othervirus_2020,-12945.796201879411,-11576.085728701319,-12438.949863153677,-11070.668600188657,-506.84633872573414,-505.41712851266175,-12654.325559360377,-11912.737578105774,-12150.14583450431,-11384.955998888423,-504.1797248560667,-527.7815792173517,-12397.662639599173,-12068.5131838625,-11895.396101986604,-11553.437069299174,-502.26653761257006,-515.0761145633254,-12760.956507459883,-11603.81428335822,-12259.249522604116,-11097.375147779778,-501.70698485576696,-506.4391355784419,-12833.733870566568,-11798.435667456088,-12330.21853784343,-11283.971695312255,-503.5153327231376,-514.4639721438326,-12421.413993019374,-11678.663443177864,-11923.507746164207,-11178.843712205644,-497.90624685516804,-499.81973097222044,-12459.532780899175,-11846.352483171708,-11954.628881471115,-11338.48800301861,-504.9038994280606,-507.86448015309696,,,,,,,,,,,,,,,,,,
20,2191,174,-15757.67983286377,-11877.779049969567,-15038.535954102084,-11330.525291314076,-719.1438787616859,-547.2537586554911,othervirus_2020,-13205.753817552077,-11830.94996218205,-12690.612822153089,-11315.872092851938,-515.1409953989871,-515.0778693301122,-12909.933436475736,-12179.166920983218,-12396.749632155781,-11642.777554738,-513.1838043199542,-536.3893662452167,-12647.848799947496,-12341.396618410132,-12136.893300928383,-11817.934951090674,-510.95549901911346,-523.4616673194579,-13017.075409450961,-11858.042066118098,-12507.115464782606,-11343.535623522232,-509.95994466835594,-514.5064425958666,-13087.16602469339,-12059.774479308866,-12575.070537095828,-11536.455131316592,-512.0954875975618,-523.3193479922741,-12672.651401363133,-11935.601012208057,-12166.055392782788,-11427.302491251128,-506.5960085803454,-508.298520956929,-12713.619834145336,-12116.044442787002,-12200.58691951143,-11598.315666806082,-513.0329146339064,-517.7287759809207,,,,,,,,,,,,,,,,,,
21,2242,178,-16188.107841187317,-12204.618334439223,-15447.74201572064,-11645.814243689641,-740.3658254666772,-558.8040907495817,othervirus_2020,-13542.850969460196,-12165.23054771773,-13016.957650763468,-11638.746650619041,-525.893318696727,-526.483897098689,-13244.182429797296,-12534.6074850346,-12719.308344350145,-11987.328769998387,-524.8740854471504,-547.2787150362127,-12983.227168260459,-12706.64206143002,-12460.629078502921,-12171.701886852552,-522.5980897575367,-534.9401745774691,-13353.11789776728,-12199.754576134099,-12831.706089948864,-11674.126809927555,-521.4118078184164,-525.627766206544,-13427.969364029654,-12413.0941684768,-12904.112213664233,-11877.13326233688,-523.8571503654209,-535.9609061399215,-13006.216188561124,-12281.62723095725,-12487.741319032815,-11761.431643185857,-518.474869528308,-520.1955877713937,-13051.114640827833,-12474.508203416064,-12525.715360035305,-11945.000935355614,-525.3992807925271,-529.5072680604493,,,,,,,,,,,,,,,,,,
22,2271,185,-16508.45328998242,-12437.4128678374,-15752.297828566783,-11865.221925950078,-756.1554614156344,-572.1909418873219,othervirus_2020,-13777.837016145524,-12404.497531895284,-13240.275943764107,-11865.811802005075,-537.5610723814173,-538.6857298902087,-13474.824828712459,-12787.562293214703,-12936.170962118802,-12228.336367770948,-538.6538665936566,-559.2259254437563,-13208.688593896572,-12966.79040542594,-12673.736919002957,-12419.054490623494,-534.9516748936144,-547.7359148024465,-13585.79903098392,-12442.053182549886,-13052.128229044734,-11904.747622481578,-533.6708019391871,-537.3055600683077,-13652.825313469686,-12663.1341787288,-13117.437854501995,-12113.611905368734,-535.3874589676899,-549.5222733600665,-13233.020633451666,-12528.125275019866,-12702.496289850085,-11994.035035571926,-530.5243436015799,-534.0902394479402,-13284.391502820263,-12735.613780854217,-12747.214046967129,-12193.91875482256,-537.1774558531346,-541.6950260316574,,,,,,,,,,,,,,,,,,
23,2310,193,-16897.393789745794,-12714.266874015902,-16108.57485392101,-12122.77839995003,-788.8189358247844,-591.4884740658717,othervirus_2020,-14070.319797407667,-12693.32851508749,-13513.235576902314,-12133.33365497851,-557.0842205053519,-559.9948601089808,-13763.900650377558,-13092.818305801517,-13202.779516107104,-12511.073300501157,-561.1211342704529,-581.7450053003599,-13490.609949106492,-13273.464603319037,-12935.844642876591,-12708.790680380487,-554.765306229901,-564.6739229385495,-13876.807275555626,-12733.477440679188,-13322.977573459491,-12175.714635642087,-553.8297020961337,-557.7628050371005,-13938.111404929836,-12960.110591749477,-13383.593909951433,-12391.475315478176,-554.5174949784024,-568.6352762713014,-13517.090944204421,-12822.363291235679,-12967.048115441745,-12267.619225822667,-550.0428287626761,-554.7440654130107,-13573.638965926933,-13042.260469110168,-13015.029375189193,-12481.042646472451,-558.6095907377404,-561.2178226377165,,,,,,,,,,,,,,,,,,
24,2349,198,-17244.63576196353,-12974.495568640188,-16437.187105048706,-12369.302645964686,-807.4486569148245,-605.192922675502,othervirus_2020,-14343.726407377615,-12960.076373602027,-13771.748744286018,-12387.610633452303,-571.9776630915959,-572.4657401497246,-14030.175832765024,-13377.196611110721,-13456.193718346363,-12783.475726175386,-573.9821144186606,-593.720884935335,-13756.527513758008,-13564.0802583002,-13188.343585007822,-12987.63402086861,-568.1839287501857,-576.4462374315908,-14148.487257990138,-13008.440571405526,-13580.79876744916,-12438.263370643175,-567.6884905409795,-570.1772007623521,-14206.14715199509,-13240.865091268955,-13636.830261819512,-12660.290377124626,-569.3168901755789,-580.5747141443308,-13782.491849477927,-13098.444305718545,-13218.992341126064,-12532.20953563543,-563.4995083518626,-566.2347700831167,-13842.058051970807,-13331.111285845833,-13269.86418145796,-12757.787483830583,-572.1938705128466,-573.3238020152498,,,,,,,,,,,,,,,,,,
25,2377,199,-17518.314385752517,-13154.453682262922,-16697.82081314079,-12546.578371915972,-820.4935726117308,-607.8753103469502,othervirus_2020,-14540.455886075246,-13148.33171933965,-13965.722202026582,-12573.879058274813,-574.7336840486639,-574.4526610648378,-14223.693231276253,-13578.362737409103,-13646.882517418522,-12981.509950836302,-576.8107138577315,-596.8527865728004,-13954.376760944428,-13767.545518561501,-13382.788573814685,-13188.578271771994,-571.5881871297423,-578.9672467895069,-14345.41508199999,-13202.890976023895,-13774.83507053126,-12629.887281400739,-570.5800114687294,-573.0036946231555,-14406.750458724298,-13437.230908166539,-13834.594809316714,-12854.17575450333,-572.1556494075855,-583.0551536632075,-13977.25692922962,-13289.502666779943,-13411.074716174582,-12721.35778577312,-566.182213055038,-568.1448810068241,-14041.469018739013,-13532.146246981993,-13466.122147112455,-12956.686849116124,-575.3468716265581,-575.4593978658692,,,,,,,,,,,,,,,,,,
0,2,0,-7.473164273897762,-20.219051271894795,-7.234687905948964,-18.832756910774904,-0.23847636794879823,-1.3862943611198906,covid_2020,-8.29348282855388,-9.399326894607151,-7.889442942001585,-9.241299331010191,-0.40403988655229495,-0.15802756359695927,-9.120945890990466,-10.065264843242534,-8.541933157556354,-9.87848296963673,-0.579012733434113,-0.18678187360580398,-8.945774641375056,-10.317567925075517,-8.639382453384517,-10.18496490937892,-0.30639218799053997,-0.13260301569659821,-8.63787391288669,-10.006730728920937,-8.115286174922634,-9.694530206383728,-0.5225877379640566,-0.31220052253720854,-8.84961180939702,-10.387699287693948,-8.515525816850872,-10.150138952664658,-0.3340859925461486,-0.23756033502929066,-8.585872308960495,-10.201962501476162,-8.06905831678835,-9.932947582668593,-0.5168139921721444,-0.2690149188075693,-8.326088855173372,-9.668884546464982,-7.884704139965676,-9.454705959763382,-0.4413847152076972,-0.21417858670159978,-8.058725144590726,-7.834910641660688,-0.2238145029300379,,,,,,,,,,,,,,,
1,8,1,-51.48311461694692,-61.99860993909962,-48.87275679457407,-57.787610854600935,-2.610357822372851,-4.2109990844986855,covid_2020,-43.36244396791116,-49.06422218293116,-41.54347917868464,-47.466776531534485,-1.8189647892265175,-1.5974456513966737,-45.35107573314476,-52.667057318955756,-42.29130342000124,-51.26756096540232,-3.05977231314352,-1.3994963535534388,-44.20111322516052,-54.90683636788151,-41.40364435690964,-53.24525306975353,-2.797468868250881,-1.6615832981279768,-43.31999986335116,-49.863316229583745,-40.905254121431454,-47.93755707195956,-2.4147457419197034,-1.9257591576241815,-43.94178875519809,-53.03453050819034,-41.86627322548105,-51.182596209401794,-2.0755155297170407,-1.8519342987885485,-43.665251849401685,-51.971266482064735,-41.21329328200796,-50.11275421080917,-2.4519585673937243,-1.8585122712555622,-42.54607345351385,-51.201779448724295,-40.048837171924426,-49.66099477417375,-2.4972362815894242,-1.5407846745505451,-44.86826705881394,-42.02315176037624,-2.8451152984377046,,,,,,,,,,,,,,,
2,39,8,-298.90845837601296,-279.9330978033835,-274.0937865644829,-259.10058810030506,-24.814671811530076,-20.832509703078422,covid_2020,-250.58425836286426,-291.93063487030867,-232.0509023673438,-273.37640260073414,-18.53335599552046,-18.554232269574523,-251.79893985415498,-316.56915824032757,-231.29919813759807,-298.7188787716204,-20.49974171655691,-17.8502794687072,-250.20867221856253,-327.4187731986499,-229.66719294749575,-309.89897500974485,-20.54147927106678,-17.519798188905018,-246.68299900035245,-295.2446428405589,-227.9905597200882,-277.132763390391,-18.692439280264235,-18.111879450167898,-249.28710369868057,-314.3937799026639,-230.31893915479247,-296.7229638359791,-18.9681645438881,-17.670816066684775,-248.367320963266,-310.2932582159428,-229.68242637538341,-292.4503521518565,-18.684894587882578,-17.84290606408624,-246.35529906608332,-312.7018510285794,-226.84496333184177,-295.5487247542102,-19.510335734241565,-17.153126274369253,-260.66232867480164,-240.2844275609814,-20.3779011138202,,,,,,,,,,,,,,,
3,749,276,-7171.12211040456,-5376.27641213749,-6457.638637913064,-4874.049401546262,-713.483472491496,-502.22701059122835,covid_2020,-5703.887529673089,-6616.069299376732,-5214.275602580801,-6163.711891166251,-489.6119270922883,-452.35740821048046,-5627.593752484702,-7258.339703363021,-5096.5672878102805,-6759.167445689181,-531.026464674422,-499.17225767383985,-5466.2439304072295,-7465.143661937496,-4967.490875723962,-7018.750762704434,-498.7530546832679,-446.3928992330625,-5572.143741913827,-6720.510295819246,-5078.6103339066885,-6231.549381690345,-493.5334080071389,-488.9609141289,-5382.341287095702,-7104.9265624700165,-4908.981848755021,-6649.40738815674,-473.359438340681,-455.5191743132762,-5518.174296552715,-7021.797357505505,-5029.792872232722,-6562.689111166946,-488.3814243199926,-459.10824633855907,-5501.518131643555,-7201.719779075918,-4993.228908895248,-6750.051415132247,-508.2892227483062,-451.6683639436711,-5916.559186822804,-5399.0820544955495,-517.4771323272544,,,,,,,,,,,,,,,
4,3538,1045,-34288.36101264699,-23531.97309364677,-30919.127234205684,-21615.550732667536,-3369.2337784413053,-1916.4223609792343,covid_2020,-26254.861959954607,-30450.950089092326,-24115.18715303302,-28446.203072906872,-2139.674806921588,-2004.7470161854544,-25887.22191499647,-33545.92027327738,-23612.974036236217,-31325.450516607827,-2274.247878760253,-2220.469756669548,-25390.195455547564,-34337.85000613548,-23210.19439864546,-32384.329916657232,-2180.0010569021033,-1953.5200894782447,-25643.763845863545,-30982.64727701521,-23501.577936093694,-28876.382358578325,-2142.1859097698502,-2106.264918436885,-25123.15420263739,-32711.550107566614,-23045.26984097105,-30719.769562196976,-2077.8843616663394,-1991.780545369638,-25523.48402259466,-32185.889368139644,-23415.604554728565,-30197.67324897012,-2107.8794678660956,-1988.216119169524,-25498.59759133226,-33169.44528021752,-23278.4685302717,-31173.755311206838,-2220.129061060562,-1995.6899690106857,-27338.277897258442,-25206.557744651,-2131.720152607442,,,,,,,,,,,,,,,
5,7670,2262,-74293.10356146468,-50072.99914964145,-67314.43014110457,-46018.03785400152,-6978.67342036011,-4054.9612956399296,covid_2020,-56684.01469407086,-65750.55400316796,-52147.8674983074,-61465.16300459744,-4536.147195763455,-4285.390998570518,-55837.41948228741,-72425.83507793475,-51082.39112738303,-67703.66165007361,-4755.028354904378,-4722.173427861142,-54895.93895901854,-74157.21871193292,-50262.75745071405,-69928.49774407438,-4633.181508304488,-4228.7209678585405,-55369.24948934167,-66882.15764433079,-50840.12505425821,-62425.08069768672,-4529.124435083457,-4457.0769466440615,-54431.42748173386,-70676.72796518322,-49996.7641615129,-66365.2328489348,-4434.663320220954,-4311.495116248418,-55170.20588181737,-69465.99881272938,-50702.68678722902,-65205.70529221413,-4467.51909458835,-4260.293520515244,-55135.804213544034,-71663.77696376428,-50448.9814018117,-67359.53069594887,-4686.82281173233,-4304.246267815408,-59282.25718994593,-54723.23445336438,-4559.022736581555,,,,,,,,,,,,,,,
6,11660,3638,-114202.51483946512,-76345.71871439584,-103455.41275840538,-70122.52895050624,-10747.102081059738,-6223.1897638896035,covid_2020,-86939.69882831402,-100619.9836931683,-79927.98129451953,-94001.9899627704,-7011.717533794486,-6617.993730397899,-85521.6798831618,-110814.59235058964,-78203.84238150602,-103530.56446238226,-7317.837501655789,-7284.027888207373,-84080.70253624616,-113401.43815559814,-76934.90124437024,-106856.23072265889,-7145.801291875925,-6545.2074329392535,-84953.37086360558,-102354.39085561404,-77965.34501715758,-95472.20164726424,-6988.025846448001,-6882.189208349792,-83411.46261443551,-108062.02885594624,-76560.9427882338,-101417.03982357812,-6850.519826201702,-6644.9890323681175,-84579.35818782919,-106243.52433402537,-77678.45412763476,-99673.67008666135,-6900.904060194427,-6569.85424736401,-84576.70409690912,-109682.96066193374,-77356.59791634369,-103051.6697528392,-7220.106180565424,-6631.290909094553,-91034.6238962432,-84001.92511529668,-7032.6987809465145,,,,,,,,,,,,,,,
7,16833,5541,-167023.45217485217,-110708.2407083158,-151366.6671177049,-101583.02523559314,-15656.785057147279,-9125.215472722666,covid_2020,-126611.88463051352,-146229.4085591837,-116324.67638532858,-136512.04749092855,-10287.208245184935,-9717.361068255146,-124379.11851202665,-161078.61398941535,-113698.41172105202,-150385.59156525842,-10680.70679097463,-10693.02242415691,-122395.55307230772,-164721.49513757438,-111891.2035902726,-155084.16908752406,-10504.349482035115,-9637.326050050318,-123781.69067888078,-148746.5176247514,-113547.33924432732,-138672.8518220563,-10234.351434553457,-10073.665802695092,-121449.93320441297,-156967.28070921873,-111364.05646093405,-147174.42228398344,-10085.87674347892,-9792.858425235296,-123146.92897492478,-154283.1336848531,-113026.96130890455,-144628.71198037948,-10119.967666020242,-9654.4217044736,-123244.44366770369,-159499.61234424743,-112670.12843122389,-149724.59887192727,-10574.315236479802,-9775.013472320166,-132703.33836128883,-122401.50827849968,-10301.830082789153,,,,,,,,,,,,,,,
8,25622,8671,-257086.2954606983,-168974.26738313504,-233085.34260970418,-154979.64398065495,-24000.952850994116,-13994.623402480094,covid_2020,-193919.62880937802,-223577.78472740186,-178119.19646623128,-208649.8633037984,-15800.43234314674,-14927.921423603462,-190329.37021589966,-246324.44292247374,-174013.81576373187,-229930.4246837317,-16315.554452167798,-16394.01823874206,-187420.29625083215,-251784.9029777355,-171309.7087189334,-236977.81219463318,-16110.587531898756,-14807.090783102314,-189633.91169032038,-227449.69244776233,-173961.24616574662,-212018.68460285134,-15672.665524573751,-15431.007844910993,-186012.10738260622,-239857.05772900104,-170525.76460388355,-224858.84630823907,-15486.342778722663,-14998.211420761967,-188604.2414825753,-235719.24147370755,-173099.50207745962,-220919.85190454748,-15504.739405115699,-14799.389569160048,-188854.78191543152,-243946.28364751601,-172681.10357336502,-228947.90651871765,-16173.678342066502,-14998.37712879836,-203524.14271066806,-187757.46323001868,-15766.679480649378,,,,,,,,,,,,,,,
9,36488,12821,-371985.80544169206,-241625.8668661068,-337046.9188514766,-221468.76706659727,-34938.886590215414,-20157.09979950953,covid_2020,-278910.269626527,-320651.59522669914,-255994.75745670742,-299073.82496562053,-22915.51216981953,-21577.77026107858,-273300.80251626024,-353175.13244550093,-249820.7728840834,-329424.3573059007,-23480.02963217683,-23750.77513960019,-269142.466853153,-360737.21778025734,-245847.75885113515,-339357.16409350437,-23294.708002017873,-21380.05368675295,-272662.21575858525,-326118.758758388,-250022.94233936808,-303829.6293706309,-22639.273419217163,-22289.129387757108,-267134.56750052224,-343568.9179482039,-244692.90889614035,-321936.35504973924,-22441.658604381904,-21632.562898464676,-270917.2220408421,-337585.9074594245,-248541.9128622222,-316240.84910861566,-22375.309178619886,-21345.05835080887,-271585.5261308309,-349788.47267363395,-248206.6048505651,-328142.3373237103,-23378.921280265837,-21646.135349923657,-292763.2001046568,-270066.91321107396,-22696.286893582866,,,,,,,,,,,,,,,
10,49955,18177,-516491.40512905945,-331548.2149286189,-467819.96088287793,-303611.3570083169,-48671.444246181534,-27936.857920301998,covid_2020,-385095.57974663324,-441483.95829445135,-353221.0110012361,-411520.80682512064,-31874.568745397155,-29963.151469330693,-376746.2572607477,-486038.4901345672,-344257.3377508678,-453021.2647127326,-32488.9195098799,-33017.22542183464,-370936.2486035911,-496188.9817649041,-338577.5046538331,-466481.7579239727,-32358.743949757976,-29707.22384093143,-376291.06982475054,-448803.572085947,-344882.86032562645,-417882.98238103837,-31408.20949912407,-30920.5897049086,-368046.29594288603,-472478.7192199685,-336827.80583029974,-442445.4854624997,-31218.490112586267,-30033.233757468763,-373475.8826266185,-464161.81939909287,-342437.5251131665,-434521.5443828986,-31038.357513451985,-29640.275016194264,-374724.7593152055,-481488.46222806186,-342291.5153479106,-451403.4519786689,-32433.24396729494,-30085.010249392948,-404149.5867730715,-372757.7429034115,-31391.84386965999,,,,,,,,,,,,,,,
11,64280,23774,-673992.964448837,-428150.1268753789,-610782.1551559903,-392049.0124285,-63210.80929284675,-36101.11444687887,covid_2020,-499791.87286319275,-571443.3563001209,-458549.885624652,-532739.4623167804,-41241.98723854077,-38703.89398334053,-488310.4476627127,-628800.7632466364,-446419.6573185703,-586159.2663139183,-41890.79034414241,-42641.496932718066,-480631.9884424254,-641787.4709925002,-438820.82291318686,-603388.7964968587,-41811.16552923854,-38398.67449564146,-488258.85546852794,-580765.7613854294,-447660.961106352,-540822.0472379791,-40597.89436217596,-39943.71414745031,-476776.1951406502,-610968.7074034441,-436348.3544977144,-572137.7242920724,-40427.84064293583,-38830.98311137172,-484146.88948929316,-600052.1945792503,-444006.700622409,-561762.2456043914,-40140.188866884135,-38289.948974858824,-486165.8720644535,-623293.6120420805,-444234.5480939804,-584343.7035974854,-41931.32397047309,-38949.90844459504,-524620.4351951207,-484056.38897777116,-40564.04621734962,,,,,,,,,,,,,,,
12,79851,29790,-848516.3693200361,-533588.0027700602,-769093.668843294,-488555.0910227862,-79422.70047674212,-45032.91174727393,covid_2020,-625973.497848739,-714072.1585822396,-574516.9928312583,-665726.6909091764,-51456.505017480726,-48345.4676730633,-610916.500232589,-785258.0496450925,-558731.0872262032,-732054.2576935939,-52185.41300638576,-53203.791951498635,-600951.4397995902,-801214.7685932501,-548826.7077217096,-753340.0715569817,-52124.73207788053,-47874.69703626844,-611399.4443684597,-725362.6555215571,-560789.6117000199,-675557.6790913437,-50609.83266843981,-49804.97643021339,-595932.7016206058,-762551.5520731133,-545473.0721464921,-714127.4972636222,-50459.629474113746,-48424.05480949108,-605624.1589325065,-748827.5577991522,-555588.3420407823,-701076.1525557062,-50035.81689172408,-47751.405243445966,-608645.0349496927,-778709.1635419416,-556327.099838062,-730060.5744475386,-52317.93511163072,-48648.58909440295,-657089.5796885324,-606585.906761523,-50503.67292700945,,,,,,,,,,,,,,,
13,96235,36198,-1035215.552591615,-644872.732184289,-938509.5161624867,-590403.3048224229,-96706.03642912829,-54469.42736186617,covid_2020,-760379.7796372221,-865494.3799779117,-698056.40442636,-806939.2594353438,-62323.37521086198,-58555.12054256795,-741245.9900177139,-951254.8123434066,-678138.2799533377,-886818.7048743503,-63107.710064376166,-64436.10746905631,-728633.3562254084,-970129.3741726873,-665551.0454185816,-912226.8188089539,-63082.31080682677,-57902.55536373343,-742490.8209625215,-878701.4133302534,-681246.7410890195,-818437.3875582289,-61244.079873502065,-60264.025772024484,-722434.8934090849,-923157.7820891556,-661320.7172192795,-864578.0755214647,-61114.17618980537,-58579.70656769088,-734717.2556740453,-906595.4621262271,-674188.6023226865,-848806.3128428005,-60528.65335135884,-57789.149283426596,-739013.539348409,-943669.4956297685,-675679.8979090758,-884733.1508215879,-63333.64143933321,-58936.34480818055,-798364.4022478983,-737326.946386222,-61037.455861676295,,,,,,,,,,,,,,,
14,112317,42450,-1218366.152766319,-753924.1631842318,-1104623.654639359,-690240.4880786169,-113742.49812696,-63683.67510561492,covid_2020,-892052.343610456,-1013890.6552804214,-819081.6414578126,-945299.237502836,-72970.70215264335,-68591.41777758538,-868948.7872065599,-1114033.720729849,-795170.4173589117,-1038555.3574885153,-73778.36984764824,-75478.36324133385,-853796.5949166203,-1135764.0824399914,-779995.96554267,-1068053.1619598365,-73800.62937395027,-67710.92048015488,-870961.4252828812,-1029016.485670423,-799324.2108992969,-958489.1807160034,-71637.21438358437,-70527.30495441961,-846377.9114742866,-1080609.0437971016,-774826.8444156526,-1012087.7378755985,-71551.06705863401,-68521.30592150308,-861224.2815239993,-1061189.4194844507,-790444.3278212799,-993595.7098298203,-70779.95370271942,-67593.7096546304,-866781.1273466861,-1105345.2027079924,-792623.261872092,-1036330.2399811889,-74157.8654745941,-69014.96272680353,-936778.4902371,-865448.6772403072,-71329.8129967929,,,,,,,,,,,,,,,
15,131858,50246,-1441858.7045859087,-887191.8967946533,-1306205.94019751,-812111.1368846385,-135652.7643883988,-75080.75991001487,covid_2020,-1052713.4100275724,-1195007.8059376064,-966564.92889688,-1113889.1519444704,-86148.48113069253,-81118.65399313596,-1024812.3278237352,-1312577.0727010649,-937735.402901229,-1223288.755476118,-87076.92492250624,-89288.31722494673,-1006569.187509076,-1337649.035585542,-919444.1031372963,-1257795.2126798118,-87125.0843717797,-79853.82290573021,-1027739.980411939,-1212432.0877618599,-943241.6667632975,-1129148.910772011,-84498.31364864143,-83283.17698984902,-997650.9862406313,-1272604.0790783747,-913204.929139219,-1191796.0612170456,-84446.0571014123,-80808.01786132905,-1015540.406237259,-1249819.0383785088,-932113.1584612911,-1170093.3298458513,-83427.24777596787,-79725.70853265736,-1022842.7798729921,-1302590.3194376677,-935202.4609278913,-1221142.4495025668,-87640.31894510082,-81447.86993510093,-1105528.2943096252,-1021510.3583894937,-84017.93592013157,,,,,,,,,,,,,,,
16,151080,57247,-1666688.6857247713,-1018720.9230250212,-1510324.177321824,-932645.9653216697,-156364.50840294728,-86074.95770335148,covid_2020,-1212947.9895309394,-1375115.2293531238,-1114211.4422176257,-1282082.4856259404,-98736.54731331379,-93032.7437271834,-1180006.5830817919,-1509844.8817604226,-1080294.5089550214,-1407504.2983318567,-99712.07412677043,-102340.58342856588,-1158574.4319551196,-1538335.0305966986,-1058749.2927564243,-1446867.9636683462,-99825.13919869532,-91467.06692835245,-1184034.5563648613,-1394717.6347076208,-1087216.9427040673,-1299289.1789666275,-96817.61366079387,-95428.45574099329,-1148260.4703116552,-1463339.7763048068,-1051425.5093109694,-1370738.1923384522,-96834.96100068574,-92601.5839663547,-1169302.9236900527,-1437096.7027826756,-1073737.9233137702,-1345765.0847157822,-95565.00037628255,-91331.61806689345,-1178508.7269056882,-1498839.8976512034,-1077986.8264119178,-1405473.4788614179,-100521.90049377026,-93366.41878978556,-1274506.317956312,-1178250.2483073478,-96256.06964896424,,,,,,,,,,,,,,,
17,169299,63618,-1877660.478847675,-1143028.5756295358,-1702352.6582237887,-1046662.1028877245,-175307.82062388633,-96366.47274181126,covid_2020,-1363760.2539498014,-1544766.0710156956,-1253205.9237470285,-1440624.5475470982,-110554.33020277292,-104141.52346859721,-1326244.089356126,-1695761.5984067165,-1214678.949396631,-1581279.3375435818,-111565.139959495,-114482.26086313455,-1302010.1351078998,-1727661.4064792707,-1190298.037633424,-1625348.1962878676,-111712.09747447594,-102313.21019140311,-1331175.7602267207,-1566691.8511812768,-1222772.5406100433,-1459881.8323885873,-108403.21961667736,-106810.01879268962,-1290424.0369411185,-1643316.3926738736,-1181937.8072164569,-1539671.5094184806,-108486.22972466162,-103644.88325539306,-1314343.0599598933,-1613724.0512580348,-1207317.4058546866,-1511507.5744697575,-107025.65410520673,-102216.47678827733,-1325254.0119368853,-1684027.3854015374,-1212668.1756192658,-1579481.1792330008,-112585.83631761945,-104546.20616853646,-1433609.3742801072,-1325902.5858035139,-107706.78847659324,,,,,,,,,,,,,,,
18,189339,70721,-2111667.1684122067,-1279682.0801145951,-1914981.7006784284,-1172005.8016285342,-196685.4677337782,-107676.27848606103,covid_2020,-1530361.996493726,-1732072.8703161369,-1406888.7267352755,-1615665.748047533,-123473.26975845048,-116407.12226860391,-1487778.6436260566,-1901135.8904847992,-1363149.2307778979,-1773164.1024644636,-124629.4128481587,-127971.78802033553,-1460352.8261289087,-1936625.451075154,-1335560.2652149834,-1822372.7652899788,-124792.5609139253,-114252.68578517495,-1493761.6189863393,-1756546.9105814556,-1372688.7762319762,-1637210.2090607877,-121072.84275436311,-119336.70152066794,-1447257.1670982863,-1841941.1038080463,-1326064.3124559475,-1726143.1776212822,-121192.85464233892,-115797.92618676416,-1474437.220422183,-1808694.0334645638,-1354917.8553738983,-1694504.9058854575,-119519.36504828464,-114189.12757910634,-1487366.3211498521,-1888539.7135823006,-1361532.2461257288,-1771727.3384107202,-125834.0750241234,-116812.37517158026,-1609682.175296125,-1489372.704935605,-120309.47036052003,,,,,,,,,,,,,,,
19,210012,77711,-2350343.8888834477,-1420334.9894621521,-2132178.718231432,-1301148.3494054764,-218165.17065201543,-119186.64005667571,covid_2020,-1700910.7476547796,-1923533.138140831,-1564300.5647423174,-1794691.997255026,-136610.18291246207,-128841.14088580494,-1653121.8766937912,-2110842.8405824956,-1515206.6159411306,-1969258.9249066152,-137915.26075266066,-141583.9156758804,-1622406.937049883,-2150117.560268301,-1484352.6917573975,-2023723.9485540176,-138054.24529248534,-126393.61171428346,-1660265.2353545043,-1950619.0033816693,-1526270.0949626707,-1818538.6145657208,-133995.14039183356,-132080.3888159485,-1607893.462822004,-2044948.5378703668,-1473773.079709718,-1916841.4232971314,-134120.38311228598,-128107.11457323548,-1638380.5129006382,-2008050.538150107,-1506112.6637751188,-1881700.2652408557,-132267.84912551937,-126350.27290925139,-1653363.4943904951,-2097591.926913223,-1514048.9565173674,-1968310.571244205,-139314.53787312767,-129281.35566901806,-1789777.4784552818,-1656667.18568107,-133110.2927742118,,,,,,,,,,,,,,,
20,231168,84539,-2599532.595407584,-1564804.5327646944,-2359249.8008037694,-1434058.410965515,-240282.79460381478,-130746.12179917931,covid_2020,-1877524.6694682478,-2121393.488249052,-1727639.710532956,-1980016.3132548206,-149884.95893529162,-141377.1749942312,-1824219.7717335357,-2327558.24564822,-1672893.7780438801,-2172188.5027042497,-151325.99368965553,-155369.7429439705,-1790126.005790987,-2370615.473371627,-1638631.7805446459,-2231984.186887856,-151494.22524634117,-138631.28648377093,-1832650.2283056055,-2151191.4873168794,-1685606.7928095912,-2006251.7248765286,-147043.43549601428,-144939.762440351,-1774143.2664498978,-2254605.5383232962,-1626930.5739075176,-2114019.5644869795,-147212.69254238027,-140585.97383631693,-1808058.205631928,-2213840.7789247,-1662929.0576213857,-2075216.817673838,-145129.14801054227,-138623.96125086164,-1825456.0395770217,-2313762.0849191,-1672469.8179553784,-2171887.2691349545,-152986.22162164326,-141874.81578414573,-1976745.1086600712,-1830688.0168664393,-146057.09179363196,,,,,,,,,,,,,,,
21,252038,91450,-2846464.929017368,-1707954.4928008982,-2584267.1067063934,-1565473.5646867254,-262197.8223109741,-142480.9281141728,covid_2020,-2052855.5439835894,-2317521.1487482814,-1889664.034317436,-2163521.7388946908,-163191.50966615343,-153999.4098535905,-1993845.5678274771,-2542136.696696238,-1829140.9742098742,-2373042.1571819535,-164704.59361760283,-169094.53951428455,-1956287.62794557,-2589032.102329163,-1791387.2315703882,-2438129.372771666,-164900.39637518185,-150902.7295574971,-2003794.8883465321,-2349934.323154918,-1843688.4000383948,-2192107.327172904,-160106.48830813737,-157826.99598201434,-1938879.7947030112,-2462287.6728945267,-1778515.9602247071,-2309186.20475813,-160363.834478304,-153101.46813639667,-1976342.749437339,-2417769.8903357373,-1818316.0880416476,-2266836.5729435016,-158026.66139569128,-150933.3173922356,-1996185.7149572503,-2528092.1421223697,-1829500.9129967913,-2373580.75217146,-166684.80196045904,-154511.38995090983,-2162265.409323626,-2003218.2582717738,-159047.15105185236,,,,,,,,,,,,,,,
22,271902,98131,-3087047.9804442762,-1844780.3989286416,-2804056.0018808004,-1691197.5103787174,-282991.9785634757,-153582.8885499241,covid_2020,-2222654.270883968,-2506825.8428796595,-2046736.7282259322,-2340840.97737395,-175917.54265803585,-165984.86550570955,-2157819.874227672,-2749113.6749798963,-1980358.956004723,-2566918.450854473,-177460.9182229489,-182195.2241254237,-2116614.1445526048,-2799528.6655219807,-1938936.1909136819,-2636972.1609515403,-177677.95363892306,-162556.5045704403,-2169436.9492392647,-2541585.275809006,-1996850.8517519305,-2371471.88443662,-172586.09748733416,-170113.39137238567,-2097723.1151276845,-2662295.9013066525,-1924833.1487068688,-2497318.6897267587,-172889.96642081562,-164977.2115798937,-2138922.378277987,-2614227.772373061,-1968588.607783441,-2451571.1298996625,-170333.77049454593,-162656.64247339877,-2161396.0236819945,-2734918.7482711244,-1981639.9266712207,-2568365.258770441,-179756.09701077384,-166553.48950068332,-2342124.7591738785,-2170715.7073930083,-171409.05178087,,,,,,,,,,,,,,,
23,290466,104442,-3311598.5369207277,-1972454.9223179496,-3009194.4714788403,-1808360.582471587,-302404.06544188724,-164094.33984636256,covid_2020,-2380995.887942225,-2683316.3704826254,-2193194.5904225106,-2506026.5142640537,-187801.29751971466,-177289.85621857192,-2310805.715733352,-2942123.783974156,-2121369.014047299,-2747640.9922498246,-189436.70168605298,-194482.79172433115,-2266348.100410293,-2995829.886370083,-2076649.2333764574,-2822286.343968715,-189698.8670338353,-173543.54240136786,-2323991.484071118,-2720347.331210779,-2139724.755606087,-2538727.698012369,-184266.72846503102,-181619.63319841004,-2246139.5340829478,-2848889.266957753,-2061479.427761233,-2672694.044417239,-184660.1063217149,-176195.2225405141,-2290719.408374921,-2797445.681605754,-2108834.23493341,-2623752.654617019,-181885.1734415111,-173693.02698873484,-2315653.150768225,-2927955.2021974255,-2123665.0585727245,-2750040.4710266525,-191988.09219550047,-177914.73117077298,-2510065.9209070476,-2327096.3764134664,-182969.54449358134,,,,,,,,,,,,,,,
24,307438,110063,-3518150.724493993,-2089478.3002568244,-3198368.291586311,-1915875.5793590872,-319782.43290768174,-173602.7208977371,covid_2020,-2526615.78832459,-2845336.5851442385,-2327968.5786935096,-2657842.9379815576,-198647.20963108013,-187493.6471626808,-2451355.2463213718,-3119202.634141789,-2251092.916949039,-2913632.358900242,-200262.32937233287,-205570.2752415466,-2403837.78640246,-3175980.093226829,-2203267.1079766518,-2992494.011084702,-200570.67842580855,-183486.08214212736,-2466111.1433510045,-2884460.596956257,-2271208.8338293447,-2692379.523646172,-194902.30952165986,-192081.07331008464,-2382466.9677634565,-3020084.5140088685,-2187099.6352396803,-2833756.7054521153,-195367.33252377607,-186327.80855675298,-2430234.0716399504,-2965582.4967121426,-2237830.782537456,-2781905.861330972,-192403.2891024941,-183676.63538117037,-2457511.3502357476,-3105202.868798932,-2254410.4586330103,-2917003.8098600036,-203100.89160273742,-188199.0589389282,-2664730.7701876033,-2471205.3172421074,-193525.452945496,,,,,,,,,,,,,,,
25,324315,115649,-3727523.0418702215,-2206434.2749346606,-3389773.0839516353,-2023359.2948685,-337749.95791858615,-183074.98006616055,covid_2020,-2672980.8961314023,-3007903.0872049206,-2463478.851348016,-2810191.6861480386,-209502.04478338658,-197711.401056882,-2592576.3799563767,-3297001.743889359,-2381483.869968522,-3080260.7223559353,-211092.50998785495,-216741.02153342345,-2542081.278471329,-3356698.442153339,-2330637.60827728,-3163294.114073674,-211443.6701940491,-193404.32807966458,-2608975.224999919,-3049237.08198641,-2403447.46690959,-2846677.427584297,-205527.7580903287,-202559.65440211305,-2519587.300471137,-3191784.5191559154,-2313509.1125543965,-2995335.9012346338,-206078.1879167403,-196448.6179212816,-2570499.3571617873,-3134139.3008641438,-2367618.901834784,-2940507.8812350887,-202880.45532700303,-193631.41962905508,-2600403.9214845398,-3283212.4687399706,-2386127.361528704,-3084785.052031096,-214276.5599558359,-198427.4167088744,-2820539.778648451,-2616497.701551246,-204042.0770972051,,,,,,,,,,,,,,,
0,737,280,-10618.408499834977,-7450.720393693231,-9536.53500791725,-6939.870921620552,-1081.8734919177277,-510.8494720726797,covid_2021,-7029.816012296343,-7614.966940819712,-6523.712539819373,-7118.675149739071,-506.10347247696996,-496.2917910806415,-6689.172960146793,-8260.226401301352,-6192.79207543297,-7723.2857919613325,-496.3808847138237,-536.9406093400189,-6521.3688340055905,-8360.912945049859,-6003.699361451496,-7873.194549776141,-517.6694725540945,-487.7183952737186,-6854.3497533000445,-7663.619964684645,-6365.218669474278,-7163.700997037673,-489.13108382576706,-499.9189676469721,-6442.45939668372,-7926.585016248101,-5929.743597928198,-7439.269458876939,-512.7157987555223,-487.31555737116173,-6642.155932854281,-7796.96664981733,-6158.17476113505,-7312.171514420283,-483.9811717192305,-484.7951353970479,-6836.065414472,-8329.661748922139,-6315.084095397066,-7831.818745900003,-520.9813190749339,-497.84300302213626,-6519.65909596664,-6036.130998577742,-483.52809738889835,-5293.0639553991205,-6629.068205494044,-4843.484415775552,-6105.596841044124,-449.57953962356777,-523.4713644499211,,,,,,,,,
1,7554,2583,-99374.95773043021,-55135.60434365646,-90970.14846134996,-50637.5375339162,-8404.809269080237,-4498.066809740261,covid_2021,-68446.64836426936,-75130.95338316476,-63515.58440183708,-70392.74128996991,-4931.06396243228,-4738.212093194842,-65625.21037231783,-81794.99115286881,-60677.2428570817,-76656.48496212895,-4947.967515236135,-5138.50619073987,-63876.48237956476,-82986.82721142535,-58894.77818305517,-78399.91593901691,-4981.704196509595,-4586.911272408444,-66739.92457183724,-75781.19190687856,-61901.141236513504,-70990.08953165071,-4838.783335323729,-4791.102375227858,-63161.12661995791,-78783.7103127614,-58249.43164967366,-74086.75737244516,-4911.694970284257,-4696.952940316228,-65035.88863777476,-77416.85864122439,-60253.72116197908,-72800.95062662117,-4782.167475795676,-4615.908014603223,-66466.10629967455,-82158.2084415284,-61355.10702847459,-77364.30910790237,-5110.999271199964,-4793.899333626037,-63793.232725951326,-59164.722704989275,-4628.510020962052,-52866.88730826941,-65752.07971480486,-48494.784894476434,-61130.28450478261,-4372.10241379298,-4621.795210022252,,,,,,,,,
2,21023,6806,-266549.5316872864,-146538.98781387447,-244227.51698845305,-134460.91876671795,-22322.014698833336,-12078.069047156507,covid_2021,-185294.65251476376,-204545.59265165433,-171771.36838157653,-191618.75474401968,-13523.284133187222,-12926.837907634634,-178225.5111889258,-223191.46772589022,-164603.46011414798,-209169.58784604556,-13622.051074777828,-14021.879879844651,-173804.32726727246,-226710.65369274898,-160170.73037214106,-214221.56021654597,-13633.596895131403,-12489.093476203005,-180672.15784516875,-206893.2040839701,-167377.67641213827,-193768.94567188984,-13294.481433030487,-13124.25841208025,-172105.56253571346,-215368.4623529625,-158693.58778790297,-202582.683482533,-13411.974747810484,-12785.778870429484,-176755.73867437913,-211558.83503881292,-163625.47114058826,-198953.85448747344,-13130.267533790859,-12604.980551339473,-180218.36116043912,-223971.41797253102,-166230.73138403572,-210969.15811906036,-13987.629776403382,-13002.259853470665,-173400.481356094,-160770.79011431735,-12629.691241776665,-144233.9744260613,-179905.66917756113,-132274.66881491867,-167346.28274522914,-11959.305611142627,-12559.386432331976,,,,,,,,,
3,36793,11757,-461763.87490170734,-253510.1640890932,-422751.0092924764,-232640.34300671247,-39012.86560923092,-20869.821082380717,covid_2021,-321514.0983295781,-355586.2088674143,-297875.11500042863,-333065.18944680726,-23638.98332914951,-22521.019420607045,-309615.07246123947,-388280.5951030369,-285791.6049184029,-363833.83053998154,-23823.467542836577,-24446.764563055356,-302200.9307729309,-394516.4313882917,-278401.5259473843,-372835.6546598852,-23799.404825546582,-21680.776728406498,-313462.6785045459,-359957.19536305417,-290226.5998840317,-337027.5892118487,-23236.078620514192,-22929.606151205484,-299253.6976871493,-374786.2507717561,-275827.39690868487,-352580.9451559151,-23426.300778464425,-22205.305615841004,-307046.38097688305,-368001.5432828567,-284104.0339162512,-346083.24436077964,-22942.347060631822,-21918.298922077025,-312893.00375608134,-389348.7169524234,-288405.1402089895,-366770.5938881726,-24487.863547091845,-22578.123064250794,-301128.08054120274,-279111.0049588622,-22017.075582340512,-251413.7577141238,-313199.3283747518,-230647.75353845337,-291414.2526061294,-20766.00417567043,-21785.075768622413,,,,,,,,,
4,53613,17453,-667650.5023463168,-367518.42841034813,-610074.8223467451,-336974.65398979874,-57575.67999957174,-30543.77442054938,covid_2021,-465572.6729591393,-515626.38698990614,-430791.94740076,-482439.69993337814,-34780.72555837927,-33186.687056528,-448641.90839058085,-563298.2824251418,-413597.66914963454,-527263.4506896029,-35044.23924094632,-36034.83173553887,-438326.46540775767,-572255.5819489241,-403320.0086668216,-540407.5686701658,-35006.456740936075,-31848.013278758277,-453953.6550886727,-522155.9856352813,-419799.6017278776,-488422.7447348684,-34154.05336079507,-33733.24090041287,-434181.46147678007,-543785.4905242946,-399736.5771066813,-511185.2995383833,-34444.884370098756,-32600.190985911184,-445020.66191823554,-533833.4206657464,-411322.32884438557,-501660.2182200612,-33698.33307384995,-32173.20244568526,-453382.70655487274,-564543.6162601529,-417335.7974885523,-531400.5691113183,-36046.909066320455,-33143.0471488346,-436521.7718574718,-404167.3062947015,-32354.465562770245,-365606.48292408464,-454747.2031800547,-335128.77364298515,-422819.1123810943,-30477.709281099502,-31928.090798960402,,,,,,,,,
5,72155,23506,-891223.4289160537,-492507.50649509375,-814076.5928183885,-451480.11054176756,-77146.83609766528,-41027.39595332618,covid_2021,-622407.8173806639,-689806.639978109,-575550.0457008858,-645153.0922787688,-46857.77167977817,-44653.547699340226,-600134.887782975,-753985.1825172091,-552962.1646011337,-705528.0169897679,-47172.72318184132,-48457.165527441204,-587076.0137595484,-766016.3798833347,-539953.5544268223,-723171.6885034122,-47122.459332726125,-42844.69137992251,-607078.5882930134,-699097.9249423327,-561097.3589560541,-653715.9682366981,-45981.22933695931,-45381.95670563458,-581802.4735117913,-728128.1171089852,-535452.8525105689,-684327.9931212242,-46349.621001222455,-43800.123987760984,-595718.743111018,-714736.1817350116,-550365.7310412312,-671452.5152359108,-45353.012069786804,-43283.66649910088,-606823.3578645777,-755716.7795740825,-558353.0900145392,-711169.3014667195,-48470.26785003853,-44547.47810736302,-584330.8482490274,-540807.0992166882,-43523.74903233918,-490782.46935815504,-609262.2867632227,-449792.5096998213,-566301.4146850709,-40989.95965833374,-42960.87207815184,,,,,,,,,
6,90936,29855,-1114258.3746716734,-618776.5393799936,-1017296.4228964284,-566886.0010477223,-96961.95177524506,-51890.53833227123,covid_2021,-779304.9020765265,-864295.8994749036,-720079.6275010923,-807910.4389459,-59225.2745754343,-56385.46052900366,-751865.0837342917,-945205.3632638585,-692276.5373225703,-884105.0429921699,-59588.54641172136,-61100.32027168857,-736405.6587878638,-960388.9508610781,-676860.2957035302,-906219.1195877122,-59545.363084333556,-54169.83127336585,-760451.546145722,-876601.5395253911,-702328.9900178742,-819299.9391167241,-58122.55612784792,-57301.60040866703,-730146.7561685927,-913184.2840560335,-671543.7008768959,-857851.0248786088,-58603.05529169677,-55333.25917742474,-746915.5976847619,-896259.9696150441,-689553.5445227198,-841571.9195938013,-57362.0531620421,-54688.05002124284,-760597.2650071917,-947422.2433700924,-699412.4199410266,-891195.7112341165,-61184.84506616512,-56226.532135975925,-732539.7984822602,-677532.2520800051,-55007.54640225502,-617179.6815172286,-764506.7582705057,-565294.2478609148,-710255.5434785626,-51885.43365631382,-54251.21479194313,,,,,,,,,
7,116927,38556,-1421864.208580481,-792820.9002828833,-1297263.5074286652,-726081.3967444599,-124600.70115181581,-66739.50353842342,covid_2021,-995493.2114095314,-1104749.2853548387,-919240.8726415824,-1032251.9830840523,-76252.33876794906,-72497.30227078637,-961096.2368375015,-1208887.251245867,-884351.7759729985,-1130289.3049413995,-76744.46086450304,-78597.94630446762,-942680.8977423756,-1228500.9835259658,-865946.6561462539,-1158695.5097162435,-76734.24159612166,-69805.47380972242,-971881.3203424328,-1121532.6746624436,-897027.1820048509,-1047810.4858227996,-74854.13833758188,-73722.18883964398,-935176.9000672437,-1168546.7875597149,-859712.9209704108,-1097334.2737631826,-75463.97909683295,-71212.5137965324,-955597.9092055459,-1146709.735827089,-881724.4018210204,-1076318.6924211765,-73873.50738452547,-70391.04340591267,-972946.6027086668,-1212037.2315427514,-894226.729395659,-1139744.151394566,-78719.87331300786,-72293.0801481854,-937095.818055419,-866295.8798247413,-70799.93823067773,-791539.304556733,-978710.3557873985,-724757.5835679926,-908883.0820732901,-66781.72098874049,-69827.27371410839,,,,,,,,,
8,147145,49290,-1774582.1372786197,-994207.4259178193,-1618031.714438399,-909736.4159310709,-156550.4228402205,-84471.00998674835,covid_2021,-1244662.0512428372,-1382098.9105017397,-1148387.0046386234,-1290502.5517020763,-96275.04660421377,-91596.3587996634,-1202451.3361025506,-1513053.184266681,-1105477.217531849,-1413899.1139381817,-96974.11857070161,-99154.07032849944,-1180847.0790993825,-1537946.3717405347,-1083859.433614472,-1449572.4969735784,-96987.64548491052,-88373.87476695639,-1215662.6915657632,-1404290.4527245322,-1121109.1478851016,-1311231.1776660266,-94553.54368066149,-93059.27505850556,-1172142.0278585248,-1463466.747935492,-1076836.6852632684,-1373448.6301810981,-95305.34259525644,-90018.11775439398,-1196511.2025501556,-1436011.556955208,-1103156.289056116,-1347027.5315607425,-93354.91349403968,-88984.02539446548,-1217808.0324175474,-1517574.0497043286,-1118537.140135821,-1426215.4050554899,-99270.89228172651,-91358.64464883876,-1173347.8588131852,-1083893.3092739272,-89454.54953925803,-993447.8311324646,-1226292.860268584,-908893.8800850254,-1138032.3025610095,-84553.95104743919,-88260.55770757457,,,,,,,,,
9,183742,62952,-2200983.9380118884,-1237679.1662681473,-2004910.9876390104,-1131273.0486249567,-196072.95037287814,-106406.11764319059,covid_2021,-1546205.1484053868,-1717939.1431840495,-1425107.8483509154,-1602715.145830083,-121097.30005447145,-115223.99735396662,-1494693.6887203476,-1881281.8276531266,-1372598.513473872,-1756713.456373408,-122095.17524647553,-124568.37127971859,-1469299.5383927198,-1912552.5486379722,-1347171.7839662898,-1801193.2980769307,-122127.75442642998,-111359.25056104161,-1510689.617912539,-1746685.5312190736,-1391698.8769267742,-1629693.859719601,-118990.74098576483,-116991.67149947255,-1459329.494161792,-1820667.9389640652,-1339396.9501141103,-1707338.618819546,-119932.54404768185,-113329.3201445192,-1488230.7090097072,-1786464.2833211878,-1370718.6420129598,-1674423.8426182023,-117512.06699674742,-112040.44070298548,-1514336.3951757692,-1887442.5088364244,-1389587.517192888,-1772519.6817306553,-124748.87798288123,-114922.8271057692,-1459628.1213799068,-1347022.1024041292,-112606.01897577755,-1237770.3356766219,-1526376.952908679,-1131208.5391910048,-1415248.27563885,-106561.79648561709,-111128.67726982909,,,,,,,,,
10,227552,79744,-2712198.0116987983,-1528084.6947028805,-2468853.399038452,-1395028.434809144,-243344.6126603459,-133056.25989373648,covid_2021,-1907045.166285391,-2119536.8109307215,-1755955.7183999773,-1975670.522405767,-151089.44788541365,-143866.28852495417,-1844320.4748855466,-2321626.5495869364,-1691990.7802961697,-2166371.010289507,-152329.69458937686,-155255.53929742932,-1814848.4268280512,-2360538.0514897285,-1662383.183315332,-2221288.2644432085,-152465.24351271923,-139249.78704652013,-1863763.231495502,-2156303.2164343847,-1715292.0419312455,-2010436.5153754237,-148471.18956425658,-145866.70105896113,-1803591.2126026233,-2247899.494214433,-1653863.9547776554,-2106315.1823179917,-149727.25782496776,-141584.31189644116,-1837613.7799316384,-2205382.535782878,-1690913.8613544605,-2065429.577032179,-146699.91857717783,-139952.95875069866,-1869463.8251304538,-2329998.6856758776,-1714038.4393897376,-2186429.2891394645,-155425.38574071613,-143569.3965364129,-1802104.044169784,-1661490.5594180003,-140613.48475178386,-1529606.8538186452,-1884863.668616362,-1396293.8352461236,-1746071.5051548048,-133313.01857252175,-138792.16346155712,,,,,,,,,
11,271289,97167,-3222513.1118733725,-1817552.6635988723,-2931331.0775213493,-1657548.6844977061,-291182.0343520233,-160003.9791011662,covid_2021,-2267461.623359455,-2520326.0744177685,-2085814.9182547503,-2347336.301551227,-181646.70510470436,-172989.77286654132,-2193469.6156555163,-2761047.1855844245,-2010420.0856300797,-2574647.9040338756,-183049.53002543634,-186399.2815505488,-2160080.6146619134,-2807612.856107341,-1976750.5819576934,-2640084.113111972,-183330.03270421998,-167528.7429953692,-2216383.339697027,-2565249.256722039,-2037945.8611862655,-2390064.25271281,-178437.4785107618,-175185.00400922907,-2147516.9149798714,-2674281.906056539,-1967456.858769746,-2504110.565273918,-180060.05621012548,-170171.34078262094,-2186617.441814864,-2623504.589465681,-2010254.1622960195,-2455249.050453487,-176363.2795188445,-168255.53901219406,-2224216.695677531,-2771774.346590004,-2037646.1094529727,-2599220.819071456,-186570.58622455806,-172553.5275185483,-2144051.74798027,-1975025.2707787498,-169026.47720152026,-1820828.4195766742,-2242581.2572465073,-1660443.7702114945,-2075739.5241791534,-160384.64936517974,-166841.7330673542,,,,,,,,,
12,320277,116861,-3793888.343825736,-2141203.3021689,-3449098.251668642,-1950597.6584600937,-344790.0921570941,-190605.6437088064,covid_2021,-2670643.7895310214,-2969002.8431615783,-2454606.534301874,-2763075.4312661155,-216037.25522914698,-205927.411895463,-2584214.6285792803,-3252588.8898309283,-2366670.9985149363,-3031218.985068489,-217543.630064344,-221369.90476243955,-2546694.2028380516,-3308249.4204537007,-2328654.612346663,-3108770.267677068,-218039.59049138846,-199479.15277663298,-2610578.148727004,-3022922.824793308,-2398469.7340028994,-2814791.047493578,-212108.4147241046,-208131.77729973022,-2532805.776612227,-3151709.24534282,-2318559.699784072,-2949262.503045798,-214246.0768281545,-202446.74229702202,-2577193.6612918447,-3091424.2737819897,-2367464.19195287,-2891222.4277772084,-209729.4693389744,-200201.84600478134,-2621061.101739204,-3266210.1182607827,-2399572.6772214584,-3060967.539354488,-221488.4245177457,-205242.5789062951,-2526789.984454913,-2325672.7720717643,-201117.2123831487,-2146727.162447363,-2642987.5823836164,-1955579.6551223309,-2444493.8573758956,-191147.5073250325,-198493.72500772082,,,,,,,,,
13,363522,134045,-4298801.151592386,-2426919.838982203,-3906877.432792434,-2209461.4601685386,-391923.71879995195,-217458.37881366425,covid_2021,-3026776.0381932086,-3365768.04037343,-2780750.7919971272,-3131018.97779929,-246025.2461960816,-234749.06257414044,-2929628.8772964496,-3687142.624800981,-2681820.8413269133,-3435207.081592625,-247808.03596953617,-251935.5432083562,-2888311.5515762274,-3751114.667422587,-2639949.124436384,-3523648.8983078212,-248362.42713984346,-227465.76911476563,-2958758.163326726,-3427648.817731377,-2717193.723999042,-3190673.4185153414,-241564.43932768388,-236975.39921603576,-2873229.389645164,-3574036.4240472224,-2629168.7861216944,-3343288.560476577,-244060.6035234694,-230747.86357064557,-2922317.12883737,-3505365.849347425,-2683390.489480519,-3277131.3737896765,-238926.63935685076,-228234.47555774864,-2971714.6804664917,-3703584.834639449,-2719678.7213581605,-3469690.0863123727,-252035.95910833144,-233894.74832707658,-2865203.76753865,-2635926.537073215,-229277.23046543478,-2434546.5180476555,-2997186.088845376,-2216397.938437669,-2770872.291989169,-218148.57960998622,-226313.79685620687,,,,,,,,,
14,408700,151545,-4827368.060591115,-2725746.95485124,-4386380.67347098,-2480559.460956816,-440987.38712013507,-245187.49389442377,covid_2021,-3398476.8647663663,-3780483.6933258846,-3121482.549042455,-3515965.271163237,-276994.31572391145,-264518.42216264806,-3290415.436517882,-4141577.1124078277,-3011391.9003048074,-3857960.6948841508,-279023.5362130746,-283616.4175236769,-3245586.042729509,-4214477.415890731,-2965837.063506461,-3957993.496017843,-279748.9792230481,-256483.91987288825,-3322017.965190449,-3850713.118772852,-3050073.4846254583,-3583983.8454476083,-271944.4805649904,-266729.2733252433,-3229084.8793632244,-4015679.9749041954,-2954211.9526501233,-3755642.0280131726,-274872.92671310104,-260037.94689102302,-3282756.927407304,-3937836.8915107353,-3013738.1332421997,-3680654.3358056303,-269018.79416510405,-257182.55570510495,-3337840.992814378,-4160651.5537541173,-3054343.422776137,-3897174.481370814,-283497.57003824075,-263477.0723833034,-3218337.6947377874,-2960014.7239442496,-258322.97079353782,-2735582.6838359497,-3367299.0288706357,-2489552.38303324,-3112240.863796213,-246030.30080270953,-255058.1650744225,,,,,,,,,
15,446619,165722,-5264829.719139372,-2975324.726766173,-4783245.289263351,-2706972.184094496,-481584.4298760212,-268352.54267167655,covid_2021,-3707320.5662832176,-4125811.6736827167,-3404469.2745946553,-3836359.3715255624,-302851.2916885622,-289452.3021571541,-3590492.5660400186,-4520208.635571809,-3285503.023745543,-4210197.773140902,-304989.5422944758,-310010.86243090674,-3543250.9239857867,-4600714.8408220345,-3237400.604562844,-4320057.138623004,-305850.3194229427,-280657.70219903067,-3623980.659956212,-4203413.851824058,-3326712.7285053246,-3911856.507563334,-297267.93145088764,-291557.344260724,-3525989.3250627443,-4383962.813082685,-3225414.18134638,-4099560.5498294923,-300575.1437163642,-284402.2632531927,-3582927.768936693,-4298451.962077049,-3288837.3330037687,-4017161.478738037,-294090.4359329247,-281290.4833390117,-3642657.818234676,-4541721.467824463,-3332893.234256052,-4253517.743814193,-309764.58397862397,-288203.72401027,-3512623.1679538,-3230018.0100916857,-282605.1578621143,-2987302.6112421737,-3676165.0076687494,-2717976.8873853786,-3397161.3434376004,-269325.7238567951,-279003.6642311489,,,,,,,,,
16,486350,179788,-5722232.584484544,-3236565.976369047,-5199165.866430103,-2944460.5933354595,-523066.71805444104,-292105.38303358754,covid_2021,-4029117.481090582,-4485549.834745795,-3699735.6116086035,-4170749.7207577596,-329381.86948197824,-314800.11398803466,-3903454.483180075,-4915341.993645453,-3571821.7715905383,-4578438.725701602,-331632.71158953675,-336903.267943851,-3854545.2277456867,-5003605.742308371,-3521953.293800549,-4698221.367787094,-332591.9339451377,-305384.3745212769,-3939045.9286776497,-4571580.604555383,-3615738.482098183,-4254585.682687185,-323307.4465794666,-316994.921868199,-3836849.3796221344,-4768219.361130199,-3509886.062395761,-4458877.95163049,-326963.3172263736,-309341.40949970955,-3896682.8266063565,-4674488.13913219,-3576754.4253182234,-4368479.921844384,-319928.40128813323,-306008.2172878059,-3961352.016630182,-4939459.976418533,-3624690.758544729,-4625993.772083699,-336661.2580854528,-313466.2043348348,-3819833.3283622335,-3512394.2195183584,-307439.10884387506,-3251047.698754424,-3998359.746448511,-2957829.105879128,-3694820.0810421864,-293218.5928752964,-303539.66540632426,,,,,,,,,
17,522712,191893,-6137567.275336803,-3475184.6801812644,-5577078.345381506,-3161651.231526079,-560488.9299552971,-313533.4486551854,covid_2021,-4321750.0385258645,-4813612.70828356,-3968454.8943453333,-4475866.243894765,-353295.14418053074,-337746.46438879543,-4188356.213351545,-5276206.509692785,-3832709.4488283955,-4915040.302617578,-355646.76452314964,-361166.2070752072,-4138429.432431529,-5371563.341725247,-3781733.7170083886,-5043853.579337711,-356695.71542314003,-327709.76238753577,-4225796.514095942,-4907710.356571359,-3879035.4231972946,-4567773.855833143,-346761.09089864744,-339936.50073821546,-4120512.3267185697,-5119151.511527697,-3769768.381572725,-4787340.657496349,-350743.94514584495,-331810.85403134726,-4182651.640989528,-5017894.176552867,-3839456.1902010236,-4689607.564684537,-343195.4507885047,-328286.61186832935,-4251778.84246252,-5302679.225717732,-3890880.4578848835,-4966406.388503793,-360898.3845776365,-336272.8372139388,-4099892.7310604043,-3770027.2582576154,-329865.472802789,-3492176.9533911794,-4292638.389054185,-3177386.8560381145,-3966961.847918208,-314790.0973530651,-325676.5411359761,,,,,,,,,
18,558642,203388,-6544321.92486554,-3710686.88558617,-5947247.541845942,-3376287.4695205465,-597074.3830195983,-334399.4160656237,covid_2021,-4608490.582551919,-5135800.7522727465,-4231805.048571338,-4775611.594533751,-376685.53398058104,-360189.1577389955,-4467918.698303463,-5631587.439793952,-4088803.534291186,-5246620.437522177,-379115.16401227674,-384967.002271775,-4417846.622356785,-5733570.772578596,-4037563.565045642,-5384037.458649756,-380283.0573111428,-349533.3139288397,-4507214.480547195,-5238492.897835315,-4137534.4121014024,-4876137.053745376,-369680.068445793,-362355.84408993914,-4399994.193699846,-5464531.428248718,-4026000.7790943,-5110751.379615174,-373993.4146055461,-353780.04863354494,-4463807.96253028,-5355780.0347221205,-4097892.385032027,-5005712.54133329,-365915.5774982531,-350067.49338883103,-4537313.157517541,-5660147.964451391,-4152696.336975969,-5301569.566808086,-384616.8205415727,-358578.39764330495,-4375146.847464108,-4023386.2512724493,-351760.59619165846,-3730423.8015501862,-4582322.553234175,-3394637.032670051,-4235016.964037907,-335786.7688801355,-347305.58919626725,,,,,,,,,
19,595907,215384,-6958124.881263632,-3953153.9360815943,-6323627.923240039,-3597205.711588856,-634496.9580235934,-355948.2244927384,covid_2021,-4901155.849184232,-5465402.961666685,-4500461.274448917,-5082243.603635237,-400694.57473531464,-383159.3580314475,-4753614.733898561,-5995965.467901265,-4350406.559053584,-5586564.221107596,-403208.17484497774,-409401.24679366994,-4704220.803356803,-6104492.096794788,-4299746.013435775,-5732478.79929432,-404474.7899210275,-372013.29750046815,-4794963.756721663,-5577630.056335708,-4401726.224956755,-5192196.402423155,-393237.5317649084,-385433.65391255316,-4686867.808780141,-5818761.680885724,-4289021.219523139,-5442355.940581589,-397846.58925700194,-376405.7403041348,-4751847.666193455,-5702287.916010512,-4362535.323962921,-5329833.8110071095,-389312.34223053465,-372454.10500340274,-4829876.72976359,-6026623.804120287,-4420889.061466212,-5645059.353003426,-408987.6682973771,-381564.45111686055,-4657275.742259667,-4283042.056506392,-374233.68575327605,-3976117.7520595966,-4879925.022022567,-3618664.4045585156,-4510345.721949024,-357453.3475010811,-369579.3000735427,,,,,,,,,
20,635497,227406,-7393147.364013606,-4210472.31998073,-6719675.617595718,-3832071.8963230066,-673471.7464178877,-378400.42365772376,covid_2021,-5209464.9458360225,-5813278.8645499805,-4783807.637752154,-5406165.845075869,-425657.30808386905,-407113.0194741114,-5055021.540760169,-6381496.309407531,-4626615.730373285,-5946585.383027118,-428405.8103868843,-434910.92638041393,-5007126.455265451,-6496649.098853924,-4577408.684537766,-6101168.0437668525,-429717.7707276857,-395481.0550870719,-5098807.182204896,-5936330.089691444,-4680998.968143882,-5526839.709906768,-417808.2140610134,-409490.3797846766,-4990642.287613369,-6193456.0773851955,-4567973.438840084,-5793438.500151496,-422668.84877328464,-400017.57723369956,-5056402.075558417,-6068881.446532856,-4642700.941334547,-5673046.086385587,-413701.1342238701,-395835.3601472688,-5139145.675687248,-6414287.717355304,-4704749.5963793965,-6008826.4071029825,-434396.07930785173,-405461.31025232194,-4955447.8410593895,-4557776.2944623735,-397671.5465970163,-4237318.825033395,-5194788.33760215,-3857264.248814965,-4801989.871170882,-380054.5762184297,-392798.46643126727,,,,,,,,,
21,671078,238092,-7780040.130069756,-4440581.695623327,-7071770.150011563,-4042108.8886039313,-708269.980058193,-398472.80701939564,covid_2021,-5483879.342938107,-6123073.602423583,-5035857.725233736,-5694584.0969681945,-448021.6177043709,-428489.5054553886,-5323419.219332986,-6725381.772101667,-4872514.806932558,-6267702.375965002,-450904.41240042704,-457679.39613666496,-5277536.347090512,-6846115.408817666,-4825275.5008089775,-6429633.5543344375,-452260.8462815339,-416481.8544832281,-5369626.4500250425,-6256234.603952471,-4929850.542071211,-5825247.5718426,-439775.90795383154,-430987.0321098714,-5262191.967248279,-6527471.719413958,-4817357.63988054,-6106440.976507747,-444834.3273677384,-421030.74290621077,-5328111.08248628,-6395675.941319338,-4892618.6976119075,-5978969.108001515,-435492.38487437234,-416706.83331782266,-5415066.6856902335,-6759827.830518523,-4958005.129753916,-6333097.763221359,-457061.55593631766,-426730.0672971648,-5221403.552156061,-4802806.074950352,-418597.47720570886,-4471363.687561182,-5475870.130897601,-4071109.967177748,-5062283.030353215,-400253.7203834342,-413587.1005443862,,,,,,,,,
22,713386,250408,-8236952.688586287,-4713216.157619008,-7487821.92882483,-4291196.412461505,-749130.7597614572,-422019.745157503,covid_2021,-5808269.6152977105,-6489194.719130195,-5333804.68588064,-6035488.40755541,-474464.9294170708,-453706.3115747849,-5640862.401986243,-7132140.569892501,-5163347.4378144555,-6647614.571523321,-477514.96417178726,-484525.9983691807,-5597818.747351535,-7259170.350367796,-5118926.169298632,-6817992.582835389,-478892.57805290224,-441177.7675324066,-5690174.013933678,-6634739.92223413,-5224417.056164153,-6178381.613590976,-465756.9577695252,-456358.3086431539,-5584184.429035982,-6922509.01977756,-5113146.470808039,-6476761.914513278,-471037.9582279426,-445747.10526428156,-5649935.658097705,-6782266.297584861,-5188667.983846512,-6340961.896408658,-461267.67425119353,-441304.4011762028,-5741980.884571288,-7168674.66833841,-5258116.924084658,-6716867.020653727,-483863.9604866302,-451807.64768468204,-5536337.294832153,-5093063.296042367,-443273.99878978665,-4749186.533296204,-5808444.117694285,-4325250.041140924,-5370427.392099796,-423936.49215527956,-438016.7255944885,,,,,,,,,
23,754007,262271,-8672677.023524007,-4973318.18440932,-7884715.149017362,-4528728.586651467,-787961.8745066457,-444589.5977578539,covid_2021,-6117777.551305881,-6838008.146447268,-5618132.945475649,-6360317.887236609,-499644.605830232,-477690.2592106594,-5943653.0449294,-7519798.378564414,-5440756.441912317,-7009689.974337502,-502896.6030170836,-510108.40422691114,-5903395.70563988,-7652527.129538368,-5399160.2158343475,-7187904.983922384,-504235.4898055323,-464622.14561598474,-5996172.694097018,-6995621.24999524,-5505631.328540847,-6515017.610867469,-490541.3655561709,-480603.6391277714,-5891473.9672215795,-7299029.351438869,-5395449.467943158,-6829688.894135161,-496024.4992784214,-469340.45730370743,-5957112.600983072,-7150755.289738432,-5471186.528768738,-6685976.172836505,-485926.0722143339,-464779.1169019268,-6053922.793130999,-7558403.470366753,-5544477.066840041,-7082683.420615941,-509445.7262909582,-475720.0497508118,-5836721.150597586,-5369953.36865249,-466767.7819450962,-5014725.347617578,-6125540.475330045,-4568075.039464278,-5664239.935630772,-446650.3081532992,-461300.53969927283,,,,,,,,,
24,791175,272861,-9070820.942477506,-5211501.246160402,-8247750.906766011,-4746613.216712509,-823070.0357114947,-464888.0294478924,covid_2021,-6400722.569277105,-7156812.800810159,-5878267.581323646,-6657484.18630738,-522454.9879534593,-499328.6145027788,-6220524.7512809895,-7874194.266583569,-5694644.746088605,-7340991.4724596115,-525880.0051923841,-533202.7941239583,-6183023.04543996,-8012302.617929758,-5655822.257502716,-7526393.101929971,-527200.7879372439,-485909.51599978644,-6276057.573230801,-7325598.48736667,-5763049.633723037,-6823092.192191927,-513007.9395077636,-502506.29517474317,-6172625.695565811,-7643317.237084459,-5653980.356016833,-7152650.5204285225,-518645.33954897785,-490666.71665593586,-6238112.981148016,-7487653.38210028,-5729861.801091837,-7001657.970157206,-508251.1800561786,-485995.411943074,-6339312.175334808,-7914864.110677271,-5806745.524643241,-7417547.86572049,-532566.650691567,-497316.2449567815,-6111530.951046554,-5623491.25415271,-488039.69689384464,-5258159.029485466,-6415544.647820209,-4791095.116488346,-5933173.060726562,-467063.9129971201,-482371.5870936478,,,,,,,,,
25,822924,281513,-9410756.578142459,-5414170.87601579,-8557996.78479233,-4932261.1815154385,-852759.7933501276,-481909.6945003509,covid_2021,-6641787.126278552,-7428123.882299882,-6100254.127502259,-6910643.945254757,-541532.9987762935,-517479.9370451249,-6456344.782789821,-8175689.772354515,-5911256.912387678,-7623040.8867722135,-545087.8704021429,-552648.8855823014,-6421056.870758642,-8318398.655089959,-5874598.57908204,-7814593.3963876795,-546458.2916766026,-503805.25870227895,-6514480.777351186,-7606279.300891294,-5982711.525706334,-7085420.37526655,-531769.2516448516,-520858.9256247438,-6411814.550511862,-7936192.362579548,-5874267.15957505,-7427608.2568236245,-537547.3909368122,-508584.10575592343,-6477276.324161825,-7774144.358256291,-5950399.634210652,-7270381.543385699,-526876.6899511727,-503762.8148705915,-6582185.072614258,-8217965.208395203,-6030265.721929073,-7702535.013389588,-551919.3506851844,-515430.195005614,-6345277.894761628,-5839453.021423396,-505824.8733382317,-5465303.919732092,-6662096.048997022,-4981155.689512658,-6162084.9217107715,-484148.230219434,-500011.12728625024,,,,,,,,,
0,48,2,-432.1822111191398,-485.25723052547505,-399.7011750913079,-451.9861658585977,-32.48103602783192,-33.27106466687737,othervirus_2021,-316.1395273381297,-283.5231062899839,-306.21979938153925,-274.8124218083837,-9.919727956590435,-8.710684481600182,-310.84834324989095,-293.45066939818224,-299.3150321142934,-285.10676704646846,-11.53331113559753,-8.343902351713782,-307.0017129853736,-298.08313997350206,-297.25300534130804,-289.5611936822352,-9.748707644065576,-8.521946291266852,-313.6914342427823,-288.14340876991383,-302.90753842555273,-278.74409042384167,-10.78389581722959,-9.399318346072175,-311.1060361538556,-290.0087863506174,-301.8745718168111,-281.5225624566342,-9.231464337044466,-8.486223893983201,-305.36611385918883,-284.8092877523,-295.1713718141995,-276.4610501055784,-10.194742044989297,-8.3482376467216,-314.9536013834271,-299.28387731997594,-303.6246407074462,-290.594203075512,-11.328960675980905,-8.689674244463966,-305.9541336819447,-296.45935760065333,-9.49477608129138,-404.5398851241666,-269.8968184650944,-395.1502709837175,-261.71293863700487,-9.389614140449048,-8.18387982808949,,,,,,,,,
1,140,8,-1230.6614386786875,-998.4975794433534,-1170.009750143036,-943.1163243865903,-60.65168853565163,-55.381255056763045,othervirus_2021,-925.0805780100029,-814.1567264774126,-896.459390953552,-786.4392039901463,-28.62118705645095,-27.717522487266205,-902.4775657857244,-841.1251817487974,-871.726497244229,-812.7167553811108,-30.751068541495407,-28.408426367686623,-892.6731730664804,-850.8041484469793,-862.7150455013106,-823.0313164419442,-29.958127565169875,-27.772832005035113,-916.980931222634,-826.4113034800898,-887.8980975582737,-798.6885844923684,-29.082833664360358,-27.722718987721507,-913.2986406546918,-830.0325168074256,-884.9180629199705,-801.4417810483105,-28.380577734721385,-28.590735759115116,-890.750633648906,-815.5499094284071,-862.3968086064845,-787.9655651675662,-28.353825042421597,-27.58434426084096,-911.4606795013292,-855.8067183819143,-882.3359302310396,-827.8966008525051,-29.124749270289556,-27.910117529409177,-887.7764315889964,-860.4898720803425,-27.28655950865386,-1170.5340865972923,-774.8760254506243,-1144.258847883731,-747.8473760188359,-26.275238713561297,-27.028649431788402,,,,,,,,,
2,247,11,-2128.602198720846,-1553.7958308794493,-2044.1684356129767,-1485.6039305788127,-84.43376310786925,-68.19190030063676,othervirus_2021,-1608.1656035485237,-1387.1502876634108,-1567.8720291950333,-1348.5373725466995,-40.29357435349032,-38.612915116711385,-1559.884300313267,-1428.2513913626294,-1517.0194220464205,-1386.7819348152102,-42.86487826684662,-41.469456547419135,-1531.3125543448805,-1437.3919014220155,-1489.2433635538719,-1398.8232118000806,-42.06919079100869,-38.568689621934915,-1586.8260779286734,-1397.9326622912215,-1546.0089866545986,-1359.3927075341721,-40.81709127407479,-38.53995475704939,-1571.457757719808,-1401.2625258423577,-1531.8138995535433,-1361.3629161565377,-39.6438581662647,-39.89960968581998,-1533.5554654387763,-1378.6960115132206,-1494.4547362203623,-1340.032728176186,-39.10072921841394,-38.66328333703446,-1564.838335003923,-1440.3078626372173,-1523.4762125826448,-1401.5861226045538,-41.36212242127816,-38.7217400326636,-1533.898055317349,-1495.094012897982,-38.80404241936683,-2047.8300367966694,-1328.2564813740905,-2010.4310674659368,-1289.3691097913718,-37.39896933073256,-38.88737158271869,,,,,,,,,
3,405,16,-3325.2657080297595,-2307.959775541744,-3223.686018190452,-2219.305219799664,-101.57968983930755,-88.65455574207982,othervirus_2021,-2557.3109251612314,-2148.320548161425,-2501.350231469596,-2093.2385252751474,-55.96069369163524,-55.0820228862776,-2478.778987771848,-2193.906860853976,-2420.1857575552785,-2136.0038503149954,-58.59323021656938,-57.90301053898081,-2424.6647084930723,-2203.528063093311,-2367.5206389092064,-2147.3968119172455,-57.14406958386595,-56.13125117606572,-2526.289669415796,-2159.0813508208075,-2469.9288787832384,-2105.1575110143,-56.360790632557865,-53.923839806507814,-2512.0388821139672,-2154.506752759004,-2457.66984394829,-2097.5228822847002,-54.36903816567738,-56.98387047430395,-2436.564291653671,-2124.1603912336923,-2382.486505922224,-2068.0072178025766,-54.077785731446795,-56.153173431115846,-2475.6732969144405,-2208.6186705263526,-2419.9847552106326,-2152.581187310191,-55.688541703808,-56.037483216161576,-2450.4545437151237,-2394.926963753663,-55.52757996146048,-3371.189200772064,-2092.7898861320746,-3314.0985936022344,-2035.6026456750253,-57.09060716982954,-57.18724045704936,,,,,,,,,
4,605,26,-5015.137887013459,-3318.369251678816,-4876.618906423988,-3194.566780797953,-138.51898058947023,-123.80247088086307,othervirus_2021,-3854.324914337583,-3220.4117022450814,-3766.02947386894,-3137.5672595652554,-88.29544046864298,-82.8444426798259,-3723.9545447738765,-3285.7816073166737,-3636.445782489496,-3198.424461295155,-87.50876228438008,-87.35714602151835,-3637.7646055992304,-3296.708029915638,-3550.2366756667407,-3211.5230585316895,-87.52792993248983,-85.1849713839482,-3804.189158172829,-3235.088565372551,-3716.672741286783,-3151.371761272009,-87.51641688604585,-83.71680410054188,-3773.647580646877,-3220.591872960714,-3687.198173999802,-3134.8529333850915,-86.449406647075,-85.73893957562251,-3664.3326458786996,-3174.7194298244026,-3579.4678718859914,-3090.3316224787477,-84.86477399270846,-84.38780734565478,-3716.828219937178,-3302.8683769487066,-3631.24941749027,-3217.7522669530167,-85.57880244690809,-85.11610999568995,-3675.7179352650696,-3590.611960651503,-85.10597461356676,-5040.475657173031,-3126.1007544152653,-4953.336861504147,-3039.0562181426353,-87.13879566888423,-87.04453627262981,,,,,,,,,
5,856,39,-7213.156158413962,-4609.796698187244,-7010.539880320067,-4444.223779233751,-202.6162780938951,-165.57291895349312,othervirus_2021,-5502.504254054794,-4589.595716163013,-5369.8832841764,-4468.277993970683,-132.62096987839453,-121.31772219232977,-5317.9240929570005,-4688.5659822944035,-5187.015392700029,-4560.071931963816,-130.9087002569716,-128.49405033058824,-5197.202937867106,-4701.646098673076,-5064.893411751689,-4576.703581790585,-132.30952611541684,-124.94251688249136,-5433.538594145654,-4616.670900886121,-5301.931656773516,-4492.614288892306,-131.60693737213802,-124.05661199381484,-5388.113486108181,-4588.495535975849,-5256.525315409299,-4463.409952094192,-131.5881706988822,-125.08558388165685,-5234.083304594244,-4520.496072367863,-5106.575152065207,-4397.551097434902,-127.50815252903739,-122.94497493296194,-5317.4180806083605,-4719.615885640085,-5188.617170265131,-4595.6261627399745,-128.80091034322922,-123.98972290011122,-5249.873319033918,-5123.31029780811,-126.56302122580838,-7177.637377196216,-4450.009389370109,-7051.099411732725,-4323.3649563187855,-126.53796546349153,-126.64443305132347,,,,,,,,,
6,1099,45,-9154.163646420862,-5724.564992591108,-8917.906319417278,-5535.3243941499,-236.25732700358492,-189.24059844120845,othervirus_2021,-6998.8217294055685,-5772.409451862822,-6843.107242034258,-5630.098773785223,-155.71448737131058,-142.3106780775989,-6763.589046502888,-5884.070115292737,-6609.89508702387,-5732.3687426540455,-153.6939594790183,-151.70137263869125,-6603.879288105827,-5894.557505012206,-6450.206696389524,-5748.456262185985,-153.67259171630258,-146.10124282622115,-6911.280551885589,-5807.697122804993,-6757.383791538923,-5661.048357462098,-153.89676034666627,-146.6487653428959,-6860.999821889633,-5758.347028172283,-6708.588272021002,-5612.705893698516,-152.41154986863043,-145.64113447376732,-6655.7223563781645,-5675.094729739066,-6506.815827371512,-5530.865933650586,-148.90652900665282,-144.2287960884796,-6759.384018257594,-5922.036148756299,-6608.360684616709,-5777.937006305637,-151.02333364088545,-144.09914245066176,-6682.957000058701,-6534.937531148183,-148.0194689105182,-9214.911534828967,-5619.230390007845,-9067.176216267271,-5470.747944470684,-147.73531856169507,-148.4824455371607,,,,,,,,,
7,1405,50,-11635.73003566349,-7079.538735240818,-11375.232869522593,-6870.112070151796,-260.49716614089635,-209.4266650890223,othervirus_2021,-8901.629191305083,-7231.850398003155,-8723.978383164262,-7072.0591771476575,-177.6508081408216,-159.79122085549704,-8590.350750874048,-7339.541255804425,-8415.410814925755,-7170.08461332598,-174.93993594829277,-169.45664247844564,-8373.509839107908,-7342.006506709281,-8198.997787636275,-7178.307581121318,-174.51205147163245,-163.69892558796238,-8787.148717095071,-7265.858495199235,-8611.226183428214,-7099.774518114252,-175.9225336668568,-166.0839770849837,-8723.565859724147,-7180.6099944553425,-8549.55980764507,-7017.173909639365,-174.00605207907742,-163.4360848159777,-8451.574363520911,-7080.165525392327,-8280.88265044305,-6917.688818452007,-170.6917130778603,-162.47670694032053,-8583.382043222418,-7391.047791932289,-8411.343541254193,-7229.408475449013,-172.03850196822515,-161.6393164832758,-8497.840900302528,-8329.589723662302,-168.25117664022514,-11817.853793120972,-7065.706639325214,-11649.658282875069,-6898.553526915515,-168.1955102459038,-167.15311240969913,,,,,,,,,
8,1738,61,-14219.580513207567,-8469.435408935547,-13911.472374091234,-8215.051345371921,-308.10813911633375,-254.38406356362668,othervirus_2021,-10901.88485258774,-8736.407735795074,-10677.13782704573,-8531.28425599055,-224.74702554201096,-205.12347980452444,-10520.73398830493,-8828.246234615553,-10301.684774589809,-8615.997489079846,-219.04921371512074,-212.24874553570783,-10248.01812954132,-8819.603125370833,-10027.320595790543,-8611.025494516993,-220.69753375077767,-208.57763085383988,-10761.595009413206,-8763.591968574356,-10539.888777342621,-8554.373767116487,-221.70623207058492,-209.21820145786762,-10707.06069452486,-8635.359236011958,-10486.123404681279,-8428.85984250083,-220.93728984358162,-206.49939351112934,-10346.867525647662,-8511.117518589537,-10129.729702976269,-8305.399791513142,-217.13782267139305,-205.71772707639443,-10493.914573010683,-8874.367428664853,-10277.3085479611,-8667.239687197136,-216.6060250495823,-207.12774146771613,-10406.984173274035,-10194.04123292293,-212.94294035110514,-14670.038283396849,-8581.610440642806,-14455.948010005512,-8368.605923484763,-214.0902733913364,-213.0045171580416,,,,,,,,,
9,2097,73,-17027.09857477647,-9946.344431000804,-16646.142077221146,-9647.350968683899,-380.9564975553271,-298.99346231690515,othervirus_2021,-13056.167656293794,-10336.373341505237,-12786.037889969326,-10088.935479915825,-270.12976632446714,-247.43786158941268,-12597.560580902022,-10412.279914616798,-12333.472868721112,-10154.404273306405,-264.0877121809104,-257.8756413103931,-12256.101613284789,-10383.29975417218,-11989.994860005132,-10132.850070730818,-266.106753279657,-250.4496834413625,-12883.615460409683,-10353.89089284588,-12616.948072816856,-10100.56509227435,-266.6673875928265,-253.32580057153126,-12830.850654951844,-10177.464754187085,-12564.36062878657,-9927.829338968244,-266.49002616527497,-249.63541521884096,-12379.104455347595,-10030.568946567524,-12118.266206526223,-9782.805401749767,-260.8382488213714,-247.76354481775712,-12551.623274250027,-10447.832196770478,-12288.878315054135,-10198.530313596828,-262.7449591958914,-249.30188317365028,-12467.415885459368,-12210.1938858157,-257.2219996436694,-17755.411522248254,-10202.30927925062,-17500.154757971643,-9947.141969633976,-255.256764276613,-255.16730961664334,,,,,,,,,
10,2547,86,-20573.738937237384,-11727.969607289519,-20133.235667491652,-11378.070006489044,-440.50326974573153,-349.8996008004744,othervirus_2021,-15775.577722419206,-12314.091310621501,-15452.973362545703,-12017.26461599012,-322.6043598735027,-296.82669463138143,-15210.075593514684,-12352.970730122446,-14893.899538862119,-12044.560877050786,-316.1760546525653,-308.40985307165977,-14787.542605985202,-12294.467550943664,-14469.588588481716,-11993.577882934813,-317.9540175034854,-300.88966800885146,-15562.94089513965,-12315.201899305877,-15243.917857031232,-12011.986440923636,-319.0230381084182,-303.2154583822416,-15525.06503633755,-12068.843687601227,-15205.66300303116,-11767.289404716295,-319.402033306389,-301.5542828849316,-14945.998061576653,-11894.632990953756,-14633.205735154555,-11595.774779629857,-312.792326422097,-298.8582113238989,-15153.174376007251,-12388.287727197538,-14839.551313756881,-12086.290441034396,-313.6230622503706,-301.9972861631418,-15066.040455975377,-14757.434169677585,-308.6062862977919,-21667.754151774683,-12209.117467840153,-21358.93582752773,-11902.43264338089,-308.8183242469544,-306.6848244592647,,,,,,,,,
11,2910,101,-23457.341974975916,-13090.476124617955,-22936.70981542334,-12683.973466285956,-520.6321595525785,-406.50265833199944,othervirus_2021,-17962.567111425364,-13854.046685140585,-17585.86790142589,-13502.697934244057,-376.6992099994742,-351.3487508965275,-17300.833798329448,-13855.363352698878,-16929.122085719606,-13493.84736711,-371.71171260984045,-361.5159855888786,-16799.941425476747,-13766.832427793906,-16426.365805418558,-13412.289726438281,-373.57562005819057,-354.5427013556261,-17721.118423095893,-13842.3036231219,-17346.955887219545,-13485.067654262935,-374.1625358763487,-357.23596885896353,-17687.37379576057,-13530.075845540956,-17312.901193796984,-13174.744896723585,-374.4726019635861,-355.33094881737145,-17008.656535037153,-13338.927193714764,-16639.42072374218,-12987.40108782543,-369.23581129497427,-351.52610588933385,-17241.049366072344,-13896.750029412064,-16869.85597910996,-13541.589740373882,-371.1933869623821,-355.1602890381814,-17162.860241039158,-16799.33357081433,-363.52667022482507,-24793.02487036017,-13791.286357014278,-24428.34263477884,-13431.031471942197,-364.6822355813287,-360.2548850720812,,,,,,,,,
12,3317,113,-26523.58769622751,-14674.667909313783,-25948.05589717116,-14230.636119767889,-575.5317990563474,-444.0317895458931,othervirus_2021,-20360.507503364963,-15607.250870982905,-19943.165726040097,-15218.59118328442,-417.34177732486535,-388.65968769848604,-19613.108821195954,-15572.038330809968,-19200.747527016192,-15174.252279787896,-412.36129417976326,-397.786051022072,-19029.74994921811,-15462.294643679303,-18616.214843884252,-15070.75734311871,-413.5351053338568,-391.5373005605923,-20083.73248482301,-15581.308033436932,-19668.63450751737,-15186.230969604681,-415.0979773056403,-395.0770638322505,-20056.02909694328,-15207.780889345646,-19641.715238002726,-14815.888489441972,-414.31385894055427,-391.89239990367423,-19268.71683361756,-14996.882502174345,-18858.1698634846,-14608.018625679899,-410.5469701329589,-388.86387649444697,-19516.53735635797,-15600.07924422909,-19106.252837498956,-15208.974687903305,-410.28451885901404,-391.10455632578487,-19453.095808541286,-19050.635602725306,-402.46020581598015,-28285.675628540215,-15578.015022201407,-27879.589873749064,-15179.392692513564,-406.08575479114944,-398.6223296878428,,,,,,,,,
13,3725,126,-29804.090096291013,-16291.513122913786,-29172.535701053166,-15801.501110594245,-631.5543952378458,-490.0120123195404,othervirus_2021,-22852.971835257125,-17431.293590886584,-22387.59415738937,-16997.011153956533,-465.3776778677582,-434.2824369300522,-22004.081967872502,-17368.459450661474,-21546.209624946423,-16926.673810060434,-457.87234292607894,-441.7856406010398,-21342.351901841394,-17231.19430996494,-20884.012045986925,-16796.613836953522,-458.3398558544684,-434.58047301141727,-22541.44655494356,-17393.47007911572,-22079.883145241456,-16954.288417437223,-461.56340970210255,-439.181661678496,-22517.134639727494,-16952.386109792653,-22057.21514498326,-16518.892463375247,-459.9194947442354,-433.4936464174072,-21620.909897380625,-16719.00642428603,-21164.35125376685,-16287.10435311021,-456.55864361377405,-431.9020711758203,-21900.968431457186,-17398.94144847345,-21445.90568001949,-16965.265901013114,-455.062751437697,-433.6755474603368,-21833.511910555637,-21385.83676858944,-447.6751419661972,-31804.005116844437,-17416.253943583306,-31349.387679537613,-16972.463835811668,-454.6174373068258,-443.7901077716389,,,,,,,,,
14,4083,132,-32578.786768190257,-17631.54615015795,-31908.941271819676,-17115.454554309512,-669.8454963705802,-516.0915958484372,othervirus_2021,-24970.147130264697,-18954.96478960245,-24475.571963565468,-18494.70432867076,-494.5751666992289,-460.26046093169225,-24038.07680746101,-18863.750429493666,-23552.403073067308,-18395.90084479759,-485.67373439370226,-467.84958469607693,-23310.452838921745,-18703.320549396823,-22825.16118216351,-18245.3960352065,-485.2916567582367,-457.9245141903225,-24631.588059954658,-18907.477366132327,-24141.333973294117,-18441.724953744582,-490.2540866605405,-465.7524123877459,-24614.24275499602,-18409.87670517919,-24125.298591232717,-17951.78104634315,-488.944163763301,-458.0956588360432,-23620.01862702604,-18153.667292111208,-23135.29355810174,-17697.49722676814,-484.72506892429607,-456.1700653430663,-23922.303155573365,-18893.876419660548,-23439.333687522878,-18434.17584845775,-482.96946805048725,-459.70057120279523,-23859.5579645295,-23384.498852643985,-475.059111885517,-34867.2203048562,-18970.58113108367,-34387.6194593607,-18502.592110346435,-479.600845495503,-467.98902073723235,,,,,,,,,
15,4372,137,-35067.951541566625,-18886.870439437414,-34368.02686342686,-18351.216608925548,-699.924678139767,-535.6538305118673,othervirus_2021,-26817.157764879943,-20365.719526278775,-26299.886094138572,-19886.758525559046,-517.2716707413693,-478.96100071972904,-25812.5762950257,-20278.44762815638,-25305.644102121267,-19788.880669243918,-506.93219290443517,-489.566958912461,-25038.383478256583,-20101.954715367712,-24531.64200524696,-19625.900740408906,-506.74147300962574,-476.05397495880567,-26448.00379186986,-20319.222289880192,-25935.498360342233,-19832.344264315747,-512.5054315276284,-486.8780255644464,-26431.12216257819,-19779.594271656017,-25919.87035963342,-19301.89790684657,-511.2518029447717,-477.6963648094478,-25366.40504100586,-19497.723374191784,-24859.86719800807,-19022.21491740231,-506.5378429977885,-475.50845678947394,-25704.261760161182,-20313.644145347305,-25198.31783371283,-19833.690480472036,-505.9439264483502,-479.9536648752675,-25610.17589785828,-25114.6327082929,-495.54318956538197,-37362.551640337726,-20348.153482755886,-36864.80907451885,-19860.726914787367,-497.74256581887425,-487.4265679685191,,,,,,,,,
16,4669,149,-37504.672590967166,-20195.798736762372,-36761.11094214684,-19626.683548434274,-743.5616488203208,-569.1151883280978,othervirus_2021,-28665.17210975428,-21802.178225930496,-28113.90284765284,-21289.33603094009,-551.269262101439,-512.8421949904085,-27594.78867279825,-21712.656854429235,-27051.092626609137,-21191.294532700227,-543.696046189115,-521.3623217290084,-26771.284481395363,-21527.486211819483,-26229.56230057122,-21017.899408206424,-541.7221808241463,-509.5868036130599,-28268.897050789175,-21748.230701436,-27721.026811544994,-21229.24678560682,-547.8702392441817,-518.9839158291787,-28254.871802739617,-21177.554482174037,-27709.753302600824,-20667.78602491483,-545.1185001387936,-509.7684572592074,-27118.15881005406,-20874.86013940808,-26577.38130692964,-20366.43039039298,-540.7775031244187,-508.4297490151008,-27479.809626396232,-21748.371400620963,-26940.968981044745,-21234.15266923279,-538.8406453514876,-514.2187313881749,-27372.989534037166,-26841.303838849522,-531.6856951876447,-39892.06889531385,-21766.579917764167,-39356.304898433955,-21242.966668029112,-535.763996879901,-523.6132497350566,,,,,,,,,
17,4972,154,-40015.55857500272,-21470.48687810091,-39242.222380781845,-20881.94738184588,-773.3361942208709,-588.5394962550308,othervirus_2021,-30561.050681762234,-23241.365259862323,-29987.316062439208,-22708.155020740716,-573.734619323027,-533.2102391216072,-29423.53192795956,-23147.550598873775,-28857.2643127942,-22604.79631590726,-566.2676151653596,-542.754282966515,-28549.91795307996,-22946.733508099052,-27985.838668029675,-22417.45874021967,-564.0792850502824,-529.2747678793836,-30138.812007592496,-23189.672279671428,-29568.6206811581,-22649.85159050617,-570.1913264343956,-539.8206891652595,-30123.476299704267,-22572.411846768766,-29556.346176866955,-22042.850459150668,-567.1301228373133,-529.5613876180976,-28912.635607458917,-22247.980868251296,-28350.270682950642,-21719.08421275824,-562.3649245082736,-528.8966554930543,-29304.39228513903,-23187.34882214744,-28744.090829707297,-22653.381168561693,-560.3014554317349,-533.9676535857463,-29172.33141807773,-28619.557037081864,-552.7743809958681,-42506.338686776995,-23177.888561548098,-41950.833710229126,-22633.34378435525,-555.5049765478677,-544.544777192849,,,,,,,,,
18,5295,166,-42754.44582868677,-22981.513579825823,-41929.03244133405,-22346.417833420754,-825.41338735272,-635.0957464050699,othervirus_2021,-32626.892485799657,-24888.844816799647,-32003.682544713643,-24310.587023079846,-623.2099410860135,-578.2577937198016,-31415.110250251157,-24811.289794458622,-30804.26288631523,-24223.481906111585,-610.8473639359265,-587.8078883470355,-30497.98207987375,-24611.52151502994,-29888.45499581405,-24036.709676245995,-609.5270840596997,-574.8118387839469,-32174.162671990412,-24843.131238234557,-31556.699762041448,-24256.677299249386,-617.4629099489638,-586.4539389851692,-32153.961294451103,-24196.65581419337,-31538.523666202775,-23623.206194766666,-615.4376282483264,-573.4496194267047,-30874.266278133153,-23842.07346441829,-30264.859680249305,-23268.09377319985,-609.4065978838479,-573.9796912184377,-31297.05331186879,-24859.829950338255,-30690.624052562554,-24280.916806238285,-606.4292593062349,-578.9131440999716,-31133.59078503559,-30534.830685019228,-598.7601000163617,-45276.51839068218,-24781.290292723643,-44672.28236734328,-24190.344573396364,-604.236023338897,-590.9457193272807,,,,,,,,,
19,5636,180,-45600.87340699652,-24600.086692334196,-44703.659056776945,-23915.439907353753,-897.2143502195793,-684.6467849804422,othervirus_2021,-34810.67489278088,-26637.07761496261,-34137.347715885,-26008.747875186942,-673.3271768958789,-628.3297397756685,-33529.38225109411,-26573.51477098877,-32865.17282697391,-25935.995980872627,-664.209424120203,-637.5187901161427,-32566.100622808604,-26369.776904558552,-31905.88988998853,-25746.391698691557,-660.2107328200739,-623.385205866993,-34335.277185591025,-26600.79925239648,-33667.046525596525,-25966.992340146353,-668.2306599944991,-633.8069122501258,-34308.383081482236,-25922.47899465683,-33643.96297069449,-25300.353889524333,-664.4201107877458,-622.1251051324994,-32952.92763165387,-25544.28824398947,-32293.948290887336,-24920.71728411249,-658.979340766529,-623.5709598769839,-33412.25029544355,-26640.905035371532,-32756.018262692003,-26012.68746857388,-656.2320327515445,-628.2175667976512,-33216.4221387337,-32567.140033374875,-649.2821053588261,-48224.457449416615,-26481.671639650376,-47566.13491979372,-25839.592922234504,-658.3225296228912,-642.078717415874,,,,,,,,,
20,5947,190,-48302.91826589726,-26151.149627176204,-47351.39354631216,-25426.534327970032,-951.5247195850957,-724.6152992061716,othervirus_2021,-36848.86970964302,-28301.967303190355,-36137.86085888948,-27634.19905106924,-711.0088507535371,-667.7682521211125,-35494.742362887846,-28264.357598372113,-34793.7058593421,-27586.51227079351,-701.0365035457403,-677.8453275786021,-34486.39923664728,-28059.994164379368,-33788.7705357647,-27397.49133050632,-697.6287008825822,-662.5028338730484,-36346.23149296808,-28272.997358724326,-35640.83616237158,-27600.5482798983,-705.3953305964992,-672.4490788260274,-36303.49945779203,-27572.706759850385,-35601.86239093693,-26911.451164235466,-701.6370668551031,-661.2555956149188,-34890.120532020206,-27170.152879906127,-34193.53860726083,-26508.29520366885,-696.5819247593731,-661.8576762372766,-35389.7991642204,-28349.839650114976,-34694.899107152254,-27682.6337110617,-694.9000570681454,-667.2059390532776,-35157.33644167554,-34471.0965144774,-686.2399271981382,-50888.349249832805,-28082.415785736164,-50191.62685746227,-27402.593186293514,-696.7223923705319,-679.8225994426506,,,,,,,,,
21,6219,203,-50748.18194041206,-27547.15138616672,-49733.15943147552,-26777.810188926345,-1015.0225089365385,-769.3411972403743,othervirus_2021,-38695.607617717156,-29813.2610636007,-37938.73056448472,-29103.194344304346,-756.877053232437,-710.0667192963567,-37277.114212106695,-29792.87411320893,-36530.22116897457,-29071.829024178714,-746.8930431321313,-721.0450890302152,-36227.38277626327,-29589.237000464367,-35484.80843585263,-28883.185014778377,-742.5743404106377,-706.0519856859888,-38170.84518495384,-29793.701561175443,-37419.27797534598,-29076.385420595263,-751.5672096078556,-717.3161405801792,-38114.63676873379,-29067.278017158427,-37366.422905809406,-28361.699491876076,-748.2138629243863,-705.5785252823521,-36644.842154369624,-28642.563269252114,-35902.75913400078,-27936.700535116448,-742.0830203688448,-705.8627341356672,-37182.57296453158,-29901.446639256887,-36440.908845017846,-29189.669506542854,-741.6641195137373,-711.7771327140315,-36914.551206655604,-36181.84398148742,-732.7072251681793,-53281.25669925933,-29527.78577402543,-52538.32031800569,-28802.79507432944,-742.9363812536394,-724.9906996959922,,,,,,,,,
22,6556,218,-53745.98202017471,-29187.276100551328,-52665.98396807127,-28367.691058629833,-1079.9980521034418,-819.5850419214947,othervirus_2021,-40941.450809495895,-31627.71915027857,-40130.8815739598,-30868.11186422236,-810.5692355360917,-759.6072860562131,-39438.66235152239,-31623.014690092543,-38641.65164237973,-30851.555762271608,-797.0107091426611,-771.4589278209351,-38341.269140387005,-31412.52148830055,-37547.96897992221,-30657.074849780765,-793.3001604647959,-755.4466385197841,-40382.49391459916,-31613.87494889916,-39578.45823885536,-30845.79256903675,-804.0356757437953,-768.082379862411,-40304.263796395586,-30851.36272441665,-39503.17173178274,-30096.13023586923,-801.0920646128466,-755.2324885474201,-38770.2050697691,-30398.7178526405,-37975.99922408543,-29643.220106416888,-794.2058456836677,-755.4977462236142,-39357.80996300861,-31753.007614342147,-38563.771239276495,-30990.36425382379,-794.0387237321086,-762.643360518357,-39038.067659929635,-38253.63990585013,-784.4277540795102,-56202.26879121721,-31257.056902819917,-55409.49333930872,-30480.82060202404,-792.7754519084926,-776.236300795878,,,,,,,,,
23,6913,232,-56651.65365051422,-30758.257306304007,-55519.89867337392,-29895.47248613493,-1131.7549771402964,-862.7848201690751,othervirus_2021,-43184.25550690178,-33361.49680663417,-42325.01245120195,-32556.86435405656,-859.2430556998377,-804.6324525776076,-41599.63082529403,-33347.85502109101,-40755.5694798559,-32532.401755740302,-844.0613454381328,-815.4532653507067,-40445.194355126376,-33129.93368002614,-39604.767698858916,-32329.543099676295,-840.4266562674615,-800.3905803498387,-42593.712074801144,-33348.670563366824,-41741.896920365776,-32534.872013796685,-851.815154435367,-813.7985495701366,-42507.058189059186,-32542.560824360073,-41658.3376115661,-31742.92948034584,-848.720577493081,-799.6313440142342,-40892.09322342191,-32068.084144999728,-40049.74236256845,-31267.163460020078,-842.3508608534546,-800.92068497965,-41514.43458076983,-33497.8501173546,-40674.821292780514,-32688.55200317296,-839.6132879893099,-809.2981141816432,-41174.68241830532,-40343.655844760906,-831.0265735444087,-59288.46832223032,-32964.816470602884,-58450.34539063908,-32141.14642129995,-838.1229315912442,-823.6700493029342,,,,,,,,,
24,7309,247,-60219.716011205666,-32707.271399147896,-59014.06374906327,-31785.47826791998,-1205.6522621423958,-921.7931312279158,othervirus_2021,-45866.3577803383,-35514.80168621455,-44947.26243233981,-34651.36349671193,-919.0953479984879,-863.43818950262,-44181.64481522749,-35521.07787731665,-43280.3341519452,-34647.78357453898,-901.3106632822894,-873.2943027776691,-42973.50927085051,-35302.2020173774,-42075.45635926193,-34442.15420687355,-898.0529115885802,-860.0478105038505,-45239.38889304571,-35512.675546243045,-44328.86514329504,-34641.22272697252,-910.523749750671,-871.4528192705244,-45136.057297393694,-34662.550034120075,-44228.03072997163,-33805.12626616108,-908.0265674220648,-857.4237679589951,-43437.78144472615,-34155.183351488595,-42536.83122809088,-33296.90489944405,-900.9502166352684,-858.2784520445412,-44118.15226894137,-35708.45534999245,-43220.31121374798,-34839.02850112209,-897.8410551933893,-869.4268488703566,-43721.160257939846,-42831.02645482771,-890.1338031121319,-62807.71245050987,-35025.637834780224,-61906.0972072281,-34141.81686497904,-901.6152432817698,-883.8209698011823,,,,,,,,,
25,7481,252,-61812.82557440383,-33548.42289085223,-60592.085788549404,-32612.896109485606,-1220.7397858544296,-935.5267813666222,othervirus_2021,-47030.53239350984,-36459.642719061434,-46096.240564343534,-35583.234938035224,-934.2918291663096,-876.40778102621,-45308.237493012384,-36481.314233728925,-44392.47386403999,-35594.51310915249,-915.7636289723929,-886.8011245764322,-44077.53922148509,-36259.37153605623,-43165.395218424055,-35387.394630471594,-912.1440030610329,-871.9769055846323,-46384.87408999742,-36458.6594952031,-45459.239928896466,-35573.96613907008,-925.6341611009544,-884.6933561330214,-46279.414952540545,-35590.8990955243,-45356.453595450024,-34720.42117032664,-922.9613570905203,-870.4779251976591,-44544.59468273619,-35061.93458216283,-43628.893627519,-34190.649449262695,-915.70105521719,-871.285132900132,-45249.07411475472,-36668.497105057046,-44337.201402399645,-35785.86248505942,-911.8727123550783,-882.6346199976284,-44818.66295084964,-43914.5204565329,-904.1424943167472,-64333.53204701545,-35919.88775585166,-63417.558446661955,-35023.25722318229,-915.9736003534907,-896.630532669366,,,,,,,,,
0,5,1,-44.63745336393892,-50.54762817973699,-41.63788205270449,-47.08189227693726,-2.999571311234425,-3.4657359027997265,flu_2021,-33.6125220887717,-29.868876340652346,-31.950629880641035,-28.565214983654343,-1.6618922081306602,-1.3036613569980038,-32.03905603916285,-29.720682662965622,-30.521398255215946,-28.502947463667322,-1.5176577839469088,-1.2177351992983008,-31.413409177907596,-30.485258004860274,-29.923254668719146,-28.971280201815677,-1.4901545091884485,-1.5139778030445958,-32.661897414737425,-29.3331394762818,-31.125554869050337,-27.890388149377316,-1.536342545687085,-1.4427513269044852,-32.993812030154025,-29.565629426813185,-31.649849473346553,-28.37067607848232,-1.3439625568074733,-1.1949533483308665,-31.65610198037339,-29.169437765660646,-30.285496535106205,-27.860609102794697,-1.3706054452671832,-1.3088286628659502,-32.2919230123475,-29.910787179767013,-30.814058703606822,-29.058504565931553,-1.4778643087406813,-0.8522826138354612,-32.76725704079021,-31.17521278111092,-1.592044259679294,-39.8546628748469,-29.400578185736077,-38.38475061894512,-27.7137586729528,-1.469912255901781,-1.6868195127832781,-41.96875064023397,-38.96212981302264,-3.0066208272113286,,,,,,
1,6,1,-67.29149952611279,-61.96262177465702,-62.10446740422428,-58.16041363523608,-5.187032121888508,-3.8022081394209395,flu_2021,-47.68041850901283,-46.860141739310286,-45.64806748369101,-43.91896287788681,-2.032351025321826,-2.9411788614234746,-45.68282842806428,-47.95490056776771,-43.5778032225767,-44.93244156035233,-2.105025205487588,-3.022459007415375,-43.92365338818699,-47.91274966029866,-41.90474297231753,-45.27041535304018,-2.0189104158694606,-2.6423343072584777,-46.30630723433697,-44.73075124884617,-44.464160856308155,-42.70346040820337,-1.8421463780288159,-2.0272908406428005,-45.22247106866819,-46.15417866357383,-43.52709975551159,-43.40504898820298,-1.6953713131565986,-2.74912967537085,-44.68873772818407,-45.23919820504903,-42.99567071639197,-42.77574462073025,-1.6930670117921027,-2.4634535843187777,-45.5957555077524,-46.983754080520725,-43.725031731304476,-44.73682127644318,-1.870723776447925,-2.2469328040775465,-45.45839912799417,-43.42947215983669,-2.0289269681574775,-51.38703171975928,-42.47754538319467,-48.700571037222815,-40.26351689463802,-2.686460682536463,-2.2140284885566532,-52.71140536852862,-48.56246525762165,-4.148940110906963,,,,,,
2,11,1,-123.96155951737268,-104.99028660328241,-116.68186644047152,-99.74966810160257,-7.279693076901151,-5.240618501679844,flu_2021,-87.21221433320893,-92.35536842729873,-84.18385574001542,-88.93819012523447,-3.028358593193521,-3.417178302064262,-84.57089411064833,-98.06494869814298,-81.81562178313114,-94.44651866522004,-2.7552723275171838,-3.618430032922946,-82.30599337139503,-100.68861072374118,-79.68220154291424,-97.2273924340646,-2.6237918284807886,-3.4612182896765815,-85.27892458981361,-91.16499459945459,-82.42945827544551,-88.23720557787043,-2.8494663143681054,-2.9277890215841538,-82.83798764240403,-95.31931774738396,-80.37559008640302,-91.91564266192772,-2.462397556001007,-3.4036750854562463,-83.21381228734282,-92.70228340904555,-80.57910231944268,-89.62869945299113,-2.634709967900137,-3.0735839560544154,-83.9252575691707,-96.8702326690368,-81.10580584319001,-94.0735534156214,-2.8194517259806853,-2.7966792534153844,-82.71758639145115,-79.84942159369476,-2.868164797756396,-87.60629152670457,-83.62315000514955,-83.29069828758433,-80.53985244700746,-4.315593239120233,-3.083297558142092,-93.28944716790095,-86.36003207740411,-6.92941509049683,,,,,,
3,17,2,-177.42625475601426,-145.17002650621725,-163.28066998816024,-137.22233540431998,-14.145584767854011,-7.9476911018972665,flu_2021,-125.21543912998101,-134.74428782937235,-119.01200996166006,-128.96459040383655,-6.203429168320951,-5.779697425535815,-121.92407381013425,-146.55191640782482,-115.93572310529925,-139.31899298225673,-5.988350704834997,-7.232923425568101,-120.58641863239878,-148.48205483398533,-114.54284394089605,-142.61412138935265,-6.043574691502727,-5.867933444632669,-123.13979851306877,-136.05469160070902,-117.05526494027887,-130.01085626610174,-6.0845335727898995,-6.043835334607283,-121.87751010541817,-141.80907694184725,-116.20339800132712,-135.66537286141312,-5.674112104091044,-6.143704080434132,-121.1990411061059,-137.8680549734541,-115.52035371801503,-132.2978972006036,-5.678687388090862,-5.5701577728505125,-122.72347790759855,-144.05743942204245,-115.99257391642739,-138.63850796943782,-6.730903991171164,-5.418931452604613,-119.38152907642656,-113.90977606115702,-5.471753015269539,-120.84508852140658,-123.34757262965945,-114.82220664318447,-117.85620378762408,-6.022881878222104,-5.4913688420353655,-132.99297789154568,-124.05720827873853,-8.935769612807153,,,,,,
4,20,3,-227.2069418812131,-171.5758734123036,-206.65143315552925,-161.43865510605468,-20.55550872568387,-10.137218306248915,flu_2021,-157.78429476239677,-175.21369575865867,-149.18661664679664,-166.03629286361237,-8.597678115600122,-9.177402895046285,-154.10428112514347,-190.79920401784105,-145.4901076799677,-180.35988380227207,-8.61417344517577,-10.439320215568976,-152.6810202801163,-193.72760378093952,-144.1459411316889,-185.27504668402852,-8.535079148427409,-8.452557096910999,-154.4094722638278,-176.04583909102607,-146.1629274600445,-167.3835297485821,-8.246544803783312,-8.66230934244397,-153.048305997137,-183.83810593386713,-145.15317128717845,-175.35819887480704,-7.895134709958555,-8.47990705906009,-152.59812410127896,-178.96583817259602,-144.70406778985802,-170.7344924681374,-7.894056311420942,-8.23134570445863,-154.15682501255833,-187.69673488519203,-145.03070578042338,-179.55620261069987,-9.126119232134945,-8.140532274492172,-149.98698897850815,-142.2740241721651,-7.712964806343044,-147.6675680598451,-158.17255097832444,-139.03384378527716,-150.24677738781057,-8.63372427456796,-7.925773590513874,-160.02661837538682,-148.93581181706094,-11.090806558325895,,,,,,
5,23,3,-269.0834805317677,-195.922943969002,-245.01847242289256,-185.18371357636664,-24.065008108875116,-10.739230392635369,flu_2021,-183.50273119892393,-202.56877107557744,-174.19085160043105,-192.90517978869158,-9.311879598492869,-9.663591286885872,-180.04804883839697,-220.63739626673706,-170.45721035501876,-209.6102898559253,-9.59083848337821,-11.027106410811761,-179.22817015214127,-224.1043979187169,-169.89371244261298,-215.3291131271348,-9.334457709528282,-8.775284791582084,-180.71383317165927,-204.86455867421938,-171.65283737469989,-195.48354521091093,-9.060995796959391,-9.381013463308447,-179.333388443553,-213.07360966060637,-170.59758352505673,-204.07034721224105,-8.735804918496253,-9.003262448365307,-178.72520591994757,-207.2713824861809,-170.02014110535114,-198.6074559809273,-8.705064814596433,-8.663926505253587,-182.43322298589257,-219.01405514272267,-172.16895638116594,-210.44575020451782,-10.264266604726618,-8.568304938204838,-175.63209633298294,-167.36238391636596,-8.269712416616994,-173.8296771022485,-182.3244196584164,-164.93788350743566,-174.16407819556395,-8.891793594812832,-8.160341462852452,-185.47868218781952,-173.9421904970944,-11.53649169072512,,,,,,
6,34,3,-382.79423556840203,-271.5185794562399,-356.55693626171404,-258.86146180501197,-26.23729930668801,-12.657117651227924,flu_2021,-262.39052684491486,-285.64028660639025,-252.14501600053563,-275.2104229245303,-10.245510844379204,-10.42986368185995,-258.77399839808953,-311.57679638046494,-248.2090456607873,-299.36054044789967,-10.564952737302244,-12.21625593256529,-258.9481048294234,-316.9011807060218,-248.72952112632066,-307.2736130579938,-10.218583703102755,-9.627567648027998,-258.65099087351757,-291.1364337177546,-248.6512796577892,-280.79418869296023,-9.99971121572837,-10.342245024794375,-258.1250731023343,-301.1984055648974,-248.54271498537048,-291.2474235643129,-9.582358116963803,-9.950982000584535,-256.2751581589546,-291.7616370815106,-246.72801669471585,-282.31065409287766,-9.547141464238717,-9.45098298863296,-260.7390911071483,-308.8070521282916,-249.50258519994566,-299.4467851655684,-11.236505907202623,-9.360266962723225,-249.13729580789303,-240.00850787574575,-9.128787932147265,-258.59130500979495,-256.2228288569389,-248.80429885694383,-247.40155226791603,-9.787006152851111,-8.821276589022908,-277.4401711024249,-264.46088703131136,-12.979284071113591,,,,,,
7,46,4,-512.5620398449893,-361.98149345425327,-484.17032833570727,-345.9548720971462,-28.39171150928196,-16.026621357107032,flu_2021,-357.615696482723,-384.00135170375256,-345.5284309122163,-371.998204722855,-12.087265570506693,-12.003146980897547,-351.39106446746183,-417.1914756023552,-338.5434324853503,-403.37003311174556,-12.847631982111537,-13.821442490609634,-350.8050957188784,-424.25570338637954,-338.2347444591005,-413.0750789762096,-12.570351259777924,-11.180624410169939,-352.0123068580578,-390.29335792401486,-339.9003992260501,-378.1989934257181,-12.11190763200769,-12.094364498296757,-349.2206882449952,-403.38506724371166,-337.6833977168849,-391.8266701764556,-11.537290528110326,-11.55839706725604,-347.8611836740845,-392.1366545181596,-336.26567908117886,-380.9890163486006,-11.595504592905641,-11.147638169559029,-354.3894487619644,-414.76299636634263,-341.0116174962312,-403.56371738049745,-13.377831265733167,-11.199278985845162,-339.18491824584254,-328.1166501329992,-11.068268112843306,-357.7209003935916,-345.2696903984765,-346.32255252546787,-334.40669786516963,-11.398347868123736,-10.862992533306826,-380.2498445007149,-365.3633328126238,-14.886511688091087,,,,,,
8,61,6,-670.2580706484545,-471.1841130463906,-637.0038372283226,-448.7720313069241,-33.25423342013184,-22.412081739466533,flu_2021,-474.9649107616037,-503.83519865934716,-459.13328131631573,-488.81921856422485,-15.831629445287938,-15.015980095122291,-465.218609317302,-544.2679172457663,-448.28798997334576,-527.571743677502,-16.93061934395624,-16.696173568264292,-462.8570259493377,-555.060051769992,-446.57650271826844,-540.4207476996921,-16.28052323106927,-14.639304070299836,-466.94883858644494,-511.13174554605183,-450.883323274254,-495.55014004081784,-16.065515312190964,-15.581605505233991,-462.1521200493679,-528.1207097421633,-446.85457327526024,-513.26727588518,-15.297546774107653,-14.853433856983365,-460.7238293363718,-514.4657933842369,-444.9655222851075,-500.1300256627985,-15.758307051264278,-14.33576772143842,-468.12791637239695,-543.0518211197016,-451.4966905947571,-529.0176782185271,-16.631225777639827,-14.034142901174533,-450.80457911526946,-436.4306349009913,-14.373944214278119,-480.86219621880167,-455.0117662356905,-465.8979493833127,-441.1217684363374,-14.964246835488934,-13.88999779935311,-507.22255730634714,-486.4279551295151,-20.794602176832008,,,,,,
9,74,6,-793.0858167525657,-557.6909237682517,-758.3742198837735,-533.9829464312961,-34.71159686879223,-23.707977336955512,flu_2021,-565.6067646764092,-603.9905895252246,-548.4066540869944,-587.6468854947676,-17.200110589414795,-16.343704030456983,-554.5908572445113,-654.7194320358709,-536.0946949476664,-636.8553112349008,-18.496162296844837,-17.864120800970063,-552.2856396320867,-670.2293782955427,-534.5221852641637,-654.3004901935315,-17.763454367923078,-15.92888810201128,-557.0783815827477,-614.5146064322624,-539.5045051980657,-597.5386889411011,-17.573876384682034,-16.97591749116131,-551.2993239123579,-637.3536962914463,-534.5459555133278,-621.079594496479,-16.753368399030055,-16.274101794967375,-550.8740420952372,-620.7424680985736,-533.5653180863435,-605.1308050330574,-17.308724008893684,-15.6116630655162,-558.3770926634016,-654.8974302807435,-540.0591448060218,-639.371860625483,-18.31794785737984,-15.525569655260474,-538.152436491954,-522.4026578639737,-15.74977862798024,-569.9968230168122,-546.9727674666818,-553.7572020215687,-531.9243068350522,-16.239620995243456,-15.048460631629618,-604.4280636538626,-582.2637227708708,-22.164340882991876,,,,,,
10,89,7,-924.4543753955315,-649.6933844800394,-885.8298724912914,-622.3425585944419,-38.62450290424011,-27.350825885597487,flu_2021,-662.5954921249229,-713.3942952910538,-641.3448647164349,-693.3655330284755,-21.250627408488,-20.028762262578322,-650.6338688279843,-775.9135466120705,-628.1163794270873,-754.8404785726801,-22.517489400897073,-21.073068039390385,-650.7556369899394,-795.0763575188026,-628.984751068854,-774.9540214366893,-21.770885921085277,-20.122336082113325,-653.0866100062327,-727.7706484382493,-631.3095944036504,-707.1243629691724,-21.777015602582356,-20.646285469076894,-650.9116984329108,-756.2671373620861,-629.8454770016602,-736.2402805788751,-21.06622143125059,-20.02685678321104,-648.5120848173888,-735.8736298348094,-626.8470712912471,-716.5977492069457,-21.66501352614173,-19.275880627863838,-655.7195649290823,-775.3963514603452,-633.357989779665,-756.0452671083688,-22.36157514941722,-19.351084351976407,-632.4849738665514,-612.6378158106238,-19.847158055927622,-667.1166833915648,-648.4668278511344,-646.9627299078425,-629.8970454687633,-20.153953483722358,-18.569782382371102,-715.7541687679313,-689.5958199295534,-26.15834883837799,,,,,,
11,108,10,-1169.3154663765595,-787.139197180588,-1110.2694797976258,-753.0363675067431,-59.045986578933764,-34.10282967384491,flu_2021,-824.1839542867793,-892.0325848317357,-796.5979364159316,-865.2176930865426,-27.586017870847748,-26.814891745193112,-809.4186019740281,-970.8899150319986,-779.1266113159608,-942.5057763564826,-30.29199065806734,-28.384138675516102,-806.5487718980083,-994.2458815797442,-778.1239793202494,-967.2936935319874,-28.42479257775887,-26.95218804775672,-811.7035266404002,-910.0888338781999,-783.1917925573904,-882.1563625293657,-28.511734083009877,-27.932471348834266,-805.5810403847669,-944.5259088412187,-778.4837586883423,-918.0414921642677,-27.09728169642456,-26.484416676951053,-805.2021380523197,-919.3948377605512,-777.0851260889224,-893.9320970047697,-28.117011963397328,-25.4627407557815,-816.3861618926729,-969.5911727021492,-786.4013815741463,-944.2691088409912,-29.98478031852664,-25.32206386115797,-785.330678775865,-758.7192439524651,-26.611434823399772,-801.4581536111593,-803.9126772363476,-775.3465098247207,-779.2264948440879,-26.111643786438652,-24.686182392259635,-854.5000247446318,-821.3025215085374,-33.197503236094306,,,,,,
12,127,10,-1316.6240289121763,-894.0282267495725,-1256.1622465092041,-858.5356239928507,-60.461782402972275,-35.49260275672182,flu_2021,-935.1088050752572,-1009.5337645743749,-905.478426596007,-980.9138501761291,-29.630378479250275,-28.61991439824581,-919.4835185872912,-1099.7346808018513,-886.930081816992,-1069.6907544493083,-32.55343677029916,-30.04392635254301,-919.1090675352276,-1125.1698961275706,-888.5386710418084,-1096.6102803141546,-30.570396493419295,-28.559615813415984,-921.2276665960259,-1031.9450139891521,-890.5776911864165,-1002.0560338590383,-30.649975409609446,-29.88898013011395,-920.3827489118318,-1071.0547725653387,-891.2388615396618,-1042.7107362910367,-29.14388737217001,-28.344036274302034,-916.4171049260596,-1041.9454837004703,-885.9960473432307,-1014.6126976569836,-30.421057582828883,-27.33278604348667,-928.5363643249952,-1097.385963755201,-896.2769692461478,-1070.280509007344,-32.25939507884743,-27.10545474785687,-894.0667484645775,-865.7458306314296,-28.32091783314786,-922.7548096594843,-914.9422930055164,-895.0504753972783,-888.7979584190551,-27.70433426220601,-26.14433458646127,-993.6945268534051,-958.5364886207449,-35.158038232660225,,,,,,
13,151,15,-1557.0979805606567,-1059.4872854100272,-1474.0178381493179,-1009.8518470097606,-83.08014241133873,-49.63543840026656,flu_2021,-1114.1757770021948,-1211.6924571695417,-1068.6682286176522,-1168.7922038078684,-45.5075483845426,-42.90025336167335,-1096.1151928891857,-1319.13922162532,-1047.924886462737,-1274.642949558177,-48.190306426448615,-44.49627206714315,-1096.0774791725196,-1353.0950651455455,-1050.1556595106376,-1311.2321624163365,-45.921819661882004,-41.86290272920917,-1095.9692691675218,-1238.2635476363293,-1049.9471414579568,-1194.4476023123493,-46.02212770956504,-43.81594532397992,-1096.6085620338629,-1288.2868287619142,-1051.7198999925931,-1246.7029765334391,-44.888662041269825,-41.583852228474974,-1091.6586823494229,-1253.9108305534487,-1046.4962072741178,-1212.8392945308797,-45.16247507530502,-41.07153602256909,-1104.422857783871,-1318.9279471647476,-1057.639942563732,-1278.7003062905133,-46.782915220139,-40.227640874234396,-1067.1761821813643,-1023.8696321200443,-43.30655006131995,-1086.6910954994294,-1101.915394005199,-1046.005240027206,-1060.7642581696407,-40.68585547222351,-41.151135835558335,-1176.4927454234303,-1127.1565033505299,-49.33624207290038,,,,,,
14,174,21,-1816.3370354615886,-1219.3197013749138,-1704.9085786228377,-1154.1891373647684,-111.42845683875078,-65.13056401014536,flu_2021,-1292.0101311100748,-1404.4846494748663,-1230.9942740683048,-1347.450812046758,-61.01585704177012,-57.033837428108164,-1267.8472479892434,-1531.746921200804,-1204.9586684765777,-1470.9029497123568,-62.88857951266583,-60.843971488447224,-1268.924788717831,-1566.730825934689,-1208.4621631198695,-1512.196875258036,-60.46262559796144,-54.53395067665291,-1271.668524748026,-1437.3681095663158,-1211.2405268229609,-1378.3815985753245,-60.42799792506505,-58.98651099099131,-1267.062931910921,-1493.1257667438038,-1207.6763237391378,-1438.296522789955,-59.386608171783074,-54.8292439538489,-1264.4681914188704,-1453.235989053132,-1205.3653798238693,-1398.9504578161836,-59.10281159500117,-54.28553123694842,-1281.5494871761098,-1531.509684836136,-1218.9113994333532,-1477.8135876894416,-62.638087742756724,-53.6960971466944,-1233.0166929134205,-1176.11206546744,-56.90462744598039,-1242.7231262247224,-1274.1787247188938,-1189.6449297437603,-1219.3721847413444,-53.07819648096216,-54.806539977549306,-1343.8719576857704,-1280.3804415454906,-63.49151614027977,,,,,,
15,202,27,-2128.0584707404323,-1419.2152479966917,-1992.230943863103,-1338.2739298586039,-135.82752687732926,-80.94131813808774,flu_2021,-1516.661228177254,-1660.4148566879403,-1439.8099738984,-1587.861744929883,-76.85125427885416,-72.55311175805741,-1488.936798051442,-1811.877851961364,-1410.624783170425,-1735.7760919785298,-78.31201488101712,-76.10175998283414,-1490.2700636233858,-1854.4544114216164,-1413.7670551580293,-1784.312740181786,-76.50300846535647,-70.14167123983037,-1491.681443986941,-1698.391969147167,-1415.2480041228737,-1624.2458029817976,-76.43343986406731,-74.14616616536944,-1492.1817600758766,-1767.1677982729984,-1415.6727754821839,-1696.2391684632819,-76.50898459369279,-70.92862980971664,-1486.7682276305115,-1719.8630712762879,-1411.7302700109424,-1650.8657097718863,-75.03795761956923,-68.99736150440155,-1506.3606287925054,-1811.8295643025251,-1426.8350490106327,-1742.196087426814,-79.5255797818728,-69.63347687571112,-1453.6878528571172,-1379.9674236686933,-73.72042918842388,-1444.715810656823,-1506.2879459256146,-1375.6057572423201,-1436.4666968515737,-69.11005341450276,-69.82124907404096,-1562.162983721442,-1481.8441537387262,-80.31882998271581,,,,,,
16,220,30,-2329.229479703369,-1549.3277397844947,-2182.304243806358,-1459.6061641025549,-146.9252358970112,-89.72157568193984,flu_2021,-1662.5695081059885,-1814.7584806403238,-1576.2379519486797,-1731.408011061556,-86.33155615730891,-83.35046957876786,-1630.349875067899,-1980.452172167719,-1542.9361587291373,-1893.1757337280987,-87.41371633876146,-87.27643843962024,-1630.6257406645555,-2026.3557849204567,-1544.1626983451006,-1945.528798102996,-86.46304231945477,-80.82698681746069,-1636.2714909736121,-1857.3804947194315,-1551.027377800544,-1773.1931026466425,-85.24411317306814,-84.18739207278885,-1634.3976314897297,-1931.764892801652,-1548.2060954888616,-1850.2035165358652,-86.19153600086808,-81.56137626578668,-1630.1088606225142,-1882.1378934131367,-1545.989944349491,-1802.9222984795497,-84.11891627302307,-79.21559493358689,-1653.6473266497765,-1986.5342438791731,-1564.8550869674837,-1906.1802725575717,-88.79223968229292,-80.35397132160134,-1596.7816304698808,-1514.2662961389035,-82.5153343309774,-1576.8859945170973,-1646.9409721521215,-1498.4378972817738,-1567.2755164458856,-78.44809723532359,-79.66545570623587,-1700.9557217056308,-1611.6058281418398,-89.34989356379099,,,,,,
17,236,30,-2455.7608380735055,-1642.7612037882711,-2306.5485373345637,-1550.429755649699,-149.212300738942,-92.33144813857207,flu_2021,-1761.3844154031701,-1926.4441073353835,-1672.4213377529227,-1840.1222127237952,-88.96307765024741,-86.32189461158819,-1727.318844444444,-2104.579807049986,-1637.1037804986634,-2014.321725939618,-90.21506394578057,-90.25808111036767,-1730.2557121888526,-2152.2826617855285,-1640.7611286009287,-2068.9865286972026,-89.49458358792386,-83.29613308832599,-1734.4727719879547,-1973.8327306131985,-1646.7455870473168,-1887.1654955543859,-87.72718494063795,-86.66723505881268,-1734.790965227492,-2053.7140452606695,-1646.0926362059413,-1969.692286232816,-88.69832902155072,-84.02175902785358,-1729.3506844331448,-2002.115510592279,-1642.7184199600902,-1920.318480598142,-86.63226447305465,-81.79702999413679,-1753.2681454011747,-2111.796413214942,-1661.8611181753247,-2028.6646384341122,-91.40702722584992,-83.1317747808298,-1692.830697594429,-1608.1869298049944,-84.64376778943465,-1671.0112108822216,-1750.1799973319867,-1590.6063973394134,-1668.4723356542602,-80.40481354280804,-81.70766167772643,-1809.8202254260912,-1718.7630244631168,-91.05720096297438,,,,,,
18,254,33,-2658.089768724203,-1763.446418837985,-2502.166672363106,-1663.1654091838527,-155.92309636109718,-100.2810096541323,flu_2021,-1906.5978312964025,-2082.907983243011,-1808.746847875623,-1989.670262256802,-97.85098342077947,-93.23772098620928,-1864.9216860053928,-2277.91400824968,-1767.3114877188866,-2179.538554935291,-97.61019828650615,-98.37545331438905,-1867.0915033656534,-2327.0412602799265,-1769.4077283124166,-2236.5117339216717,-97.68377505323669,-90.52952635825477,-1876.2370711375677,-2133.835418289792,-1780.506227219717,-2039.9007849030502,-95.73084391785083,-93.93463338674171,-1870.8380083603813,-2219.8220628518143,-1773.9098566296927,-2128.6481630681674,-96.92815173068863,-91.17389978364706,-1867.8265844104044,-2164.987913567703,-1773.4883728401219,-2075.821226121895,-94.33821157028252,-89.16668744580795,-1892.6441900524828,-2285.2477611408654,-1793.9279041117634,-2194.239409778355,-98.71628594071939,-91.00835136251054,-1826.6238658619059,-1734.753691166351,-91.87017469555487,-1787.2627663105047,-1889.917328136105,-1700.3054015854677,-1800.078310258403,-86.9573647250371,-89.83901787770202,-1933.1322730919637,-1834.9047270250626,-98.22754606690113,,,,,,
19,268,39,-2858.5750053432193,-1873.808654944532,-2688.701805558357,-1761.1891911975363,-169.8731997848622,-112.6194637469957,flu_2021,-2043.3822130081435,-2223.232372033906,-1933.3310503308483,-2121.108468137085,-110.05116267729531,-102.12390389682103,-1994.088342249448,-2431.6304833551008,-1885.9023050687695,-2322.694407114677,-108.18603718067857,-108.93607624042416,-1993.3305454670094,-2481.2407629185236,-1884.1817015078004,-2380.374601630156,-109.14884395920903,-100.8661612883677,-2011.2154527932264,-2276.9775201953253,-1903.5518150017735,-2172.374856256259,-107.66363779145289,-104.60266393906595,-1996.5042704224795,-2365.5264177811428,-1887.54900096766,-2264.543447200674,-108.95526945481951,-100.98297058046853,-1997.5905025050174,-2308.501215671554,-1891.3983484105556,-2209.2374223740153,-106.1921540944618,-99.26379329753865,-2025.4238739108323,-2439.965710955958,-1915.3481412796368,-2338.0652137873317,-110.07573263119542,-101.90049716862647,-1952.5362136293309,-1850.2123678485998,-102.32384578073109,-1894.3029675473397,-2013.2447804798949,-1797.0671507583752,-1911.9339683521155,-97.23581678896441,-101.31081212777941,-2036.909854368032,-1926.0149359221432,-110.89491844588876,,,,,,
20,297,46,-3180.4668812347422,-2066.451278468561,-2992.7306289854228,-1941.068877496847,-187.73625224931934,-125.3824009717139,flu_2021,-2266.0975424684807,-2468.13552881935,-2143.3344514202436,-2353.86598310143,-122.76309104823713,-114.26954571791966,-2213.153583203723,-2699.305237393297,-2092.246072332084,-2578.3735027696143,-120.90751087163875,-120.93173462368242,-2213.7984357798655,-2756.8407515301783,-2092.9051333700663,-2643.38858136379,-120.893302409799,-113.45217016638863,-2229.364934529014,-2529.022326405572,-2109.66278057885,-2412.060967340742,-119.7021539501643,-116.96135906483012,-2215.1460902310932,-2625.752492599083,-2095.0654822785054,-2513.679199482103,-120.08060795258793,-112.07329311698017,-2215.8757346156076,-2559.905483159502,-2097.876124996566,-2449.2768874200983,-117.99960961904141,-110.62859573940399,-2245.9880089173475,-2707.6811268487295,-2124.4736626575013,-2594.7774870853714,-121.51434625984629,-112.90363976335811,-2163.290868803074,-2049.333874237474,-113.95699456559969,-2099.0496384116545,-2232.3568634446497,-1990.0083370533325,-2119.2818435608715,-109.04130135832209,-113.07501988377803,-2259.9358699902464,-2134.0474446492253,-125.88842534102092,,,,,,
21,320,51,-3418.1828480739923,-2231.0495889496265,-3205.0601950858677,-2093.0650697113797,-213.1226529881246,-137.98451923824686,flu_2021,-2437.7843586651766,-2659.980089572564,-2303.343304967145,-2532.8961130211846,-134.44105369803185,-127.08397655137915,-2382.3920047468127,-2911.0749353896467,-2249.192742818718,-2776.5537391122652,-133.1992619280946,-134.52119627738156,-2383.2807321385667,-2972.5622168433515,-2250.296989054526,-2848.3976627398342,-132.9837430840406,-124.16455410351712,-2398.257998246528,-2725.6290598737555,-2267.550425529526,-2596.8281228078686,-130.70757271700222,-128.80093706588715,-2381.641527254682,-2831.8434216500477,-2250.3053750434415,-2708.2541680017857,-131.33615221124055,-123.58925364826209,-2383.764196777664,-2761.3272746617617,-2254.8921738529066,-2639.471759082585,-128.87202292475752,-121.85551557917705,-2416.360720176414,-2919.1715890006562,-2282.479297699105,-2795.574438670042,-133.8814224773093,-123.59715033061428,-2328.5073016351835,-2203.885876123239,-124.6214255119446,-2269.7204372128763,-2407.841705746238,-2149.9209507875476,-2284.59559960158,-119.79948642532858,-123.2461061446581,-2446.927395727537,-2309.196951771502,-137.7304439560348,,,,,,
22,345,59,-3681.078916860785,-2392.280533873685,-3439.973845040463,-2237.289123007958,-241.10507182032205,-154.99141086572666,flu_2021,-2625.4781397447505,-2866.3582356568068,-2472.2767960560827,-2720.6532113182466,-153.20134368866798,-145.70502433856004,-2563.8434168009644,-3137.801272369808,-2412.7745800127304,-2984.0972492888195,-151.06883678823417,-153.7040230809884,-2566.86744176477,-3202.3530970571937,-2415.2205096398034,-3060.7924478561454,-151.64693212496644,-141.56064920104848,-2582.2292844179565,-2937.199274014992,-2434.0203878575157,-2791.2286931987314,-148.20889656044056,-145.97058081626082,-2565.7272833736874,-3052.12376858414,-2415.9236320613563,-2911.390965061453,-149.80365131233094,-140.73280352268725,-2566.9283068593736,-2976.6169625755574,-2420.916173611644,-2837.590379727668,-146.0121332477295,-139.0265828478896,-2601.0904920501034,-3146.8531599269822,-2449.5235479075077,-3005.769980902693,-151.5669441425955,-141.0831790242891,-2506.2741557403856,-2364.4145616773726,-141.85959406301308,-2432.8935728941597,-2594.8562179041614,-2296.1151635785827,-2454.124829503632,-136.77840931557708,-140.73138840052928,-2627.736906973139,-2472.178210693964,-155.5586962791749,,,,,,
23,362,61,-3825.039584460342,-2492.8489520662074,-3572.0794844901493,-2332.1756843286403,-252.96009997019286,-160.67326773756693,flu_2021,-2728.3575361538365,-2987.7690653849004,-2569.5604270102995,-2835.180498529887,-158.79710914353697,-152.58856685501345,-2668.0623349898597,-3272.1366451879467,-2510.6982180040527,-3111.143784917605,-157.36411698580716,-160.99286027034154,-2672.6466928932064,-3339.6974681351535,-2514.8726906057104,-3191.6248780070023,-157.77400228749585,-148.07259012815126,-2683.7894093715126,-3060.6946104690255,-2530.242772162544,-2909.089251277046,-153.5466372089686,-151.60535919197946,-2668.8303341338933,-3182.7076899373296,-2513.8231515203474,-3035.9916422112033,-155.00718261354584,-146.71604772612633,-2668.6911504532623,-3102.5694703349764,-2517.8958870258175,-2957.4623844350835,-150.79526342744464,-145.10708589989287,-2702.453313124461,-3276.5816312845204,-2545.4024633782865,-3129.444656436944,-157.05084974617458,-147.1369748475762,-2605.299082425342,-2457.5685704248885,-147.73051200045325,-2540.027386539557,-2707.3028378173217,-2397.535389084873,-2560.127621989967,-142.49199745468403,-147.17521582735492,-2750.573473867695,-2589.427498606297,-161.14597526139823,,,,,,
24,390,64,-4131.151172071911,-2674.3535859177678,-3866.701894966999,-2503.211003010265,-264.44927710491197,-171.14258290750294,flu_2021,-2944.2968356619976,-3224.7491261857376,-2773.86014946886,-3062.1735331731616,-170.43668619313772,-162.57559301257584,-2877.3018189112477,-3534.8625496673144,-2709.1807125790833,-3364.303537950297,-168.1211063321642,-170.55901171701709,-2885.160242573496,-3606.94933365035,-2716.5293352558706,-3448.9591017086905,-168.63090731762537,-157.99023194165957,-2898.721058891205,-3307.1807167408933,-2733.4842994103897,-3144.9340074012284,-165.23675948081515,-162.24670933966493,-2884.198220694571,-3438.1947474059016,-2717.004855372212,-3281.137318899143,-167.19336532235863,-157.0574285067588,-2883.5717704522763,-3351.6787091642313,-2720.9301860576325,-3196.372226015434,-162.64158439464393,-155.30648314879713,-2920.374003199611,-3542.563444164912,-2751.7612518711912,-3384.59103555428,-168.61275132841942,-157.97240861063196,-2811.7844113955716,-2652.5659084034996,-159.21850299207193,-2727.582560863416,-2920.2907632508795,-2574.1590408880397,-2762.2562873196975,-153.42351997537594,-158.0344759311821,-2953.8916549031246,-2781.648225448147,-172.2434294549778,,,,,,
25,412,66,-4356.780437594785,-2812.2824936592892,-4075.5204501871062,-2635.0220837314064,-281.2599874076787,-177.26040992788265,flu_2021,-3098.7662955204664,-3395.4311904583574,-2921.3895257765967,-3225.316339211213,-177.37676974386994,-170.11485124714443,-3029.6190811258675,-3726.295999568073,-2854.1486299162634,-3547.2674902130034,-175.4704512096042,-179.02850935506956,-3041.2479937137155,-3799.085464176107,-2865.303513618788,-3634.168564751112,-175.94448009492734,-164.9168994249948,-3052.0268231656587,-3484.4153093844093,-2880.3013404317735,-3315.1862337644197,-171.72548273388512,-169.22907561998971,-3039.988348465325,-3621.5183033588814,-2866.4559467188733,-3458.1979657251823,-173.53240174645194,-163.32033763369938,-3038.019503587284,-3530.3396846775036,-2869.0879972217435,-3368.5959550649923,-168.93150636554037,-161.7437296125113,-3077.6408155802205,-3731.80949873841,-2902.1409992699546,-3567.964182123869,-175.499816310266,-163.84531661454162,-2961.2802530375243,-2796.0965569747473,-165.18369606277705,-2876.2721178421734,-3074.9010489691955,-2716.8869746307637,-2911.016925801099,-159.38514321140963,-163.88412316809607,-3119.277222985948,-2940.1922207705816,-179.08500221536653,,,,,,
0,917,194,-12495.980582801723,-9270.435008163762,-11168.45099950961,-8634.819043590292,-1327.529583292112,-635.6159645734698,covid_2022,-8059.039010404942,-8719.346636201612,-7620.61313687055,-8294.250766022538,-438.42587353439217,-425.09587017907404,-7756.495271700972,-9528.633115746015,-7312.647875907249,-9049.68807521823,-443.8473957937231,-478.94504052778484,-7626.9039924077015,-9652.949086285267,-7180.88794210744,-9234.252146677043,-446.0160503002615,-418.69693960822417,-7936.889288069288,-8816.644762589636,-7504.023415611887,-8387.112111212999,-432.86587245740117,-429.5326513766378,-7503.56469350177,-9146.629198932702,-7068.069547334482,-8716.84832720386,-435.49514616728845,-429.7808717288428,-7716.736406685772,-8930.329953968327,-7291.704203668589,-8520.525309316561,-425.03220301718284,-409.80464465176624,-7922.5949638714,-9542.642528149574,-7448.782245395609,-9109.650451114305,-473.8127184757917,-432.9920770352686,-7414.230005204989,-7002.08982427307,-412.1401809319183,-6754.8775674320195,-7620.356686966894,-6314.443608228508,-7201.37449583081,-440.433959203511,-418.98219113608394,-6856.507896100121,-6404.517094786585,-451.99080131353566,-6575.373483062551,-8715.19437470234,-6163.8948150118595,-8294.232543932063,-411.478668050691,-420.9618307702767
1,6235,1439,-81807.2179822592,-46942.167165132625,-75530.69834798852,-43744.29512811616,-6276.51963427067,-3197.8720370164647,covid_2022,-55071.0768972219,-60058.6287856739,-51882.568814307815,-56931.820165725985,-3188.508082914087,-3126.8086199479158,-53058.86062084853,-65599.4646616963,-49837.03033099136,-62175.99013305252,-3221.830289857173,-3423.474528643789,-52096.41362336971,-66626.83210964019,-48838.95972462192,-63563.05086887549,-3257.453898747791,-3063.781240764706,-54137.905570525894,-60688.933747644514,-51005.395020130534,-57556.65147527256,-3132.5105503953578,-3132.2822723719482,-51216.60699093934,-63055.185551169896,-48044.50660413953,-59947.81516839338,-3172.1003867998043,-3107.3703827765094,-52718.1129939836,-61632.652272416315,-49619.93671869638,-58615.80531561722,-3098.1762752872246,-3016.846956799097,-53939.84935309817,-65704.03583030486,-50602.72722090085,-62563.304050921506,-3337.122132197323,-3140.7317793833436,-50767.76346760449,-47754.62711015724,-3013.1363574472475,-45538.43551772003,-52540.70759176649,-42536.83379283885,-49501.3696514319,-3001.6017248811786,-3039.337940334589,-46176.02985702369,-43168.42806758368,-3007.6017894400156,-45185.39587805603,-60477.66440294184,-42215.11078601989,-57452.324600579035,-2970.2850920361366,-3025.3398023627997
2,17562,4638,-233831.96114056933,-127638.13539914342,-215932.6722923958,-118467.65628428815,-17899.288848173554,-9170.479114855254,covid_2022,-158053.86474996048,-171815.373798672,-148387.17989945665,-162369.8331943686,-9666.68485050385,-9445.540604303373,-151836.89862086042,-187268.54487029387,-142132.42727572913,-176902.19989229762,-9704.471345131287,-10366.344977996258,-148396.51245459606,-190002.74827352632,-138526.0469584838,-180666.57827701926,-9870.465496112236,-9336.169996507066,-155025.663503495,-173122.9876393968,-145531.8358155418,-163620.80273191817,-9493.827687953206,-9502.184907478644,-145880.39108392273,-179802.82719100924,-136230.83292641776,-170314.89690723433,-9649.55815750498,-9487.930283774906,-150498.902056126,-175940.55782328732,-141116.17990755048,-166772.29531771576,-9382.72214857554,-9168.262505571562,-154090.3440049111,-187440.36994066596,-143986.10055304895,-177894.61914765718,-10104.243451862167,-9545.750793008781,-145302.4021174337,-136151.97285428506,-9150.429263148628,-128637.81019190316,-149970.64065060273,-119597.65410154592,-140753.7562801324,-9040.156090357237,-9216.884370470336,-130881.09093115204,-121839.66274869064,-9041.428182461397,-128506.59946513579,-172786.13292429634,-119490.28778232075,-163605.44361844426,-9016.311682815043,-9180.689305852084
3,33458,9843,-451751.7353492342,-241103.14645946308,-416328.68011914747,-223019.11341481312,-35423.055230086706,-18084.03304464996,covid_2022,-305561.0151043939,-331404.5638521235,-286162.110803948,-312506.8628454162,-19398.904300445865,-18897.701006707353,-292992.2175176247,-360694.7151135419,-273498.98631498683,-339974.97241650627,-19493.231202637908,-20719.74269703565,-285395.1141289898,-365508.49467598076,-265674.17197095574,-346934.78573398245,-19720.942158034053,-18573.708941998302,-299396.06821200985,-333438.8322885731,-280326.7270231512,-314354.8387312074,-19069.341188858692,-19083.993557365684,-280604.79737324355,-345918.0765827961,-261262.03622107056,-326995.22134155023,-19342.761152172978,-18922.85524124588,-290018.3911871555,-338844.6709271507,-271182.9744512836,-320517.4306435273,-18835.416735871942,-18327.240283623385,-297135.27928003564,-360921.8869836934,-276823.08902195905,-341875.2009315737,-20312.190258076593,-19046.686052119723,-280231.61417485785,-261905.33668072382,-18326.277494134054,-245514.40568772642,-288553.8261557226,-227479.00475720537,-270174.91485970933,-18035.400930521053,-18378.91129601329,-250293.8109466378,-232270.1035876915,-18023.707358946307,-246609.2586885808,-332744.1583258412,-228575.18828680884,-314399.62690595933,-18034.07040177196,-18344.531419881867
4,49919,15356,-677890.2430021609,-359363.9222976285,-624759.2668041498,-331909.0986928626,-53130.97619801112,-27454.823604765847,covid_2022,-459163.43171180465,-497531.3801454072,-429548.0337126977,-468711.7194877708,-29615.397999106965,-28819.660657636425,-439956.2212243595,-541107.7712032032,-410301.20409213623,-509567.92389127513,-29655.01713222329,-31539.847311928115,-427998.93662275927,-548172.8298428259,-397996.06403533055,-519890.905006911,-30002.872587428737,-28281.92483591492,-449662.4492702129,-500229.5200778577,-420587.8111102682,-471134.518375664,-29074.63815994475,-29095.001702193702,-420912.329367985,-518756.8417954774,-391388.24259187945,-489927.3134319094,-29524.08677610559,-28829.52836356794,-435270.4401973805,-508350.1285561241,-406531.7734879367,-480397.28903577547,-28738.66670944378,-27952.839520348636,-446024.9271984141,-541562.8884717337,-415096.5369640131,-512497.72254753544,-30928.390234400955,-29065.165924198194,-420916.43504749803,-392973.80717102485,-27942.627876473176,-367568.96115459915,-432910.52011180134,-340039.9198149729,-404891.9003397282,-27529.041339626237,-28018.619772073103,-375033.37041469506,-347540.6129650231,-27492.757449671986,-369961.97159315937,-499282.05336664733,-342449.3498654013,-471306.7204091798,-27512.621727758065,-27975.332957467515
5,66086,20869,-904474.9425635289,-475307.903638114,-833616.173235629,-438555.78687938146,-70858.76932789994,-36752.11675873254,covid_2022,-612343.0627622394,-662899.1161482173,-572653.2044872631,-624250.979716668,-39689.858274976286,-38648.13643154927,-586232.2898703744,-720528.363584408,-546527.370770006,-678302.634742689,-39704.91910036845,-42225.72884171903,-569630.390124721,-729664.6072776313,-529490.5954255818,-691783.1730459864,-40139.794699139195,-37881.4342316449,-599441.7450479099,-666032.3530654878,-560492.8277379893,-627060.1193936005,-38948.9173099207,-38972.23367188728,-560208.3211014392,-690447.608829901,-520661.3468049032,-651824.2342266307,-39546.97429653605,-38623.37460327032,-579760.3977189705,-676862.2226478735,-541260.2575668364,-639378.4737885226,-38500.14015213413,-37483.74885935076,-594321.9329768907,-721313.54282265,-552916.0596267342,-682367.4665755916,-41405.873350156486,-38946.07624705845,-560934.0370771914,-523455.72035299777,-37478.3167241936,-487581.1581436853,-576143.2925217232,-450616.29497222614,-538550.0379131819,-36964.86317145915,-37593.25460854129,-497833.4183777954,-460939.5151977373,-36893.903180058085,-491708.73146523535,-664387.1064325608,-454805.1213343879,-626868.6571189563,-36903.61013084745,-37518.44931360448
6,78407,25006,-1076760.8773712898,-563492.0280805889,-992513.6147670017,-519737.9916967135,-84247.26260428796,-43754.03638387543,covid_2022,-728883.1898744241,-788515.0627088216,-681585.9823589819,-742478.3919893398,-47297.20751544224,-46036.670719481765,-697522.711179409,-856767.0415365251,-650229.8575857348,-806500.1201430002,-47292.85359367418,-50266.92139352498,-677434.42501273,-867551.9150481427,-629633.8794834794,-822423.1875195468,-47800.545529250485,-45128.72752859588,-713431.5748870531,-792083.454404838,-667024.9322523612,-745645.5451012113,-46406.64263469196,-46437.90930362676,-666271.6586355325,-820917.7775389658,-619149.4596458167,-774912.7221241206,-47122.198989715835,-46005.055414845185,-689741.7035165404,-804927.4249703961,-643869.9304232891,-760254.502301801,-45871.77309325128,-44672.92266859504,-707255.9947505934,-857984.6624040854,-657912.9352601343,-811580.3294525892,-49343.059490459105,-46404.33295149625,-667492.7101943952,-622812.9857098092,-44679.72448458596,-578949.2180706587,-684952.9875941293,-534890.1075141785,-640139.0669264565,-44059.11055648026,-44813.92066767282,-591261.7745251453,-547292.3970401784,-43969.37748496687,-584338.7951987146,-789765.3768167684,-540355.7542981387,-745054.1576047052,-43983.040900575885,-44711.21921206328
7,87695,28105,-1206544.207378204,-630086.3693576826,-1112168.1976383459,-580997.318308914,-94376.009739858,-49089.05104876863,covid_2022,-816740.7084522672,-883182.0349801012,-763699.2791860863,-831482.2059045566,-53041.42926618101,-51699.82907554457,-781440.7234368053,-959245.6672034187,-728405.2845304125,-902895.0997005345,-53035.438906392774,-56350.56750288417,-758706.2987351123,-971304.3003301957,-705114.1966441047,-920653.8906478195,-53592.10209100768,-50650.409682376165,-799337.4489658556,-886958.8450586671,-747297.9662318262,-834886.530349833,-52039.48273402945,-52072.31470883413,-746243.058319993,-919113.6588929013,-693391.7395765764,-867495.1720086976,-52851.31874341659,-51618.48688420364,-772617.7011921823,-901309.7308658108,-721182.6794127498,-851177.2996023039,-51435.02177943247,-50132.43126350684,-792377.7179163767,-960836.229750321,-737054.4470067578,-908767.1980436116,-55323.27090961879,-52069.031706709386,-747877.0155591497,-697702.2339136985,-50174.78164545116,-648043.4261901716,-766881.2281144978,-598558.2305755228,-716583.8787722648,-49485.19561464887,-50297.34934223299,-661904.7299885722,-612544.0704272424,-49360.65956132978,-654248.4368481837,-884129.628391142,-604880.5469649843,-833934.8985522176,-49367.88988319944,-50194.72983892435
8,92365,29664,-1271466.088959847,-663762.0232985463,-1172286.6620577378,-611982.6872548905,-99179.4269021092,-51779.33604365583,covid_2022,-861065.4079169169,-930986.0782459071,-805123.2252450831,-876449.7481917256,-55942.18267183383,-54536.33005418152,-823731.1919719313,-1010940.2287314088,-767828.4716653656,-951578.9885841059,-55902.72030656567,-59361.240147303004,-799623.5609124338,-1023701.957793408,-743119.179039708,-970268.5937404612,-56504.38187272574,-53433.36405294677,-842656.7692176101,-934811.7050361523,-787776.9829439099,-879922.6715721563,-54879.78627370015,-54889.03346399605,-786537.075023758,-968685.2187517731,-730784.4904171254,-914254.5538210478,-55752.58460663253,-54430.66493072534,-814397.8290104967,-950020.3026174303,-760150.9297351517,-897142.9748292028,-54246.89927534498,-52877.327788227594,-835235.3916951388,-1012768.3825266352,-776927.1917699241,-957847.2190252226,-58308.19992521467,-54921.163501412564,-788485.9022752881,-735536.9941469013,-52948.90812838682,-682955.9557356625,-808349.1545587988,-630736.6081088104,-755276.5840159876,-52219.3476268521,-53072.5705428112,-697652.987425595,-645575.1395511805,-52077.84787441447,-689604.0663428055,-931953.329536078,-637522.6404355727,-879015.0522664499,-52081.42590723279,-52938.277269628146
9,97039,31205,-1337447.2919680472,-697320.9075798162,-1233310.0670581413,-642900.0298463773,-104137.22490990578,-54420.877733438894,covid_2022,-905525.5020244557,-978609.8769208968,-846695.7284145349,-921264.9555785203,-58829.77360992073,-57344.92134237652,-866134.9211650717,-1062498.18199584,-807387.8438006676,-1000102.9782374768,-58747.077364404104,-62395.20375836335,-840772.1307940661,-1075797.5069625883,-781363.7752185345,-1019612.2480697662,-59408.355575531554,-56185.258892822036,-886181.4728362282,-982532.0314228572,-828481.6576292336,-924840.7232854522,-57699.8152069947,-57691.30813740497,-827076.5594779133,-1017999.7207140838,-768434.1268274237,-960768.1764174489,-58642.4326504896,-57231.544296634806,-856351.2058464168,-998402.0407526591,-799313.5971907523,-942808.6263879514,-57037.60865566443,-55593.414364707605,-878372.1519253328,-1064493.2184710016,-817085.0744139685,-1006735.4913594502,-61287.07751136432,-57757.72711155153,-829100.0109369905,-773422.5512490411,-55677.45968794943,-718063.6507280235,-849489.4490737026,-663165.1856477692,-793695.6934909103,-54898.465080254246,-55793.75558279228,-733545.7763152372,-678800.8767618291,-54744.89955340801,-724795.452344754,-979008.220246409,-670035.7624581268,-923363.6235659611,-54759.68988662725,-55644.59668044781
10,100462,32279,-1384283.00217555,-721811.6857456374,-1276695.1768611802,-665479.9391429644,-107587.82531436977,-56331.746602672945,covid_2022,-937362.1196065773,-1012655.4285968222,-876428.0354618705,-953282.5804083088,-60934.08414470688,-59372.848188513395,-896525.8830418099,-1099335.066842041,-835722.5150155921,-1034790.2379458799,-60803.368026217766,-64544.828896161074,-870326.3667558336,-1113068.6590584395,-808821.1076475403,-1054918.5666087915,-61505.25910829335,-58150.0924496481,-917354.9079839409,-1016704.1317575257,-857608.6069898512,-956995.9045065697,-59746.300994089645,-59708.22725095598,-856226.1641524336,-1053301.2334203096,-795479.8165890417,-994078.3972019455,-60746.34756339196,-59222.836218363955,-886452.5657146666,-1033034.3926199292,-827388.2031365517,-975492.6622154531,-59064.36257811496,-57541.73040447606,-909281.9244554198,-1101492.108635806,-845854.1671891892,-1041704.8523820116,-63427.75726623058,-59787.2562537944,-858245.9676041455,-800594.8449511494,-57651.12265299611,-743620.7834503966,-879020.0088958181,-686781.2112342025,-821268.6319867062,-56839.57221619416,-57751.37690911192,-759604.7157372872,-702938.6351094983,-56666.08062778889,-750276.1711880568,-1012799.7532350546,-693584.4187773056,-955217.6096640135,-56691.75241075116,-57582.14357104103
11,103035,33027,-1419089.3749586642,-740691.1161922584,-1308884.7615111903,-682973.5272469611,-110204.61344747384,-57717.5889452973,covid_2022,-961179.702303106,-1038192.4728737405,-898710.6173560546,-977334.4356980252,-62469.084947051306,-60858.03717571532,-919340.5120261001,-1126951.5438710963,-857032.5025662698,-1060818.5417021296,-62308.00945983025,-66133.00216896663,-892512.0600039229,-1141024.0597710907,-829478.7305651476,-1081443.0528062554,-63033.32943877526,-59581.00696483524,-940659.1230721743,-1042334.3086336802,-879422.0766491541,-981147.1863475249,-61237.04642302017,-61187.12228615533,-878127.7698128677,-1079783.2929899704,-815849.2328954472,-1019105.1989477848,-62278.5369174206,-60678.09404218559,-909009.1646190585,-1059027.882202167,-848473.320271924,-1000063.2262552173,-60535.84434713447,-58964.65594694962,-932444.8570644584,-1129198.1980285414,-867440.720796836,-1067935.2901020288,-65004.13626762247,-61262.907926512635,-880176.6203409107,-821082.7361177731,-59093.884223137684,-763328.5075437629,-901282.7274835936,-705078.3000153305,-842106.4004749279,-58250.20752843233,-59176.32700866581,-779739.4437581346,-721677.219985854,-58062.22377228058,-769706.9355211786,-1038326.528400302,-711607.9988416604,-979324.02164534,-58098.93667951826,-59002.50675496203
12,105226,33690,-1449904.3840371163,-756875.8498336186,-1337384.3913634517,-697957.8775010087,-112519.99267366467,-58917.97233260996,covid_2022,-981954.8406634838,-1060517.9224408155,-918197.969235177,-998379.0430409267,-63756.87142830678,-62138.87939988872,-939256.7056471107,-1151094.5818304594,-875664.6946697251,-1083578.4517780067,-63592.01097738555,-67516.13005245278,-911906.0896074922,-1165439.1524670767,-847578.8466491502,-1104618.18480895,-64327.24295834194,-60820.96765812678,-961003.9735476928,-1064721.858370797,-898513.2708574188,-1002277.5994740498,-62490.70269027394,-62444.25889674715,-897247.6170044271,-1102903.0494463728,-833691.7834326286,-1040962.6179218,-63555.83357179852,-61940.431524572734,-928703.5628841908,-1081699.4049480327,-866930.1956456347,-1021499.7539426374,-61773.3672385562,-60199.65100539539,-952708.3781731077,-1153431.3899047067,-886378.5443041231,-1090893.1506253053,-66329.83386898456,-62538.23927940148,-899276.2620441354,-838952.066155676,-60324.195888459355,-780329.0755632356,-920619.7654011324,-720852.0224585972,-860211.4380193419,-59477.053104638406,-60408.32738179048,-797100.1362533857,-737824.7878080497,-59275.34844533598,-786473.9818751805,-1060395.243179093,-727165.3990349498,-1000153.7677219384,-59308.582840230636,-60241.47545715466
13,106887,34134,-1472564.0653054104,-768722.568428464,-1358492.1353680196,-708939.0312047021,-114071.92993739086,-59783.537223761916,covid_2022,-997303.7669634881,-1076901.5149534626,-932619.4942476501,-1013857.4789486408,-64684.272715837964,-63044.03600482182,-953931.4550465014,-1168797.3793948472,-889430.4547093874,-1100322.67822596,-64501.00033711401,-68474.70116888736,-926172.5644689258,-1183375.3089862394,-860932.3457787576,-1121668.4667574328,-65240.21869016826,-61706.842228806665,-976017.0960866378,-1081182.5243807484,-912627.6893844693,-1017835.7166323668,-63389.40670216849,-63346.80774838163,-911327.4687989678,-1119892.1752814834,-846856.8013666016,-1057056.082028175,-64470.667432366114,-62836.09325330849,-943226.1684697224,-1098353.7196093856,-880561.9347377484,-1037279.4834404706,-62664.23373197407,-61074.236168914955,-967623.5587979964,-1171216.1999258795,-900354.5351668709,-1107782.619220851,-67269.02363112546,-63433.58070502852,-913333.258493082,-852128.7107620782,-61204.54773100379,-792723.1649074622,-934799.8913203101,-732358.8089609807,-873514.2747521978,-60364.35594648142,-61285.61656811233,-809717.5717708495,-749563.596178798,-60153.97559205156,-798755.4509128736,-1076580.6446853399,-738583.6513456731,-1015461.9313255355,-60171.7995672005,-61118.71335980439
14,108063,34418,-1488536.5749729334,-777284.506588049,-1373325.2582036024,-716895.8114642275,-115211.3167693311,-60388.695123821555,covid_2022,-1008142.6661408399,-1088514.7133957737,-942820.7039781344,-1024820.9248827945,-65321.96216270553,-63693.78851297914,-964328.4579804426,-1181340.4404413882,-899195.289401579,-1112168.90728615,-65133.168578863646,-69171.53315523827,-936303.9017713554,-1196099.0852929389,-870421.0826470058,-1133760.5697824273,-65882.81912434964,-62338.51551051149,-986621.8423293125,-1092844.4182454825,-922609.5937889573,-1028865.8209879376,-64012.24854035509,-63978.59725754484,-921334.2371639734,-1131951.235112082,-856225.3046577827,-1068472.2920961014,-65108.93250619076,-63478.94301598058,-953514.0679322965,-1110167.7547892781,-890232.3933360473,-1048474.1500807628,-63281.67459624927,-61693.604708515304,-978192.7788787425,-1183846.665348098,-910260.0663988644,-1119755.6321041628,-67932.7124798781,-64091.03324393513,-923309.9967867625,-861488.822786037,-61821.174000725514,-801676.1615366478,-944883.8097179923,-740689.0725588952,-882977.8949935769,-60987.08897775263,-61905.91472441534,-818836.2657161809,-758064.0991627126,-60772.16655346837,-807569.5283574614,-1088113.557544675,-746784.7564687657,-1026365.7728927786,-60784.77188869579,-61747.784651896334
15,109113,34643,-1502466.8619320402,-784935.4130469577,-1386323.954080524,-724045.038685684,-116142.90785151633,-60890.374361273774,covid_2022,-1017665.2740997092,-1098645.3077483815,-951787.8689816758,-1034418.8332527478,-65877.40511803339,-64226.47449563383,-973461.745086966,-1192310.7949733993,-907781.4057190685,-1122568.1333282792,-65680.33936789748,-69742.66164511991,-945227.4507290823,-1207214.9139210067,-878788.4721368164,-1144362.280336292,-66438.97859226595,-62852.63358471467,-995959.1706227834,-1103043.0827361094,-931406.2030382499,-1038534.9944516713,-64552.967584533515,-64508.0882844381,-930147.5334352388,-1142482.9023767381,-864487.0520995293,-1078484.0649346292,-65660.48133570942,-63998.837442108954,-962567.2182860798,-1120500.4093875722,-898753.1630629282,-1058292.276958338,-63814.055223151554,-62208.13242923414,-987489.6156564913,-1194883.8338247803,-918991.7040068703,-1130256.634111729,-68497.91164962102,-64627.19971305127,-932091.2810271642,-869748.5624474441,-62342.718579720145,-809716.7086084285,-953741.8369586769,-748221.7556083706,-891313.7594481356,-61494.95300005786,-62428.07751054131,-827015.8494135798,-765739.1562188895,-61276.69319469032,-815358.7468078656,-1098191.8824938557,-754065.6621146639,-1035934.4039255476,-61293.08469320176,-62257.478568308055
16,110675,35095,-1523471.5234720435,-796152.4830897814,-1405862.0429800537,-734407.614757609,-117609.48049198969,-61744.868332172395,covid_2022,-1031989.2873504666,-1113990.4386925807,-965205.0988280541,-1048867.091798657,-66784.18852241246,-65123.3468939236,-987165.2480842994,-1208907.3159835595,-920588.4326577312,-1138230.9168118143,-66576.81542656817,-70676.39917174524,-958543.4479058174,-1224051.818145199,-891196.7127762451,-1160324.1635975635,-67346.73512957233,-63727.65454763555,-1009984.0648786474,-1118428.4642722628,-944544.2344546986,-1053047.6902302434,-65439.83042394887,-65380.774042019286,-943272.9956770249,-1158416.6215566788,-876705.0914301659,-1093540.1004699487,-66567.90424685906,-64876.52108673006,-976130.7748746818,-1136137.216672859,-911438.8061872872,-1073067.2558526916,-64691.96868739464,-63069.96082016742,-1001394.861198894,-1211574.2331744314,-931984.1278199813,-1146053.7060562961,-69410.73337891261,-65520.5271181353,-945278.4714497839,-882061.721236283,-63216.75021350096,-821431.53832353,-967126.9430476022,-759061.5533424303,-903823.2471838323,-62369.98498109968,-63303.695863769804,-838956.7013834002,-776816.4089221917,-62140.29246120851,-826930.0399690564,-1113511.0412198238,-764782.1009151819,-1050393.0821490833,-62147.93905387448,-63117.95907074049
17,112042,35398,-1541103.6117907162,-805867.9067274097,-1422328.897041482,-743460.1430175895,-118774.7147492343,-62407.76370982024,covid_2022,-1044079.2753025949,-1126826.4264231902,-976585.5425104654,-1061011.6757257564,-67493.73279212952,-65814.75069743364,-998749.4331858959,-1222804.0381372995,-931471.4384600889,-1151393.4988609974,-67277.99472580693,-71410.53927630215,-969847.2263228605,-1238131.0929448125,-901788.8272311139,-1173724.0892541218,-68058.39909174657,-64407.00369069066,-1021849.0151924756,-1131353.4671880384,-955710.6378070511,-1065282.0136490003,-66138.37738542452,-66071.45353903803,-954434.2057247213,-1171771.8345183982,-887155.3672785867,-1106205.8420334398,-67278.83844613457,-65565.99248495845,-987613.6835714608,-1149225.8811818007,-922229.6240775615,-1085483.8535372803,-65384.05949389925,-63742.027644520305,-1013173.0133387729,-1225534.1182188326,-943026.2892977984,-1159323.3679563378,-70146.72404097447,-66210.75026249496,-956410.2921969761,-892514.5581771644,-63895.73401981174,-831614.0655567256,-978355.4489525422,-768561.9711435616,-914373.9908977288,-63052.09441316394,-63981.45805481327,-849300.2365416302,-786484.7206981499,-62815.51584348036,-836831.1949298015,-1126301.7837133626,-774013.3978045598,-1062509.9417529905,-62817.79712524173,-63791.841960372236
18,113490,35706,-1560233.5192442976,-816186.2147889748,-1440257.3638254115,-753083.0637023717,-119976.15541888605,-63103.15108660315,covid_2022,-1057139.0714714916,-1140752.9025144519,-988915.1882494666,-1074221.1159787066,-68223.88322202506,-66531.78653574518,-1011261.3219689311,-1237868.970875051,-943252.4664665828,-1165704.4173906913,-68008.85550234823,-72164.55348435986,-982013.0324439146,-1253423.3692197192,-913221.8712459689,-1188304.7907584934,-68791.16119794568,-65118.578461225756,-1034660.8000001122,-1145353.1708611748,-967800.4293013079,-1078567.0327213637,-66860.37069880422,-66786.13813981108,-966409.3788958674,-1186253.0623474563,-898403.8626082957,-1119970.007196104,-68005.51628757168,-66283.05515135243,-999991.8961075696,-1163433.0688713826,-933892.2605553212,-1098987.4446345333,-66099.63555224836,-64445.62423684937,-1025873.1107588887,-1240684.4714065131,-954975.7439498942,-1173758.6846695861,-70897.3668089944,-66925.78673692698,-968416.0643046736,-903814.2230381363,-64601.841266537376,-842444.2478091652,-990495.8206656312,-778682.8538026921,-925805.3693335389,-63761.39400647298,-64690.45133209225,-860340.9933997273,-796821.5901440214,-63519.4032557058,-847389.3357976628,-1140164.3107049651,-783876.4224362762,-1075668.8829863102,-63512.913361386585,-64495.42771865488
19,115432,36071,-1586089.6888769048,-830093.2258086738,-1464619.794411096,-766108.3465941226,-121469.89446580874,-63984.879214551154,covid_2022,-1074785.7714353967,-1159662.5311370264,-1005659.2860398625,-1092213.2608277532,-69126.48539553417,-67449.2703092732,-1028169.934010256,-1258341.3471685105,-959255.32652071,-1185215.755885186,-68914.60748954599,-73125.59128332454,-998426.5738009057,-1274203.3914761653,-928728.6971806454,-1208185.8303448416,-69697.87662026033,-66017.56113132372,-1051962.0689533374,-1164326.9571486374,-984213.5629588587,-1096645.1005652007,-67748.50599447862,-67681.85658343663,-982547.1701227607,-1205899.1093779884,-913645.5196306928,-1138711.5822447594,-68901.65049206793,-67187.527133229,-1016704.9006586039,-1182702.569060286,-949722.4061415914,-1117375.2472899752,-66982.49451701246,-65327.32177031077,-1042997.4536496185,-1261246.8172554306,-971176.4164279028,-1193410.324404787,-71821.03722171579,-67836.49285064358,-984639.1532468976,-919154.4080423292,-65484.745204568375,-857081.6736476752,-1006945.5796401933,-792405.791200033,-941369.8011815883,-64675.88244764218,-65575.77845860494,-875289.4993603227,-810862.4128757366,-64427.08648458618,-861647.1406318549,-1158986.7784733884,-797257.3418933982,-1093607.0017433702,-64389.798738456724,-65379.77673001829
20,118118,36633,-1622868.2362535615,-849249.424096719,-1499059.9206995706,-783995.6629335767,-123808.31555399083,-65253.761163142306,covid_2022,-1099683.8080585278,-1186438.1491289902,-1029200.1794528565,-1117636.7352409612,-70483.62860567133,-68801.41388802908,-1052016.696127083,-1287374.1178837174,-981728.6894612839,-1212795.9094854654,-70288.00666579901,-74578.20839825194,-1021496.9511894825,-1303614.5719843386,-950426.7081637509,-1236291.9093307557,-71070.24302573154,-67322.6626535829,-1076335.7715916883,-1191170.375500086,-1007244.6813746337,-1122142.6963088496,-69091.09021705449,-69027.67919123646,-1005172.7432706321,-1233683.3961393796,-934916.3815013717,-1165163.9411009438,-70256.36176926037,-68519.45503843573,-1040215.0175149624,-1209954.6874077856,-971905.4172595192,-1143328.2827987499,-68309.60025544313,-66626.40460903579,-1067116.7563410432,-1290329.4835015482,-993875.2713612263,-1221142.2668278874,-73241.48497981673,-69187.2166736607,-1007421.1060693018,-940632.2181880376,-66788.88788126425,-877167.9143680593,-1030139.6170932809,-811206.2381865921,-963258.6283629445,-65961.67618146708,-66880.98873033636,-895872.1940016755,-830158.1358740161,-65714.05812765942,-881491.3287684235,-1185612.9959610384,-815817.6769135668,-1118928.4011846443,-65673.65185485675,-66684.59477639402
21,121665,37366,-1671899.3915840534,-874598.3847868175,-1545129.728742211,-807635.0017499829,-126769.66284184261,-66963.3830368345,covid_2022,-1132917.8990928319,-1222141.9742982325,-1060651.2219742176,-1151553.0318266635,-72266.6771186143,-70588.94247156888,-1083780.4131885085,-1326057.8570414155,-1011693.4254633122,-1249570.7926635514,-72086.98772519639,-76487.06437786421,-1052189.1078051354,-1342800.9680290816,-979315.694736679,-1273722.9105372105,-72873.41306845646,-69078.05749187112,-1108867.248765525,-1226903.101944595,-1038017.8144564416,-1156105.6396760542,-70849.43430908327,-70797.46226854097,-1035264.4702030516,-1270683.828245251,-963228.7643486747,-1200385.3064503332,-72035.70585437687,-70298.52179491769,-1071525.5101433792,-1246270.53352718,-1001474.517356819,-1177907.3089486323,-70050.99278656024,-68363.22457854784,-1099244.0566474716,-1329090.234618924,-1024158.1526196094,-1258120.613987666,-75085.90402786218,-70969.62063125792,-1037812.1880846799,-969293.1161228067,-68519.07196187327,-903856.2250644102,-1061052.9795494466,-836137.716851071,-992421.3331058372,-67718.50821333926,-68631.64644360938,-923252.460491457,-855791.6849819592,-67460.7755094979,-907856.7764033794,-1221081.360747012,-840468.7291164367,-1152644.3506707724,-67388.04728694267,-68437.01007623969
22,125938,38303,-1730602.6036161229,-905048.562184796,-1600202.3649759095,-835991.1600810405,-130400.23864021349,-69057.40210375552,covid_2022,-1172707.2337431249,-1264846.815734243,-1098228.9039759997,-1192042.9384586143,-74478.3297671252,-72803.87727562875,-1121792.8266285155,-1372296.8162892326,-1047516.0189562555,-1293472.3737640097,-74276.80767226005,-78824.44252522287,-1088971.5810611534,-1389674.7205791704,-1013887.8336751324,-1318437.8287261426,-75083.74738602116,-71236.89185302776,-1147778.064088065,-1269636.9356430063,-1074764.4046322186,-1196669.3677632492,-73013.65945584637,-72967.56787975716,-1071352.426253396,-1314943.0847765317,-997113.7976123773,-1242459.9748598423,-74238.62864101879,-72483.10991668937,-1109025.071897333,-1289666.9386390902,-1036830.3257990073,-1219178.9259622577,-72194.74609832568,-70488.0126768326,-1137715.8364398328,-1375448.798662073,-1060358.3073640026,-1302260.9772892813,-77357.52907583019,-73187.82137279156,-1074191.468309715,-1003536.6199790817,-70654.84833063322,-935892.3141284788,-1098031.073684265,-866023.3844815921,-1027259.2703893587,-69868.92964688665,-70771.80329490628,-956077.2168619696,-886474.604203079,-69602.61265889059,-939486.164632761,-1263484.4844500902,-869994.2663225996,-1192911.1392213805,-69491.89831016146,-70573.34522870976
23,129772,39173,-1783614.8327664356,-932190.3814350722,-1650017.8744613498,-861263.9585703606,-133596.95830508572,-70926.42286471158,covid_2022,-1208456.4298499199,-1302988.749142704,-1132047.9709423336,-1228245.8755666364,-76408.45890758626,-74742.8735760675,-1155920.5125788883,-1413567.247138473,-1079714.6151518354,-1332699.2361541654,-76205.89742705299,-80868.01098430755,-1121946.5409389683,-1431479.690038388,-1044928.1810595107,-1358323.2363506083,-77018.35987945773,-73156.45368777962,-1182782.0305483923,-1307820.1582988058,-1107864.7263865566,-1232936.664589193,-74917.30416183574,-74883.49370961297,-1103744.3881918807,-1354424.1525603614,-1027583.5384725264,-1280009.305346814,-76160.8497193544,-74414.84721354752,-1142705.2804868522,-1328396.1200981122,-1068623.8434866476,-1256025.0143079408,-74081.4370002046,-72371.10579017134,-1172318.4117161364,-1416866.535507333,-1092968.7982374683,-1341745.0032564553,-79349.61347866806,-75121.53225087766,-1106908.616462904,-1034362.8000937768,-72545.81636912716,-964586.451152889,-1131050.6081846082,-892784.8026007042,-1058364.7926514556,-71801.64855218476,-72685.81553315262,-985457.4029068181,-913932.3738484478,-71525.02905837033,-967777.4418400488,-1301152.9213618478,-896415.99109283,-1228675.3490411348,-71361.45074721875,-72477.57232071302
24,135660,40569,-1865231.5005693808,-973867.841490926,-1726482.7997471318,-899976.4855172149,-138748.70082224908,-73891.35597371108,covid_2022,-1263527.7663456122,-1361855.0792011435,-1184021.6533899168,-1283971.503039808,-79506.1129556955,-77883.57616133551,-1208425.1846560857,-1477250.6759755802,-1129138.9817195728,-1393077.7563872728,-79286.20293651281,-84172.91958830737,-1172761.8898120783,-1495923.2470019665,-1092612.3795640902,-1419673.3180916524,-80149.51024798828,-76249.92891031402,-1236701.2700718618,-1366657.440733338,-1158753.544354762,-1288724.5543350668,-77947.72571709991,-77932.88639827126,-1153639.6811504762,-1415321.9452343446,-1074383.1947411099,-1337789.1880587277,-79256.48640936645,-77532.75717561692,-1194551.4778643209,-1388131.7155180913,-1117469.2124832484,-1312739.6490390496,-77082.26538107246,-75392.06647904168,-1225598.8049604788,-1480723.488079187,-1143064.0509250702,-1402485.670789733,-82534.75403540858,-78237.81728945395,-1157251.9389742585,-1081681.4367348047,-75570.5022394538,-1008670.2759613934,-1181941.767188025,-933789.1221359671,-1106212.0340003048,-74881.15382542623,-75729.7331877202,-1030594.0166921146,-956010.8470072382,-74583.16968487645,-1011267.9029305831,-1359246.5069073348,-936925.1989746747,-1283726.1656186646,-74342.70395590844,-75520.34128867017
25,141962,42008,-1953152.140606754,-1018589.5039102009,-1808931.541256008,-941589.2637600593,-144220.59935074594,-77000.24015014163,covid_2022,-1322681.4412846365,-1424881.3236704296,-1239889.931412913,-1343744.169164173,-82791.50987172355,-81137.15450625647,-1264831.23103208,-1545414.6751495476,-1182321.915121482,-1457769.328096291,-82509.31591059809,-87645.34705325651,-1227322.1116044037,-1564899.8256321202,-1143917.9359734727,-1485452.304017231,-83404.17563093104,-79447.52161488915,-1294552.625867776,-1429706.9386983109,-1213407.0123657691,-1348554.7340666282,-81145.61350200695,-81152.2046316827,-1207232.8678506787,-1480457.4834504654,-1124722.8357316107,-1399708.501278611,-82510.03211906806,-80748.98217185446,-1250204.1613330632,-1452014.2548803547,-1169964.3512073327,-1373471.0954889555,-80239.81012573045,-78543.15939139914,-1282803.6802862724,-1549036.2722253925,-1196918.660281008,-1467554.6050402534,-85885.02000526442,-81481.66718513909,-1211208.0959017102,-1132483.9374989858,-78724.15840272441,-1056115.3890251217,-1236379.631256297,-978029.8415545756,-1157449.3512282905,-78085.547470546,-78930.2800280065,-1079203.012106964,-1001436.0736485849,-77766.9384583789,-1057878.0291223181,-1421236.1842283548,-980417.4944447421,-1342531.8406389374,-77460.53467757606,-78704.34358941735
0,705,102,-7861.651375675806,-7127.215573342914,-7266.230051425011,-6638.546811048152,-595.4213242507951,-488.66876229476145,flu_2022,-5637.994584239211,-6143.815519719303,-5358.935199888967,-5866.253256571415,-279.05938435024404,-277.56226314788785,-5468.270364521174,-6646.5847313601225,-5193.6334677073655,-6353.936001977251,-274.6368968138088,-292.6487293828713,-5333.670180822643,-6808.370004733582,-5058.117312212513,-6531.045926911907,-275.55286861012934,-277.32407782167473,-5541.171200701445,-6165.787931366704,-5265.831390796153,-5903.346908514735,-275.33980990529165,-262.441022851968,-5213.019139338629,-6461.4951639643805,-4941.3567381236335,-6178.982879184273,-271.6624012149963,-282.51228478010796,-5370.961173255862,-6334.020335325552,-5101.561516484347,-6067.249922665449,-269.39965677151605,-266.77041266010275,-5439.793138751281,-6635.655852802771,-5156.70135719666,-6351.140571149738,-283.0917815546212,-284.5152816530325,-5242.372182761182,-4977.999040792904,-264.37314196827754,-5363.534828908282,-5503.491408719111,-5034.1814095138525,-5232.721462660129,-329.3534193944299,-270.76994605898176,-5511.008022262093,-5171.849098662806,-339.1589235992867,-4915.292462946975,-6398.939654553695,-4657.2149424376275,-6136.35715153896,-258.0775205093478,-262.58250301473424
1,2293,364,-25192.45296801081,-17944.698914216326,-23622.05465207049,-16806.768697000472,-1570.398315940321,-1137.9302172158523,flu_2022,-18187.423847347418,-19560.863165005383,-17251.421430100447,-18612.19566646741,-936.00241724697,-948.6674985379726,-17566.525209501462,-21106.329943577897,-16641.61437389807,-20121.621085694598,-924.9108356033912,-984.7088578832997,-17089.798233011665,-21555.48635606353,-16157.98912571687,-20620.238324155056,-931.8091072947971,-935.2480319084736,-17855.78724070321,-19627.902090545984,-16935.01181294851,-18714.73031597807,-920.7754277546992,-913.1717745679114,-16764.59948872911,-20493.77696912747,-15833.539046191347,-19544.15671802342,-931.0604425377609,-949.6202511040497,-17275.39602565941,-20129.702227614063,-16360.744540126758,-19209.168400500555,-914.6514855326534,-920.5338271135081,-17536.57242162803,-21132.847610437628,-16586.82472467491,-20169.80608624263,-949.7476969531182,-963.0415241949978,-16932.301724728168,-16019.506684100248,-912.7950406279215,-16954.413391061717,-17542.437512837965,-15948.699409608153,-16606.782995358753,-1005.7139814535637,-935.6545174792118,-17360.111385137407,-16352.187736204487,-1007.9236489329179,-15725.839837721272,-20294.18655134159,-14817.204816667938,-19369.5670598602,-908.6350210533337,-924.6194914813886
2,3330,553,-36543.54881016364,-25126.103546662907,-34297.27423180376,-23549.64297807437,-2246.2745783598743,-1576.4605685885372,flu_2022,-26456.210986384624,-28471.077849771213,-25078.9600288113,-27088.23411186651,-1377.2509575733252,-1382.8437379047014,-25584.38558260287,-30724.883436987697,-24214.235340859435,-29286.9564741115,-1370.1502417434333,-1437.9269628761967,-24870.39095786042,-31395.844695350846,-23498.06671038045,-30028.758614977683,-1372.3242474799708,-1367.0860803731632,-25957.902541516574,-28596.991488775766,-24599.770639494338,-27244.764472215487,-1358.1319020222352,-1352.2270165602797,-24389.272713620485,-29837.892014275247,-23021.089156433824,-28451.686008590917,-1368.1835571866623,-1386.2060056843281,-25130.292613241872,-29310.52294137223,-23778.080649022828,-27959.487408807105,-1352.2119642190464,-1351.0355325651267,-25505.567453185515,-30757.411409646196,-24100.89546794133,-29356.398732623253,-1404.6719852441845,-1401.0126770229426,-24649.75307824405,-23309.62079583743,-1340.1322824066242,-24660.072605771697,-25554.224156527405,-23217.918768793217,-24185.088307439717,-1442.153836978479,-1369.1358490876878,-25261.040932471933,-23818.112373687392,-1442.9285587845404,-22938.773659616367,-29590.873286877322,-21605.338661670517,-28237.068346897206,-1333.434997945851,-1353.8049399801182
3,3806,645,-41967.25100623625,-28434.868186965883,-39401.68987649691,-26657.349372805373,-2565.561129739341,-1777.518814160509,flu_2022,-30346.468988262677,-32604.673088846328,-28767.511109248404,-31016.493247117527,-1578.9578790142718,-1588.179841728802,-29336.3242076121,-35173.740659363124,-27761.489141367478,-33527.14243491647,-1574.8350662446212,-1646.5982244466536,-28511.02141326427,-35939.15957135999,-26934.774032595615,-34368.80015803493,-1576.2473806686535,-1570.359413325061,-29775.681373632244,-32743.142338007245,-28216.747470176168,-31189.554245542993,-1558.9339034560767,-1553.5880924642524,-27961.77838274798,-34154.973793699915,-26389.44430669744,-32560.190620997564,-1572.334076050539,-1594.783172702355,-28816.069186146466,-33549.82403270948,-27262.105615923098,-31998.33445901984,-1553.9635702233688,-1551.489573689644,-29259.81499416262,-35226.38355389326,-27647.076768357252,-33619.459374642836,-1612.738225805368,-1606.9241792504222,-28270.78061969453,-26729.62402776997,-1541.156591924561,-28265.279603456776,-29247.966278693697,-26611.985919899398,-27680.071402993548,-1653.2936835573787,-1567.8948757001508,-28954.99556321907,-27303.388545292008,-1651.60701792706,-26269.24673341615,-33837.87337912069,-24735.37181401819,-32283.378921704512,-1533.8749193979581,-1554.4944574161761
4,4150,723,-45971.33822268166,-30875.431200745003,-43163.12236041143,-28934.309773753004,-2808.2158622702345,-1941.121426991999,flu_2022,-33214.22696970708,-35691.43440767279,-31467.899414491523,-33933.697549143406,-1746.3275552155596,-1757.7368585293825,-32099.54241975439,-38506.7714590966,-30362.018083411927,-36686.03700997389,-1737.5243363424643,-1820.734449122712,-31211.095120033136,-39347.166420289665,-29467.083849731112,-37601.674263047666,-1744.0112703020231,-1745.4921572420021,-32594.596414098854,-35843.32672472684,-30872.810508332317,-34128.90557234878,-1721.7859057665387,-1714.4211523780546,-30609.354079063134,-37388.17331135594,-28869.76314304471,-35622.449086776185,-1739.5909360184241,-1765.7242245797563,-31542.524422767,-36724.82003636583,-29827.393572695695,-35007.3495753164,-1715.130850071307,-1717.47046104943,-32040.132772632158,-38587.1494760176,-30265.351223057973,-36806.77100263976,-1774.781549574186,-1780.378473377834,-30951.10512935355,-29243.63247012661,-1707.4726592269394,-30870.283014430737,-32010.61650368173,-29043.99130135347,-30266.997998906896,-1826.2917130772666,-1743.6185047748331,-31615.635808674488,-29793.347905202543,-1822.2879034719444,-28719.95108351871,-37015.165462157136,-27021.249909343664,-35291.907830708486,-1698.701174175046,-1723.2576314486537
5,4419,765,-49176.31577546191,-32786.509914098766,-46173.52735209385,-30736.30826508155,-3002.78842336806,-2050.2016490172177,flu_2022,-35467.42068889676,-38094.10839554458,-33607.12295076932,-36225.417683785025,-1860.2977381274368,-1868.6907117595513,-34266.30984657043,-41095.907675983035,-32420.454025891282,-39159.58700665753,-1845.8558206791513,-1936.320669325503,-33329.56672819652,-41987.0842294896,-31475.729098823205,-40131.88537525216,-1853.837629373318,-1855.1988542374406,-34798.79409029524,-38260.51605494162,-32965.71527433812,-36435.14870274264,-1833.0788159571189,-1825.3673521989758,-32697.556534044084,-39892.82141705258,-30845.370455052303,-38020.05750747255,-1852.1860789917803,-1872.7639095800337,-33684.02984374124,-39182.0686417012,-31857.833909600384,-37360.998844139365,-1826.1959341408551,-1821.0697975618323,-34233.983733930305,-41190.32577670628,-32342.64419871493,-39303.62749841994,-1891.339535215372,-1886.6982782863406,-33047.643790719594,-31231.178627477657,-1816.465163241936,-32903.47916902192,-34142.71205319934,-30967.989699918653,-32291.876825152103,-1935.4894691032675,-1850.83522804724,-33688.32439780106,-31759.056447970343,-1929.267949830712,-30630.63794989646,-39456.95743098198,-28825.517440403004,-37628.860226089215,-1805.1205094934573,-1828.0972048927654
6,4621,807,-51440.772885565115,-34196.05023079724,-48271.3926863001,-32056.25978405734,-3169.380199265009,-2139.7904467399007,flu_2022,-37090.49716764018,-39834.55266423442,-35131.58561099064,-37878.03810236333,-1958.9115566495352,-1956.5145618710849,-35840.30052478737,-42990.7328855411,-33898.94949486597,-40950.99406422895,-1941.351029921401,-2039.7388213121544,-34875.12600124872,-43910.33797555414,-32923.96952888844,-41968.22371056003,-1951.1564723602758,-1942.1142649941137,-36391.937892876056,-40023.825233515585,-34463.05350010356,-38103.7750323879,-1928.884392772494,-1920.0502011276835,-34207.306106576965,-41721.83432793542,-32258.563392352087,-39759.61352938732,-1948.742714224879,-1962.2207985480982,-35229.855908787424,-40974.36996088688,-33311.48460058117,-39064.77268206837,-1918.3713082062563,-1909.5972788185095,-35812.047710751154,-43074.86813756889,-33818.192546563114,-41097.270720529814,-1993.8551641880372,-1977.5974170390755,-34552.86256533136,-32646.99894534575,-1905.8636199856094,-34432.02532353004,-35703.17294921682,-32413.833261104348,-33761.937077597075,-2018.1920624256961,-1941.2358716197498,-35249.93953121873,-33237.5924344578,-2012.347096760931,-32038.871515500643,-41247.76215327215,-30146.787746177597,-39332.57531309865,-1892.0837693230449,-1915.186840173505
7,4782,840,-53383.350471812075,-35329.63374840813,-50096.38527706002,-33121.36805518154,-3286.965194752051,-2208.265693226587,flu_2022,-38469.57959623827,-41295.947552496764,-36432.29058064546,-39272.605912558894,-2037.2890155928085,-2023.3416399378718,-37160.18607680219,-44572.29719582267,-35145.6823418628,-42455.58713572666,-2014.5037349393897,-2116.7100600960125,-36153.27408396143,-45513.81325413899,-34128.96179340555,-43505.52120308032,-2024.3122905558805,-2008.29205105867,-37737.16685975783,-41494.73203589376,-35733.45920498683,-39501.893538483106,-2003.707654771001,-1992.8384974106527,-35458.77294433415,-43243.028625160856,-33435.737162964,-41213.58977700504,-2023.035781370154,-2029.4388481558115,-36525.023991713235,-42472.18853068437,-34534.09949854513,-40495.04406434853,-1990.9244931681023,-1977.1444663358418,-37135.84138636009,-44655.065352162994,-35065.17305897222,-42611.5255554493,-2070.6683273878675,-2043.539796713697,-35817.83040604395,-33843.649746216426,-1974.1806598275246,-35640.031136771846,-36997.71088583763,-33557.50580421822,-34987.974287823075,-2082.5253325536264,-2009.7365980145569,-36492.02548714051,-34415.338761525476,-2076.686725615035,-33179.83909028476,-42738.74933191639,-31221.350230427743,-40758.67459994575,-1958.488859857018,-1980.0747319706393
8,4873,855,-54471.830138907426,-35982.79142383232,-51123.3402451331,-33737.07396037192,-3348.4898937743283,-2245.7174634604016,flu_2022,-39244.58860619738,-42105.65280124915,-37169.43883175422,-40041.38693179377,-2075.149774443164,-2064.265869455374,-37903.20774769341,-45438.56283373087,-35851.982267964304,-43281.88603620065,-2051.225479729102,-2156.6767975302228,-36878.24650782386,-46393.22310648576,-34815.99144461922,-44346.22059171176,-2062.255063204644,-2047.0025147740018,-38497.596852853836,-42305.69304371159,-36457.497906843666,-40275.65755686094,-2040.098946010168,-2030.035486850646,-36175.586319306276,-44080.41299210518,-34114.48053135876,-42012.821111736994,-2061.1057879475215,-2067.5918803681866,-37258.3990680236,-43297.329174153165,-35231.4156719823,-41283.506346399605,-2026.9833960413052,-2013.8228277535611,-37889.11358650129,-45530.543006528314,-35779.91378802016,-43448.92349561259,-2109.1997984811323,-2081.6195109157256,-36538.816700251075,-34527.15025063996,-2011.6664496111116,-36354.019957194345,-37710.65799395391,-34231.9964651777,-35665.46431231327,-2122.0234920166477,-2045.1936816406342,-37218.41791729328,-35103.37347538494,-2115.0444419083383,-33834.300281648975,-43548.94303059115,-31838.91565061179,-41531.69985888473,-1995.3846310371837,-2017.2431717064255
9,4978,873,-55751.94788134949,-36722.34547067166,-52329.258272882915,-34434.542873918064,-3422.6896084665777,-2287.802596753595,flu_2022,-40141.917478770345,-43036.4305689691,-38020.93253680778,-40931.99004519578,-2120.984941962567,-2104.440523773322,-38760.00122268489,-46436.97463004265,-36667.27829427501,-44237.6703461407,-2092.722928409883,-2199.3042839019486,-37706.81794637773,-47408.937544200824,-35602.81985191279,-45320.84947766736,-2103.9980944649337,-2088.0880665334644,-39374.48807037035,-43240.6168184057,-37290.311487226325,-41167.15932145142,-2084.176583144026,-2073.4574969542778,-36993.576971195886,-45044.06826138292,-34887.87774071559,-42935.81008920944,-2105.6992304803,-2108.2581721734828,-38102.58213276878,-44246.13238297117,-36032.009157462395,-42192.39322071278,-2070.5729753063883,-2053.7391622583914,-38757.53902161865,-46535.03516061645,-36602.51410137991,-44414.67165665523,-2155.0249202387395,-2120.3635039612195,-37368.22241135673,-35315.194658040404,-2053.0277533163217,-37163.224994082215,-38535.013724006734,-34998.58260312626,-36450.057415471136,-2164.64239095595,-2084.956308535598,-38048.35219456297,-35891.724614886894,-2156.627579676074,-34578.73149853635,-44485.27064347366,-32542.140828699772,-42428.394993178044,-2036.590669836574,-2056.8756502956135
10,5054,887,-56687.981004453126,-37261.476445820925,-53218.96354867935,-34944.020500547755,-3469.01745577378,-2317.455945273168,flu_2022,-40788.50518703959,-43706.28654327518,-38640.754295851744,-41571.43981465949,-2147.7508911878476,-2134.8467286156892,-39382.19171127014,-47150.88806868565,-37259.51849749876,-44921.418404255404,-2122.673213771386,-2229.4696644302476,-38311.012504454295,-48134.98944211896,-36177.52161443016,-46016.86278430126,-2133.490890024135,-2118.1266578177015,-40008.74210729209,-43909.22555811634,-37896.7361727303,-41807.955016928674,-2112.005934561793,-2101.270541187666,-37593.20851986164,-45735.50702588032,-35459.49375522074,-43596.49526809835,-2133.7147646408985,-2139.01175778197,-38716.560505371366,-44925.435261791405,-36617.902222516175,-42841.61057450477,-2098.6582828551873,-2083.824687286637,-39386.44584935481,-47258.25546241963,-37203.49874814614,-45107.52560297807,-2182.9471012086647,-2150.729859441553,-37969.60133042733,-35887.72405633879,-2081.87727408854,-37746.55985419779,-39124.77023032206,-35548.48498638646,-37010.5166402132,-2198.0748678113305,-2114.2535901088545,-38640.696536144904,-36451.69077239742,-2189.005763747483,-35118.60261051232,-45146.48423531439,-33051.959253193425,-43059.55124643383,-2066.643357318895,-2086.932988880556
11,5128,895,-57517.03530579152,-37771.48084541931,-53999.442569286024,-35433.716245081625,-3517.592736505494,-2337.764600337683,flu_2022,-41366.83215314836,-44292.113184984264,-39197.40486009038,-42137.02716458815,-2169.427293057983,-2155.086020396114,-39943.8190387063,-47778.08754395274,-37798.70451823402,-45525.45460449239,-2145.114520472277,-2252.632939460342,-38860.273630619326,-48769.31884256986,-36705.58408595595,-46631.63423833906,-2154.6895446633794,-2137.6846042308002,-40574.1117473759,-44501.16145594695,-38440.63734578302,-42377.89174690293,-2133.4744015928836,-2123.269709044019,-38137.44117744068,-46339.81749216793,-35983.433767002796,-44181.40659064343,-2154.0074104378873,-2158.410901524499,-39266.37364284717,-45516.76709792635,-37147.39135991443,-43413.73809942618,-2118.9822829327404,-2103.0289985001705,-39953.003766486894,-47884.518371936036,-37746.299742175346,-45714.903836386155,-2206.7040243115484,-2169.614535549878,-38509.69869715578,-36407.547609671245,-2102.1510874845308,-38325.61014755616,-39649.125841374116,-36108.77500077341,-37515.25304414394,-2216.835146782754,-2133.8727972301754,-39229.54874167219,-37021.671448476445,-2207.8772931957405,-35627.159969137494,-45725.975490946665,-33541.28799551936,-43619.48819486991,-2085.871973618137,-2106.48729607675
12,5192,903,-58226.78065485703,-38234.050925142416,-54677.80227957128,-35878.54137524086,-3548.9783752857443,-2355.5095499015592,flu_2022,-41874.80096836172,-44799.73826729466,-39686.316724081036,-42625.07952314328,-2188.4842442806826,-2174.6587441513825,-40436.82150487932,-48314.465805959255,-38273.016503243845,-46040.643896115886,-2163.805001635476,-2273.8219098433688,-39344.63430194064,-49310.88556223759,-37170.175988008115,-47154.35841414544,-2174.4583139325277,-2156.527148092148,-41069.895428420634,-45006.043495896076,-38918.16967983423,-42864.48237973383,-2151.725748586402,-2141.5611161622433,-38622.403214574035,-46857.72468470984,-36448.90878966158,-44679.08106611094,-2173.4944249124496,-2178.643618598899,-39749.77937096269,-46021.81565508097,-37612.938843912925,-43899.88384393884,-2136.8405270497706,-2121.931811142133,-40447.59501261304,-48416.359033239794,-38221.7401113242,-46226.74435039151,-2225.8549012888398,-2189.614682848281,-38983.80250199789,-36863.00173103295,-2120.8007709649364,-38872.81231073932,-40105.01121212379,-36636.42383650503,-37952.758099020924,-2236.388474234282,-2152.2531131028672,-39788.30981030268,-37561.35060715205,-2226.9592031506227,-36086.382754610284,-46219.089248085904,-33982.00184165284,-44093.985400061065,-2104.3809129574447,-2125.1038480248426
13,5260,911,-59076.79617356599,-38723.64927622949,-55480.065186859465,-36346.30961137289,-3596.7309867065246,-2377.3396648565963,flu_2022,-42466.96112654796,-45421.09508892737,-40255.062626390245,-43221.60241671878,-2211.8985001577175,-2199.4926722085934,-41008.23768615557,-48981.36132836956,-38819.813757814496,-46680.69356092757,-2188.423928341074,-2300.667767441988,-39897.010517445546,-49983.542580761685,-37698.68564869546,-47805.85878931555,-2198.324868750091,-2177.683791446132,-41648.26247800184,-45628.27785792508,-39473.48229021191,-43462.366605171235,-2174.780187789927,-2165.9112527538423,-39163.44325923712,-47497.15287785575,-36966.25713010324,-45295.152169298075,-2197.1861291338855,-2202.0007085576717,-40306.539925436904,-46650.09163021207,-38146.72158287064,-44505.70001786441,-2159.8183425662646,-2144.3916123476574,-41021.13658436347,-49084.32293947903,-38769.11605815865,-46870.305159142146,-2252.0205262048153,-2214.017780336887,-39529.318294370816,-37386.23974675389,-2143.0785476169262,-39416.475517292965,-40647.141042025105,-37159.08959638947,-38474.265750211096,-2257.385920903492,-2172.8752918140067,-40349.07020052371,-38101.10522306557,-2247.9649774581376,-36581.171255097994,-46835.83164161566,-34454.691131714615,-44687.920546482164,-2126.480123383377,-2147.9110951334983
14,5313,918,-59579.95945696532,-39078.97852017499,-55954.68519539488,-36680.63722614498,-3625.2742615704433,-2398.3412940300145,flu_2022,-42856.50693368755,-45813.48892214935,-40620.629715429044,-43592.676664253704,-2235.877218258511,-2220.812257895645,-41386.359026789716,-49393.18689625381,-39176.16860902662,-47073.04560936846,-2210.190417763095,-2320.141286885346,-40261.993630803896,-50407.44874896397,-38042.41487890112,-48209.96361141425,-2219.5787519027713,-2197.4851375497237,-42028.345022245645,-46022.408649010715,-39830.99647653369,-43834.56427180709,-2197.348545711951,-2187.844377203625,-39525.66757691582,-47901.72028523479,-37305.047353076945,-45680.31592035876,-2220.6202238388755,-2221.4043648760367,-40673.898980898775,-47048.43510018346,-38491.084659449814,-44884.20046208681,-2182.8143214489614,-2164.234638096651,-41390.6855432782,-49497.24976130545,-39115.9682539994,-47263.01389005888,-2274.7172892788026,-2234.235871246574,-39892.70291735579,-37728.67144948083,-2164.031467874955,-39836.082499241405,-41005.98154780365,-37559.84140059592,-38814.70850079717,-2276.241098645486,-2191.2730470064776,-40781.08337520052,-38514.460783909846,-2266.6225912906734,-36937.116164364656,-47239.43169588977,-34791.141938930574,-45072.56495679366,-2145.9742254340813,-2166.866739096105
15,5373,924,-60191.20815358229,-39487.407080089964,-56540.946199227496,-37067.4126124788,-3650.261954354791,-2419.9944676111613,flu_2022,-43314.93269909412,-46278.10259347799,-41056.37361158638,-44033.224917357606,-2258.559087507736,-2244.8776761203867,-41829.14160309685,-49887.06935395267,-39596.980763787615,-47543.97068142362,-2232.160839309235,-2343.098672529051,-40696.168622333906,-50911.64402755509,-38454.41929663378,-48690.80741798481,-2241.749325700125,-2220.836609570282,-42479.042644318484,-46490.42611611273,-40260.016576191905,-44280.688440416634,-2219.026068126577,-2209.7376756960925,-39957.831065192695,-48383.59320955249,-37714.31914512413,-46139.68484445848,-2243.5119200685685,-2243.9083650940115,-41111.08305738149,-47522.90369849061,-38906.542536389235,-45336.10926987883,-2204.5405209922546,-2186.794428611782,-41835.609413527825,-49997.098111050705,-39539.66796420363,-47739.67726870057,-2295.9414493241934,-2257.4208423501354,-40322.39847089242,-38136.6101978789,-2185.788273013517,-40308.02328528533,-41425.93488354793,-38008.58947616932,-39212.41775821813,-2299.4338091160066,-2213.517125329801,-41259.85624192952,-38970.0226506193,-2289.833591310219,-37346.542951941585,-47710.3830232488,-35178.76611500591,-45520.259845701046,-2167.776836935676,-2190.12317754776
16,5468,936,-61191.14750644625,-40151.8313514094,-57497.82536908881,-37700.654664661684,-3693.3221373574393,-2451.176686747714,flu_2022,-44065.758111279254,-47061.76934104269,-41773.13297476795,-44781.27564363958,-2292.6251365113094,-2280.4936974031066,-42551.644954560936,-50727.04668038165,-40288.4460657516,-48346.97084559986,-2263.198888809333,-2380.0758347817905,-41402.62785449704,-51763.915690410846,-39127.04363679572,-49509.0738279591,-2275.584217701319,-2254.8418624517417,-43215.05394712679,-47276.736040963755,-40964.34770336595,-45033.288891586126,-2250.706243760839,-2243.4471493776264,-40659.451785342055,-49198.940382044326,-38381.730506253145,-46919.240126033365,-2277.721279088912,-2279.700256010965,-41825.35609934485,-48327.21085957135,-39588.313374152276,-46106.30416691204,-2237.0427251925694,-2220.9066926593114,-42561.54854484825,-50839.91774069658,-40232.079950171465,-48546.07441744361,-2329.468594676783,-2293.843323252971,-41026.14779819865,-38808.539605987746,-2217.6081922109065,-41056.49551511754,-42132.286718637,-38721.98460723892,-39885.82529019878,-2334.5109078786177,-2246.4614284382187,-42023.40704706283,-39698.42050550002,-2324.9865415628105,-38013.39689357495,-48517.22157865952,-35812.58542108305,-46293.138136693655,-2200.8114724919,-2224.0834419658627
17,5561,945,-62164.002713397815,-40784.585629008376,-58432.180602664484,-38302.75761964453,-3731.822110733334,-2481.828009363847,flu_2022,-44789.55503811495,-47797.41077120046,-42464.16290288002,-45484.48136632305,-2325.3921352349303,-2312.929404877411,-43247.189335124574,-51510.726985863075,-40954.127690864334,-49098.20277359622,-2293.0616442602386,-2412.524212266854,-42077.995710211304,-52565.466096903925,-39771.84986205249,-50277.308986195254,-2306.1458481588147,-2288.1571107086697,-43923.242225000446,-48016.71476688183,-41641.21257908889,-45741.34309595776,-2282.0296459115552,-2275.3716709240716,-41332.57150588611,-49962.83328074504,-39022.27383331798,-47651.29695925833,-2310.29767256813,-2311.5363214867107,-42511.071982517045,-49079.93990143744,-40242.6142379718,-46828.345683780564,-2268.4577445452483,-2251.594217656876,-43258.818004266795,-51633.4238900755,-40897.43029991041,-49306.49669429267,-2361.3877043563816,-2326.9271957828337,-41704.6235158654,-39455.5999693213,-2249.0235465440983,-41776.95443017824,-42797.45002733297,-39410.85085335041,-40520.638414468565,-2366.103576827832,-2276.8116128644033,-42757.5329914535,-40400.66135244788,-2356.871639005624,-38650.09544704437,-49268.05670359317,-36418.81939713562,-47012.16983801337,-2231.276049908746,-2255.886865579797
18,5650,957,-63099.53204524843,-41419.33580758295,-59320.130867089974,-38908.27707462377,-3779.401178158456,-2511.058732959183,flu_2022,-45497.38981984158,-48535.63954037106,-43142.204278486584,-46190.2541218956,-2355.185541354992,-2345.3854184754564,-43933.871915303826,-52298.24406106377,-41609.463416895065,-49852.25144025368,-2324.40849840876,-2445.9926208100906,-42740.08323909606,-53369.08767326263,-40404.09151960218,-51050.31973603998,-2335.991719493877,-2318.7679372226453,-44618.08330443307,-48755.6172425371,-42306.70958827273,-46450.77848782289,-2311.3737161603412,-2304.8387547142033,-41986.32546159846,-50729.08577663842,-39646.63040827951,-48387.173694108875,-2339.695053318955,-2341.9120825295495,-43180.61462634686,-49839.36637851767,-40883.678867643626,-47557.752973580835,-2296.9357587032323,-2281.6134049368316,-43942.772370566316,-52432.42091081984,-41552.499257295225,-50073.23732085639,-2390.2731132710883,-2359.183589963451,-42379.81832268085,-40100.6714566633,-2279.1468660175456,-42501.26929805346,-43472.582931042125,-40104.742386392405,-41165.33364152163,-2396.5269116610557,-2307.2492895204937,-43502.55682575422,-41116.2996821853,-2386.2571435689197,-39292.2567242877,-50045.672772461694,-37031.30510059131,-47758.636498243846,-2260.9516236963877,-2287.036274217844
19,5805,967,-64727.88549750853,-42463.44267146373,-60892.49590629778,-39914.92732853002,-3835.3895912107464,-2548.5153429337056,flu_2022,-46674.503460453714,-49746.23372122093,-44280.90243892986,-47362.77336277367,-2393.6010215238557,-2383.460358447263,-45075.50932650617,-53595.91695147066,-42713.478756651624,-51110.03604320017,-2362.030569854548,-2485.880908270489,-43862.529148148,-54691.5815169865,-41489.008779730575,-52334.67401877073,-2373.520368417426,-2356.90749821577,-45780.88709793196,-49980.38838960399,-43432.002393173716,-47637.19818699054,-2348.884704758243,-2343.19020261345,-43091.217237478355,-51993.30347537351,-40714.929060825205,-49614.37585934458,-2376.288176653152,-2378.927616028929,-44307.418220225256,-51084.31806199833,-41973.2543159996,-48765.613326534876,-2334.163904225656,-2318.704735463455,-45105.75294852892,-53752.689595943026,-42676.114429780755,-51356.511993003565,-2429.638518748168,-2396.1776029394637,-43498.89472558417,-41182.98897967407,-2315.905745910105,-43708.4562666792,-44573.49181460945,-41273.569865567304,-42228.265450481784,-2434.886401111891,-2345.226364127665,-44729.6324043065,-42305.33249281557,-2424.29991149093,-40334.21641417852,-51275.60625532809,-38036.39087613353,-48950.64498214389,-2297.825538044983,-2324.9612731842026
20,5964,984,-66371.59212358367,-43547.803081088095,-62460.606363904524,-40946.93269364755,-3910.9857596791544,-2600.8703874405505,flu_2022,-47891.863181702975,-50993.003904855104,-45440.59585624634,-48552.93842281735,-2451.267325456631,-2440.0654820377545,-46252.10881311055,-54925.464402146354,-43836.79825291757,-52379.63571472854,-2415.3105601929788,-2545.828687417819,-45006.05092390805,-56046.583582036765,-42577.11495947062,-53634.599422017236,-2428.935964437426,-2411.984160019525,-46974.81050891959,-51234.35771895464,-44570.29543267594,-48834.61260391054,-2404.515076243649,-2399.7451150441057,-44226.563119555496,-53287.964729895895,-41791.80908626183,-50854.68094988683,-2434.754033293669,-2433.283780009064,-45461.434777188886,-52362.66186367489,-43072.1129173462,-49990.13220070922,-2389.3218598426815,-2372.5296629656746,-46288.50896261479,-55104.33012019683,-43802.05910612391,-52648.08342035339,-2486.4498564908768,-2456.2466998434375,-44657.060187844116,-42287.54971759839,-2369.5104702457247,-44951.80677720914,-45718.836292695174,-42464.843021969034,-43318.337288674156,-2486.9637552401064,-2400.49900402102,-46003.85014836633,-43527.533875839996,-2476.3162725263337,-41428.117403928954,-52568.85529377722,-39076.018688379285,-50188.50723441243,-2352.0987155496705,-2380.348059364789
21,6143,1003,-68421.90590736538,-44832.90814605611,-64425.281246780796,-42180.429218997844,-3996.624660584577,-2652.4789270582633,flu_2022,-49364.79104340529,-52547.170442111856,-46856.21609631687,-50056.6265873653,-2508.5749470884193,-2490.543854746555,-47681.51287151644,-56599.26058982146,-45211.974677955746,-53998.325787576774,-2469.538193560694,-2600.934802244684,-46404.435460788794,-57751.39277712094,-43921.7079465416,-55291.54552317234,-2482.7275142471894,-2459.8472539485992,-48420.23020373511,-52805.855096679945,-45960.12669654785,-50351.68980291182,-2460.103507187258,-2454.165293768127,-45605.45675853116,-54909.57249217567,-43114.43092426114,-52424.898541373565,-2491.025834270019,-2484.673950802105,-46867.25399167616,-53954.545763073154,-44422.794133087926,-51530.855493384355,-2444.4598585882363,-2423.6902696888005,-47727.08773559166,-56788.40370117391,-45183.62151319175,-54279.17977036717,-2543.4662223999103,-2509.223930806744,-46035.62493767093,-43614.046667159,-2421.5782705119323,-46384.00284880967,-47109.799296976766,-43843.537807451365,-44656.725791740595,-2540.46504135831,-2453.073505236173,-47469.85041689421,-44941.04104227407,-2528.809374620142,-42716.67038250665,-54147.303478501926,-40312.32151574178,-51716.18551217617,-2404.348866764869,-2431.1179663257535
22,6301,1018,-69949.02894587579,-45905.158463726424,-65900.27350471097,-43208.18323267988,-4048.755441164818,-2696.9752310465383,flu_2022,-50521.30711288479,-53759.268190709205,-47971.00277494554,-51223.545531512595,-2550.304337939246,-2535.7226591966087,-48812.40719528383,-57900.444343167146,-46299.71846432326,-55256.44734200656,-2512.688730960568,-2643.9970011605856,-47518.725855622804,-59091.52841453643,-44993.15486150702,-56586.18595665873,-2525.570994115786,-2505.342457877698,-49564.36743909251,-54034.55236909171,-47062.39708502697,-51539.68096571626,-2501.9703540655387,-2494.8714033754536,-46706.45566296214,-56189.141633372645,-44173.3448045426,-53659.846649799525,-2533.1108584195367,-2529.2949835731224,-47983.32222300687,-55212.298644472765,-45497.45543781582,-52744.438630957775,-2485.866785191051,-2467.860013514989,-48857.56074465948,-58108.9212302363,-46273.43847118869,-55554.08816374312,-2584.122273470793,-2554.833066493178,-47139.779570563194,-44673.46877921294,-2466.3107913502536,-47615.636960057585,-48225.54858326615,-45027.42422275109,-45726.90043846417,-2588.2127373064977,-2498.6481448019817,-48719.233148128755,-46144.334277993315,-2574.8988701354424,-43787.232403134796,-55416.9467442405,-41338.780818118445,-52941.22272269283,-2448.451585016355,-2475.72402154767
23,6475,1039,-71858.2955002548,-47129.51201265905,-67716.03953877685,-44378.32932649698,-4142.255961477947,-2751.1826861620684,flu_2022,-51910.22819581164,-55184.25198338358,-49301.06400280917,-52593.89390994748,-2609.164193002465,-2590.358073436104,-50159.44619763605,-59418.68960761058,-47588.54092580051,-56715.075880326985,-2570.9052718355415,-2703.6137272835895,-48833.58829822348,-60634.9192350115,-46249.99085940548,-58076.584080948436,-2583.597438818004,-2558.335154063058,-50927.78540678491,-55468.98997882882,-48367.916799066305,-52916.89853500195,-2559.8686077186085,-2552.0914438268655,-48006.2612321573,-57663.59167641972,-45414.124306505895,-55079.45471512416,-2592.1369256514095,-2584.1369612955577,-49301.573141620276,-56661.57442981627,-46758.25463900393,-54140.6636240437,-2543.318502616351,-2520.910805772571,-50212.928321613756,-59640.889615160006,-47568.16018039755,-57031.2866160874,-2644.7681412162033,-2609.60299907261,-48446.380477694955,-45926.09692004546,-2520.2835576494945,-49027.613245755354,-49509.95593374023,-46384.915537532084,-46959.91113499392,-2642.6977082232715,-2550.0447987463144,-50167.0955868505,-47538.46432743841,-2628.631259412088,-45020.153506528724,-56857.93603371559,-42518.21203568542,-54328.6735597227,-2501.941470843304,-2529.2624739928838
24,6680,1057,-74065.48125390976,-48536.71683456364,-69839.92610504151,-45725.93376365447,-4225.555148868258,-2810.7830709091677,flu_2022,-53528.20945052831,-56878.64313166257,-50858.620633996055,-54227.47911680735,-2669.588816532256,-2651.1640148552156,-51721.609540783444,-61234.53058315467,-49090.88644968974,-58468.80204509071,-2630.723091093709,-2765.7285380639587,-50359.99790064951,-62489.94979590539,-47716.71465814252,-59871.55057620533,-2643.283242506996,-2618.3992197000625,-52515.63376410548,-57177.22526085827,-49896.147855415926,-54565.537727385636,-2619.48590868955,-2611.6875334726346,-49511.82667122855,-59433.145483660424,-46859.513452198684,-56789.17844710592,-2652.3132190298625,-2643.9670365545016,-50839.8192443004,-58405.838242454905,-48237.7966237746,-55825.00155709982,-2602.0226205258023,-2580.836685355082,-51792.390415547954,-61485.93609925328,-49086.739372406926,-58814.70498165169,-2705.6510431410265,-2671.2311176015933,-49973.20182564613,-47392.31744053547,-2580.8843851106594,-50595.56631363265,-51039.53641441421,-47889.43559222776,-48427.31623475027,-2706.1307214048848,-2612.2201796639374,-51765.546033284925,-49073.96550771413,-2691.580525570797,-46439.09984906882,-58605.926160882285,-43877.50383119842,-56015.537507979956,-2561.596017870401,-2590.388652902329
25,6834,1077,-75726.1408090746,-49617.81982305899,-71426.29761108595,-46754.66545129427,-4299.843197988654,-2863.1543717647214,flu_2022,-54741.74799277957,-58131.11558170875,-52018.157136215195,-55424.27699103456,-2723.5908565643763,-2706.838590674187,-52902.91090158541,-62566.55066907695,-50220.06126862557,-59746.7676496961,-2682.8496329598415,-2819.7830193808477,-51519.45442599906,-63855.76839394878,-48823.15819227299,-61182.36098229319,-2696.2962337260683,-2673.407411655596,-53706.65884482415,-58438.68051301229,-51035.353250970154,-55775.5854535041,-2671.3055938539974,-2663.0950595081913,-50658.73646562971,-60734.03447590527,-47952.91293946272,-58035.76721662047,-2705.8235261669806,-2698.267259284799,-51998.094466822426,-59680.893468276474,-49345.161632052674,-57045.61104308492,-2652.9328347697497,-2635.2824251915526,-52972.44449981277,-62831.34579176824,-50215.68679584826,-60105.55513905063,-2756.757703964508,-2725.790652717607,-51113.51856647406,-48478.00647567485,-2635.5120907992077,-51840.37992507635,-52168.390646604166,-49077.382821240695,-49500.08174958396,-2762.997103835652,-2668.30889702021,-53034.07393035894,-50286.73465649047,-2747.33927386847,-47526.79216857462,-59868.18705752848,-44911.881759729426,-57223.27369171592,-2614.9104088451954,-2644.9133658125556
0,87,1,-818.3962416452378,-879.5287303274232,-758.5515492247641,-819.224925618708,-59.84469242047363,-60.303804708715255,othervirus_2022,-573.3670951264663,-464.1599908924568,-561.6498099097386,-456.39492164826,-11.717285216727804,-7.765069244196802,-555.3321433308738,-468.5286520144999,-543.0858095411456,-460.46813545107693,-12.246333789728128,-8.060516563422997,-538.439652511282,-465.5765961085375,-528.9770540401555,-459.51007969786207,-9.462598471126507,-6.066516410675409,-565.2770074376166,-463.9679806983772,-552.8945269186218,-456.51381748650596,-12.382480518994859,-7.454163211871198,-557.3875553292092,-455.26804035485327,-547.686293305981,-447.7185275855214,-9.701262023228248,-7.549512769331886,-541.8859393737373,-445.4471144215004,-531.4065598350115,-438.7401990229023,-10.479379538725746,-6.706915398598095,-554.9842192881379,-468.6123685233558,-542.726904960111,-461.8934007120964,-12.257314328026824,-6.7189678112594065,-538.537800036112,-529.5713431220709,-8.96645691404119,-749.712140092352,-437.7329186680613,-736.2712704945852,-432.36884863135714,-13.44086959776683,-5.364070036704149,-763.5099018682099,-749.322782333516,-14.187119534693938,-542.674593518564,-412.05735881335727,-536.6014177892934,-407.7753542950768,-6.073175729270688,-4.282004518280481
1,386,14,-3392.8478646254766,-2384.948132089385,-3287.0636254379524,-2264.5899702522315,-105.78423918752432,-120.35816183715352,othervirus_2022,-2508.9553527527723,-2036.6372848124824,-2460.385587789525,-1990.5203396292247,-48.569764963247636,-46.11694518325779,-2413.0189221923515,-2053.6911291901865,-2364.342452267033,-2010.2611773314836,-48.67646992531865,-43.42995185870288,-2332.81589409677,-2049.1922799336885,-2286.808321392094,-2006.6069398078314,-46.0075727046758,-42.58534012585692,-2462.51342133809,-2019.4470439720835,-2413.579195387276,-1976.2515419645415,-48.934225950814415,-43.19550200754193,-2430.3825534069288,-1995.3402001876686,-2383.7168740606503,-1951.3251365022052,-46.66567934627845,-44.01506368546347,-2362.9798871480884,-1961.9246295918517,-2315.8567248979402,-1919.2754575075414,-47.12316225014828,-42.64917208431038,-2402.4287286353883,-2054.2204842415535,-2353.643670058245,-2008.530971811569,-48.78505857714357,-45.68951242998424,-2372.9524570475096,-2326.355848104562,-46.5966089429475,-3275.079245492765,-1961.2665285005496,-3221.4129603099163,-1919.6400826222248,-53.66628518284881,-41.6264458783249,-3340.5934814078164,-3286.325473824331,-54.26800758348563,-2417.2541626590587,-1884.8343339053145,-2373.1370550365996,-1843.6931069024747,-44.1171076224589,-41.141227002839734
2,640,30,-5565.08369446046,-3595.8162657696266,-5369.331520085874,-3417.0838041175975,-195.7521743745856,-178.7324616520289,othervirus_2022,-4134.774893637618,-3348.199951163308,-4027.078910628391,-3244.5065216849043,-107.69598300922706,-103.69342947840352,-3984.4763412517586,-3375.9281811525266,-3876.547655766574,-3272.2551750451557,-107.92868548518503,-103.67300610737078,-3857.029984838962,-3359.8756330983033,-3752.0442001861675,-3261.3275741367315,-104.98578465279431,-98.54805896157177,-4057.6382794957026,-3317.6233345988094,-3949.438381798467,-3215.302686800835,-108.19989769723546,-102.32064779797415,-4019.516059167994,-3272.600618924609,-3912.374154501851,-3171.962089897379,-107.14190466614329,-100.63852902722988,-3896.955169675595,-3213.9223108625347,-3791.0598001816443,-3115.884609328719,-105.8953694939503,-98.0377015338158,-3958.081058310133,-3353.3444126256054,-3846.4499289419145,-3248.7790285938454,-111.63112936821858,-104.56538403176009,-3909.450276924783,-3806.6510533512555,-102.79922357352757,-5473.0824109200175,-3238.371442134984,-5361.26551060565,-3142.1081572800167,-111.81690031436796,-96.26328485496728,-5586.711385546765,-5474.4849844590735,-112.22640108769173,-4021.319655184482,-3100.9761462641427,-3920.517184436065,-3000.705482795359,-100.80247074841726,-100.27066346878377
3,791,40,-6834.022339544179,-4298.244021411966,-6604.8581236115715,-4089.0132662343726,-229.16421593260753,-209.2307551775932,othervirus_2022,-5099.109943213089,-4115.734106174803,-4961.215876950238,-3983.5100948151967,-137.89406626284978,-132.2240113596067,-4909.434846894139,-4143.917195052707,-4771.429968914437,-4012.2452908839005,-138.00487797970152,-131.67190416880695,-4748.270796339209,-4124.334443424892,-4612.508063986617,-3995.640371810947,-135.7627323525908,-128.69407161394477,-5004.073072902762,-4077.27987868697,-4864.654678312471,-3945.8291745393117,-139.41839459029097,-131.45070414765826,-4956.261187944455,-4019.3792266081414,-4817.996368719887,-3888.9411395173174,-138.26481922456824,-130.4380870908238,-4804.230301955284,-3950.243063994212,-4666.51300509678,-3822.2740742171472,-137.71729685850363,-127.96898977706502,-4872.570389307266,-4117.071081060491,-4730.136019135722,-3980.4764058350397,-142.43437017154463,-136.59467522545154,-4818.446476089545,-4684.651300060235,-133.7951760293103,-6737.370631930401,-3988.796161456033,-6594.155448476433,-3859.842135994353,-143.21518345396854,-128.95402546168003,-6878.466761614572,-6733.90654309467,-144.5602185199013,-4960.589132462348,-3815.1001462165095,-4828.65503946437,-3684.92864476592,-131.93409299797824,-130.17150145058918
4,986,49,-8538.804443423265,-5295.520508213891,-8263.962910695362,-5056.420291602681,-274.8415327279031,-239.10021661121027,othervirus_2022,-6384.305698491154,-5186.633013234288,-6216.108005132179,-5024.6539416523065,-168.1976933589747,-161.97907158198188,-6145.93300084101,-5228.966222626471,-5978.09494664727,-5066.359746756449,-167.8380541937397,-162.60647587002217,-5940.749084491892,-5207.826801436081,-5774.646458700473,-5050.284242865175,-166.10262579141886,-157.54255857090598,-6263.562290657429,-5135.941149833601,-6094.02337850062,-4974.642264540151,-169.5389121568091,-161.29888529345035,-6196.622270691619,-5072.767267148882,-6028.049393845791,-4912.152615984366,-168.5728768458277,-160.61465116451552,-6013.410979345994,-4987.6200781462685,-5845.817562346348,-4830.493905022213,-167.59341699964617,-157.12617312405524,-6101.900014042887,-5199.017422684564,-5926.789545719493,-5031.461989159658,-175.11046832339417,-167.55543352490582,-6040.947992801475,-5876.436570304724,-164.51142249675127,-8401.035375193365,-5027.082761865557,-8227.455185596169,-4867.335355285373,-173.58018959719718,-159.74740658018317,-8583.617050543578,-8407.030309068297,-176.58674147528106,-6212.503674532915,-4836.428305221671,-6050.933842059207,-4676.48253655033,-161.56983247370886,-159.94576867134015
5,1187,53,-10139.211824381959,-6233.892946022113,-9840.08272123135,-5977.855940780204,-299.1291031506088,-256.0370052419091,othervirus_2022,-7634.402338434424,-6177.946321024789,-7449.397411975453,-5998.988711139924,-185.0049264589702,-178.9576098848651,-7349.363713155134,-6220.142560300652,-7164.183392908102,-6040.7768695940495,-185.180320247032,-179.36569070660272,-7104.49461858899,-6195.191473372764,-6921.393506039218,-6021.9593333975745,-183.10111254977215,-173.2321399751895,-7491.443953964075,-6118.577074587167,-7304.5537569083235,-5941.6022825152195,-186.8901970557519,-176.9747920719477,-7415.15173340201,-6040.179391242087,-7229.90452405927,-5863.73629538101,-185.24720934273938,-176.44309586107767,-7189.811890869383,-5944.4860187560735,-7004.856316702297,-5771.405408973662,-184.9555741670864,-173.08060978241164,-7292.1737997524115,-6189.751857772858,-7100.184096116248,-6004.673046107293,-191.98970363616397,-185.0788116655648,-7231.6887303854255,-7049.998766566039,-181.68996381938643,-10122.844829333464,-6007.612028718039,-9930.714216232624,-5829.670799744093,-192.13061310084007,-177.9412289739467,-10344.253201244717,-10148.42948967708,-195.82371156763702,-7465.27698262348,-5778.963557387145,-7286.313608488773,-5602.570358999269,-178.96337413470732,-176.39319838787603
6,1456,60,-12304.15301223184,-7429.206549961965,-11962.380444512055,-7141.060373107748,-341.7725677197845,-288.1461768542167,othervirus_2022,-9284.641685058183,-7466.443600657284,-9072.417006760312,-7259.546922093408,-212.22467829787004,-206.89667856387615,-8939.155079566182,-7507.106952617967,-8726.265371023928,-7300.3196758093245,-212.88970854225468,-206.7872768086427,-8645.631648754748,-7476.484382762261,-8433.444257825751,-7274.792622652123,-212.18739092899628,-201.6917601101378,-9112.092046937329,-7392.97912222066,-8897.909397987145,-7189.87214208046,-214.18264895018402,-203.1069801402002,-9036.253762559118,-7293.052235823756,-8822.65042331731,-7088.564868219039,-213.60333924180904,-204.48736760471627,-8746.153040899993,-7174.6015096074425,-8534.4677513946,-6974.99107210318,-211.68528950539178,-199.61043750426225,-8863.071534753633,-7460.860781295105,-8643.830754432922,-7249.3772161971665,-219.24078032071128,-211.4835650979385,-8797.354664594113,-8588.002865802218,-209.35179879189468,-12404.523499064899,-7280.859834167862,-12183.838292150336,-7076.287567740423,-220.68520691456294,-204.57226642743862,-12670.316213643686,-12446.596588345423,-223.7196252982622,-9116.080094246456,-6972.515464739073,-8909.985979518497,-6769.7468622259,-206.09411472795912,-202.76860251317288
7,1799,68,-15025.035818248682,-8893.726705951241,-14640.002578902497,-8576.870265705951,-385.033239346184,-316.85644024529057,othervirus_2022,-11385.018207623018,-9072.359914859435,-11143.10920419663,-8836.931830101503,-241.90900342638892,-235.42808475793177,-10962.071975008008,-9098.847703919064,-10719.599198622407,-8864.384549914888,-242.4727763856012,-234.4631540041759,-10610.135200631796,-9053.055537060316,-10368.05771714611,-8823.30696091403,-242.07748348568524,-229.74857614628678,-11174.889556513708,-8988.34329361177,-10930.518614657592,-8756.830467271568,-244.37094185611525,-231.51282634020203,-11090.01971008255,-8847.271078456386,-10845.975688167187,-8614.143887185372,-244.0440219153617,-233.12719127101366,-10720.7729838779,-8707.31124625029,-10479.62703988499,-8479.737916337212,-241.1459439929087,-227.5733299130788,-10868.824098155688,-9047.743511198325,-10619.48527260763,-8807.558599739832,-249.33882554805945,-240.18491145849288,-10784.77503580299,-10544.851756526165,-239.92327927682555,-15344.991070475997,-8856.90282954842,-15094.128593004498,-8623.61110733477,-250.86247747149943,-233.29172221365062,-15662.425433838212,-15408.724631043206,-253.70080279500715,-11197.342009158096,-8420.40268137786,-10961.697557716298,-8189.857845451725,-235.64445144179794,-230.54483592613616
8,2153,81,-17817.74446875816,-10437.34947777324,-17374.4510165471,-10077.384960109692,-443.29345221105865,-359.9645176635473,othervirus_2022,-13542.701663748769,-10749.053185301824,-13257.213518091372,-10473.350390288855,-285.48814565739593,-275.7027950129683,-13053.101456337492,-10765.285340532331,-12768.402436413728,-10490.920262477644,-284.69901992376526,-274.3650780546862,-12649.267685073053,-10705.923220770712,-12366.128416146645,-10437.567838414476,-283.1392689264085,-268.3553823562353,-13291.590058218653,-10653.341689143108,-13004.186587307846,-10380.508084967694,-287.40347091080764,-272.83360417541303,-13223.71447750853,-10471.308017450181,-12936.92581104949,-10199.400772709532,-286.7886664590403,-271.9072447406488,-12758.666078939159,-10302.334304283497,-12475.307528149697,-10035.777502041132,-283.358550789463,-266.55680224236505,-12935.224658477517,-10690.691223951937,-12643.52383936062,-10411.756243428224,-291.7008191168978,-278.9349805237118,-12833.294580081118,-12551.061501626413,-282.2330784547043,-18424.866153373576,-10512.402886674437,-18130.015829810713,-10238.735193415729,-294.85032356286234,-273.66769325870854,-18802.684502708657,-18505.46233351979,-297.2221691888646,-13387.757406009972,-9953.301165069855,-13111.023708157962,-9683.549243721809,-276.73369785201083,-269.75192134804576
9,2666,91,-21890.893759223967,-12770.66945378246,-21387.95196073084,-12363.97178971564,-502.941798493128,-406.6976640668192,othervirus_2022,-16708.607886138092,-13274.3711235195,-16375.596676921845,-12952.66809484262,-333.0112092162467,-321.7030286768798,-16133.65524873928,-13286.00463035881,-15802.551401281671,-12964.549660820236,-331.10384745760814,-321.45496953857327,-15661.069449435056,-13219.57064902432,-15331.646809994952,-12908.07662647439,-329.4226394401022,-311.49402254992816,-16407.905170314993,-13173.196062913512,-16074.259497823343,-12854.916848343182,-333.6456724916504,-318.27921457032915,-16346.402664736694,-12939.087840362094,-16012.315823387926,-12622.384775324557,-334.08684134876813,-316.7030650375372,-15754.695930976952,-12725.375336480809,-15425.543871112828,-12413.87651050015,-329.1520598641244,-311.4988259806588,-15976.329665421996,-13195.42075982999,-15639.250914308468,-12870.690549618834,-337.0787511135276,-324.73021021115665,-15835.190520044984,-15507.884852791947,-327.3056672530366,-22903.924596023284,-12973.660365496795,-22565.242510967964,-12654.992118534417,-338.68208505531993,-318.6682469623768,-23376.934975915832,-23035.688485767914,-341.2464901479185,-16574.979029486647,-12267.424693467197,-16253.697208717233,-11953.647179289752,-321.281820769413,-313.7775141774446
10,3253,104,-26701.306279790264,-15378.536331122305,-26130.68711157619,-14918.598497569006,-570.6191682140735,-459.9378335532982,othervirus_2022,-20394.615670492036,-16180.382780477748,-20002.53935009235,-15806.525567355,-392.0763203996874,-373.8572131227491,-19698.449011691922,-16180.814590852919,-19314.808668345657,-15807.133099049337,-383.6403433462647,-373.68149180358233,-19141.66492949972,-16098.752975392477,-18758.297871682444,-15734.444501213275,-383.36705781727494,-364.3084741792021,-20023.590201150168,-16062.56808857436,-19633.321849109743,-15689.243707490361,-390.26835204042584,-373.32438108399936,-19959.698872389054,-15760.672192151367,-19566.685626285853,-15392.103042195777,-393.01324610319955,-368.5691499555914,-19226.86394198508,-15495.597483962925,-18841.23292787438,-15132.089756226109,-385.6310141107019,-363.50772773681626,-19507.204122495048,-16066.407399386968,-19114.511095560763,-15688.234048678145,-392.693026934283,-378.1733507088229,-19306.721852978044,-18924.385404485325,-382.3364484927206,-28037.07873454865,-15785.419484932036,-27643.44270139371,-15413.656644605458,-393.6360331549409,-371.76284032657765,-28613.363896873667,-28218.864663242177,-394.49923363148883,-20211.857764464283,-14873.584269855082,-19836.694230141136,-14508.390027513666,-375.1635343231478,-365.1942423414174
11,3952,115,-32318.38793591397,-18441.014210133853,-31684.238304841052,-17927.21398241385,-634.1496310729153,-513.8002277200037,othervirus_2022,-24723.20402933214,-19576.506796047765,-24278.58762396104,-19151.554661574864,-444.6164053710998,-424.9521344728989,-23887.477884463566,-19566.126379339083,-23451.438935317023,-19139.597992410243,-436.03894914654256,-426.5283869288396,-23230.9241647036,-19464.561950830728,-22796.223697744816,-19048.398696625707,-434.70046695878364,-416.16325420502045,-24276.64893494645,-19450.12835207328,-23833.712547975432,-19024.771058460283,-442.9363869710184,-425.35729361299803,-24216.262479171353,-19070.66514830564,-23770.749225601674,-18648.424104054106,-445.5132535696788,-422.24104425153706,-23312.193126407823,-18750.37576209184,-22874.446055098633,-18332.909884896835,-437.7470713091898,-417.4658771950053,-23656.705640215874,-19436.049673151174,-23213.27628482708,-19004.276338694643,-443.42935538879385,-431.77333445653215,-23389.843362029653,-22955.00274340385,-434.84061862580273,-34059.47787745549,-19081.4294204963,-33611.55001729578,-18655.525544878095,-447.9278601597031,-425.90387561820523,-34743.62656950602,-34295.712455083405,-447.91411442261864,-24500.795672963905,-17937.48560253998,-24072.330957434886,-17519.111314911526,-428.4647155290199,-418.37428762845116
12,4789,141,-39260.6255549759,-22146.791597179174,-38500.791370182465,-21530.417718711968,-759.8341847934317,-616.3738784672064,othervirus_2022,-29987.09033425519,-23719.512210374935,-29434.836660028526,-23194.44952191127,-552.2536742266651,-525.0626884636669,-28985.537913129334,-23708.692749417347,-28447.928720673804,-23179.013017082016,-537.6091924555286,-529.6797323353298,-28207.194807690463,-23584.889037278845,-27671.116795551046,-23067.284095857554,-536.0780121394173,-517.6049414212889,-29441.3227687207,-23572.231878052666,-28893.529894422263,-23042.459417508493,-547.792874298437,-529.7724605441738,-29387.47250758057,-23099.617941137007,-28835.15157527139,-22575.169850280246,-552.3209323091794,-524.4480908567604,-28281.442079718567,-22692.6079669498,-27738.91131858369,-22174.305360119928,-542.5307611348744,-518.302606829873,-28700.31271410162,-23532.01391243905,-28153.049065430918,-22996.81391023977,-547.2636486707028,-535.2000021992809,-28348.963201051985,-27813.476784905222,-535.486416146762,-41394.524985413635,-23101.81909158143,-40840.6367302829,-22576.216379168178,-553.8882551307338,-525.6027124132507,-42222.69285148509,-41669.7913981244,-552.9014533606912,-29704.785432181226,-21650.07721129921,-29174.962896939753,-21129.47678089812,-529.8225352414729,-520.6004304010892
13,5633,159,-46002.35860091937,-25755.55904891151,-45126.56203957138,-25061.889506521973,-875.7965613479876,-693.6695423895362,othervirus_2022,-35171.96631182982,-27733.60774261262,-34536.80742457539,-27129.617948751496,-635.1588872544271,-603.9897938611261,-33995.49022411606,-27698.230468377144,-33377.6331901413,-27086.900480480217,-617.8570339747577,-611.3299878969269,-33084.16415807264,-27545.976832669865,-32466.27087407851,-26948.888375510774,-617.8932839941369,-597.0884571590899,-34526.28938681448,-27560.013011651117,-33896.37807024787,-26948.145149308773,-629.9113165666109,-611.8678623423448,-34480.625520373134,-26990.491841959,-33843.478086975665,-26385.216648855887,-637.1474333974681,-605.2751931031136,-33164.45333047947,-26513.24498699767,-32540.11550571966,-25916.256853104358,-624.3378247598087,-596.9881338933124,-33646.98778799767,-27479.76418535972,-33015.200015870185,-26863.585618233352,-631.7877721274837,-616.1785671263685,-33243.25108449919,-32626.869501995672,-616.3815825035176,-48702.07264301328,-27036.58755437016,-48069.28816042269,-26433.021848075994,-632.7844825905828,-603.5657062941654,-49674.61589661646,-49043.34239693092,-631.2734996855366,-34877.71762697092,-25280.92060399583,-34268.75304898154,-24681.97487544869,-608.9645779893852,-598.9457285471397
14,6499,173,-52744.78879087637,-29292.666215867226,-51790.28808030491,-28533.152547089907,-954.5007105714602,-759.5136687773199,othervirus_2022,-40387.046517820774,-31680.954080557593,-39685.16048701234,-31012.591420275214,-701.8860308084332,-668.3626602823783,-39026.20955323443,-31586.216046939557,-38342.408623706084,-30912.082180036545,-683.8009295283512,-674.1338669030135,-37969.23475327289,-31398.585438498947,-37284.4825717469,-30736.979238581534,-684.7521815259906,-661.6061999174142,-39636.19764473342,-31459.42590578184,-38939.77487067898,-30784.332464907508,-696.4227740544366,-675.0934408743349,-39610.58255758361,-30784.26786004694,-38906.847358173705,-30116.03964795914,-703.7351994099052,-668.2282120877996,-38068.64882673898,-30245.774724228333,-37378.01270049333,-29585.486205773377,-690.6361262456453,-660.2885184549558,-38612.99464696876,-31325.695506733002,-37916.26693608025,-30645.197861552686,-696.7277108885137,-680.4976451803169,-38185.37503454503,-37503.42577682052,-681.9492577245134,-56171.34749921636,-30956.09349635663,-55470.7616141163,-30286.61535040645,-700.5858851000613,-669.4781459501803,-57292.40433825329,-56592.61500458318,-699.7893336701125,-40130.80141623335,-28845.59850852522,-39456.80464025299,-28183.206645674705,-673.9967759803639,-662.3918628505161
15,7414,196,-60012.75563657129,-33271.91896868509,-58917.46416279115,-32411.60489843819,-1095.291473780143,-860.3140702468988,othervirus_2022,-45992.63518593501,-36042.06973909699,-45191.868160117716,-35277.51292237267,-800.7670258172967,-764.5568167243185,-44451.38298623942,-35919.771004800685,-43667.81084986399,-35148.3058538364,-783.5721363754243,-771.4651509642878,-43264.71809752086,-35713.59942263514,-42479.10344616749,-34955.13781963987,-785.6146513533685,-758.4616029952663,-45139.70428300987,-35788.7120078093,-44343.057749712025,-35017.73936417405,-796.6465332978487,-770.9726436352483,-45141.61196979444,-35021.61537424151,-44339.05683013529,-34257.99729847198,-802.5551396591509,-763.6180757695347,-43365.67947235835,-34408.425218047414,-42575.93224265033,-33652.968202606724,-789.7472297080268,-755.4570154406879,-43988.89612782301,-35624.25833742059,-43189.55792028615,-34851.00276153069,-799.3382075368623,-773.2555758899066,-43507.623386005995,-42727.427290805106,-780.1960952008909,-64120.66784129798,-35258.4216621515,-63319.40918067183,-34490.361523477484,-801.258660626157,-768.0601386740176,-65395.7517004283,-64592.672327850945,-803.0793725773565,-45778.159102216196,-32834.56754931012,-45006.75807400018,-32077.235248625566,-771.4010282160156,-757.3323006845596
16,8712,234,-70468.2670025011,-38730.05672362388,-69179.54819053464,-37726.33186063944,-1288.7188119664681,-1003.7248629844378,othervirus_2022,-53978.162406833115,-42100.68342417707,-53022.77505754103,-41192.15376088953,-955.3873492920808,-908.5296632875366,-52130.58976097162,-41922.412947745244,-51199.79689367689,-41009.36344650798,-930.7928672947342,-913.0495012372633,-50719.69802992525,-41659.247234870476,-49791.70265379378,-40762.483263806964,-927.9953761314705,-896.7639710635093,-52987.656655571474,-41807.52193182367,-52039.395552153124,-40890.15895905751,-948.2611034183485,-917.3629727661613,-52981.98854936174,-40872.80369704365,-52030.16187328805,-39971.09940458346,-951.8266760736892,-901.7042924601885,-50891.716271258236,-40170.64811560751,-49951.56523267136,-39274.64101158105,-940.1510385868748,-896.0071040264603,-51633.20540973469,-41620.1480653391,-50683.177879891606,-40706.780814511585,-950.0275298430855,-913.3672508275145,-51092.79365686816,-50164.62434105769,-928.1693158104699,-75306.16522619086,-41257.58279068218,-74354.48617718308,-40346.14566421418,-951.6790490077776,-911.437126467999,-76777.67890143217,-75823.4423861193,-954.23651531286,-53720.2666821239,-38306.35783218057,-52804.71174102155,-37408.27351418978,-915.5549411023503,-898.0843179907879
17,9791,260,-79113.76475551462,-43338.35672232509,-77664.72283983379,-42229.960900967846,-1449.0419156808382,-1108.395821357237,othervirus_2022,-60589.73831509739,-47196.221792950775,-59526.83541489128,-46182.887246827384,-1062.9029002061143,-1013.3345461233882,-58517.837044783744,-46984.703457157404,-57480.850355896844,-45962.36600141348,-1036.9866888869017,-1022.3374557439258,-56937.57195101675,-46681.6329549156,-55902.81750914734,-45682.60609212839,-1034.754441869406,-999.026862787209,-59477.293893428934,-46862.512524823,-58422.93961303596,-45840.70717714991,-1054.354280392974,-1021.8053476730963,-59492.58834526603,-45808.667815447596,-58433.604971929984,-44802.489744228216,-1058.9833733360451,-1006.1780712193821,-57128.650574072206,-45018.19852816105,-56085.5913437108,-44020.76911849043,-1043.0592303614048,-997.4294096706175,-57965.27751660626,-46644.4802368813,-56907.15417432217,-45628.534783144394,-1058.1233422840853,-1015.9454537369081,-57375.14032338399,-56340.76998189172,-1034.370341492268,-84660.89616930934,-46289.98392915966,-83604.66597993167,-45276.56169685643,-1056.230189377674,-1013.4222323032324,-86311.80350505313,-85252.59498773649,-1059.2085173166358,-60350.8297624986,-42936.15969419775,-59333.31856821419,-41936.70828009863,-1017.5111942844055,-999.4514140991168
18,10857,288,-87430.34348499669,-47869.06070808958,-85817.42859994325,-46648.09123003298,-1612.9148850534448,-1220.9694780565956,othervirus_2022,-67045.06910102285,-52134.279017973866,-65869.42157342588,-51006.617419421396,-1175.647527596968,-1127.6615985524659,-64734.80196532331,-51880.185482761444,-63586.38741214432,-50742.95302815096,-1148.4145531789893,-1137.2324546104837,-62976.87180820148,-51542.36861821266,-61829.085943235244,-50428.99229296502,-1147.7858649662405,-1113.3763252476392,-65823.09874740703,-51763.66033279237,-64657.166743695154,-50631.75233171272,-1165.932003711873,-1131.9080010796526,-65839.03580104145,-50592.75546746058,-64669.57393496434,-49477.23723385476,-1169.4618660771016,-1115.5182336058215,-63215.015477868925,-49734.27327113498,-62061.33493472623,-48628.395140311535,-1153.6805431426988,-1105.8781308234431,-64130.036153296576,-51522.25680415694,-62958.91786432759,-50396.01148837479,-1171.1182889689878,-1126.2453157821524,-63522.82970475431,-62376.540913633304,-1146.2887911210084,-93801.08244423845,-51211.429128915785,-92628.80654781326,-50081.97954139631,-1172.2758964251914,-1129.449587519476,-95623.55308599783,-94444.5360096394,-1179.0170763584317,-66857.92984078349,-47490.037092817256,-65729.62805226032,-46378.88970689166,-1128.3017885231743,-1111.1473859255914
19,11956,313,-96031.85988431655,-52566.27931566605,-94280.40829693625,-51237.520887732295,-1751.451587380302,-1328.7584279337568,othervirus_2022,-73720.61363134226,-57276.301590017014,-72434.51452054165,-56040.24910964816,-1286.0991108006094,-1236.0524803688559,-71174.46557598843,-56974.67925756488,-69917.2979721859,-55728.25560380894,-1257.1676038025294,-1246.4236537559375,-69219.23106862695,-56596.244126607824,-67962.29201917106,-55375.538604354326,-1256.9390494558886,-1220.7055222534982,-72376.63666186825,-56857.31059655816,-71101.82462316705,-55617.81084797012,-1274.8120387011977,-1239.499748588042,-72384.32812646139,-55568.632028104126,-71104.18925813028,-54345.63593695444,-1280.1388683311056,-1222.9960911496858,-69494.82000718819,-54642.397587266016,-68233.03805750313,-53429.156410345284,-1261.781949685055,-1213.241176920731,-70496.85759801314,-56588.28107438172,-69217.72660061003,-55351.82099767585,-1279.1309974031155,-1236.4600767058623,-69872.87191808264,-68620.20676811319,-1252.6651499694517,-103225.37455942083,-56311.015350226604,-101944.35312752656,-55075.05523845548,-1281.0214318942742,-1235.9601117711204,-105238.76925582983,-103952.45239222248,-1286.316863607357,-73567.2060694472,-52224.7514652649,-72332.27507107213,-51005.19759078795,-1234.9309983750757,-1219.5538744769435
20,13006,343,-104453.67826535212,-57243.5999196839,-102553.8394840137,-55814.706373566,-1899.8387813384181,-1428.8935461179015,othervirus_2022,-80211.74240782877,-62311.469431579884,-78821.22443800817,-60980.52302133124,-1390.5179698206057,-1330.9464102486475,-77415.97456365531,-61999.50378914752,-76051.64094381592,-60654.244208788725,-1364.3336198393954,-1345.259580358801,-75260.83452389626,-61590.47153946967,-73898.55404541806,-60273.86531188892,-1362.2804784782072,-1316.6062275807458,-78759.24642399304,-61859.33687537907,-77378.91169259745,-60524.09216614088,-1380.334731395588,-1335.2447092381904,-78722.92547521391,-60475.35090417977,-77339.46152402084,-59153.114679117694,-1383.4639511930793,-1322.236225062079,-75605.69028560341,-59485.407368150314,-74242.18765526474,-58174.5657956997,-1363.5026303386653,-1310.8415724506115,-76695.65098698356,-61618.36733530148,-75312.392140811,-60285.98778055742,-1383.2588461725568,-1332.3795547440623,-76057.71647599421,-74702.21329226838,-1355.5031837258346,-112176.75328292657,-61301.012997568956,-110791.26788661855,-59965.144735607384,-1385.4853963080225,-1335.868261961572,-114360.68217834368,-112969.6370946602,-1391.0450836834802,-80024.54504763235,-56912.65085703209,-78689.29169470874,-55597.224486588406,-1335.2533529236089,-1315.426370443681
21,13960,378,-112429.51850023273,-61652.62477649026,-110343.68023036237,-60094.28526762679,-2085.8382698703695,-1558.3395088634709,othervirus_2022,-86263.3852699326,-67117.89979766092,-84734.02506374539,-65654.3734015995,-1529.3602061872098,-1463.5263960614286,-83248.57950581089,-66816.24320730443,-81749.05885762715,-65336.80905173646,-1499.520648183734,-1479.4341555679644,-80928.26576435655,-66386.77142145086,-79430.24750511136,-64940.31731504505,-1498.0182592451865,-1446.4541064058103,-84698.46362233003,-66630.00514462544,-83181.64945681771,-65161.43189717504,-1516.8141655123231,-1468.5732474503898,-84633.88134403499,-65162.747025855155,-83111.64096229948,-63709.743675337246,-1522.240381735509,-1453.0033505179056,-81310.98790532768,-64089.61691435766,-79811.13552293164,-62649.6004075043,-1499.8523823960454,-1440.0165068533636,-82484.90687154065,-66409.84760279498,-80963.13305886702,-64944.6418920419,-1521.7738126736294,-1465.2057107530713,-81783.07100937952,-80296.28872875216,-1486.7822806273552,-120421.88321418178,-65988.43631111282,-118900.26584440631,-64524.5232286021,-1521.617369775468,-1463.9130825107165,-122773.96080888294,-121246.52377700477,-1527.4370318781748,-85979.27869334823,-61331.52786386534,-84513.08977288185,-59885.34265281529,-1466.188920466372,-1446.1852110500504
22,14839,408,-119861.26257148276,-65784.84483634826,-117634.60740303119,-64128.094160261564,-2226.65516845157,-1656.7506760867004,othervirus_2022,-91879.7336200252,-71610.07882086698,-90252.4532806759,-70050.25105930166,-1627.280339349305,-1559.8277615653137,-88664.2924579416,-71332.65694443794,-87063.78416263284,-69755.42178980121,-1600.5082953087538,-1577.2351546367333,-86181.08056547033,-70889.61489322352,-84583.36967152556,-69344.98386855194,-1597.7108939447617,-1544.6310246715916,-90213.26182385108,-71091.70461647457,-88597.89693321663,-69529.77013460567,-1615.3648906344454,-1561.9344818689008,-90102.32378138734,-69552.56926146532,-88484.70708763109,-68004.48152814806,-1617.6166937562582,-1548.0877333172753,-86602.93163977205,-68407.85921636545,-85006.83693450257,-66871.91489403021,-1596.0947052694862,-1535.9443223352398,-87854.98475198842,-70908.08645322206,-86236.81936442964,-69345.96567148065,-1618.1653875587829,-1562.120781741415,-87089.72708799619,-85504.02998228997,-1585.697105706212,-127949.01024847971,-70346.91365168725,-126325.61946523539,-68779.98043167141,-1623.390783244319,-1566.9332200158353,-130451.78733131228,-128820.79103800237,-1630.9962933099164,-91466.17028265381,-65465.92518120767,-89902.78274028427,-63923.22774792579,-1563.3875423695388,-1542.6974332818786
23,15494,440,-125275.80553425044,-68748.98913458626,-122889.10339567797,-66975.66921931166,-2386.7021385724724,-1773.3199152745979,othervirus_2022,-96017.25034024104,-74840.64186248742,-94270.92864796137,-73164.38069283913,-1746.321692279666,-1676.2611696482893,-92649.54661739901,-74564.51412584097,-90934.5041484018,-72867.28199220625,-1715.0424689972197,-1697.232133634729,-90057.89058892895,-74102.37105161574,-88343.85997499723,-72439.70751434645,-1714.0306139317072,-1662.6635372692986,-94282.81783959153,-74314.42166349643,-92550.65252454203,-72633.62778727293,-1732.165315049491,-1680.7938762235033,-94156.90389890395,-72703.89206539349,-92421.15084805034,-71038.49555099878,-1735.7530508536156,-1665.396514394712,-90509.95306444124,-71511.09219442241,-88797.62164717427,-69858.45961949787,-1712.3314172669798,-1652.6325749245418,-91823.49113614486,-74141.55374823544,-90086.85449092144,-72463.5414574469,-1736.6366452234245,-1678.0122907885407,-91023.30949113585,-89321.68613599094,-1701.623355144909,-133648.3145069438,-73524.40473857657,-131906.4300667057,-71840.91089676862,-1741.8844402380987,-1683.493841807955,-136253.8645385128,-134504.39049620592,-1749.4740423068931,-95568.92584018728,-68435.15787887797,-93889.85451210332,-66775.84200467449,-1679.0713280839575,-1659.3158742034823
24,16434,463,-132994.8233542485,-73045.67367693038,-130497.32530666092,-71189.43600190511,-2497.498047587581,-1856.2376750252715,othervirus_2022,-101939.74559549398,-79503.25536297866,-100108.20689292457,-77746.74938507388,-1831.5387025694054,-1756.5059779047679,-98359.48808295795,-79233.75251004787,-96559.08495068976,-77454.40248878728,-1800.4031322681888,-1779.3500212605838,-95614.30779042281,-78755.03315731487,-93815.4253554307,-77009.41636221838,-1798.8824349921038,-1745.6167950964814,-100104.98046838236,-78967.6477734824,-98287.49414329733,-77202.7165493901,-1817.4863250850312,-1764.931224092302,-99962.06270239163,-77263.38360307408,-98142.7848017337,-75515.06900396499,-1819.277900657939,-1748.3145991090796,-96104.49558654078,-76003.07319817493,-94306.82978725538,-74267.48859294625,-1797.6657992853964,-1735.5846052286831,-97510.2553178192,-78821.66527671434,-95688.80208136352,-77063.94007193574,-1821.453236455673,-1757.725204778606,-96649.24587942654,-94864.78590827278,-1784.4599711537535,-141755.66385520148,-78084.29529529376,-139927.59530026594,-76317.33144847513,-1828.0685549355508,-1766.9638468186265,-144506.65497330672,-142670.24093922117,-1836.4140340855643,-101434.51922746302,-72733.76739067696,-99672.03259874333,-70993.24427803565,-1762.4866287196867,-1740.5231126413153
25,17335,492,-140411.21665392327,-77090.0140052416,-137776.61122385747,-75140.03681788669,-2634.60543006581,-1949.9771873549018,othervirus_2022,-107596.78777062272,-83939.22806925121,-105662.08402722423,-82090.18408694076,-1934.703743398482,-1849.0439823104543,-103828.51626309325,-83678.49647890916,-101930.67770219826,-81804.19717134188,-1897.8385608949902,-1874.299307567281,-100945.6633681306,-83190.5734471543,-99050.6088026639,-81351.36243458158,-1895.0545654666996,-1839.2110125727168,-105664.1481751985,-83401.66356221079,-103746.12150159644,-81539.01649135113,-1918.0266736020587,-1862.647070859662,-105516.38497427329,-81601.15121368223,-103597.33288660676,-79759.63437353048,-1919.0520876665314,-1841.5168401517426,-101449.88804365671,-80259.34690895907,-99553.48891098706,-78429.92022643154,-1896.399132669663,-1829.4266825275315,-102939.38212481177,-83258.18356571106,-101019.09287686442,-81410.11466223077,-1920.2892479473478,-1848.068903480295,-102012.88945198405,-100130.6275842588,-1882.2618677252613,-149600.548651667,-82423.82273266523,-147669.8657096079,-80562.06247118696,-1930.6829420590932,-1861.7602614782706,-152492.76172112816,-150555.11836069307,-1937.6433604350814,-107051.9648363042,-76781.98268042602,-105192.82053284366,-74949.09073971344,-1859.1443034605406,-1832.8919407125757
