fob,week,n_so_far,top_kin,top_share,best_share,top_is_best,top_same_family,group_testable,top_group,top_group_share,true_group_share,top_group_right,stranger,novelty_gap,nll,tau
covid_2020,0,2,h1n1_2009,0.06355204386910127,0.06268327611011772,False,,False,flu,0.5662628688872631,,,0.052982545751034935,1.1034119031022867,,0.01
covid_2020,1,8,flu_2019,0.06584136076019981,0.06492878609956329,False,,False,flu,0.5798417184009672,,,0.05141544001140976,1.1034119031022867,,0.01
covid_2020,2,39,flu_2019,0.08326296840437337,0.08085729793190416,False,,False,flu,0.6888895747210388,,,0.056171796471929894,1.1034119031022867,,0.01
covid_2020,3,749,flu_2017,0.4397976103621248,0.4397976103621248,True,,False,flu,0.9999973358086067,,,0.31847436415507846,1.1034119031022867,,0.01
covid_2020,4,3538,flu_2017,0.8953606382919024,0.8953606382919024,True,,False,flu,1.000000000000007,,,0.9999998627253982,1.1034119031022867,,0.01
covid_2020,5,7670,flu_2017,0.9889383747493369,0.9889383747493369,True,,False,flu,1.0000000000000477,,,1.0,1.1034119031022867,,0.01
covid_2020,6,11660,flu_2017,0.998743906224039,0.998743906224039,True,,False,flu,1.0000000000000135,,,1.0,1.1034119031022867,,0.01
covid_2020,7,16833,flu_2017,0.9999217439957478,0.9999217439957478,True,,False,flu,1.000000000000113,,,1.0,1.1034119031022867,,0.01
covid_2020,8,25622,flu_2017,0.99999923384514,0.99999923384514,True,,False,flu,0.9999999999999046,,,1.0,1.1034119031022867,,0.01
covid_2020,9,36488,flu_2017,0.9999999980955181,0.9999999980955181,True,,False,flu,1.0000000000001186,,,1.0,1.1034119031022867,,0.01
covid_2020,10,49955,flu_2017,0.9999999999995453,0.9999999999995453,True,,False,flu,0.9999999999998265,,,1.0,1.1034119031022867,,0.01
covid_2020,11,64280,flu_2017,1.0,1.0,True,,False,flu,1.0,,,1.0,1.1034119031022867,,0.01
covid_2020,12,79851,flu_2017,1.0,1.0,True,,False,flu,1.0,,,1.0,1.1034119031022867,,0.01
covid_2020,13,96235,flu_2017,1.0,1.0,True,,False,flu,1.0,,,1.0,1.1034119031022867,,0.01
covid_2020,14,112317,flu_2017,1.0,1.0,True,,False,flu,1.0,,,1.0,1.1034119031022867,,0.01
covid_2020,15,131858,flu_2017,1.0,1.0,True,,False,flu,1.0,,,1.0,1.1034119031022867,,0.01
covid_2020,16,151080,flu_2017,1.0,1.0,True,,False,flu,1.0,,,1.0,1.1034119031022867,,0.01
covid_2020,17,169299,flu_2017,1.0,1.0,True,,False,flu,1.0,,,1.0,1.1034119031022867,,0.01
covid_2020,18,189339,flu_2017,1.0,1.0,True,,False,flu,1.0,,,1.0,1.1034119031022867,,0.01
covid_2020,19,210012,flu_2017,1.0,1.0,True,,False,flu,1.0,,,1.0,1.1034119031022867,,0.01
covid_2020,20,231168,flu_2017,1.0,1.0,True,,False,flu,1.0,,,1.0,1.1034119031022867,,0.01
covid_2020,21,252038,flu_2017,1.0,1.0,True,,False,flu,1.0,,,1.0,1.1034119031022867,,0.01
covid_2020,22,271902,flu_2017,1.0,1.0,True,,False,flu,1.0,,,1.0,1.1034119031022867,,0.01
covid_2020,23,290466,flu_2017,1.0,1.0,True,,False,flu,1.0,,,1.0,1.1034119031022867,,0.01
covid_2020,24,307438,flu_2017,1.0,1.0,True,,False,flu,1.0,,,1.0,1.1034119031022867,,0.01
covid_2020,25,324315,flu_2017,1.0,1.0,True,,False,flu,1.0,,,1.0,1.1034119031022867,,0.01
covid_2021,0,737,covid_2020,0.9999762516477552,0.9999762516477552,True,True,True,covid,0.9999762516477552,0.9999762516477552,True,4.259972896508607e-10,0.06336431028464773,2.374863424141633e-05,0.01
covid_2021,1,7554,covid_2020,1.0,1.0,True,True,True,covid,1.0,1.0,True,1.40309509127995e-10,0.06336431028464773,-0.0,0.01
covid_2021,2,21023,covid_2020,1.0,1.0,True,True,True,covid,1.0,1.0,True,9.760095104636986e-11,0.06336431028464773,-0.0,0.01
covid_2021,3,36793,covid_2020,1.0,1.0,True,True,True,covid,1.0,1.0,True,7.860004503937607e-10,0.06336431028464773,-0.0,0.01
covid_2021,4,53613,covid_2020,1.0,1.0,True,True,True,covid,1.0,1.0,True,4.971944292491263e-09,0.06336431028464773,-0.0,0.01
covid_2021,5,72155,covid_2020,1.0,1.0,True,True,True,covid,1.0,1.0,True,3.222989491433653e-08,0.06336431028464773,-0.0,0.01
covid_2021,6,90936,covid_2020,1.0,1.0,True,True,True,covid,1.0,1.0,True,1.161273104501471e-07,0.06336431028464773,-0.0,0.01
covid_2021,7,116927,covid_2020,1.0,1.0,True,True,True,covid,1.0,1.0,True,2.717060451076159e-06,0.06336431028464773,-0.0,0.01
covid_2021,8,147145,covid_2020,1.0,1.0,True,True,True,covid,1.0,1.0,True,0.0005022310873671906,0.06336431028464773,-0.0,0.01
covid_2021,9,183742,covid_2020,1.0,1.0,True,True,True,covid,1.0,1.0,True,0.7133466997642204,0.06336431028464773,-0.0,0.01
covid_2021,10,227552,covid_2020,1.0,1.0,True,True,True,covid,1.0,1.0,True,0.9999997548984838,0.06336431028464773,-0.0,0.01
covid_2021,11,271289,covid_2020,1.0,1.0,True,True,True,covid,1.0,1.0,True,1.0,0.06336431028464773,-0.0,0.01
covid_2021,12,320277,covid_2020,1.0,1.0,True,True,True,covid,1.0,1.0,True,1.0,0.06336431028464773,-0.0,0.01
covid_2021,13,363522,covid_2020,1.0,1.0,True,True,True,covid,1.0,1.0,True,1.0,0.06336431028464773,-0.0,0.01
covid_2021,14,408700,covid_2020,1.0,1.0,True,True,True,covid,1.0,1.0,True,1.0,0.06336431028464773,-0.0,0.01
covid_2021,15,446619,covid_2020,1.0,1.0,True,True,True,covid,1.0,1.0,True,1.0,0.06336431028464773,-0.0,0.01
covid_2021,16,486350,covid_2020,1.0,1.0,True,True,True,covid,1.0,1.0,True,1.0,0.06336431028464773,-0.0,0.01
covid_2021,17,522712,covid_2020,1.0,1.0,True,True,True,covid,1.0,1.0,True,1.0,0.06336431028464773,-0.0,0.01
covid_2021,18,558642,covid_2020,1.0,1.0,True,True,True,covid,1.0,1.0,True,1.0,0.06336431028464773,-0.0,0.01
covid_2021,19,595907,covid_2020,1.0,1.0,True,True,True,covid,1.0,1.0,True,1.0,0.06336431028464773,-0.0,0.01
covid_2021,20,635497,covid_2020,1.0,1.0,True,True,True,covid,1.0,1.0,True,1.0,0.06336431028464773,-0.0,0.01
covid_2021,21,671078,covid_2020,1.0,1.0,True,True,True,covid,1.0,1.0,True,1.0,0.06336431028464773,-0.0,0.01
covid_2021,22,713386,covid_2020,1.0,1.0,True,True,True,covid,1.0,1.0,True,1.0,0.06336431028464773,-0.0,0.01
covid_2021,23,754007,covid_2020,1.0,1.0,True,True,True,covid,1.0,1.0,True,1.0,0.06336431028464773,-0.0,0.01
covid_2021,24,791175,covid_2020,1.0,1.0,True,True,True,covid,1.0,1.0,True,1.0,0.06336431028464773,-0.0,0.01
covid_2021,25,822924,covid_2020,1.0,1.0,True,True,True,covid,1.0,1.0,True,1.0,0.06336431028464773,-0.0,0.01
covid_2022,0,917,flu_2021,0.8152332090879593,0.8152332090879593,True,False,True,flu,0.8155341287266339,0.18444226669755115,False,1.6098239164679423e-12,0.3040155171358414,1.6904187820989411,0.01
covid_2022,1,6235,flu_2021,0.9714933167597878,0.9714933167597878,True,False,True,flu,0.9714933167597878,0.028506683240222916,False,2.279707079708047e-08,0.3040155171358414,3.557616719541335,0.01
covid_2022,2,17562,flu_2021,0.7878655643378152,0.7878655643378152,True,False,True,flu,0.7878655643378152,0.212134435662256,False,0.999785334067772,0.3040155171358414,1.5505350748035605,0.01
covid_2022,3,33458,covid_2020,0.999982416464696,1.758353522707127e-05,False,True,True,covid,0.999982416464696,0.999982416464696,True,1.0,0.3040155171358414,1.7583689896180102e-05,0.01
covid_2022,4,49919,covid_2020,0.9999999999595275,4.048440063001644e-11,False,True,True,covid,0.9999999999595275,0.9999999999595275,True,1.0,0.3040155171358414,4.047251422971432e-11,0.01
covid_2022,5,66086,covid_2020,1.0,1.1862516458639407e-18,False,True,True,covid,1.0,1.0,True,1.0,0.3040155171358414,-0.0,0.01
covid_2022,6,78407,covid_2020,1.0,3.92070290919778e-24,False,True,True,covid,1.0,1.0,True,1.0,0.3040155171358414,-0.0,0.01
covid_2022,7,87695,covid_2020,1.0,1.1271484307822276e-27,False,True,True,covid,1.0,1.0,True,1.0,0.3040155171358414,-0.0,0.01
covid_2022,8,92365,covid_2020,1.0,1.3415982476976546e-29,False,True,True,covid,1.0,1.0,True,1.0,0.3040155171358414,-0.0,0.01
covid_2022,9,97039,covid_2020,1.0,5.809744665715319e-30,False,True,True,covid,1.0,1.0,True,1.0,0.3040155171358414,-0.0,0.01
covid_2022,10,100462,covid_2020,1.0,1.2474360941851525e-29,False,True,True,covid,1.0,1.0,True,1.0,0.3040155171358414,-0.0,0.01
covid_2022,11,103035,covid_2020,1.0,1.9899367009773876e-28,False,True,True,covid,1.0,1.0,True,1.0,0.3040155171358414,-0.0,0.01
covid_2022,12,105226,covid_2020,1.0,2.0559425228479713e-27,False,True,True,covid,1.0,1.0,True,1.0,0.3040155171358414,-0.0,0.01
covid_2022,13,106887,covid_2020,1.0,6.340372094593374e-27,False,True,True,covid,1.0,1.0,True,1.0,0.3040155171358414,-0.0,0.01
covid_2022,14,108063,covid_2020,1.0,2.5435079469970453e-26,False,True,True,covid,1.0,1.0,True,1.0,0.3040155171358414,-0.0,0.01
covid_2022,15,109113,covid_2020,1.0,3.1400707467569713e-25,False,True,True,covid,1.0,1.0,True,1.0,0.3040155171358414,-0.0,0.01
covid_2022,16,110675,covid_2020,1.0,1.3192003750873433e-24,False,True,True,covid,1.0,1.0,True,1.0,0.3040155171358414,-0.0,0.01
covid_2022,17,112042,covid_2020,1.0,2.1993534000682332e-23,False,True,True,covid,1.0,1.0,True,1.0,0.3040155171358414,-0.0,0.01
covid_2022,18,113490,covid_2020,1.0,3.3400713228004204e-22,False,True,True,covid,1.0,1.0,True,1.0,0.3040155171358414,-0.0,0.01
covid_2022,19,115432,covid_2020,1.0,1.4874035531007826e-20,False,True,True,covid,1.0,1.0,True,1.0,0.3040155171358414,-0.0,0.01
covid_2022,20,118118,covid_2020,1.0,1.67359291793383e-19,False,True,True,covid,1.0,1.0,True,1.0,0.3040155171358414,-0.0,0.01
covid_2022,21,121665,covid_2020,1.0,4.224995873835014e-18,False,True,True,covid,1.0,1.0,True,1.0,0.3040155171358414,-0.0,0.01
covid_2022,22,125938,covid_2020,1.0,2.4666388762218606e-16,False,True,True,covid,1.0,1.0,True,1.0,0.3040155171358414,-0.0,0.01
covid_2022,23,129772,covid_2020,1.0,1.3858094790550058e-14,False,True,True,covid,1.0,1.0,True,1.0,0.3040155171358414,-0.0,0.01
covid_2022,24,135660,covid_2020,0.999999999994543,5.231779265893213e-12,False,True,True,covid,0.999999999994543,0.999999999994543,True,1.0,0.3040155171358414,5.456968210652459e-12,0.01
covid_2022,25,141962,covid_2020,0.9999999778719941,2.212846619612243e-08,False,True,True,covid,0.9999999778719941,0.9999999778719941,True,1.0,0.3040155171358414,2.2128006116915064e-08,0.01
flu_2013,0,39,h1n1_2009,1.0,1.0,True,True,True,flu,1.0,1.0,True,0.1945043359845903,0.9828317203884511,-0.0,0.01
flu_2013,1,83,h1n1_2009,1.0,1.0,True,True,True,flu,1.0,1.0,True,0.2493094521747717,0.9828317203884511,-0.0,0.01
flu_2013,2,152,h1n1_2009,1.0,1.0,True,True,True,flu,1.0,1.0,True,0.3665861083185507,0.9828317203884511,-0.0,0.01
flu_2013,3,296,h1n1_2009,1.0,1.0,True,True,True,flu,1.0,1.0,True,0.6081224349826799,0.9828317203884511,-0.0,0.01
flu_2013,4,518,h1n1_2009,1.0,1.0,True,True,True,flu,1.0,1.0,True,0.922312355803323,0.9828317203884511,-0.0,0.01
flu_2013,5,771,h1n1_2009,1.0,1.0,True,True,True,flu,1.0,1.0,True,0.9957699425404083,0.9828317203884511,-0.0,0.01
flu_2013,6,1001,h1n1_2009,1.0,1.0,True,True,True,flu,1.0,1.0,True,0.9995429225786346,0.9828317203884511,-0.0,0.01
flu_2013,7,1322,h1n1_2009,1.0,1.0,True,True,True,flu,1.0,1.0,True,0.9999911667457912,0.9828317203884511,-0.0,0.01
flu_2013,8,1579,h1n1_2009,1.0,1.0,True,True,True,flu,1.0,1.0,True,0.9999989758506858,0.9828317203884511,-0.0,0.01
flu_2013,9,2011,h1n1_2009,1.0,1.0,True,True,True,flu,1.0,1.0,True,0.9999999864508028,0.9828317203884511,-0.0,0.01
flu_2013,10,2421,h1n1_2009,1.0,1.0,True,True,True,flu,1.0,1.0,True,0.9999999997100417,0.9828317203884511,-0.0,0.01
flu_2013,11,2793,h1n1_2009,1.0,1.0,True,True,True,flu,1.0,1.0,True,0.9999999999948272,0.9828317203884511,-0.0,0.01
flu_2013,12,3210,h1n1_2009,1.0,1.0,True,True,True,flu,1.0,1.0,True,0.9999999999998579,0.9828317203884511,-0.0,0.01
flu_2013,13,3561,h1n1_2009,1.0,1.0,True,True,True,flu,1.0,1.0,True,1.0,0.9828317203884511,-0.0,0.01
flu_2013,14,3881,h1n1_2009,1.0,1.0,True,True,True,flu,1.0,1.0,True,1.0,0.9828317203884511,-0.0,0.01
flu_2013,15,4202,h1n1_2009,1.0,1.0,True,True,True,flu,1.0,1.0,True,1.0,0.9828317203884511,-0.0,0.01
flu_2013,16,4499,h1n1_2009,1.0,1.0,True,True,True,flu,1.0,1.0,True,1.0,0.9828317203884511,-0.0,0.01
flu_2013,17,4736,h1n1_2009,1.0,1.0,True,True,True,flu,1.0,1.0,True,1.0,0.9828317203884511,-0.0,0.01
flu_2013,18,4935,h1n1_2009,1.0,1.0,True,True,True,flu,1.0,1.0,True,1.0,0.9828317203884511,-0.0,0.01
flu_2013,19,5084,h1n1_2009,1.0,1.0,True,True,True,flu,1.0,1.0,True,1.0,0.9828317203884511,-0.0,0.01
flu_2013,20,5223,h1n1_2009,1.0,1.0,True,True,True,flu,1.0,1.0,True,1.0,0.9828317203884511,-0.0,0.01
flu_2013,21,5350,h1n1_2009,1.0,1.0,True,True,True,flu,1.0,1.0,True,1.0,0.9828317203884511,-0.0,0.01
flu_2013,22,5463,h1n1_2009,1.0,1.0,True,True,True,flu,1.0,1.0,True,1.0,0.9828317203884511,-0.0,0.01
flu_2013,23,5540,h1n1_2009,1.0,1.0,True,True,True,flu,1.0,1.0,True,1.0,0.9828317203884511,-0.0,0.01
flu_2013,24,5616,h1n1_2009,1.0,1.0,True,True,True,flu,1.0,1.0,True,1.0,0.9828317203884511,-0.0,0.01
flu_2013,25,5680,h1n1_2009,1.0,1.0,True,True,True,flu,1.0,1.0,True,1.0,0.9828317203884511,-0.0,0.01
flu_2014,0,29,flu_2013,0.39761511936705113,0.39761511936705113,True,True,True,flu,0.6814098001688959,0.6814098001688959,True,0.11113791004068765,0.03627044460628337,0.38359139145644267,0.01
flu_2014,1,61,flu_2013,0.44206136112931105,0.44206136112931105,True,True,True,flu,0.6978843928862049,0.6978843928862049,True,0.11132699866215356,0.03627044460628337,0.3597018161748334,0.01
flu_2014,2,73,flu_2013,0.46510635598177463,0.46510635598177463,True,True,True,flu,0.6961464738545543,0.6961464738545543,True,0.11293231501258434,0.03627044460628337,0.36219518984895854,0.01
flu_2014,3,99,flu_2013,0.5249873853385849,0.5249873853385849,True,True,True,flu,0.7163708236770518,0.7163708236770518,True,0.12180386993272063,0.03627044460628337,0.3335573359271914,0.01
flu_2014,4,141,flu_2013,0.6299300832723137,0.6299300832723137,True,True,True,flu,0.7603271608849794,0.7603271608849794,True,0.14614895809507908,0.03627044460628337,0.27400646348081914,0.01
flu_2014,5,187,flu_2013,0.7086851846733693,0.7086851846733693,True,True,True,flu,0.7870124094910916,0.7870124094910916,True,0.15415474014761305,0.03627044460628337,0.2395112625936339,0.01
flu_2014,6,256,flu_2013,0.8030970773238244,0.8030970773238244,True,True,True,flu,0.8532054886709199,0.8532054886709199,True,0.16358412144211648,0.03627044460628337,0.15875485936423644,0.01
flu_2014,7,317,flu_2013,0.8669889140804922,0.8669889140804922,True,True,True,flu,0.900414071268337,0.900414071268337,True,0.1734324667291858,0.03627044460628337,0.10490054227476353,0.01
flu_2014,8,412,flu_2013,0.943815916220509,0.943815916220509,True,True,True,flu,0.953369644654922,0.953369644654922,True,0.1896634836356149,0.03627044460628337,0.047752575762839096,0.01
flu_2014,9,476,flu_2013,0.9630763120599043,0.9630763120599043,True,True,True,flu,0.9688836438597492,0.9688836438597492,True,0.19082973636022424,0.03627044460628337,0.031610752877490406,0.01
flu_2014,10,550,flu_2013,0.9784391162928896,0.9784391162928896,True,True,True,flu,0.9803851281184401,0.9803851281184401,True,0.18997347705173442,0.03627044460628337,0.01980979664107046,0.01
flu_2014,11,584,flu_2013,0.9826773044357734,0.9826773044357734,True,True,True,flu,0.9845429999406015,0.9845429999406015,True,0.18489610526449038,0.03627044460628337,0.015577704923702338,0.01
flu_2014,12,661,flu_2013,0.9910285321608092,0.9910285321608092,True,True,True,flu,0.9917514895372254,0.9917514895372254,True,0.19472297364797475,0.03627044460628337,0.008282717660692971,0.01
flu_2014,13,731,flu_2013,0.9953486190755455,0.9953486190755455,True,True,True,flu,0.9956658761479362,0.9956658761479362,True,0.19149426825288832,0.03627044460628337,0.004343543393672529,0.01
flu_2014,14,795,flu_2013,0.9971782479341454,0.9971782479341454,True,True,True,flu,0.997339321863283,0.997339321863283,True,0.18556260926369283,0.03627044460628337,0.002664224031844239,0.01
flu_2014,15,877,flu_2013,0.9982700199154831,0.9982700199154831,True,True,True,flu,0.9983270328166549,0.9983270328166549,True,0.18490465076860826,0.03627044460628337,0.0016743681556818891,0.01
flu_2014,16,938,flu_2013,0.9988264218506663,0.9988264218506663,True,True,True,flu,0.998864584100348,0.998864584100348,True,0.18933665257308807,0.03627044460628337,0.0011360609726149334,0.01
flu_2014,17,1001,flu_2013,0.9990840869348119,0.9990840869348119,True,True,True,flu,0.9991062081126414,0.9991062081126414,True,0.199427528930326,0.03627044460628337,0.0008941915574932578,0.01
flu_2014,18,1040,flu_2013,0.9992367956010516,0.9992367956010516,True,True,True,flu,0.9992488484816784,0.9992488484816784,True,0.19629188704063597,0.03627044460628337,0.0007514337739767122,0.01
flu_2014,19,1100,flu_2013,0.9993348816195352,0.9993348816195352,True,True,True,flu,0.9993413760640061,0.9993413760640061,True,0.2017770374031049,0.03627044460628337,0.0006588409240193531,0.01
flu_2014,20,1151,flu_2013,0.9994974098762114,0.9994974098762114,True,True,True,flu,0.9995007909734335,0.9995007909734335,True,0.20004137176079373,0.03627044460628337,0.0004993336728773985,0.01
flu_2014,21,1202,flu_2013,0.9995696334894506,0.9995696334894506,True,True,True,flu,0.9995713346833675,0.9995713346833675,True,0.20287773329677847,0.03627044460628337,0.00042875721987414996,0.01
flu_2014,22,1261,flu_2013,0.9997002501774853,0.9997002501774853,True,True,True,flu,0.9997011455948294,0.9997011455948294,True,0.20655185442929916,0.03627044460628337,0.00029889907104766367,0.01
flu_2014,23,1311,flu_2013,0.9997735144806968,0.9997735144806968,True,True,True,flu,0.9997739609523566,0.9997739609523566,True,0.21333233468528398,0.03627044460628337,0.00022606459831930303,0.01
flu_2014,24,1334,flu_2013,0.9998022430867579,0.9998022430867579,True,True,True,flu,0.999802595336679,0.999802595336679,True,0.2161751624403433,0.03627044460628337,0.0001974241501860905,0.01
flu_2014,25,1396,flu_2013,0.9998782181345768,0.9998782181345768,True,True,True,flu,0.9998783756917925,0.9998783756917925,True,0.21380391046993621,0.03627044460628337,0.00012163170504343817,0.01
flu_2015,0,22,othervirus_2013,0.22016628394083168,0.2157200335635086,False,False,True,flu,0.5781872452891399,0.5781872452891399,True,0.0826300755180141,0.055799053149798716,0.5478575089840187,0.01
flu_2015,1,35,flu_2014,0.22632753640929532,0.22632753640929532,True,True,True,flu,0.5783583812408006,0.5783583812408006,True,0.08354729321036343,0.055799053149798716,0.5475615657043347,0.01
flu_2015,2,47,flu_2014,0.25423366123938607,0.25423366123938607,True,True,True,flu,0.5960735568740441,0.5960735568740441,True,0.09282829981812833,0.055799053149798716,0.5173912019582101,0.01
flu_2015,3,60,flu_2014,0.2535665152796727,0.2535665152796727,True,True,True,flu,0.5695297929444695,0.5695297929444695,True,0.0915587483778995,0.055799053149798716,0.5629441832499495,0.01
flu_2015,4,80,othervirus_2013,0.2520379062916052,0.25171693908719994,False,False,True,flu,0.5528775452682718,0.5528775452682718,True,0.08837167953176908,0.055799053149798716,0.592618739108522,0.01
flu_2015,5,105,flu_2014,0.2725289344064217,0.2725289344064217,True,True,True,flu,0.5758003480264329,0.5758003480264329,True,0.09125042433894898,0.055799053149798716,0.5519942963818183,0.01
flu_2015,6,119,flu_2014,0.27362136252415664,0.27362136252415664,True,True,True,flu,0.5468316402152738,0.5468316402152738,True,0.09644583937595448,0.055799053149798716,0.6036143114770954,0.01
flu_2015,7,129,flu_2014,0.28709702264386033,0.28709702264386033,True,True,True,flu,0.5708360979194913,0.5708360979194913,True,0.09752001359386286,0.055799053149798716,0.5606531544549523,0.01
flu_2015,8,158,flu_2014,0.3314066054744746,0.3314066054744746,True,True,True,flu,0.6262304338846555,0.6262304338846555,True,0.10700319437976347,0.055799053149798716,0.4680368703690998,0.01
flu_2015,9,208,flu_2014,0.39677979007172753,0.39677979007172753,True,True,True,flu,0.7164004778197351,0.7164004778197351,True,0.11991317333146798,0.055799053149798716,0.3335159418224148,0.01
flu_2015,10,271,flu_2014,0.46359934199253316,0.46359934199253316,True,True,True,flu,0.7899193134707899,0.7899193134707899,True,0.1411508262508027,0.055799053149798716,0.2358244735842899,0.01
flu_2015,11,331,flu_2014,0.5135773153361703,0.5135773153361703,True,True,True,flu,0.8652206589541445,0.8652206589541445,True,0.14625406668966762,0.055799053149798716,0.14477070752516513,0.01
flu_2015,12,386,flu_2014,0.5633015484244647,0.5633015484244647,True,True,True,flu,0.905600180362911,0.905600180362911,True,0.1652313231026579,0.055799053149798716,0.09915737236924656,0.01
flu_2015,13,416,flu_2014,0.5840979570781465,0.5840979570781465,True,True,True,flu,0.9249570531732046,0.9249570531732046,True,0.17051957200794982,0.055799053149798716,0.07800797154951225,0.01
flu_2015,14,497,flu_2014,0.6362065153882044,0.6362065153882044,True,True,True,flu,0.9515533965677958,0.9515533965677958,True,0.2012025102907137,0.055799053149798716,0.04965947551488778,0.01
flu_2015,15,558,flu_2014,0.6685733518647277,0.6685733518647277,True,True,True,flu,0.962698199675699,0.962698199675699,True,0.22887508092395906,0.055799053149798716,0.03801531227818329,0.01
flu_2015,16,628,flu_2014,0.7119893001845827,0.7119893001845827,True,True,True,flu,0.9726886290164994,0.9726886290164994,True,0.2794517474601371,0.055799053149798716,0.027691259298954985,0.01
flu_2015,17,671,flu_2014,0.7235318264553285,0.7235318264553285,True,True,True,flu,0.979457872756694,0.979457872756694,True,0.2777849319989255,0.055799053149798716,0.020756051448747,0.01
flu_2015,18,728,flu_2014,0.7279400403072758,0.7279400403072758,True,True,True,flu,0.9868236314712036,0.9868236314712036,True,0.261355836332663,0.055799053149798716,0.013263947034424467,0.01
flu_2015,19,769,flu_2014,0.7373317588491443,0.7373317588491443,True,True,True,flu,0.990174077969738,0.990174077969738,True,0.2760969243608026,0.055799053149798716,0.009874514977828815,0.01
flu_2015,20,815,flu_2014,0.7554160272136791,0.7554160272136791,True,True,True,flu,0.9923622634622572,0.9923622634622572,True,0.2948352099769548,0.055799053149798716,0.007667053419264335,0.01
flu_2015,21,863,flu_2014,0.7553431027313798,0.7553431027313798,True,True,True,flu,0.9946005270065785,0.9946005270065785,True,0.28515701306166685,0.055799053149798716,0.005414102833774263,0.01
flu_2015,22,894,flu_2014,0.750642269331852,0.750642269331852,True,True,True,flu,0.995734081712496,0.995734081712496,True,0.27849528157180675,0.055799053149798716,0.0042750432771417185,0.01
flu_2015,23,918,flu_2014,0.7532666315931663,0.7532666315931663,True,True,True,flu,0.996102543529891,0.996102543529891,True,0.28394431018531846,0.055799053149798716,0.003905071345781046,0.01
flu_2015,24,940,flu_2014,0.7581436654646052,0.7581436654646052,True,True,True,flu,0.9966449832966071,0.9966449832966071,True,0.292882220862372,0.055799053149798716,0.003360657391869294,0.01
flu_2015,25,965,flu_2014,0.7596844510888814,0.7596844510888814,True,True,True,flu,0.9972082629225807,0.9972082629225807,True,0.29049789691443995,0.055799053149798716,0.0027956412433368417,0.01
flu_2016,0,28,flu_2014,0.17446926516052455,0.1689850232475254,False,True,True,flu,0.6368574199178443,0.6368574199178443,True,0.05619027452951543,0.041757524923439426,0.45120947904800945,0.01
flu_2016,1,66,flu_2014,0.21527331226990698,0.21471877179873156,False,True,True,flu,0.7070168525206194,0.7070168525206194,True,0.05945696964673168,0.041757524923439426,0.34670077670682503,0.01
flu_2016,2,124,flu_2013,0.28058704734966494,0.28058704734966494,True,True,True,flu,0.8339714572621827,0.8339714572621827,True,0.06988254072208402,0.041757524923439426,0.1815561011152973,0.01
flu_2016,3,246,flu_2013,0.35054122433517676,0.35054122433517676,True,True,True,flu,0.9305792536235634,0.9305792536235634,True,0.08338401933313898,0.041757524923439426,0.07194803336881135,0.01
flu_2016,4,443,flu_2013,0.42501207823775905,0.42501207823775905,True,True,True,flu,0.9851372147728608,0.9851372147728608,True,0.10340615891912633,0.041757524923439426,0.014974343174066745,0.01
flu_2016,5,700,flu_2013,0.4290261230657391,0.4290261230657391,True,True,True,flu,0.9973011905493178,0.9973011905493178,True,0.12391578840358718,0.041757524923439426,0.002702457802523812,0.01
flu_2016,6,1299,flu_2013,0.5109792177789194,0.5109792177789194,True,True,True,flu,0.9999536852019306,0.9999536852019306,True,0.14742840127439488,0.041757524923439426,4.6315870632757375e-05,0.01
flu_2016,7,2421,flu_2013,0.5520884165815865,0.5520884165815865,True,True,True,flu,0.9999999894113399,0.9999999894113399,True,0.204380361882129,0.041757524923439426,1.058866011593355e-08,0.01
flu_2016,8,3662,flu_2013,0.6061455377279353,0.6061455377279353,True,True,True,flu,0.9999999999982526,0.9999999999982526,True,0.33087626858306396,0.041757524923439426,1.7473800184590606e-12,0.01
flu_2016,9,4634,flu_2013,0.6436026939757392,0.6436026939757392,True,True,True,flu,1.0000000000000198,1.0000000000000198,True,0.4411821602618748,0.041757524923439426,-1.976196983832759e-14,0.01
flu_2016,10,5534,flu_2013,0.6144636312842006,0.6144636312842006,True,True,True,flu,0.9999999999999768,0.9999999999999768,True,0.57903649028891,0.041757524923439426,2.320366121466604e-14,0.01
flu_2016,11,6293,flu_2013,0.649157357209141,0.649157357209141,True,True,True,flu,1.0000000000000249,1.0000000000000249,True,0.6622845407896544,0.041757524923439426,-2.4868995751603197e-14,0.01
flu_2016,12,7124,flu_2013,0.6702816478627183,0.6702816478627183,True,True,True,flu,1.000000000000002,1.000000000000002,True,0.7406947632901394,0.041757524923439426,-1.9984014443252798e-15,0.01
flu_2016,13,7862,flu_2013,0.6912756930266437,0.6912756930266437,True,True,True,flu,1.0000000000000009,1.0000000000000009,True,0.7839417366729703,0.041757524923439426,-8.881784197001248e-16,0.01
flu_2016,14,8402,flu_2013,0.7219359210021121,0.7219359210021121,True,True,True,flu,1.0000000000000155,1.0000000000000155,True,0.8014121108910581,0.041757524923439426,-1.5543122344752072e-14,0.01
flu_2016,15,8923,flu_2013,0.758248925824007,0.758248925824007,True,True,True,flu,1.0000000000000449,1.0000000000000449,True,0.815901124676234,0.041757524923439426,-4.485301019485532e-14,0.01
flu_2016,16,9295,flu_2013,0.764517286205235,0.764517286205235,True,True,True,flu,0.9999999999999545,0.9999999999999545,True,0.832943317173228,0.041757524923439426,4.551914400963245e-14,0.01
flu_2016,17,9600,flu_2013,0.7699011888260539,0.7699011888260539,True,True,True,flu,1.0000000000000342,1.0000000000000342,True,0.8419952264626814,0.041757524923439426,-3.4194869158454235e-14,0.01
flu_2016,18,9863,flu_2013,0.7741443060029367,0.7741443060029367,True,True,True,flu,0.9999999999999737,0.9999999999999737,True,0.8464482358332835,0.041757524923439426,2.6312285683616557e-14,0.01
flu_2016,19,10183,flu_2013,0.764247960503184,0.764247960503184,True,True,True,flu,1.0000000000000022,1.0000000000000022,True,0.860940084823904,0.041757524923439426,-2.2204460492503107e-15,0.01
flu_2016,20,10412,flu_2013,0.7826020096740421,0.7826020096740421,True,True,True,flu,1.0000000000000537,1.0000000000000537,True,0.8697497538950596,0.041757524923439426,-5.373479439185613e-14,0.01
flu_2016,21,10607,flu_2013,0.7871690382711323,0.7871690382711323,True,True,True,flu,1.0000000000000524,1.0000000000000524,True,0.8783267553600625,0.041757524923439426,-5.240252676230601e-14,0.01
flu_2016,22,10730,flu_2013,0.7785120628870791,0.7785120628870791,True,True,True,flu,0.999999999999964,0.999999999999964,True,0.8872641312280233,0.041757524923439426,3.597122599785572e-14,0.01
flu_2016,23,10846,flu_2013,0.7730243743107826,0.7730243743107826,True,True,True,flu,1.0000000000000444,1.0000000000000444,True,0.8970209183162541,0.041757524923439426,-4.440892098500528e-14,0.01
flu_2016,24,10932,flu_2013,0.7723379685060346,0.7723379685060346,True,True,True,flu,0.99999999999997,0.99999999999997,True,0.9005548072943914,0.041757524923439426,2.9976021664879675e-14,0.01
flu_2016,25,11009,flu_2013,0.7537480992434287,0.7537480992434287,True,True,True,flu,1.0000000000000084,1.0000000000000084,True,0.9032680180390685,0.041757524923439426,-8.437694987151153e-15,0.01
flu_2017,0,22,flu_2015,0.13712456526249595,0.13712456526249595,True,True,True,flu,0.6013212172105626,0.6013212172105626,True,0.07066902409946253,0.052793538774849935,0.5086260159935893,0.01
flu_2017,1,53,flu_2015,0.171941145046947,0.171941145046947,True,True,True,flu,0.685793554105141,0.685793554105141,True,0.08370821702834567,0.052793538774849935,0.3771786380859388,0.01
flu_2017,2,88,flu_2015,0.18970425736071503,0.18970425736071503,True,True,True,flu,0.7336060393315963,0.7336060393315963,True,0.08288326035942757,0.052793538774849935,0.309783125615213,0.01
flu_2017,3,110,flu_2015,0.19869306699818715,0.19869306699818715,True,True,True,flu,0.7575743310951448,0.7575743310951448,True,0.08446677805682137,0.052793538774849935,0.2776336195544611,0.01
flu_2017,4,164,flu_2015,0.24924724344596477,0.24924724344596477,True,True,True,flu,0.8518588989572715,0.8518588989572715,True,0.1035941687761543,0.052793538774849935,0.16033437742042697,0.01
flu_2017,5,220,flu_2015,0.2666442647845634,0.2666442647845634,True,True,True,flu,0.9073983821673886,0.9073983821673886,True,0.1080085256004566,0.052793538774849935,0.0971736946859893,0.01
flu_2017,6,300,flu_2015,0.3111332578342146,0.3111332578342146,True,True,True,flu,0.9582591021609904,0.9582591021609904,True,0.1269033577051087,0.052793538774849935,0.042637076033488035,0.01
flu_2017,7,365,flu_2015,0.31502199848957285,0.31502199848957285,True,True,True,flu,0.9743926804967133,0.9743926804967133,True,0.12767460603516212,0.052793538774849935,0.025940893860225873,0.01
flu_2017,8,441,flu_2015,0.32000525110809486,0.32000525110809486,True,True,True,flu,0.9865944497615164,0.9865944497615164,True,0.13431616596215482,0.052793538774849935,0.013496215820138935,0.01
flu_2017,9,509,flu_2015,0.3485098200275698,0.3485098200275698,True,True,True,flu,0.9936037792592542,0.9936037792592542,True,0.15113218532271155,0.052793538774849935,0.006416764207847383,0.01
flu_2017,10,575,flu_2015,0.36377707582043406,0.36377707582043406,True,True,True,flu,0.9965951046273239,0.9965951046273239,True,0.17394890159023274,0.052793538774849935,0.0034107052206238824,0.01
flu_2017,11,690,flu_2015,0.4009079850760898,0.4009079850760898,True,True,True,flu,0.9985974978215443,0.9985974978215443,True,0.18923364103321086,0.052793538774849935,0.0014034866051840867,0.01
flu_2017,12,774,flu_2015,0.4206431143154644,0.4206431143154644,True,True,True,flu,0.9991659406134064,0.9991659406134064,True,0.19247007262776725,0.052793538774849935,0.0008344074076507689,0.01
flu_2017,13,908,flu_2015,0.4692954299993201,0.4692954299993201,True,True,True,flu,0.9996804528711425,0.9996804528711425,True,0.2095980551169346,0.052793538774849935,0.00031959819492025744,0.01
flu_2017,14,1045,flu_2015,0.5000047054768756,0.5000047054768756,True,True,True,flu,0.9998955599425341,0.9998955599425341,True,0.23043122372879551,0.052793538774849935,0.00010444551170847034,0.01
flu_2017,15,1214,flu_2015,0.566579950348053,0.566579950348053,True,True,True,flu,0.9999756186858796,0.9999756186858796,True,0.26795815439268095,0.052793538774849935,2.4381611349484463e-05,0.01
flu_2017,16,1355,flu_2015,0.6339613452968462,0.6339613452968462,True,True,True,flu,0.999991765865334,0.999991765865334,True,0.29012419243095483,0.052793538774849935,8.234168566669372e-06,0.01
flu_2017,17,1509,flu_2015,0.6533580824097364,0.6533580824097364,True,True,True,flu,0.9999972249729744,0.9999972249729744,True,0.299342550481969,0.052793538774849935,2.7750308760090047e-06,0.01
flu_2017,18,1648,flu_2015,0.6900860560549056,0.6900860560549056,True,True,True,flu,0.9999992476843446,0.9999992476843446,True,0.33257291839564546,0.052793538774849935,7.523159384285489e-07,0.01
flu_2017,19,1794,flu_2015,0.7176879425262603,0.7176879425262603,True,True,True,flu,0.9999997368109887,0.9999997368109887,True,0.34659426528644294,0.052793538774849935,2.631890458856751e-07,0.01
flu_2017,20,1934,flu_2015,0.7559615569077295,0.7559615569077295,True,True,True,flu,0.9999999156586783,0.9999999156586783,True,0.3711598389256425,0.052793538774849935,8.434132526115813e-08,0.01
flu_2017,21,2058,flu_2015,0.7919898926625424,0.7919898926625424,True,True,True,flu,0.99999997255979,0.99999997255979,True,0.3917949251054448,0.052793538774849935,2.7440210369606258e-08,0.01
flu_2017,22,2155,flu_2015,0.8209752496900945,0.8209752496900945,True,True,True,flu,0.9999999860421672,0.9999999860421672,True,0.42131465706470317,0.052793538774849935,1.3957832875876733e-08,0.01
flu_2017,23,2216,flu_2015,0.8365711187306312,0.8365711187306312,True,True,True,flu,0.999999992873293,0.999999992873293,True,0.4479418547124382,0.052793538774849935,7.126707027708969e-09,0.01
flu_2017,24,2286,flu_2015,0.8533373614326962,0.8533373614326962,True,True,True,flu,0.999999996666379,0.999999996666379,True,0.46723459751494,0.052793538774849935,3.33362105143216e-09,0.01
flu_2017,25,2346,flu_2015,0.8635478042014333,0.8635478042014333,True,True,True,flu,0.9999999979351832,0.9999999979351832,True,0.4819026327167897,0.052793538774849935,2.0648167641469322e-09,0.01
flu_2018,0,31,flu_2015,0.11184831660179718,0.10827108123183946,False,True,True,flu,0.6139121550892692,0.6139121550892692,True,0.039773213396428135,0.046562656942731095,0.4879034309576509,0.01
flu_2018,1,67,flu_2015,0.12263317572646776,0.11735989806689273,False,True,True,flu,0.6418383079615936,0.6418383079615936,True,0.039377505262802176,0.046562656942731095,0.4434188637710577,0.01
flu_2018,2,132,flu_2015,0.15697210622083294,0.14433058191000037,False,True,True,flu,0.775292155211873,0.775292155211873,True,0.04496367223994938,0.046562656942731095,0.25451534619887933,0.01
flu_2018,3,210,flu_2015,0.1725418983405909,0.16558212468239217,False,True,True,flu,0.8546917730678694,0.8546917730678694,True,0.05122994291834384,0.046562656942731095,0.15701437437670873,0.01
flu_2018,4,321,flu_2016,0.19548955584555977,0.19548955584555977,True,True,True,flu,0.942348209037269,0.942348209037269,True,0.05890000307693319,0.046562656942731095,0.059380424049486874,0.01
flu_2018,5,459,flu_2016,0.21452055870181955,0.21452055870181955,True,True,True,flu,0.9761146272632248,0.9761146272632248,True,0.06068376724779594,0.046562656942731095,0.024175253498863233,0.01
flu_2018,6,679,flu_2016,0.2302404516377141,0.2302404516377141,True,True,True,flu,0.9938576004632275,0.9938576004632275,True,0.06722951237068052,0.046562656942731095,0.006161341679447247,0.01
flu_2018,7,1016,flu_2016,0.2519025944515722,0.2519025944515722,True,True,True,flu,0.9990104933935353,0.9990104933935353,True,0.08309346402650215,0.046562656942731095,0.0009899964913163302,0.01
flu_2018,8,1319,flu_2016,0.27293511154042854,0.27293511154042854,True,True,True,flu,0.999889581316216,0.999889581316216,True,0.09401175969159219,0.046562656942731095,0.00011042478037568393,0.01
flu_2018,9,1735,flu_2016,0.30261831915942333,0.30261831915942333,True,True,True,flu,0.9999915918617518,0.9999915918617518,True,0.12287096157598515,0.046562656942731095,8.40817359679851e-06,0.01
flu_2018,10,2177,flu_2016,0.35019653589343486,0.35019653589343486,True,True,True,flu,0.9999993046149734,0.9999993046149734,True,0.15254312151685617,0.046562656942731095,6.953852683414702e-07,0.01
flu_2018,11,2662,flu_2016,0.371301351976225,0.371301351976225,True,True,True,flu,0.9999999276430587,0.9999999276430587,True,0.18835634162254694,0.046562656942731095,7.235694394521968e-08,0.01
flu_2018,12,3187,flu_2016,0.40897608081135906,0.40897608081135906,True,True,True,flu,0.9999999965386591,0.9999999965386591,True,0.2296273681945745,0.046562656942731095,3.461340886574359e-09,0.01
flu_2018,13,3543,flu_2016,0.4337185911472675,0.4337185911472675,True,True,True,flu,0.999999999553756,0.999999999553756,True,0.2558108911348048,0.046562656942731095,4.4624404181812443e-10,0.01
flu_2018,14,4003,flu_2016,0.44592374843072674,0.44592374843072674,True,True,True,flu,0.9999999999715317,0.9999999999715317,True,0.29336466904388886,0.046562656942731095,2.8468338797843486e-11,0.01
flu_2018,15,4482,flu_2016,0.4508036425249164,0.4508036425249164,True,True,True,flu,0.9999999999978784,0.9999999999978784,True,0.31986252045179003,0.046562656942731095,2.1216362000609247e-12,0.01
flu_2018,16,4971,flu_2016,0.4625985115455566,0.4625985115455566,True,True,True,flu,0.9999999999999241,0.9999999999999241,True,0.36319900070228467,0.046562656942731095,7.593925488436359e-14,0.01
flu_2018,17,5475,flu_2016,0.47616260797937554,0.47616260797937554,True,True,True,flu,0.9999999999999784,0.9999999999999784,True,0.41438498679088914,0.046562656942731095,2.1649348980190786e-14,0.01
flu_2018,18,5845,flu_2016,0.4746024819550841,0.4746024819550841,True,True,True,flu,1.000000000000015,1.000000000000015,True,0.4388650913663164,0.046562656942731095,-1.5099033134902015e-14,0.01
flu_2018,19,6208,flu_2016,0.4439049232835161,0.4439049232835161,True,True,True,flu,1.0000000000000167,1.0000000000000167,True,0.47015875860478185,0.046562656942731095,-1.665334536937721e-14,0.01
flu_2018,20,6520,flu_2016,0.4812570118296988,0.4812570118296988,True,True,True,flu,1.000000000000008,1.000000000000008,True,0.4813554257750152,0.046562656942731095,-7.993605777301096e-15,0.01
flu_2018,21,6721,flu_2016,0.4531442904467124,0.4531442904467124,True,True,True,flu,0.9999999999999807,0.9999999999999807,True,0.5126180712688687,0.046562656942731095,1.931788062847791e-14,0.01
flu_2018,22,6871,flu_2016,0.4148880278168507,0.4148880278168507,True,True,True,flu,0.999999999999978,0.999999999999978,True,0.5364728829890637,0.046562656942731095,2.1982415887578342e-14,0.01
flu_2018,23,6977,flu_2016,0.41576951346352636,0.41576951346352636,True,True,True,flu,1.0000000000000138,1.0000000000000138,True,0.5554991868979042,0.046562656942731095,-1.3766765505351846e-14,0.01
flu_2018,24,7070,flu_2016,0.39835657337100355,0.39835657337100355,True,True,True,flu,0.9999999999999774,0.9999999999999774,True,0.5660228204120511,0.046562656942731095,2.264854970235345e-14,0.01
flu_2018,25,7144,flu_2016,0.3923300716350675,0.3923300716350675,True,True,True,flu,0.9999999999999807,0.9999999999999807,True,0.5763517524738728,0.046562656942731095,1.931788062847791e-14,0.01
flu_2019,0,43,flu_2018,0.08504242228729099,0.08504242228729099,True,True,True,flu,0.5782746998412879,0.5782746998412879,True,0.012447623364856959,0.03792438942589982,0.5477062639686804,0.01
flu_2019,1,61,flu_2018,0.09211329761422839,0.09211329761422839,True,True,True,flu,0.6057641637801969,0.6057641637801969,True,0.013135405653500357,0.03792438942589982,0.5012645373381488,0.01
flu_2019,2,73,flu_2018,0.09365459969837765,0.09365459969837765,True,True,True,flu,0.6068110765171648,0.6068110765171648,True,0.012806457961925121,0.03792438942589982,0.4995377776908997,0.01
flu_2019,3,75,flu_2018,0.09512726391501601,0.09512726391501601,True,True,True,flu,0.6159403566177413,0.6159403566177413,True,0.013005768036843522,0.03792438942589982,0.4846051438088296,0.01
flu_2019,4,84,flu_2018,0.0950569298577589,0.0950569298577589,True,True,True,flu,0.6078172947619905,0.6078172947619905,True,0.01304913019902565,0.03792438942589982,0.497880944211954,0.01
flu_2019,5,98,flu_2018,0.0968395948221116,0.0968395948221116,True,True,True,flu,0.6107971506400063,0.6107971506400063,True,0.01338814871762746,0.03792438942589982,0.49299037061251205,0.01
flu_2019,6,109,flu_2018,0.10392839099321519,0.10392839099321519,True,True,True,flu,0.6319294359051609,0.6319294359051609,True,0.014010232307284511,0.03792438942589982,0.4589775431176296,0.01
flu_2019,7,127,flu_2018,0.10659105876383035,0.10659105876383035,True,True,True,flu,0.6292640337743217,0.6292640337743217,True,0.015042295129052296,0.03792438942589982,0.46320434283269396,0.01
flu_2019,8,151,flu_2018,0.12025026802173522,0.12025026802173522,True,True,True,flu,0.6610891264407522,0.6610891264407522,True,0.015266569741077258,0.03792438942589982,0.4138666124548435,0.01
flu_2019,9,199,flu_2018,0.13519305886366145,0.13519305886366145,True,True,True,flu,0.7221849419688983,0.7221849419688983,True,0.017689985848362524,0.03792438942589982,0.3254740205792194,0.01
flu_2019,10,258,flu_2018,0.16424868846611076,0.16424868846611076,True,True,True,flu,0.8201232605494658,0.8201232605494658,True,0.019792992453360535,0.03792438942589982,0.19830063227716718,0.01
flu_2019,11,347,flu_2018,0.1869296051106678,0.1869296051106678,True,True,True,flu,0.8840526363742846,0.8840526363742846,True,0.022426515853499168,0.03792438942589982,0.12323867470730793,0.01
flu_2019,12,454,flu_2018,0.2029362288095292,0.2029362288095292,True,True,True,flu,0.9398225055047467,0.9398225055047467,True,0.02351475954891552,0.03792438942589982,0.06206424547869098,0.01
flu_2019,13,649,flu_2018,0.2339068977189001,0.2339068977189001,True,True,True,flu,0.9867740186084571,0.9867740186084571,True,0.02680772627439346,0.03792438942589982,0.013314223607012456,0.01
flu_2019,14,876,flu_2018,0.2696589934151902,0.2696589934151902,True,True,True,flu,0.996549599414716,0.996549599414716,True,0.03458044706376205,0.03792438942589982,0.0034563669455589118,0.01
flu_2019,15,1209,flu_2018,0.3066302835027597,0.3066302835027597,True,True,True,flu,0.999719485768828,0.999719485768828,True,0.03820110600401081,0.03792438942589982,0.0002805535826482519,0.01
flu_2019,16,1512,flu_2018,0.3551428896313358,0.3551428896313358,True,True,True,flu,0.9999636534912568,0.9999636534912568,True,0.04453315266025302,0.03792438942589982,3.6347169293533886e-05,0.01
flu_2019,17,1766,flu_2018,0.3847198004936895,0.3847198004936895,True,True,True,flu,0.9999933227759571,0.9999933227759571,True,0.04793136344783616,0.03792438942589982,6.6772463356655225e-06,0.01
flu_2019,18,2056,flu_2018,0.4097936610092225,0.4097936610092225,True,True,True,flu,0.9999992500755879,0.9999992500755879,True,0.052035289387413516,0.03792438942589982,7.499246933179667e-07,0.01
flu_2019,19,2301,flu_2018,0.4247492067283145,0.4247492067283145,True,True,True,flu,0.9999999037006047,0.9999999037006047,True,0.055394784651663025,0.03792438942589982,9.629939998361981e-08,0.01
flu_2019,20,2475,flu_2018,0.449491874059294,0.449491874059294,True,True,True,flu,0.9999999801618433,0.9999999801618433,True,0.061166426435838826,0.03792438942589982,1.983815686972287e-08,0.01
flu_2019,21,2637,flu_2018,0.45895081661339254,0.45895081661339254,True,True,True,flu,0.9999999955717055,0.9999999955717055,True,0.06461022964573775,0.03792438942589982,4.428294518667403e-09,0.01
flu_2019,22,2772,flu_2018,0.4652397173964506,0.4652397173964506,True,True,True,flu,0.9999999984252238,0.9999999984252238,True,0.0714240875096322,0.03792438942589982,1.5747761995719775e-09,0.01
flu_2019,23,2911,flu_2018,0.48190452616423446,0.48190452616423446,True,True,True,flu,0.9999999994412164,0.9999999994412164,True,0.07749118765603757,0.03792438942589982,5.587835751226456e-10,0.01
flu_2019,24,3036,flu_2018,0.4897383078389602,0.4897383078389602,True,True,True,flu,0.9999999997923225,0.9999999997923225,True,0.08392101202509525,0.03792438942589982,2.0767754185182953e-10,0.01
flu_2019,25,3158,flu_2018,0.5064107036280387,0.5064107036280387,True,True,True,flu,0.9999999999089484,0.9999999999089484,True,0.09049338546813926,0.03792438942589982,9.105161069970353e-11,0.01
flu_2020,0,32,flu_2019,0.07740842242168283,0.07740842242168283,True,True,True,flu,0.5798805341707001,0.5798805341707001,True,0.019488298012730058,0.0781085630398719,0.5449331722253111,0.01
flu_2020,1,71,flu_2019,0.08348336408142659,0.08348336408142659,True,True,True,flu,0.5818547713775657,0.5818547713775657,True,0.02060564537348328,0.0781085630398719,0.5415343961049399,0.01
flu_2020,2,109,flu_2019,0.0979791120973268,0.0979791120973268,True,True,True,flu,0.6440629854659805,0.6440629854659805,True,0.02269165574942956,0.0781085630398719,0.4399587541416325,0.01
flu_2020,3,148,flu_2019,0.11345571787785749,0.11345571787785749,True,True,True,flu,0.7199499947215956,0.7199499947215956,True,0.025146062595727537,0.0781085630398719,0.32857352115948396,0.01
flu_2020,4,191,flu_2019,0.1279277825648544,0.1279277825648544,True,True,True,flu,0.7579037220939169,0.7579037220939169,True,0.028863044563962784,0.0781085630398719,0.2771989171141771,0.01
flu_2020,5,253,flu_2019,0.14806133341065306,0.14806133341065306,True,True,True,flu,0.8172970955019097,0.8172970955019097,True,0.03314800609464919,0.0781085630398719,0.2017526082386549,0.01
flu_2020,6,300,flu_2019,0.16085779357532076,0.16085779357532076,True,True,True,flu,0.8619934306810472,0.8619934306810472,True,0.03887591353506809,0.0781085630398719,0.14850762936715092,0.01
flu_2020,7,458,flu_2019,0.20534862391917896,0.20534862391917896,True,True,True,flu,0.9624019949266294,0.9624019949266294,True,0.04914860716374796,0.0781085630398719,0.03832304145741007,0.01
flu_2020,8,591,flu_2019,0.23782713535738123,0.23782713535738123,True,True,True,flu,0.9830968725508037,0.9830968725508037,True,0.07243755538564257,0.0781085630398719,0.017047615825992107,0.01
flu_2020,9,775,flu_2019,0.2634816972540901,0.2634816972540901,True,True,True,flu,0.9953472652382894,0.9953472652382894,True,0.09888289651886265,0.0781085630398719,0.004663592423730277,0.01
flu_2020,10,1038,flu_2019,0.32481356380697207,0.32481356380697207,True,True,True,flu,0.9993476709476622,0.9993476709476622,True,0.09956073532723315,0.0781085630398719,0.0006525419115085844,0.01
flu_2020,11,1334,flu_2019,0.3861015242820421,0.3861015242820421,True,True,True,flu,0.9999477123390903,0.9999477123390903,True,0.09740149362495659,0.0781085630398719,5.22890279570951e-05,0.01
flu_2020,12,1542,flu_2019,0.40998424807148515,0.40998424807148515,True,True,True,flu,0.9999822860076304,0.9999822860076304,True,0.12589224135815474,0.0781085630398719,1.7714149264221348e-05,0.01
flu_2020,13,1619,flu_2019,0.433380327039167,0.433380327039167,True,True,True,flu,0.9999915336535985,0.9999915336535985,True,0.1067943152095785,0.0781085630398719,8.466382241216327e-06,0.01
flu_2020,14,1675,flu_2019,0.4255773784266056,0.4255773784266056,True,True,True,flu,0.9999943490572497,0.9999943490572497,True,0.10607270927968948,0.0781085630398719,5.6509587169275675e-06,0.01
flu_2020,15,1726,flu_2019,0.4418487623131738,0.4418487623131738,True,True,True,flu,0.9999959271682806,0.9999959271682806,True,0.11266753097417051,0.0781085630398719,4.072840013438803e-06,0.01
flu_2020,16,1749,flu_2019,0.4401401922782503,0.4401401922782503,True,True,True,flu,0.9999969980444623,0.9999969980444623,True,0.10934718453968838,0.0781085630398719,3.0019600435845334e-06,0.01
flu_2020,17,1783,flu_2019,0.4454065653035592,0.4454065653035592,True,True,True,flu,0.9999979245232407,0.9999979245232407,True,0.10749313556656623,0.0781085630398719,2.075478913149366e-06,0.01
flu_2020,18,1818,flu_2019,0.44419363157816744,0.44419363157816744,True,True,True,flu,0.9999985126527065,0.9999985126527065,True,0.10557051310201108,0.0781085630398719,1.4873483996515727e-06,0.01
flu_2020,19,1836,flu_2019,0.4463144013061915,0.4463144013061915,True,True,True,flu,0.9999987144298543,0.9999987144298543,True,0.10643103252088061,0.0781085630398719,1.2855709720164417e-06,0.01
flu_2020,20,1857,flu_2019,0.4482235182051974,0.4482235182051974,True,True,True,flu,0.9999988209713874,0.9999988209713874,True,0.1075458845595553,0.0781085630398719,1.1790293076848653e-06,0.01
flu_2020,21,1871,flu_2019,0.44508213370203764,0.44508213370203764,True,True,True,flu,0.999998960897563,0.999998960897563,True,0.10752679350390286,0.0781085630398719,1.0391029768511077e-06,0.01
flu_2020,22,1897,flu_2019,0.44629373991651594,0.44629373991651594,True,True,True,flu,0.9999992776927675,0.9999992776927675,True,0.10961501070151727,0.0781085630398719,7.223074933342375e-07,0.01
flu_2020,23,1910,flu_2019,0.4497450976236293,0.4497450976236293,True,True,True,flu,0.9999993681188653,0.9999993681188653,True,0.10973473506240188,0.0781085630398719,6.31881334386403e-07,0.01
flu_2020,24,1924,flu_2019,0.4477472845632926,0.4477472845632926,True,True,True,flu,0.9999994366310265,0.9999994366310265,True,0.11147512769432658,0.0781085630398719,5.633691321642269e-07,0.01
flu_2020,25,1939,flu_2019,0.44446344337730764,0.44446344337730764,True,True,True,flu,0.99999945669448,0.99999945669448,True,0.11255176013717065,0.0781085630398719,5.43305667608187e-07,0.01
flu_2021,0,24,covid_2020,0.09924365381381473,0.0707168250223523,False,False,True,flu,0.5797274115264198,0.5797274115264198,True,0.009105273751929465,0.48642095545897757,0.5451972660438097,0.03
flu_2021,1,47,covid_2020,0.15762751923144291,0.07525050371020432,False,False,True,flu,0.5680492672497933,0.5680492672497933,True,0.011837025653866086,0.48642095545897757,0.5655471259066852,0.03
flu_2021,2,75,covid_2020,0.2449735040545297,0.05645895862119282,False,False,True,covid,0.48605596055337597,0.4676967901412738,False,0.014612417977701662,0.48642095545897757,0.7599350773457445,0.03
flu_2021,3,93,covid_2021,0.2860162202874497,0.04822271471802939,False,False,True,covid,0.5717569717958539,0.39195590744599657,False,0.01910359160684801,0.48642095545897757,0.936605926523248,0.03
flu_2021,4,109,covid_2021,0.30793352593965306,0.042012118853423264,False,False,True,covid,0.6098097991273762,0.3631060497653813,False,0.020650600829788774,0.48642095545897757,1.0130603392702386,0.03
flu_2021,5,127,covid_2021,0.3772242765550531,0.02867575758327712,False,False,True,covid,0.7481003049457535,0.23654153886560128,False,0.022319128275670695,0.48642095545897757,1.4416314464493685,0.03
flu_2021,6,141,covid_2021,0.4247712178564469,0.018851767249771344,False,False,True,covid,0.8472630432434729,0.1423015415552081,False,0.02322631778200024,0.48642095545897757,1.9498069408093224,0.03
flu_2021,7,170,covid_2020,0.4481472160743659,0.013096603544109655,False,False,True,covid,0.88765799710123,0.1053555222224637,False,0.029594176849702867,0.48642095545897757,2.250414722237044,0.03
flu_2021,8,193,covid_2020,0.45452013622860504,0.015193137498458813,False,False,True,covid,0.8749084853318889,0.11900901616380963,False,0.03464453922478955,0.48642095545897757,2.1285560226582785,0.03
flu_2021,9,218,covid_2020,0.4680218430239325,0.008342922927470275,False,False,True,covid,0.9251460374849997,0.07179500093205861,False,0.03943152561445498,0.48642095545897757,2.6339404302535754,0.03
flu_2021,10,235,covid_2020,0.47488989991989883,0.00958717460401535,False,False,True,covid,0.9106151613502789,0.08677064747916793,False,0.046800115983299403,0.48642095545897757,2.444486877188123,0.03
flu_2021,11,263,covid_2020,0.4881558168793444,0.004225586031050384,False,False,True,covid,0.9533193445007708,0.04543627912155862,False,0.05725478830737197,0.48642095545897757,3.0914443934511238,0.03
flu_2021,12,285,covid_2020,0.485107768192813,0.0034021239361500793,False,False,True,covid,0.9574567605628215,0.041505376319310755,False,0.07535796765506764,0.48642095545897757,3.1819323102734334,0.03
flu_2021,13,308,covid_2020,0.49150159682334166,0.004093250755548735,False,False,True,covid,0.9451127725576048,0.05358061980340959,False,0.10886868806725901,0.48642095545897757,2.9265678471197853,0.03
flu_2021,14,332,covid_2020,0.4454267618812922,0.01148517968772349,False,False,True,covid,0.8232963951408852,0.1711365661632819,False,0.22639983022368323,0.48642095545897757,1.7652934086829355,0.03
flu_2021,15,346,covid_2020,0.46013200034045276,0.011174056956994796,False,False,True,covid,0.8118371229404912,0.18159930933800572,False,0.28092734497413635,0.48642095545897757,1.7059526160269907,0.03
flu_2021,16,364,covid_2020,0.4619170610163026,0.009808711922758923,False,False,True,covid,0.8158452972661847,0.1773120268364455,False,0.354306579885863,0.48642095545897757,1.7298442349456624,0.03
flu_2021,17,385,covid_2020,0.41293480758107215,0.0142065786443616,False,False,True,covid,0.691752574979382,0.29640384659919417,False,0.49805038227481035,0.48642095545897757,1.2160324079143405,0.03
flu_2021,18,399,covid_2020,0.42784915246484584,0.012428262689537214,False,False,True,covid,0.7106314850872106,0.2789407975557003,False,0.5478965515167857,0.48642095545897757,1.276755714818205,0.03
flu_2021,19,414,covid_2020,0.4539326542136211,0.009855337324306657,False,False,True,covid,0.7459819937363756,0.24522472062651496,False,0.6000716130990174,0.48642095545897757,1.4055802617860922,0.03
flu_2021,20,431,covid_2020,0.45506890065660577,0.009601817534760436,False,False,True,covid,0.7472173459163061,0.24157825547853204,False,0.6812705949549278,0.48642095545897757,1.4205618191303084,0.03
flu_2021,21,441,covid_2020,0.4848641024906545,0.007300539843775352,False,False,True,covid,0.7912942871815174,0.1987171099506109,False,0.7159640192584418,0.48642095545897757,1.6158730236669987,0.03
flu_2021,22,452,covid_2020,0.49015719202328467,0.0067431426177743704,False,False,True,covid,0.7938527498060052,0.19602241936839954,False,0.7610571869896793,0.48642095545897757,1.6295262417603809,0.03
flu_2021,23,461,covid_2020,0.4697452661356358,0.0076413508752540635,False,False,True,covid,0.7574746635953805,0.22926472297341954,False,0.8081799093186494,0.48642095545897757,1.4728779475591165,0.03
flu_2021,24,474,covid_2020,0.4563584406264352,0.009023281586363986,False,False,True,covid,0.7181782752087744,0.2662585541401746,False,0.8408439514064474,0.48642095545897757,1.3232874342485947,0.03
flu_2021,25,485,covid_2020,0.43956718735644024,0.00998819786027275,False,False,True,covid,0.6849966902556762,0.2969282229473623,False,0.8682801768402337,0.48642095545897757,1.214264842965107,0.03
flu_2022,0,705,flu_2021,0.8747233399258137,0.8747233399258137,True,True,True,flu,0.985399022008243,0.985399022008243,True,2.165761864906704e-10,0.07071940430495793,0.014708621354760936,0.01
flu_2022,1,2293,flu_2021,0.9999573167455769,0.9999573167455769,True,True,True,flu,0.9999952902803002,0.9999952902803002,True,2.3099305995407468e-10,0.07071940430495793,4.709730790556041e-06,0.01
flu_2022,2,3330,flu_2021,0.999999423126606,0.999999423126606,True,True,True,flu,0.9999999664560056,0.9999999664560056,True,3.1662612717152703e-10,0.07071940430495793,3.354399492255227e-08,0.01
flu_2022,3,3806,flu_2021,0.9999999510212104,0.9999999510212104,True,True,True,flu,0.9999999978531401,0.9999999978531401,True,3.933919845976158e-10,0.07071940430495793,2.146859914371149e-09,0.01
flu_2022,4,4150,flu_2021,0.9999999930922172,0.9999999930922172,True,True,True,flu,0.9999999995413515,0.9999999995413515,True,4.353803149320872e-10,0.07071940430495793,4.586484526555712e-10,0.01
flu_2022,5,4419,flu_2021,0.9999999987759338,0.9999999987759338,True,True,True,flu,0.9999999998653055,0.9999999998653055,True,4.33677630940866e-10,0.07071940430495793,1.3469447780264454e-10,0.01
flu_2022,6,4621,flu_2021,0.9999999995645226,0.9999999995645226,True,True,True,flu,0.9999999999595719,0.9999999999595719,True,4.28047410695086e-10,0.07071940430495793,4.0428105308727516e-11,0.01
flu_2022,7,4782,flu_2021,0.9999999998490239,0.9999999998490239,True,True,True,flu,0.9999999999793254,0.9999999999793254,True,4.6085088651185106e-10,0.07071940430495793,2.0674573164783385e-11,0.01
flu_2022,8,4873,flu_2021,0.9999999999188276,0.9999999999188276,True,True,True,flu,0.9999999999885942,0.9999999999885942,True,4.66897474810928e-10,0.07071940430495793,1.1405765221249128e-11,0.01
flu_2022,9,4978,flu_2021,0.9999999999607212,0.9999999999607212,True,True,True,flu,0.9999999999940589,0.9999999999940589,True,4.902332969617998e-10,0.07071940430495793,5.941136471694249e-12,0.01
flu_2022,10,5054,flu_2021,0.9999999999778311,0.9999999999778311,True,True,True,flu,0.9999999999961631,0.9999999999961631,True,4.938751548766674e-10,0.07071940430495793,3.8369307731119024e-12,0.01
flu_2022,11,5128,flu_2021,0.9999999999852207,0.9999999999852207,True,True,True,flu,0.9999999999980639,0.9999999999980639,True,4.867800374693091e-10,0.07071940430495793,1.9361179326456846e-12,0.01
flu_2022,12,5192,flu_2021,0.9999999999892566,0.9999999999892566,True,True,True,flu,0.9999999999992121,0.9999999999992121,True,4.707557632338199e-10,0.07071940430495793,7.87925280576784e-13,0.01
flu_2022,13,5260,flu_2021,0.9999999999932356,0.9999999999932356,True,True,True,flu,0.999999999999497,0.999999999999497,True,4.958338566160187e-10,0.07071940430495793,5.030420524577849e-13,0.01
flu_2022,14,5313,flu_2021,0.9999999999938609,0.9999999999938609,True,True,True,flu,0.9999999999997393,0.9999999999997393,True,4.988959501723301e-10,0.07071940430495793,2.6068036618202073e-13,0.01
flu_2022,15,5373,flu_2021,0.9999999999951683,0.9999999999951683,True,True,True,flu,0.999999999999854,0.999999999999854,True,5.039010069189477e-10,0.07071940430495793,1.4599432773821874e-13,0.01
flu_2022,16,5468,flu_2021,0.9999999999966462,0.9999999999966462,True,True,True,flu,0.999999999999954,0.999999999999954,True,5.16294085909709e-10,0.07071940430495793,4.5963233219482535e-14,0.01
flu_2022,17,5561,flu_2021,0.9999999999976694,0.9999999999976694,True,True,True,flu,0.9999999999999645,0.9999999999999645,True,5.370650890103478e-10,0.07071940430495793,3.552713678800564e-14,0.01
flu_2022,18,5650,flu_2021,0.9999999999979536,0.9999999999979536,True,True,True,flu,0.9999999999999881,0.9999999999999881,True,5.783795316832683e-10,0.07071940430495793,1.1879386363489246e-14,0.01
flu_2022,19,5805,flu_2021,0.99999999999892,0.99999999999892,True,True,True,flu,1.0000000000000013,1.0000000000000013,True,5.660930944523841e-10,0.07071940430495793,-1.332267629550187e-15,0.01
flu_2022,20,5964,flu_2021,0.999999999999261,0.999999999999261,True,True,True,flu,0.9999999999999731,0.9999999999999731,True,6.227619504202865e-10,0.07071940430495793,2.6867397195929148e-14,0.01
flu_2022,21,6143,flu_2021,0.9999999999997158,0.9999999999997158,True,True,True,flu,1.0000000000000042,1.0000000000000042,True,6.446087088676613e-10,0.07071940430495793,-4.218847493575586e-15,0.01
flu_2022,22,6301,flu_2021,0.9999999999997726,0.9999999999997726,True,True,True,flu,0.9999999999999853,0.9999999999999853,True,6.33817152204746e-10,0.07071940430495793,1.4654943925052174e-14,0.01
flu_2022,23,6475,flu_2021,0.9999999999998863,0.9999999999998863,True,True,True,flu,0.9999999999999952,0.9999999999999952,True,6.905138661285802e-10,0.07071940430495793,4.773959005888184e-15,0.01
flu_2022,24,6680,flu_2021,0.9999999999999432,0.9999999999999432,True,True,True,flu,0.9999999999999888,0.9999999999999888,True,7.765424117362739e-10,0.07071940430495793,1.1213252548714144e-14,0.01
flu_2022,25,6834,flu_2021,1.0,1.0,True,True,True,flu,1.0000000000000253,1.0000000000000253,True,8.294348541466159e-10,0.07071940430495793,-2.5313084961453247e-14,0.01
othervirus_2013,0,36,h1n1_2009,1.0,1.0,True,,False,flu,1.0,,,0.16922700536752544,1.7670821926561064,,0.01
othervirus_2013,1,88,h1n1_2009,1.0,1.0,True,,False,flu,1.0,,,0.26658982404700005,1.7670821926561064,,0.01
othervirus_2013,2,188,h1n1_2009,1.0,1.0,True,,False,flu,1.0,,,0.7313764408004638,1.7670821926561064,,0.01
othervirus_2013,3,268,h1n1_2009,1.0,1.0,True,,False,flu,1.0,,,0.9333232510030032,1.7670821926561064,,0.01
othervirus_2013,4,388,h1n1_2009,1.0,1.0,True,,False,flu,1.0,,,0.9925649528219288,1.7670821926561064,,0.01
othervirus_2013,5,501,h1n1_2009,1.0,1.0,True,,False,flu,1.0,,,0.9991487225072943,1.7670821926561064,,0.01
othervirus_2013,6,666,h1n1_2009,1.0,1.0,True,,False,flu,1.0,,,0.9999444710265288,1.7670821926561064,,0.01
othervirus_2013,7,782,h1n1_2009,1.0,1.0,True,,False,flu,1.0,,,0.9999939191535462,1.7670821926561064,,0.01
othervirus_2013,8,986,h1n1_2009,1.0,1.0,True,,False,flu,1.0,,,0.9999998722839375,1.7670821926561064,,0.01
othervirus_2013,9,1172,h1n1_2009,1.0,1.0,True,,False,flu,1.0,,,0.9999999972107574,1.7670821926561064,,0.01
othervirus_2013,10,1346,h1n1_2009,1.0,1.0,True,,False,flu,1.0,,,0.9999999998740776,1.7670821926561064,,0.01
othervirus_2013,11,1529,h1n1_2009,1.0,1.0,True,,False,flu,1.0,,,0.9999999999945999,1.7670821926561064,,0.01
othervirus_2013,12,1700,h1n1_2009,1.0,1.0,True,,False,flu,1.0,,,0.9999999999997016,1.7670821926561064,,0.01
othervirus_2013,13,1892,h1n1_2009,1.0,1.0,True,,False,flu,1.0,,,0.9999999999999858,1.7670821926561064,,0.01
othervirus_2013,14,2031,h1n1_2009,1.0,1.0,True,,False,flu,1.0,,,1.0,1.7670821926561064,,0.01
othervirus_2013,15,2141,h1n1_2009,1.0,1.0,True,,False,flu,1.0,,,1.0,1.7670821926561064,,0.01
othervirus_2013,16,2252,h1n1_2009,1.0,1.0,True,,False,flu,1.0,,,1.0,1.7670821926561064,,0.01
othervirus_2013,17,2334,h1n1_2009,1.0,1.0,True,,False,flu,1.0,,,1.0,1.7670821926561064,,0.01
othervirus_2013,18,2390,h1n1_2009,1.0,1.0,True,,False,flu,1.0,,,1.0,1.7670821926561064,,0.01
othervirus_2013,19,2454,h1n1_2009,1.0,1.0,True,,False,flu,1.0,,,1.0,1.7670821926561064,,0.01
othervirus_2013,20,2516,h1n1_2009,1.0,1.0,True,,False,flu,1.0,,,1.0,1.7670821926561064,,0.01
othervirus_2013,21,2579,h1n1_2009,1.0,1.0,True,,False,flu,1.0,,,1.0,1.7670821926561064,,0.01
othervirus_2013,22,2622,h1n1_2009,1.0,1.0,True,,False,flu,1.0,,,1.0,1.7670821926561064,,0.01
othervirus_2013,23,2672,h1n1_2009,1.0,1.0,True,,False,flu,1.0,,,1.0,1.7670821926561064,,0.01
othervirus_2013,24,2710,h1n1_2009,1.0,1.0,True,,False,flu,1.0,,,1.0,1.7670821926561064,,0.01
othervirus_2013,25,2739,h1n1_2009,1.0,1.0,True,,False,flu,1.0,,,1.0,1.7670821926561064,,0.01
othervirus_2014,0,24,othervirus_2013,0.41602799838903853,0.41602799838903853,True,True,True,flu,0.5839720016109614,0.41602799838903853,False,0.09304819651150999,0.07161639478977211,0.8770027171658701,0.01
othervirus_2014,1,59,othervirus_2013,0.5458566632328407,0.5458566632328407,True,True,True,othervirus,0.5458566632328407,0.5458566632328407,True,0.11478002874197689,0.07161639478977211,0.6053988592536204,0.01
othervirus_2014,2,99,othervirus_2013,0.6792911883865486,0.6792911883865486,True,True,True,othervirus,0.6792911883865486,0.6792911883865486,True,0.13191924269674693,0.07161639478977211,0.3867053944772146,0.01
othervirus_2014,3,113,othervirus_2013,0.7119327654031615,0.7119327654031615,True,True,True,othervirus,0.7119327654031615,0.7119327654031615,True,0.13884290363154916,0.07161639478977211,0.3397718026425496,0.01
othervirus_2014,4,172,othervirus_2013,0.8556537247149336,0.8556537247149336,True,True,True,othervirus,0.8556537247149336,0.8556537247149336,True,0.15820240325479967,0.07161639478977211,0.15588951188577657,0.01
othervirus_2014,5,225,othervirus_2013,0.9245150218360945,0.9245150218360945,True,True,True,othervirus,0.9245150218360945,0.9245150218360945,True,0.17239545537828893,0.07161639478977211,0.07848597968112968,0.01
othervirus_2014,6,314,othervirus_2013,0.972809053061141,0.972809053061141,True,True,True,othervirus,0.972809053061141,0.972809053061141,True,0.1890597054863757,0.07161639478977211,0.027567461624041573,0.01
othervirus_2014,7,410,othervirus_2013,0.9940975126504199,0.9940975126504199,True,True,True,othervirus,0.9940975126504199,0.9940975126504199,True,0.18502109555067964,0.07161639478977211,0.0059199758792090355,0.01
othervirus_2014,8,484,othervirus_2013,0.9976309815648,0.9976309815648,True,True,True,othervirus,0.9976309815648,0.9976309815648,True,0.18964989860504916,0.07161639478977211,0.002371828999102364,0.01
othervirus_2014,9,591,othervirus_2013,0.9994156611779969,0.9994156611779969,True,True,True,othervirus,0.9994156611779969,0.9994156611779969,True,0.18842642027886428,0.07161639478977211,0.0005845096144696198,0.01
othervirus_2014,10,697,othervirus_2013,0.9998436134378232,0.9998436134378232,True,True,True,othervirus,0.9998436134378232,0.9998436134378232,True,0.19005744122485954,0.07161639478977211,0.00015639879183022495,0.01
othervirus_2014,11,823,othervirus_2013,0.9999770069636902,0.9999770069636902,True,True,True,othervirus,0.9999770069636902,0.9999770069636902,True,0.20866898724490526,0.07161639478977211,2.299330065372662e-05,0.01
othervirus_2014,12,908,othervirus_2013,0.9999932676898056,0.9999932676898056,True,True,True,othervirus,0.9999932676898056,0.9999932676898056,True,0.23183395753409075,0.07161639478977211,6.732332856536976e-06,0.01
othervirus_2014,13,1050,othervirus_2013,0.9999989072244733,0.9999989072244733,True,True,True,othervirus,0.9999989072244733,0.9999989072244733,True,0.2373195177403557,0.07161639478977211,1.0927761238138685e-06,0.01
othervirus_2014,14,1141,othervirus_2013,0.9999997179308238,0.9999997179308238,True,True,True,othervirus,0.9999997179308238,0.9999997179308238,True,0.26162788691330247,0.07161639478977211,2.8206921601992624e-07,0.01
othervirus_2014,15,1234,othervirus_2013,0.9999999166147936,0.9999999166147936,True,True,True,othervirus,0.9999999166147936,0.9999999166147936,True,0.2803265840146095,0.07161639478977211,8.338520988292988e-08,0.01
othervirus_2014,16,1317,othervirus_2013,0.9999999758273649,0.9999999758273649,True,True,True,othervirus,0.9999999758273649,0.9999999758273649,True,0.3009873215943843,0.07161639478977211,2.4172635407940418e-08,0.01
othervirus_2014,17,1371,othervirus_2013,0.9999999902835484,0.9999999902835484,True,True,True,othervirus,0.9999999902835484,0.9999999902835484,True,0.32125037325851946,0.07161639478977211,9.716451690476e-09,0.01
othervirus_2014,18,1446,othervirus_2013,0.9999999967146422,0.9999999967146422,True,True,True,othervirus,0.9999999967146422,0.9999999967146422,True,0.3314346291931081,0.07161639478977211,3.2853577690128357e-09,0.01
othervirus_2014,19,1481,othervirus_2013,0.9999999979734753,0.9999999979734753,True,True,True,othervirus,0.9999999979734753,0.9999999979734753,True,0.3395440164673122,0.07161639478977211,2.026524727860068e-09,0.01
othervirus_2014,20,1531,othervirus_2013,0.9999999987353618,0.9999999987353618,True,True,True,othervirus,0.9999999987353618,0.9999999987353618,True,0.33522489373872066,0.07161639478977211,1.2646381727601964e-09,0.01
othervirus_2014,21,1589,othervirus_2013,0.9999999993545146,0.9999999993545146,True,True,True,othervirus,0.9999999993545146,0.9999999993545146,True,0.33433790651864936,0.07161639478977211,6.454854430822312e-10,0.01
othervirus_2014,22,1618,othervirus_2013,0.9999999995464179,0.9999999995464179,True,True,True,othervirus,0.9999999995464179,0.9999999995464179,True,0.3442118590950847,0.07161639478977211,4.535820609026859e-10,0.01
othervirus_2014,23,1658,othervirus_2013,0.9999999996845474,0.9999999996845474,True,True,True,othervirus,0.9999999996845474,0.9999999996845474,True,0.34386009336420054,0.07161639478977211,3.1545255301780925e-10,0.01
othervirus_2014,24,1673,othervirus_2013,0.999999999749491,0.999999999749491,True,True,True,othervirus,0.999999999749491,0.999999999749491,True,0.3503698993455709,0.07161639478977211,2.505089469509583e-10,0.01
othervirus_2014,25,1700,othervirus_2013,0.9999999998169642,0.9999999998169642,True,True,True,othervirus,0.9999999998169642,0.9999999998169642,True,0.34741065298926904,0.07161639478977211,1.8303580874855286e-10,0.01
othervirus_2015,0,24,othervirus_2014,0.24753934358083002,0.24753934358083002,True,True,True,flu,0.5145534542246248,0.48544654577537516,False,0.052084426195203856,0.01435406293114383,0.7226860987019069,0.01
othervirus_2015,1,35,othervirus_2014,0.26284840194218073,0.26284840194218073,True,True,True,othervirus,0.5172418265608709,0.5172418265608709,True,0.05332742794580036,0.01435406293114383,0.6592447642002873,0.01
othervirus_2015,2,59,othervirus_2014,0.3008113901520691,0.3008113901520691,True,True,True,othervirus,0.5850208710468896,0.5850208710468896,True,0.057872878871572074,0.01435406293114383,0.5361077553834596,0.01
othervirus_2015,3,100,othervirus_2014,0.39490770400096514,0.39490770400096514,True,True,True,othervirus,0.7369062287040758,0.7369062287040758,True,0.07127021175461246,0.01435406293114383,0.3052946286677915,0.01
othervirus_2015,4,150,othervirus_2014,0.48256776393212514,0.48256776393212514,True,True,True,othervirus,0.8605700395384275,0.8605700395384275,True,0.08075639411539733,0.01435406293114383,0.15016027264119608,0.01
othervirus_2015,5,186,othervirus_2014,0.5347532558709637,0.5347532558709637,True,True,True,othervirus,0.9159927023817707,0.9159927023817707,True,0.09272992757726822,0.01435406293114383,0.08774688117187025,0.01
othervirus_2015,6,254,othervirus_2014,0.5874161011504508,0.5874161011504508,True,True,True,othervirus,0.9681761073584689,0.9681761073584689,True,0.09973056480752739,0.01435406293114383,0.0323412791633225,0.01
othervirus_2015,7,312,othervirus_2014,0.6140695360671828,0.6140695360671828,True,True,True,othervirus,0.9860439369429617,0.9860439369429617,True,0.09435474029805271,0.01435406293114383,0.014054364578225561,0.01
othervirus_2015,8,372,othervirus_2014,0.6435286726823684,0.6435286726823684,True,True,True,othervirus,0.9944550743848547,0.9944550743848547,True,0.1005800680474366,0.01435406293114383,0.005560355781033603,0.01
othervirus_2015,9,442,othervirus_2014,0.6589662555495107,0.6589662555495107,True,True,True,othervirus,0.9980974081952108,0.9980974081952108,True,0.09419251864893771,0.01435406293114383,0.00190440403156042,0.01
othervirus_2015,10,554,othervirus_2014,0.7031275484873691,0.7031275484873691,True,True,True,othervirus,0.999637800678769,0.999637800678769,True,0.0932457298871887,0.01435406293114383,0.0003622649312482801,0.01
othervirus_2015,11,638,othervirus_2014,0.7270442831878223,0.7270442831878223,True,True,True,othervirus,0.9998829452732396,0.9998829452732396,True,0.09388173851074136,0.01435406293114383,0.00011706157819957535,0.01
othervirus_2015,12,775,othervirus_2014,0.7777672826610296,0.7777672826610296,True,True,True,othervirus,0.9999846113863922,0.9999846113863922,True,0.10493275207764635,0.01435406293114383,1.5388732013765398e-05,0.01
othervirus_2015,13,894,othervirus_2014,0.7956163722118077,0.7956163722118077,True,True,True,othervirus,0.9999969108022158,0.9999969108022158,True,0.10519084960330304,0.01435406293114383,3.089202555826403e-06,0.01
othervirus_2015,14,976,othervirus_2014,0.8202952642962378,0.8202952642962378,True,True,True,othervirus,0.999999101560861,0.999999101560861,True,0.11113261913392533,0.01435406293114383,8.984395425710456e-07,0.01
othervirus_2015,15,1016,othervirus_2014,0.8278722602260401,0.8278722602260401,True,True,True,othervirus,0.9999994858493041,0.9999994858493041,True,0.11150782691352765,0.01435406293114383,5.141508280827261e-07,0.01
othervirus_2015,16,1169,othervirus_2014,0.8489900773692616,0.8489900773692616,True,True,True,othervirus,0.9999999460389151,0.9999999460389151,True,0.11540898956599431,0.01435406293114383,5.396108638961738e-08,0.01
othervirus_2015,17,1274,othervirus_2014,0.8733886371791562,0.8733886371791562,True,True,True,othervirus,0.9999999892351568,0.9999999892351568,True,0.12342906389425222,0.01435406293114383,1.0764843296971522e-08,0.01
othervirus_2015,18,1384,othervirus_2014,0.8879882374578881,0.8879882374578881,True,True,True,othervirus,0.9999999972086564,0.9999999972086564,True,0.12185811338158842,0.01435406293114383,2.791343604601231e-09,0.01
othervirus_2015,19,1485,othervirus_2014,0.900219950164974,0.900219950164974,True,True,True,othervirus,0.9999999992662922,0.9999999992662922,True,0.12206831025001419,0.01435406293114383,7.337077614826725e-10,0.01
othervirus_2015,20,1572,othervirus_2014,0.9114731730043273,0.9114731730043273,True,True,True,othervirus,0.9999999997883439,0.9999999997883439,True,0.12618798867131512,0.01435406293114383,2.1165613708371043e-10,0.01
othervirus_2015,21,1645,othervirus_2014,0.914392736392711,0.914392736392711,True,True,True,othervirus,0.9999999999262057,0.9999999999262057,True,0.12995940758911814,0.01435406293114383,7.37943040035077e-11,0.01
othervirus_2015,22,1718,othervirus_2014,0.918981728587206,0.918981728587206,True,True,True,othervirus,0.9999999999713091,0.9999999999713091,True,0.13400532906825266,0.01435406293114383,2.8690938514287192e-11,0.01
othervirus_2015,23,1772,othervirus_2014,0.9206351788640788,0.9206351788640788,True,True,True,othervirus,0.9999999999846029,0.9999999999846029,True,0.13277870069611214,0.01435406293114383,1.539712801713252e-11,0.01
othervirus_2015,24,1833,othervirus_2014,0.9247755241794283,0.9247755241794283,True,True,True,othervirus,0.9999999999921175,0.9999999999921175,True,0.12975893090913906,0.01435406293114383,7.882472452567215e-12,0.01
othervirus_2015,25,1886,othervirus_2014,0.9253913351376882,0.9253913351376882,True,True,True,othervirus,0.9999999999951928,0.9999999999951928,True,0.12627188583541113,0.01435406293114383,4.80715467433602e-12,0.01
othervirus_2016,0,24,othervirus_2013,0.14203451913558338,0.14203451913558338,True,True,True,flu,0.5914275518253435,0.40857244817465654,False,0.043448239454889445,0.03189666605252128,0.8950860286942898,0.01
othervirus_2016,1,44,othervirus_2013,0.1589291651875028,0.1589291651875028,True,True,True,flu,0.5494588427148466,0.45054115728515354,False,0.046340360447088356,0.03189666605252128,0.7973058469831977,0.01
othervirus_2016,2,66,othervirus_2013,0.17555469774043483,0.17555469774043483,True,True,True,flu,0.5161022913313793,0.48389770866862075,False,0.050081398103936164,0.03189666605252128,0.7258817403281507,0.01
othervirus_2016,3,145,othervirus_2013,0.2365269863729168,0.2365269863729168,True,True,True,othervirus,0.6299359978874606,0.6299359978874606,True,0.05736323088482136,0.03189666605252128,0.46213705541206324,0.01
othervirus_2016,4,256,othervirus_2013,0.32334077759405594,0.32334077759405594,True,True,True,othervirus,0.7882844518039848,0.7882844518039848,True,0.07096287069121165,0.03189666605252128,0.23789627481498218,0.01
othervirus_2016,5,392,othervirus_2013,0.4105465214647228,0.4105465214647228,True,True,True,othervirus,0.8832738023704316,0.8832738023704316,True,0.08438048924779208,0.03189666605252128,0.1241200444839333,0.01
othervirus_2016,6,518,othervirus_2013,0.47993431146851956,0.47993431146851956,True,True,True,othervirus,0.9284297959598934,0.9284297959598934,True,0.10103955248044429,0.03189666605252128,0.07426051121502009,0.01
othervirus_2016,7,668,othervirus_2013,0.5224365876862287,0.5224365876862287,True,True,True,othervirus,0.9767656289059119,0.9767656289059119,True,0.10850082914288857,0.03189666605252128,0.02350854424749485,0.01
othervirus_2016,8,792,othervirus_2013,0.4993856977212949,0.4993856977212949,True,True,True,othervirus,0.9934925461083074,0.9934925461083074,True,0.10237054733465602,0.03189666605252128,0.006528719677386548,0.01
othervirus_2016,9,925,othervirus_2013,0.5069783883208866,0.5069783883208866,True,True,True,othervirus,0.9973699129936542,0.9973699129936542,True,0.1063253821135562,0.03189666605252128,0.0026335517615814754,0.01
othervirus_2016,10,1086,othervirus_2013,0.49696719502361825,0.49696719502361825,True,True,True,othervirus,0.9992990857744408,0.9992990857744408,True,0.10387238470897611,0.03189666605252128,0.0007011599807772372,0.01
othervirus_2016,11,1192,othervirus_2013,0.5083501588114183,0.5083501588114183,True,True,True,othervirus,0.9996915682479739,0.9996915682479739,True,0.1079603881654033,0.03189666605252128,0.0003084793268815837,0.01
othervirus_2016,12,1386,othervirus_2013,0.5402632233102335,0.5402632233102335,True,True,True,othervirus,0.9998752742381681,0.9998752742381681,True,0.1103531351150146,0.03189666605252128,0.00012473354073652644,0.01
othervirus_2016,13,1601,othervirus_2013,0.5298452820322995,0.5298452820322995,True,True,True,othervirus,0.9999754951063025,0.9999754951063025,True,0.11787709022738249,0.03189666605252128,2.4505193947353796e-05,0.01
othervirus_2016,14,1856,othervirus_2013,0.5180947549980177,0.5180947549980177,True,True,True,othervirus,0.9999969405435989,0.9999969405435989,True,0.12354407155541493,0.03189666605252128,3.05946108125733e-06,0.01
othervirus_2016,15,2065,othervirus_2013,0.5319450473548952,0.5319450473548952,True,True,True,othervirus,0.9999991732250614,0.9999991732250614,True,0.1342636438097384,0.03189666605252128,8.267752804011866e-07,0.01
othervirus_2016,16,2331,othervirus_2013,0.563499834444867,0.563499834444867,True,True,True,othervirus,0.9999998246065298,0.9999998246065298,True,0.15178592673134292,0.03189666605252128,1.753934855734566e-07,0.01
othervirus_2016,17,2602,othervirus_2013,0.502900517161563,0.502900517161563,True,True,True,othervirus,0.9999999849370469,0.9999999849370469,True,0.15556953496624323,0.03189666605252128,1.506295322049414e-08,0.01
othervirus_2016,18,2862,othervirus_2013,0.5034173308407611,0.5034173308407611,True,True,True,othervirus,0.9999999978197839,0.9999999978197839,True,0.16784703024351671,0.03189666605252128,2.1802161211289694e-09,0.01
othervirus_2016,19,3051,othervirus_2013,0.5039737153005708,0.5039737153005708,True,True,True,othervirus,0.9999999994086364,0.9999999994086364,True,0.17878670233958524,0.03189666605252128,5.913636249105189e-10,0.01
othervirus_2016,20,3222,othervirus_2013,0.4838983027038261,0.4838983027038261,True,True,True,othervirus,0.9999999998466589,0.9999999998466589,True,0.18700054024882398,0.03189666605252128,1.5334111759311934e-10,0.01
othervirus_2016,21,3367,othervirus_2013,0.5351988281468318,0.5351988281468318,True,True,True,othervirus,0.9999999998950709,0.9999999998950709,True,0.20748784684425892,0.03189666605252128,1.0492906544197046e-10,0.01
othervirus_2016,22,3480,othervirus_2013,0.5302242266907882,0.5302242266907882,True,True,True,othervirus,0.9999999999490654,0.9999999999490654,True,0.21841418522957967,0.03189666605252128,5.0934589880445175e-11,0.01
othervirus_2016,23,3587,othervirus_2013,0.5151409920915547,0.5151409920915547,True,True,True,othervirus,0.9999999999779431,0.9999999999779431,True,0.23044668609828656,0.03189666605252128,2.20569118527737e-11,0.01
othervirus_2016,24,3691,othervirus_2013,0.5086078204460833,0.5086078204460833,True,True,True,othervirus,0.9999999999908833,0.9999999999908833,True,0.22681502794199643,0.03189666605252128,9.116707389053493e-12,0.01
othervirus_2016,25,3785,othervirus_2013,0.5111990657175609,0.5111990657175609,True,True,True,othervirus,0.9999999999956267,0.9999999999956267,True,0.23036892419433264,0.03189666605252128,4.373279516310517e-12,0.01
othervirus_2017,0,30,othervirus_2016,0.13439599334809588,0.1326671287516385,False,True,True,othervirus,0.5290062804698347,0.5290062804698347,True,0.029068112747241786,0.018511916698101594,0.6367549748505805,0.01
othervirus_2017,1,67,othervirus_2016,0.15948749087518338,0.159456219920827,False,True,True,othervirus,0.6310481857021832,0.6310481857021832,True,0.030373705163863365,0.018511916698101594,0.46037305532769135,0.01
othervirus_2017,2,86,othervirus_2016,0.16809044513074148,0.1628085502269539,False,True,True,othervirus,0.6471315769628758,0.6471315769628758,True,0.031652860863235294,0.018511916698101594,0.4352056404539808,0.01
othervirus_2017,3,123,othervirus_2016,0.18668037104081384,0.18066491597291617,False,True,True,othervirus,0.7129308685430585,0.7129308685430585,True,0.03553915234296972,0.018511916698101594,0.33837082183376194,0.01
othervirus_2017,4,178,othervirus_2016,0.2118414997295163,0.20605951490641145,False,True,True,othervirus,0.8070807145598813,0.8070807145598813,True,0.03672102590266041,0.018511916698101594,0.2143315976716749,0.01
othervirus_2017,5,246,othervirus_2014,0.23840243385594878,0.23840243385594878,True,True,True,othervirus,0.9044807362464399,0.9044807362464399,True,0.03862467972618951,0.018511916698101594,0.10039427205579739,0.01
othervirus_2017,6,313,othervirus_2016,0.2508574966400547,0.24538813155253975,False,True,True,othervirus,0.9293195768723677,0.9293195768723677,True,0.040999180732291717,0.018511916698101594,0.0733025983840163,0.01
othervirus_2017,7,385,othervirus_2014,0.2603981676972589,0.2603981676972589,True,True,True,othervirus,0.9679152495868535,0.9679152495868535,True,0.03932645870442234,0.018511916698101594,0.0326107476181639,0.01
othervirus_2017,8,489,othervirus_2014,0.2710966117348256,0.2710966117348256,True,True,True,othervirus,0.9881164898348828,0.9881164898348828,True,0.04173537165971888,0.018511916698101594,0.011954683493304152,0.01
othervirus_2017,9,621,othervirus_2014,0.28388207031009954,0.28388207031009954,True,True,True,othervirus,0.9974961284485955,0.9974961284485955,True,0.040090509184703436,0.018511916698101594,0.0025070114801914946,0.01
othervirus_2017,10,758,othervirus_2014,0.29519834220321717,0.29519834220321717,True,True,True,othervirus,0.999537637562748,0.999537637562748,True,0.039404655534574395,0.018511916698101594,0.00046246935972286794,0.01
othervirus_2017,11,935,othervirus_2015,0.3100038248042598,0.30452378308284217,False,True,True,othervirus,0.9999546310108344,0.9999546310108344,True,0.036958784650775005,0.018511916698101594,4.5370018369346735e-05,0.01
othervirus_2017,12,1136,othervirus_2014,0.3260625913372246,0.3260625913372246,True,True,True,othervirus,0.9999952250922672,0.9999952250922672,True,0.03833566049278002,0.018511916698101594,4.774919132671229e-06,0.01
othervirus_2017,13,1308,othervirus_2014,0.3382102457497259,0.3382102457497259,True,True,True,othervirus,0.9999992340221959,0.9999992340221959,True,0.039789610857455235,0.018511916698101594,7.659780974347622e-07,0.01
othervirus_2017,14,1541,othervirus_2015,0.3615680878998993,0.33942619146178293,False,True,True,othervirus,0.9999999386467107,0.9999999386467107,True,0.04069978445365335,0.018511916698101594,6.135329121998634e-08,0.01
othervirus_2017,15,1766,othervirus_2015,0.38071405612978687,0.35326952940999157,False,True,True,othervirus,0.9999999945253458,0.9999999945253458,True,0.0416526381519774,0.018511916698101594,5.47465418942807e-09,0.01
othervirus_2017,16,1969,othervirus_2015,0.40910147341692843,0.36167896478120254,False,True,True,othervirus,0.9999999995077917,0.9999999995077917,True,0.04413596572709336,0.018511916698101594,4.922082742598957e-10,0.01
othervirus_2017,17,2238,othervirus_2015,0.4232247768892565,0.36864351866027106,False,True,True,othervirus,0.999999999971916,0.999999999971916,True,0.0463485122814521,0.018511916698101594,2.808397958670739e-11,0.01
othervirus_2017,18,2429,othervirus_2015,0.450721614851029,0.36888220070479166,False,True,True,othervirus,0.9999999999969902,0.9999999999969902,True,0.04589127937127398,0.018511916698101594,3.0098146197633287e-12,0.01
othervirus_2017,19,2650,othervirus_2015,0.4769495646146604,0.36936075816485686,False,True,True,othervirus,0.9999999999997142,0.9999999999997142,True,0.04569575986978755,0.018511916698101594,2.8577140653855614e-13,0.01
othervirus_2017,20,2818,othervirus_2015,0.46336960707726055,0.3769809520133541,False,True,True,othervirus,0.9999999999999183,0.9999999999999183,True,0.04628094752132932,0.018511916698101594,8.171241461241487e-14,0.01
othervirus_2017,21,2988,othervirus_2015,0.45852645909898826,0.3875833405958687,False,True,True,othervirus,0.9999999999999916,0.9999999999999916,True,0.048246562904379404,0.018511916698101594,8.437694987151226e-15,0.01
othervirus_2017,22,3153,othervirus_2015,0.478485590028673,0.3864083603718113,False,True,True,othervirus,1.000000000000002,1.000000000000002,True,0.050276721102238964,0.018511916698101594,-1.9984014443252798e-15,0.01
othervirus_2017,23,3283,othervirus_2015,0.48051236767293726,0.38139045239142966,False,True,True,othervirus,1.0000000000000069,1.0000000000000069,True,0.05267991556617407,0.018511916698101594,-6.883382752675947e-15,0.01
othervirus_2017,24,3392,othervirus_2015,0.4812370159350323,0.3877567534632255,False,True,True,othervirus,1.00000000000001,1.00000000000001,True,0.05362369342784744,0.018511916698101594,-9.992007221626358e-15,0.01
othervirus_2017,25,3507,othervirus_2015,0.47441529499811697,0.38701400051069457,False,True,True,othervirus,0.9999999999999861,0.9999999999999861,True,0.05469569729986093,0.018511916698101594,1.3877787807814553e-14,0.01
othervirus_2018,0,25,othervirus_2013,0.10434622766483742,0.09998690118325836,False,True,True,othervirus,0.5078001896762128,0.5078001896762128,True,0.02706802738908808,0.015995614781068035,0.6776672361862,0.01
othervirus_2018,1,36,othervirus_2013,0.10288686160256749,0.0942631651656265,False,True,True,flu,0.5192403420954723,0.4807596579045274,False,0.027211521013464184,0.015995614781068035,0.7323878054700473,0.01
othervirus_2018,2,50,othervirus_2013,0.10566825146449471,0.09316753666764414,False,True,True,flu,0.5178336987127219,0.48216630128727817,False,0.027604201213393534,0.015995614781068035,0.7294662010208394,0.01
othervirus_2018,3,69,othervirus_2013,0.11648905506600797,0.10128571729159076,False,True,True,othervirus,0.5236735306783377,0.5236735306783377,True,0.028146380051714354,0.015995614781068035,0.6468868218834491,0.01
othervirus_2018,4,89,othervirus_2013,0.12792704239888278,0.10955818263760013,False,True,True,othervirus,0.568383825100261,0.568383825100261,True,0.029343910924890852,0.015995614781068035,0.5649583400601892,0.01
othervirus_2018,5,110,othervirus_2013,0.13337257429309457,0.11064866589243369,False,True,True,othervirus,0.5771507543609566,0.5771507543609566,True,0.03113615823684662,0.015995614781068035,0.5496517738771828,0.01
othervirus_2018,6,153,othervirus_2013,0.15767606561216907,0.1284317026986752,False,True,True,othervirus,0.6727041398387081,0.6727041398387081,True,0.033785446739086754,0.015995614781068035,0.39644965990572817,0.01
othervirus_2018,7,238,othervirus_2013,0.1941788878118139,0.1503044998091567,False,True,True,othervirus,0.8071271654187471,0.8071271654187471,True,0.038525955689958695,0.015995614781068035,0.21427404516006254,0.01
othervirus_2018,8,321,othervirus_2013,0.2163409158876633,0.16574575048390186,False,True,True,othervirus,0.8929874139383063,0.8929874139383063,True,0.04060447714938627,0.015995614781068035,0.11318279233899678,0.01
othervirus_2018,9,436,othervirus_2013,0.23861481589804745,0.17106243414773878,False,True,True,othervirus,0.9593424748021231,0.9593424748021231,True,0.04988105899331625,0.015995614781068035,0.04150715126766372,0.01
othervirus_2018,10,607,othervirus_2013,0.24439588342625795,0.17696928442898985,False,True,True,othervirus,0.9917697667999055,0.9917697667999055,True,0.051354953072172714,0.015995614781068035,0.0082642885537477,0.01
othervirus_2018,11,867,othervirus_2013,0.2450453780709442,0.17916717602588994,False,True,True,othervirus,0.9992738118431271,0.9992738118431271,True,0.0594583056418663,0.015995614781068035,0.0007264519592136111,0.01
othervirus_2018,12,1152,othervirus_2016,0.24511886882058015,0.19638814288036593,False,True,True,othervirus,0.9999526589489467,0.9999526589489467,True,0.06110461787938806,0.015995614781068035,4.734217167623197e-05,0.01
othervirus_2018,13,1506,othervirus_2016,0.25670126756907385,0.20970080607578484,False,True,True,othervirus,0.9999984840360305,0.9999984840360305,True,0.06322947804158693,0.015995614781068035,1.5159651185418329e-06,0.01
othervirus_2018,14,1769,othervirus_2016,0.25513792416832215,0.24494022343081998,False,True,True,othervirus,0.9999998934228932,0.9999998934228932,True,0.06064589726159508,0.015995614781068035,1.0657711248584493e-07,0.01
othervirus_2018,15,2200,othervirus_2017,0.2778038739173032,0.2778038739173032,True,True,True,othervirus,0.9999999982411085,0.9999999982411085,True,0.07519878709034684,0.015995614781068035,1.758891478457512e-09,0.01
othervirus_2018,16,2557,othervirus_2017,0.31483564370237277,0.31483564370237277,True,True,True,othervirus,0.9999999999404283,0.9999999999404283,True,0.07479638850600237,0.015995614781068035,5.957168092329627e-11,0.01
othervirus_2018,17,2907,othervirus_2017,0.3456793202110126,0.3456793202110126,True,True,True,othervirus,0.9999999999976417,0.9999999999976417,True,0.07860353917318559,0.015995614781068035,2.3583357489115384e-12,0.01
othervirus_2018,18,3208,othervirus_2017,0.38010777463017037,0.38010777463017037,True,True,True,othervirus,0.9999999999998668,0.9999999999998668,True,0.07755804404017776,0.015995614781068035,1.3322676295502767e-13,0.01
othervirus_2018,19,3486,othervirus_2017,0.4186042644429542,0.4186042644429542,True,True,True,othervirus,0.999999999999989,0.999999999999989,True,0.07860514642710877,0.015995614781068035,1.099120794378911e-14,0.01
othervirus_2018,20,3779,othervirus_2017,0.4491698974125557,0.4491698974125557,True,True,True,othervirus,0.9999999999999978,0.9999999999999978,True,0.07800735478071287,0.015995614781068035,2.2204460492503154e-15,0.01
othervirus_2018,21,4013,othervirus_2017,0.468672914916316,0.468672914916316,True,True,True,othervirus,0.999999999999987,0.999999999999987,True,0.07740048777615016,0.015995614781068035,1.2989609388114415e-14,0.01
othervirus_2018,22,4350,othervirus_2017,0.5092806038666855,0.5092806038666855,True,True,True,othervirus,1.0000000000000107,1.0000000000000107,True,0.08406890358554503,0.015995614781068035,-1.0658141036401446e-14,0.01
othervirus_2018,23,4646,othervirus_2017,0.5424739282073052,0.5424739282073052,True,True,True,othervirus,1.000000000000007,1.000000000000007,True,0.09695552707581306,0.015995614781068035,-7.105427357600977e-15,0.01
othervirus_2018,24,4932,othervirus_2017,0.5759333165024555,0.5759333165024555,True,True,True,othervirus,0.9999999999999944,0.9999999999999944,True,0.10062267904608219,0.015995614781068035,5.5511151231257985e-15,0.01
othervirus_2018,25,5283,othervirus_2017,0.6262156110211545,0.6262156110211545,True,True,True,othervirus,0.9999999999999916,0.9999999999999916,True,0.11498442829062365,0.015995614781068035,8.437694987151226e-15,0.01
othervirus_2019,0,102,othervirus_2014,0.13617846024238073,0.126402624779779,False,True,True,othervirus,0.7665093415360689,0.7665093415360689,True,0.00015782820496323364,0.05508860946382832,0.2659083934828639,0.01
othervirus_2019,1,166,othervirus_2015,0.16603205151693196,0.14607851730690044,False,True,True,othervirus,0.8957225501124847,0.8957225501124847,True,0.00018624232408091503,0.05508860946382832,0.11012456785218869,0.01
othervirus_2019,2,191,othervirus_2015,0.17468593751418804,0.15276375068884518,False,True,True,othervirus,0.9271974458991908,0.9271974458991908,True,0.00020127471856395458,0.05508860946382832,0.07558874159888045,0.01
othervirus_2019,3,234,othervirus_2015,0.18695547364986595,0.15867541369710328,False,True,True,othervirus,0.9601638055014076,0.9601638055014076,True,0.0002193904256450095,0.05508860946382832,0.04065137834538962,0.01
othervirus_2019,4,256,othervirus_2015,0.18984187770101082,0.16366322573631883,False,True,True,othervirus,0.9704572315354515,0.9704572315354515,True,0.00022251687716769218,0.05508860946382832,0.029987945828967945,0.01
othervirus_2019,5,308,othervirus_2015,0.19992785906842714,0.1664685410657248,False,True,True,othervirus,0.9858645737233702,0.9858645737233702,True,0.00024231592952915571,0.05508860946382832,0.014236282977700894,0.01
othervirus_2019,6,360,othervirus_2015,0.2074036062016552,0.1674920507045029,False,True,True,othervirus,0.9933516993546914,0.9933516993546914,True,0.00024511047795563524,0.05508860946382832,0.00667049903847496,0.01
othervirus_2019,7,415,othervirus_2015,0.21258349167713675,0.1698348338099375,False,True,True,othervirus,0.9966542712323573,0.9966542712323573,True,0.000260805140562536,0.05508860946382832,0.003351338233464822,0.01
othervirus_2019,8,501,othervirus_2015,0.22430536042661267,0.172800558328168,False,True,True,othervirus,0.999046739089541,0.999046739089541,True,0.0002975101178464392,0.05508860946382832,0.000953715552592048,0.01
othervirus_2019,9,582,othervirus_2015,0.23287968640087137,0.17778711166886524,False,True,True,othervirus,0.9996927447308095,0.9996927447308095,True,0.0003003425359227917,0.05508860946382832,0.000307302481761854,0.01
othervirus_2019,10,673,othervirus_2015,0.24128687546344665,0.17614949750377076,False,True,True,othervirus,0.9998935674893715,0.9998935674893715,True,0.0002719922103934052,0.05508860946382832,0.00010643817497004988,0.01
othervirus_2019,11,774,othervirus_2015,0.2549281357798824,0.17209996275052533,False,True,True,othervirus,0.9999725518364541,0.9999725518364541,True,0.0002749338670676221,0.05508860946382832,2.744854025367437e-05,0.01
othervirus_2019,12,890,othervirus_2015,0.23703935862842845,0.18362267360657594,False,True,True,othervirus,0.9999887938823001,0.9999887938823001,True,0.00024491586362031524,0.05508860946382832,1.120618048889725e-05,0.01
othervirus_2019,13,1085,othervirus_2015,0.2640063175465945,0.18185713904412898,False,True,True,othervirus,0.9999992165595839,0.9999992165595839,True,0.0002873046906177276,0.05508860946382832,7.834407229862843e-07,0.01
othervirus_2019,14,1285,othervirus_2015,0.27641063629742024,0.17692712963263188,False,True,True,othervirus,0.9999999006188878,0.9999999006188878,True,0.00033939518447669286,0.05508860946382832,9.938111716681682e-08,0.01
othervirus_2019,15,1617,othervirus_2015,0.2829618027482955,0.1787312469205101,False,True,True,othervirus,0.9999999963833052,0.9999999963833052,True,0.0003664024644670157,0.05508860946382832,3.6166948390491674e-09,0.01
othervirus_2019,16,1936,othervirus_2015,0.297600152534841,0.1911529582267957,False,True,True,othervirus,0.9999999999005063,0.9999999999005063,True,0.0004380414814589031,0.05508860946382832,9.949374657975753e-11,0.01
othervirus_2019,17,2130,othervirus_2015,0.2964795825344713,0.19220376974514164,False,True,True,othervirus,0.9999999999834304,0.9999999999834304,True,0.00042464910769705617,0.05508860946382832,1.6569634553457888e-11,0.01
othervirus_2019,18,2317,othervirus_2015,0.2964936320230387,0.19073001273889503,False,True,True,othervirus,0.9999999999964793,0.9999999999964793,True,0.00045722946776264385,0.05508860946382832,3.5207392556974942e-12,0.01
othervirus_2019,19,2515,othervirus_2015,0.2858144423047441,0.1953362971713406,False,True,True,othervirus,0.9999999999992559,0.9999999999992559,True,0.0004654217515370589,0.05508860946382832,7.440714711040568e-13,0.01
othervirus_2019,20,2631,othervirus_2015,0.27765829356315314,0.20407386421844634,False,True,True,othervirus,0.9999999999997353,0.9999999999997353,True,0.0004849709131864764,0.05508860946382832,2.6467716907067236e-13,0.01
othervirus_2019,21,2746,othervirus_2015,0.27015972463306104,0.20481822525645135,False,True,True,othervirus,0.9999999999999016,0.9999999999999016,True,0.0004936855574621697,0.05508860946382832,9.83657599817937e-14,0.01
othervirus_2019,22,2879,othervirus_2015,0.268004303765472,0.20501095961853857,False,True,True,othervirus,0.9999999999999741,0.9999999999999741,True,0.000525846760098386,0.05508860946382832,2.5868196473766482e-14,0.01
othervirus_2019,23,2970,othervirus_2015,0.2694126598546336,0.20416417802677686,False,True,True,othervirus,0.9999999999999887,0.9999999999999887,True,0.0005085034017396098,0.05508860946382832,1.1324274851176661e-14,0.01
othervirus_2019,24,3055,othervirus_2015,0.2697665919789341,0.20691083880852731,False,True,True,othervirus,0.9999999999999941,0.9999999999999941,True,0.0005425581459642172,0.05508860946382832,5.884182030513347e-15,0.01
othervirus_2019,25,3142,othervirus_2015,0.25580738404508935,0.21348719943330857,False,True,True,othervirus,1.0000000000000027,1.0000000000000027,True,0.0005802914152922382,0.05508860946382832,-2.664535259100372e-15,0.01
othervirus_2020,0,20,othervirus_2019,0.0788062463443777,0.07506339245021715,False,True,True,othervirus,0.5362286925732254,0.5362286925732254,True,0.018608192658642768,0.25894349152052865,0.6231945436585152,0.01
othervirus_2020,1,59,othervirus_2019,0.09481643700864857,0.08634039225658438,False,True,True,othervirus,0.6419915416785749,0.6419915416785749,True,0.020217603879512047,0.25894349152052865,0.44318015033445723,0.01
othervirus_2020,2,94,othervirus_2019,0.10388162672846103,0.09572296537942641,False,True,True,othervirus,0.7070513016797162,0.7070513016797162,True,0.021314697929421624,0.25894349152052865,0.346652053229104,0.01
othervirus_2020,3,133,othervirus_2019,0.11355175170120405,0.10094667987818542,False,True,True,othervirus,0.757998414066764,0.757998414066764,True,0.023131720087860474,0.25894349152052865,0.2770739856021599,0.01
othervirus_2020,4,171,othervirus_2019,0.12203737318978007,0.10466784728773058,False,True,True,othervirus,0.7843493470740206,0.7843493470740206,True,0.026998268338699696,0.25894349152052865,0.2429007621223575,0.01
othervirus_2020,5,209,othervirus_2019,0.1261150283810435,0.11319280275743042,False,True,True,othervirus,0.8110923310655126,0.8110923310655126,True,0.02783554991738186,0.25894349152052865,0.2093733829307948,0.01
othervirus_2020,6,260,othervirus_2019,0.13896366723187442,0.12067988359677793,False,True,True,othervirus,0.8678405220530194,0.8678405220530194,True,0.030902073942700704,0.25894349152052865,0.14174731155594023,0.01
othervirus_2020,7,297,othervirus_2019,0.15517489406295099,0.11976169621777434,False,True,True,othervirus,0.9186514325993835,0.9186514325993835,True,0.03161210049717824,0.25894349152052865,0.08484851845602588,0.01
othervirus_2020,8,422,othervirus_2019,0.17674445301773378,0.1294917683124209,False,True,True,othervirus,0.9627059787810647,0.9627059787810647,True,0.03998203386039905,0.25894349152052865,0.038007231787393125,0.01
othervirus_2020,9,521,othervirus_2019,0.19080692402759733,0.13316928278971923,False,True,True,othervirus,0.9794348988891066,0.9794348988891066,True,0.04393326080523094,0.25894349152052865,0.020779507421346436,0.01
othervirus_2020,10,664,othervirus_2019,0.1811425829416032,0.15691569436179217,False,True,True,othervirus,0.987702713485925,0.987702713485925,True,0.052651273218915294,0.25894349152052865,0.01237352379439173,0.01
othervirus_2020,11,910,othervirus_2016,0.19023557289414322,0.18796169273649677,False,True,True,othervirus,0.9944420619686236,0.9944420619686236,True,0.054041454526415914,0.25894349152052865,0.005573440838066896,0.01
othervirus_2020,12,1260,othervirus_2013,0.27381878191973397,0.27381878191973397,True,True,True,othervirus,0.9970983096847522,0.9970983096847522,True,0.0750447503000167,0.25894349152052865,0.0029059083802456193,0.01
othervirus_2020,13,1590,othervirus_2013,0.32753732747802716,0.32753732747802716,True,True,True,othervirus,0.9992156307171317,0.9992156307171317,True,0.09736703584956084,0.25894349152052865,0.0007846770614061231,0.01
othervirus_2020,14,1787,othervirus_2013,0.3424539359317111,0.3424539359317111,True,True,True,othervirus,0.9995887664803601,0.9995887664803601,True,0.11775978697737184,0.25894349152052865,0.0004113180993325332,0.01
othervirus_2020,15,1882,othervirus_2013,0.3763947292665566,0.3763947292665566,True,True,True,othervirus,0.9996009995583259,0.9996009995583259,True,0.1291507117493608,0.25894349152052865,0.00039908006353043857,0.01
othervirus_2020,16,1997,othervirus_2013,0.38649382690216527,0.38649382690216527,True,True,True,othervirus,0.9997243768331293,0.9997243768331293,True,0.14787448329980166,0.25894349152052865,0.0002756611579167131,0.01
othervirus_2020,17,2044,othervirus_2013,0.397206408810441,0.397206408810441,True,True,True,othervirus,0.9997451179565175,0.9997451179565175,True,0.16161057996230216,0.25894349152052865,0.00025491453143101033,0.01
othervirus_2020,18,2114,othervirus_2013,0.4121681302910062,0.4121681302910062,True,True,True,othervirus,0.9997337288122939,0.9997337288122939,True,0.17578856654964428,0.25894349152052865,0.0002663066441729221,0.01
othervirus_2020,19,2156,othervirus_2013,0.428439610462969,0.428439610462969,True,True,True,othervirus,0.9997165147228484,0.9997165147228484,True,0.1945746157757132,0.25894349152052865,0.0002835254666983974,0.01
othervirus_2020,20,2191,othervirus_2013,0.4327945159203838,0.4327945159203838,True,True,True,othervirus,0.9997042375034508,0.9997042375034508,True,0.21319333950470754,0.25894349152052865,0.00029580624290225004,0.01
othervirus_2020,21,2242,othervirus_2013,0.4588130856329377,0.4588130856329377,True,True,True,othervirus,0.9996894460482865,0.9996894460482865,True,0.23631490972110378,0.25894349152052865,0.00031060218357798413,0.01
othervirus_2020,22,2271,othervirus_2013,0.47276709950291484,0.47276709950291484,True,True,True,othervirus,0.9996409073953609,0.9996409073953609,True,0.25382676949605376,0.25894349152052865,0.00035915709382727535,0.01
othervirus_2020,23,2310,othervirus_2013,0.4838750085251998,0.4838750085251998,True,True,True,othervirus,0.9996157439968067,0.9996157439968067,True,0.2818482197215041,0.25894349152052865,0.0003843298484488401,0.01
othervirus_2020,24,2349,othervirus_2013,0.5074589590665899,0.5074589590665899,True,True,True,othervirus,0.9995951833867571,0.9995951833867571,True,0.3052265803009682,0.25894349152052865,0.0004048985736080788,0.01
othervirus_2020,25,2377,othervirus_2013,0.5217215298300413,0.5217215298300413,True,True,True,othervirus,0.9996185262272907,0.9996185262272907,True,0.32919218954043067,0.25894349152052865,0.0003815465523384852,0.01
othervirus_2021,0,95,othervirus_2020,0.10934431769191877,0.0855560096137124,False,True,True,othervirus,0.6415008329563441,0.6415008329563441,True,0.0014947551907539668,0.2802638570671725,0.4439447964762459,0.01
othervirus_2021,1,189,othervirus_2020,0.16244877842260902,0.11088541284635155,False,True,True,othervirus,0.7911885386928559,0.7911885386928559,True,0.0020726078219022322,0.2802638570671725,0.23421898475826444,0.01
othervirus_2021,2,311,othervirus_2020,0.21486868059429365,0.13868138537098879,False,True,True,othervirus,0.9090537298313722,0.9090537298313722,True,0.002869032166893132,0.2802638570671725,0.0953510778261281,0.01
othervirus_2021,3,486,othervirus_2020,0.2608504927856237,0.17257974764428405,False,True,True,othervirus,0.9825386962182248,0.9825386962182248,True,0.004285281033477901,0.2802638570671725,0.01761555055046577,0.01
othervirus_2021,4,730,othervirus_2020,0.33400182663577704,0.20631649099191893,False,True,True,othervirus,0.9980809422621497,0.9980809422621497,True,0.00749361718086644,0.2802638570671725,0.0019209014883709693,0.01
othervirus_2021,5,970,othervirus_2020,0.3920168175868931,0.23171943983733168,False,True,True,othervirus,0.9998136782474246,0.9998136782474246,True,0.013537433788328416,0.2802638570671725,0.00018633911262952554,0.01
othervirus_2021,6,1279,othervirus_2020,0.391821217892871,0.28397663815468593,False,True,True,othervirus,0.9999934777821706,0.9999934777821706,True,0.02861309735061539,0.2802638570671725,6.522239099129646e-06,0.01
othervirus_2021,7,1595,othervirus_2018,0.4152901847152038,0.4152901847152038,True,True,True,othervirus,0.9999998658321506,0.9999998658321506,True,0.06131037168983826,0.2802638570671725,1.3416785838653105e-07,0.01
othervirus_2021,8,1918,othervirus_2018,0.5665478872076325,0.5665478872076325,True,True,True,othervirus,0.9999999979479297,0.9999999979479297,True,0.11684146626683979,0.2802638570671725,2.052070293574973e-09,0.01
othervirus_2021,9,2355,othervirus_2018,0.7350746795529911,0.7350746795529911,True,True,True,othervirus,0.999999999996312,0.999999999996312,True,0.24253403875922755,0.2802638570671725,3.688049865509108e-12,0.01
othervirus_2021,10,2706,othervirus_2018,0.8027244790802665,0.8027244790802665,True,True,True,othervirus,0.9999999999999694,0.9999999999999694,True,0.4097439329159232,0.2802638570671725,3.064215547965479e-14,0.01
othervirus_2021,11,3147,othervirus_2018,0.8595508376847275,0.8595508376847275,True,True,True,othervirus,1.000000000000007,1.000000000000007,True,0.674114053969705,0.2802638570671725,-7.105427357600977e-15,0.01
othervirus_2021,12,3550,othervirus_2018,0.8888384496012213,0.8888384496012213,True,True,True,othervirus,0.9999999999999927,0.9999999999999927,True,0.843962995174633,0.2802638570671725,7.32747196252606e-15,0.01
othervirus_2021,13,3907,othervirus_2018,0.9116943963003541,0.9116943963003541,True,True,True,othervirus,1.0000000000000058,1.0000000000000058,True,0.9265744429530635,0.2802638570671725,-5.7731597280507974e-15,0.01
othervirus_2021,14,4219,othervirus_2018,0.9309643645470398,0.9309643645470398,True,True,True,othervirus,0.9999999999999996,0.9999999999999996,True,0.9700746586773964,0.2802638570671725,4.440892098500627e-16,0.01
othervirus_2021,15,4528,othervirus_2018,0.9471472853544437,0.9471472853544437,True,True,True,othervirus,0.9999999999999943,0.9999999999999943,True,0.9880130782102324,0.2802638570671725,5.662137425588314e-15,0.01
othervirus_2021,16,4805,othervirus_2018,0.9547628119645285,0.9547628119645285,True,True,True,othervirus,0.9999999999999971,0.9999999999999971,True,0.9936111244524288,0.2802638570671725,2.8865798640254113e-15,0.01
othervirus_2021,17,5155,othervirus_2018,0.9667178754149771,0.9667178754149771,True,True,True,othervirus,1.0000000000000115,1.0000000000000115,True,0.9982992041016748,0.2802638570671725,-1.1546319456101562e-14,0.01
othervirus_2021,18,5446,othervirus_2018,0.9744286334812308,0.9744286334812308,True,True,True,othervirus,0.9999999999999964,0.9999999999999964,True,0.9989384894060154,0.2802638570671725,3.552713678800507e-15,0.01
othervirus_2021,19,5800,othervirus_2018,0.980329446133649,0.980329446133649,True,True,True,othervirus,0.9999999999999879,0.9999999999999879,True,0.9995767535947968,0.2802638570671725,1.2101430968414279e-14,0.01
othervirus_2021,20,6068,othervirus_2018,0.9835497868763945,0.9835497868763945,True,True,True,othervirus,1.0000000000000273,1.0000000000000273,True,0.9997747946240735,0.2802638570671725,-2.731148640577848e-14,0.01
othervirus_2021,21,6406,othervirus_2018,0.9873628978910219,0.9873628978910219,True,True,True,othervirus,0.9999999999999761,0.9999999999999761,True,0.9999237923367363,0.2802638570671725,2.386979502944115e-14,0.01
othervirus_2021,22,6751,othervirus_2018,0.9903131214559573,0.9903131214559573,True,True,True,othervirus,1.0000000000000229,1.0000000000000229,True,0.9999738977114783,0.2802638570671725,-2.2870594307277963e-14,0.01
othervirus_2021,23,7126,othervirus_2018,0.9924454458346943,0.9924454458346943,True,True,True,othervirus,1.0000000000000009,1.0000000000000009,True,0.9999941445459277,0.2802638570671725,-8.881784197001248e-16,0.01
othervirus_2021,24,7472,othervirus_2018,0.9946259852439117,0.9946259852439117,True,True,True,othervirus,1.000000000000028,1.000000000000028,True,0.9999977453000336,0.2802638570671725,-2.7977620220553554e-14,0.01
othervirus_2021,25,7827,othervirus_2018,0.9957707278426253,0.9957707278426253,True,True,True,othervirus,0.9999999999999745,0.9999999999999745,True,0.9999993808304664,0.2802638570671725,2.5535129566378925e-14,0.01
othervirus_2022,0,87,othervirus_2021,0.11951691806956628,0.11951691806956628,True,True,True,othervirus,0.7230671733898858,0.7230671733898858,True,0.0011136355837406246,0.021123419535814314,0.3242531518862156,0.01
othervirus_2022,1,386,othervirus_2021,0.2982457986527607,0.2982457986527607,True,True,True,othervirus,0.98442138629837,0.98442138629837,True,0.002003257740081038,0.021123419535814314,0.015701235489553215,0.01
othervirus_2022,2,640,othervirus_2021,0.45954508921416426,0.45954508921416426,True,True,True,othervirus,0.9991642183940481,0.9991642183940481,True,0.0032497589285308886,0.021123419535814314,0.0008361310661267952,0.01
othervirus_2022,3,791,othervirus_2021,0.5498958655922378,0.5498958655922378,True,True,True,othervirus,0.9998584040385018,0.9998584040385018,True,0.004366292802657569,0.021123419535814314,0.000141605987152771,0.01
othervirus_2022,4,986,othervirus_2021,0.6195309380249141,0.6195309380249141,True,True,True,othervirus,0.9999764775043173,0.9999764775043173,True,0.0062449682567464635,0.021123419535814314,2.352277234095518e-05,0.01
othervirus_2022,5,1187,othervirus_2021,0.6838985364758712,0.6838985364758712,True,True,True,othervirus,0.9999975527862149,0.9999975527862149,True,0.00718007412535397,0.021123419535814314,2.447216779494282e-06,0.01
othervirus_2022,6,1456,othervirus_2021,0.7937850800901076,0.7937850800901076,True,True,True,othervirus,0.9999999229318594,0.9999999229318594,True,0.008179968375256036,0.021123419535814314,7.706814361675681e-08,0.01
othervirus_2022,7,1799,othervirus_2021,0.9147785348151105,0.9147785348151105,True,True,True,othervirus,0.9999999995404879,0.9999999995404879,True,0.00798389046351329,0.021123419535814314,4.595120951468236e-10,0.01
othervirus_2022,8,2153,othervirus_2021,0.9591636899318133,0.9591636899318133,True,True,True,othervirus,0.9999999999970506,0.9999999999970506,True,0.007523464322728036,0.021123419535814314,2.9494184872235404e-12,0.01
othervirus_2022,9,2666,othervirus_2021,0.9874686216552933,0.9874686216552933,True,True,True,othervirus,1.000000000000002,1.000000000000002,True,0.006399863659875265,0.021123419535814314,-1.9984014443252798e-15,0.01
othervirus_2022,10,3253,othervirus_2021,0.9977436135246064,0.9977436135246064,True,True,True,othervirus,0.9999999999999966,0.9999999999999966,True,0.006357264485057969,0.021123419535814314,3.441691376337991e-15,0.01
othervirus_2022,11,3952,othervirus_2021,0.9996814873643586,0.9996814873643586,True,True,True,othervirus,1.0000000000000024,1.0000000000000024,True,0.006460259083556292,0.021123419535814314,-2.4424906541753412e-15,0.01
othervirus_2022,12,4789,othervirus_2021,0.9999693093255566,0.9999693093255566,True,True,True,othervirus,0.9999999999999988,0.9999999999999988,True,0.006914648028107253,0.021123419535814314,1.221245327087673e-15,0.01
othervirus_2022,13,5633,othervirus_2021,0.9999954909001952,0.9999954909001952,True,True,True,othervirus,0.9999999999999862,0.9999999999999862,True,0.008608247951557102,0.021123419535814314,1.3766765505352036e-14,0.01
othervirus_2022,14,6499,othervirus_2021,0.9999991654159502,0.9999991654159502,True,True,True,othervirus,0.9999999999999739,0.9999999999999739,True,0.01131017484918617,0.021123419535814314,2.609024107869152e-14,0.01
othervirus_2022,15,7414,othervirus_2021,0.9999998534933746,0.9999998534933746,True,True,True,othervirus,1.000000000000028,1.000000000000028,True,0.012449903671986685,0.021123419535814314,-2.7977620220553554e-14,0.01
othervirus_2022,16,8712,othervirus_2021,0.9999999919853053,0.9999999919853053,True,True,True,othervirus,0.9999999999999865,0.9999999999999865,True,0.014245181911056563,0.021123419535814314,1.3544720900427001e-14,0.01
othervirus_2022,17,9791,othervirus_2021,0.9999999990922106,0.9999999990922106,True,True,True,othervirus,0.9999999999999931,0.9999999999999931,True,0.017602237032727147,0.021123419535814314,6.883382752675994e-15,0.01
othervirus_2022,18,10857,othervirus_2021,0.9999999998207159,0.9999999998207159,True,True,True,othervirus,0.9999999999999776,0.9999999999999776,True,0.022091219919664864,0.021123419535814314,2.2426505097428415e-14,0.01
othervirus_2022,19,11956,othervirus_2021,0.9999999999683951,0.9999999999683951,True,True,True,othervirus,1.0000000000000424,1.0000000000000424,True,0.031821370759973114,0.021123419535814314,-4.241051954068008e-14,0.01
othervirus_2022,20,13006,othervirus_2021,0.9999999999932925,0.9999999999932925,True,True,True,othervirus,1.0000000000000018,1.0000000000000018,True,0.03524703618941189,0.021123419535814314,-1.7763568394002489e-15,0.01
othervirus_2022,21,13960,othervirus_2021,0.9999999999989768,0.9999999999989768,True,True,True,othervirus,1.0000000000000282,1.0000000000000282,True,0.03875501539528015,0.021123419535814314,-2.819966482547858e-14,0.01
othervirus_2022,22,14839,othervirus_2021,0.9999999999998863,0.9999999999998863,True,True,True,othervirus,1.0000000000000535,1.0000000000000535,True,0.039574305875690635,0.021123419535814314,-5.351274978693111e-14,0.01
othervirus_2022,23,15494,othervirus_2021,1.0,1.0,True,True,True,othervirus,1.0000000000000437,1.0000000000000437,True,0.04155427399512364,0.021123419535814314,-4.374278717023021e-14,0.01
othervirus_2022,24,16434,othervirus_2021,1.0,1.0,True,True,True,othervirus,1.0000000000000064,1.0000000000000064,True,0.042327743456426155,0.021123419535814314,-6.4392935428258874e-15,0.01
othervirus_2022,25,17335,othervirus_2021,1.0,1.0,True,True,True,othervirus,1.0000000000000009,1.0000000000000009,True,0.04392665800030687,0.021123419535814314,-8.881784197001248e-16,0.01
