week,n_so_far,deaths_so_far,score_total::h1n1_2009,score_total::STRANGER,score_profile::h1n1_2009,score_profile::STRANGER,score_severity::h1n1_2009,score_severity::STRANGER,fob,score_total::flu_2013,score_total::othervirus_2013,score_profile::flu_2013,score_profile::othervirus_2013,score_severity::flu_2013,score_severity::othervirus_2013,score_total::flu_2014,score_total::othervirus_2014,score_profile::flu_2014,score_profile::othervirus_2014,score_severity::flu_2014,score_severity::othervirus_2014,score_total::flu_2015,score_total::othervirus_2015,score_profile::flu_2015,score_profile::othervirus_2015,score_severity::flu_2015,score_severity::othervirus_2015,score_total::flu_2016,score_profile::flu_2016,score_severity::flu_2016,score_total::othervirus_2016,score_profile::othervirus_2016,score_severity::othervirus_2016,score_total::flu_2017,score_total::othervirus_2017,score_profile::flu_2017,score_profile::othervirus_2017,score_severity::flu_2017,score_severity::othervirus_2017,score_total::flu_2018,score_total::othervirus_2018,score_profile::flu_2018,score_profile::othervirus_2018,score_severity::flu_2018,score_severity::othervirus_2018,score_total::flu_2019,score_total::othervirus_2019,score_profile::flu_2019,score_profile::othervirus_2019,score_severity::flu_2019,score_severity::othervirus_2019,score_total::flu_2020,score_profile::flu_2020,score_severity::flu_2020,score_total::covid_2020,score_total::othervirus_2020,score_profile::covid_2020,score_profile::othervirus_2020,score_severity::covid_2020,score_severity::othervirus_2020,score_total::covid_2021,score_profile::covid_2021,score_severity::covid_2021,score_total::othervirus_2021,score_profile::othervirus_2021,score_severity::othervirus_2021,score_total::flu_2021,score_profile::flu_2021,score_severity::flu_2021
0,39,9,-252.17116341796603,-394.2714998019486,-227.84713493603078,-367.2387597601108,-24.324028481935233,-27.032740041837855,flu_2013,,,,,,,,,,,,,,,,,,,,,,,,,,,,,,,,,,,,,,,,,,,,,,,,,,,,,,,,,,,,
1,83,17,-571.8865978856898,-682.116458753717,-507.93692171266565,-632.1509106027156,-63.94967617302407,-49.96554815100137,flu_2013,,,,,,,,,,,,,,,,,,,,,,,,,,,,,,,,,,,,,,,,,,,,,,,,,,,,,,,,,,,,
2,152,31,-1059.2052396327927,-1113.8943020723218,-958.7190770199629,-1028.3154990624523,-100.48616261282979,-85.57880300986939,flu_2013,,,,,,,,,,,,,,,,,,,,,,,,,,,,,,,,,,,,,,,,,,,,,,,,,,,,,,,,,,,,
3,296,66,-2041.7629020335453,-1997.82022421799,-1856.5867832477802,-1833.0480959854256,-185.17611878576497,-164.7721282325645,flu_2013,,,,,,,,,,,,,,,,,,,,,,,,,,,,,,,,,,,,,,,,,,,,,,,,,,,,,,,,,,,,
4,518,109,-3619.3366140802827,-3371.917841930257,-3298.1281380076803,-3106.7058712817534,-321.2084760726027,-265.2119706485038,flu_2013,,,,,,,,,,,,,,,,,,,,,,,,,,,,,,,,,,,,,,,,,,,,,,,,,,,,,,,,,,,,
5,771,150,-5607.0915088963375,-5060.9614416238455,-5140.67109898963,-4687.215976437822,-466.42040990670773,-373.7454651860232,flu_2013,,,,,,,,,,,,,,,,,,,,,,,,,,,,,,,,,,,,,,,,,,,,,,,,,,,,,,,,,,,,
6,1001,196,-7262.725787254212,-6493.705728522675,-6676.612814515073,-6016.699725741907,-586.1129727391394,-477.00600278076786,flu_2013,,,,,,,,,,,,,,,,,,,,,,,,,,,,,,,,,,,,,,,,,,,,,,,,,,,,,,,,,,,,
7,1322,259,-9717.274094827675,-8553.576270980648,-8951.850838731261,-7933.80845142165,-765.423256096414,-619.7678195589983,flu_2013,,,,,,,,,,,,,,,,,,,,,,,,,,,,,,,,,,,,,,,,,,,,,,,,,,,,,,,,,,,,
8,1579,306,-11519.096701679378,-10139.931981978598,-10624.982115391225,-9408.358618147164,-894.1145862881538,-731.5733638314344,flu_2013,,,,,,,,,,,,,,,,,,,,,,,,,,,,,,,,,,,,,,,,,,,,,,,,,,,,,,,,,,,,
9,2011,376,-14590.454011965752,-12778.76013831129,-13470.592571498619,-11876.760597590748,-1119.8614404671332,-901.9995407205416,flu_2013,,,,,,,,,,,,,,,,,,,,,,,,,,,,,,,,,,,,,,,,,,,,,,,,,,,,,,,,,,,,
10,2421,435,-17503.504747191833,-15307.3789691481,-16181.011063516411,-14249.668809194536,-1322.4936836754237,-1057.710159953563,flu_2013,,,,,,,,,,,,,,,,,,,,,,,,,,,,,,,,,,,,,,,,,,,,,,,,,,,,,,,,,,,,
11,2793,513,-20221.895291163666,-17622.933675273103,-18671.481847792456,-16393.51966280317,-1550.4134433712115,-1229.414012469932,flu_2013,,,,,,,,,,,,,,,,,,,,,,,,,,,,,,,,,,,,,,,,,,,,,,,,,,,,,,,,,,,,
12,3210,565,-23062.431237973768,-20096.990313372808,-21329.182639346185,-18729.67610982539,-1733.2485986275824,-1367.3142035474184,flu_2013,,,,,,,,,,,,,,,,,,,,,,,,,,,,,,,,,,,,,,,,,,,,,,,,,,,,,,,,,,,,
13,3561,622,-25550.087316860485,-22260.21874792551,-23634.439140172028,-20757.52944213215,-1915.6481766884558,-1502.6893057933626,flu_2013,,,,,,,,,,,,,,,,,,,,,,,,,,,,,,,,,,,,,,,,,,,,,,,,,,,,,,,,,,,,
14,3881,663,-27699.871031827905,-24122.039625011887,-25652.32483970848,-22508.03140732025,-2047.5461921194249,-1614.0082176916349,flu_2013,,,,,,,,,,,,,,,,,,,,,,,,,,,,,,,,,,,,,,,,,,,,,,,,,,,,,,,,,,,,
15,4202,719,-29879.618654728438,-26048.525785243935,-27653.791324380578,-24306.891955022777,-2225.827330347858,-1741.633830221158,flu_2013,,,,,,,,,,,,,,,,,,,,,,,,,,,,,,,,,,,,,,,,,,,,,,,,,,,,,,,,,,,,
16,4499,771,-32080.341877813957,-27913.425174379714,-29694.35900677906,-26056.695683019167,-2385.9828710348966,-1856.7294913605483,flu_2013,,,,,,,,,,,,,,,,,,,,,,,,,,,,,,,,,,,,,,,,,,,,,,,,,,,,,,,,,,,,
17,4736,801,-33711.37118062082,-29311.94791158919,-31215.573061676645,-27378.438614629173,-2495.7981189441757,-1933.509296960018,flu_2013,,,,,,,,,,,,,,,,,,,,,,,,,,,,,,,,,,,,,,,,,,,,,,,,,,,,,,,,,,,,
18,4935,825,-35099.13705915018,-30497.93747048087,-32509.295825153764,-28502.24749842123,-2589.841233996423,-1995.689972059637,flu_2013,,,,,,,,,,,,,,,,,,,,,,,,,,,,,,,,,,,,,,,,,,,,,,,,,,,,,,,,,,,,
19,5084,850,-36193.42920365645,-31429.193392646113,-33532.341635020326,-29378.761397339764,-2661.0875686361264,-2050.431995306348,flu_2013,,,,,,,,,,,,,,,,,,,,,,,,,,,,,,,,,,,,,,,,,,,,,,,,,,,,,,,,,,,,
20,5223,873,-37134.97120251036,-32247.52872220409,-34413.31973038768,-30146.40607568141,-2721.651472122675,-2101.122646522679,flu_2013,,,,,,,,,,,,,,,,,,,,,,,,,,,,,,,,,,,,,,,,,,,,,,,,,,,,,,,,,,,,
21,5350,889,-38001.10942073962,-33010.35052829777,-35226.70655798855,-30869.388581760842,-2774.4028627510734,-2140.961946536932,flu_2013,,,,,,,,,,,,,,,,,,,,,,,,,,,,,,,,,,,,,,,,,,,,,,,,,,,,,,,,,,,,
22,5463,899,-38812.36770068602,-33702.78004995971,-36002.904745411695,-31534.862669306556,-2809.4629552743263,-2167.917380653153,flu_2013,,,,,,,,,,,,,,,,,,,,,,,,,,,,,,,,,,,,,,,,,,,,,,,,,,,,,,,,,,,,
23,5540,911,-39351.66364155019,-34172.47589955275,-36503.17797905349,-31975.819083598628,-2848.485662496703,-2196.6568159541234,flu_2013,,,,,,,,,,,,,,,,,,,,,,,,,,,,,,,,,,,,,,,,,,,,,,,,,,,,,,,,,,,,
24,5616,921,-39924.43687881698,-34631.072928222005,-37038.37923865914,-32411.1101101535,-2886.05764015784,-2219.962818068508,flu_2013,,,,,,,,,,,,,,,,,,,,,,,,,,,,,,,,,,,,,,,,,,,,,,,,,,,,,,,,,,,,
25,5680,934,-40341.20876406358,-35004.67461823117,-37415.50763484822,-32754.655783726943,-2925.701129215363,-2250.0188345042275,flu_2013,,,,,,,,,,,,,,,,,,,,,,,,,,,,,,,,,,,,,,,,,,,,,,,,,,,,,,,,,,,,
0,36,1,-204.83136833518844,-363.9429228941064,-196.81026652089193,-338.98962439394836,-8.021101814296516,-24.953298500158024,othervirus_2013,,,,,,,,,,,,,,,,,,,,,,,,,,,,,,,,,,,,,,,,,,,,,,,,,,,,,,,,,,,,
1,88,2,-464.9214969790371,-566.1208862719469,-452.30509474624637,-535.9473410231087,-12.616402232790744,-30.17354524883823,othervirus_2013,,,,,,,,,,,,,,,,,,,,,,,,,,,,,,,,,,,,,,,,,,,,,,,,,,,,,,,,,,,,
2,188,7,-1148.3227646362475,-1048.1610343602931,-1107.560412627162,-997.7061415717116,-40.762352009085646,-50.454892788581596,othervirus_2013,,,,,,,,,,,,,,,,,,,,,,,,,,,,,,,,,,,,,,,,,,,,,,,,,,,,,,,,,,,,
3,268,11,-1632.2726517159524,-1368.383121361949,-1577.9796311737834,-1303.6483485379347,-54.29302054216888,-64.7347728240143,othervirus_2013,,,,,,,,,,,,,,,,,,,,,,,,,,,,,,,,,,,,,,,,,,,,,,,,,,,,,,,,,,,,
4,388,21,-2447.0649154750354,-1957.6561625976105,-2359.790500466608,-1858.1617190593975,-87.27441500842718,-99.49444353821299,othervirus_2013,,,,,,,,,,,,,,,,,,,,,,,,,,,,,,,,,,,,,,,,,,,,,,,,,,,,,,,,,,,,
5,501,30,-3178.5463254129936,-2471.7542490006313,-3056.636036047067,-2342.006193100391,-121.91028936592642,-129.74805590024005,othervirus_2013,,,,,,,,,,,,,,,,,,,,,,,,,,,,,,,,,,,,,,,,,,,,,,,,,,,,,,,,,,,,
6,666,45,-4302.4025165066405,-3322.5475066714666,-4119.64434070989,-3144.953149926207,-182.75817579675055,-177.5943567452597,othervirus_2013,,,,,,,,,,,,,,,,,,,,,,,,,,,,,,,,,,,,,,,,,,,,,,,,,,,,,,,,,,,,
7,782,49,-5037.200240874343,-3836.1641837833968,-4830.01526260242,-3640.874183229862,-207.18497827192232,-195.2900005535349,othervirus_2013,,,,,,,,,,,,,,,,,,,,,,,,,,,,,,,,,,,,,,,,,,,,,,,,,,,,,,,,,,,,
8,986,58,-6492.798792996313,-4905.453177859685,-6229.442786614209,-4674.374630473461,-263.35600638210457,-231.07854738622336,othervirus_2013,,,,,,,,,,,,,,,,,,,,,,,,,,,,,,,,,,,,,,,,,,,,,,,,,,,,,,,,,,,,
9,1172,72,-7794.072258952127,-5824.322571193464,-7473.791895912411,-5550.043435221323,-320.28036303971646,-274.27913597214086,othervirus_2013,,,,,,,,,,,,,,,,,,,,,,,,,,,,,,,,,,,,,,,,,,,,,,,,,,,,,,,,,,,,
10,1346,82,-8944.574490016204,-6665.04139595639,-8581.59024179003,-6355.286566888148,-362.98424822617307,-309.7548290682426,othervirus_2013,,,,,,,,,,,,,,,,,,,,,,,,,,,,,,,,,,,,,,,,,,,,,,,,,,,,,,,,,,,,
11,1529,99,-10173.081049029799,-7578.6339014871455,-9750.996091067904,-7220.709769163592,-422.08495796189607,-357.92413232355386,othervirus_2013,,,,,,,,,,,,,,,,,,,,,,,,,,,,,,,,,,,,,,,,,,,,,,,,,,,,,,,,,,,,
12,1700,106,-11333.669328973772,-8451.44811114488,-10865.131162098212,-8063.798001479874,-468.53816687555945,-387.65010966500694,othervirus_2013,,,,,,,,,,,,,,,,,,,,,,,,,,,,,,,,,,,,,,,,,,,,,,,,,,,,,,,,,,,,
13,1892,120,-12688.933359222381,-9435.440364030914,-12166.737972746056,-9003.707247102695,-522.1953864763261,-431.7331169282197,othervirus_2013,,,,,,,,,,,,,,,,,,,,,,,,,,,,,,,,,,,,,,,,,,,,,,,,,,,,,,,,,,,,
14,2031,131,-13628.31758021767,-10152.25545325555,-13060.392061656476,-9689.779632332094,-567.9255185611937,-462.4758209234559,othervirus_2013,,,,,,,,,,,,,,,,,,,,,,,,,,,,,,,,,,,,,,,,,,,,,,,,,,,,,,,,,,,,
15,2141,147,-14471.664082653047,-10758.179781090783,-13840.887597341405,-10255.521341226293,-630.7764853116417,-502.6584398644894,othervirus_2013,,,,,,,,,,,,,,,,,,,,,,,,,,,,,,,,,,,,,,,,,,,,,,,,,,,,,,,,,,,,
16,2252,152,-15207.493687901682,-11291.10169574653,-14550.819289638404,-10771.956182545817,-656.6743982632772,-519.1455132007145,othervirus_2013,,,,,,,,,,,,,,,,,,,,,,,,,,,,,,,,,,,,,,,,,,,,,,,,,,,,,,,,,,,,
17,2334,158,-15748.439359460348,-11724.988927018087,-15072.567268019242,-11189.292393645112,-675.8720914411059,-535.6965333729745,othervirus_2013,,,,,,,,,,,,,,,,,,,,,,,,,,,,,,,,,,,,,,,,,,,,,,,,,,,,,,,,,,,,
18,2390,161,-16083.787595276579,-11983.153519588173,-15392.868858521675,-11439.09565506516,-690.9187367549048,-544.0578645230134,othervirus_2013,,,,,,,,,,,,,,,,,,,,,,,,,,,,,,,,,,,,,,,,,,,,,,,,,,,,,,,,,,,,
19,2454,165,-16517.077794646033,-12338.137001243053,-15804.572357566112,-11779.955962292706,-712.5054370799219,-558.1810389503454,othervirus_2013,,,,,,,,,,,,,,,,,,,,,,,,,,,,,,,,,,,,,,,,,,,,,,,,,,,,,,,,,,,,
20,2516,172,-16963.50830454203,-12691.204815447069,-16230.799906662938,-12114.401724264917,-732.7083978790914,-576.803091182151,othervirus_2013,,,,,,,,,,,,,,,,,,,,,,,,,,,,,,,,,,,,,,,,,,,,,,,,,,,,,,,,,,,,
21,2579,176,-17345.482631826646,-12995.90072943203,-16597.962964868595,-12406.330238379176,-747.5196669580492,-589.5704910528544,othervirus_2013,,,,,,,,,,,,,,,,,,,,,,,,,,,,,,,,,,,,,,,,,,,,,,,,,,,,,,,,,,,,
22,2622,181,-17638.37942781542,-13249.368943223999,-16874.20477731975,-12644.083096610348,-764.1746504956723,-605.2858466136504,othervirus_2013,,,,,,,,,,,,,,,,,,,,,,,,,,,,,,,,,,,,,,,,,,,,,,,,,,,,,,,,,,,,
23,2672,183,-17955.07460833455,-13495.016282509378,-17183.363529046812,-12881.260631334351,-771.7110792877401,-613.7556511750258,othervirus_2013,,,,,,,,,,,,,,,,,,,,,,,,,,,,,,,,,,,,,,,,,,,,,,,,,,,,,,,,,,,,
24,2710,186,-18186.674837626615,-13672.288460382939,-17406.26480271976,-13051.202546221033,-780.4100349068547,-621.0859141619065,othervirus_2013,,,,,,,,,,,,,,,,,,,,,,,,,,,,,,,,,,,,,,,,,,,,,,,,,,,,,,,,,,,,
25,2739,189,-18412.054047539674,-13825.218475660615,-17622.880701587437,-13197.538423299253,-789.173345952237,-627.6800523613628,othervirus_2013,,,,,,,,,,,,,,,,,,,,,,,,,,,,,,,,,,,,,,,,,,,,,,,,,,,,,,,,,,,,
0,24,1,-145.86131746895344,-242.62861526273753,-138.4241735789472,-225.99308292929885,-7.437143890006246,-16.635532333438686,othervirus_2014,-130.7795652543778,-102.6317160442405,-126.07311572267542,-98.22744908706014,-4.706449531702367,-4.404266957180367,,,,,,,,,,,,,,,,,,,,,,,,,,,,,,,,,,,,,,,,,,,,,,,,,,,,,,
1,59,5,-392.8221924295379,-419.9924918452703,-371.0332760773304,-390.61583814410585,-21.78891635220746,-29.37665370116446,othervirus_2014,-341.58863152816417,-276.25051115787454,-327.50513690848845,-261.37463425590954,-14.083494619675703,-14.875876901964995,,,,,,,,,,,,,,,,,,,,,,,,,,,,,,,,,,,,,,,,,,,,,,,,,,,,,,
2,99,8,-623.4526355204791,-590.692020570502,-588.3442944218715,-549.9357546500082,-35.108341098607596,-40.75626592049377,othervirus_2014,-557.7800685675078,-440.9530789091724,-530.7899405380973,-414.2371441612991,-26.990128029410474,-26.715934747873284,,,,,,,,,,,,,,,,,,,,,,,,,,,,,,,,,,,,,,,,,,,,,,,,,,,,,,
3,113,9,-721.371159618145,-664.5826062303057,-680.8734710532009,-620.1536304565747,-40.497688564944205,-44.42897577373104,othervirus_2014,-644.6990523150139,-516.0664023409563,-613.9841845597447,-484.98070821397465,-30.714867755269243,-31.085694126981636,,,,,,,,,,,,,,,,,,,,,,,,,,,,,,,,,,,,,,,,,,,,,,,,,,,,,,
4,172,15,-1131.0385604723604,-941.0556221714913,-1068.6330163920406,-878.379338993833,-62.405544080319714,-62.67628317765828,othervirus_2014,-989.1055100384249,-789.478137863043,-942.7233636057804,-743.9290723481752,-46.38214643264453,-45.54906551486779,,,,,,,,,,,,,,,,,,,,,,,,,,,,,,,,,,,,,,,,,,,,,,,,,,,,,,
5,225,17,-1394.4175375270993,-1132.201659454931,-1321.23701297281,-1060.3833443218646,-73.18052455428936,-71.81831513306632,othervirus_2014,-1256.0827256117816,-983.175813401509,-1201.0810285065722,-929.5451717239753,-55.00169710520939,-53.630641677533745,,,,,,,,,,,,,,,,,,,,,,,,,,,,,,,,,,,,,,,,,,,,,,,,,,,,,,
6,314,23,-1919.7654260076076,-1516.9547614331166,-1823.074940016881,-1425.6230408883084,-96.69048599072657,-91.33172054480815,othervirus_2014,-1748.3972030550444,-1374.098351135589,-1674.0474955920788,-1300.516345061173,-74.3497074629657,-73.58200607441577,,,,,,,,,,,,,,,,,,,,,,,,,,,,,,,,,,,,,,,,,,,,,,,,,,,,,,
7,410,29,-2604.0768708992364,-1945.0283215076502,-2482.2009480751285,-1832.3430873881616,-121.87592282410807,-112.6852341194885,othervirus_2014,-2315.4242241111533,-1797.3510810742182,-2221.552138788661,-1704.0701907546181,-93.87208532249201,-93.28089031960005,,,,,,,,,,,,,,,,,,,,,,,,,,,,,,,,,,,,,,,,,,,,,,,,,,,,,,
8,484,30,-2997.522631795089,-2226.2365271150375,-2867.1785879789522,-2105.635941832234,-130.34404381613717,-120.60058528280321,othervirus_2014,-2690.0526072874354,-2081.2450455412727,-2587.9123248523124,-1979.4180006249812,-102.14028243512307,-101.82704491629127,,,,,,,,,,,,,,,,,,,,,,,,,,,,,,,,,,,,,,,,,,,,,,,,,,,,,,
9,591,38,-3694.58363291044,-2718.0773270906993,-3533.5718716949314,-2571.8550198424305,-161.01176121550867,-146.22230724826892,othervirus_2014,-3318.86155056157,-2572.109031376111,-3194.1957953047804,-2452.15794693132,-124.6657552567894,-119.9510844447909,,,,,,,,,,,,,,,,,,,,,,,,,,,,,,,,,,,,,,,,,,,,,,,,,,,,,,
10,697,46,-4382.259350359784,-3197.810663065644,-4192.330037567507,-3027.813055578615,-189.92931279227673,-169.99760748702874,othervirus_2014,-3930.2478225896793,-3052.8626048095234,-3781.0880023840973,-2910.8911318398823,-149.15982020558184,-141.97147296964096,,,,,,,,,,,,,,,,,,,,,,,,,,,,,,,,,,,,,,,,,,,,,,,,,,,,,,
11,823,52,-5121.158665752247,-3664.709540970778,-4910.136234057091,-3471.931152758569,-211.0224316951556,-192.77838821220877,othervirus_2014,-4599.988499328297,-3531.415125235481,-4431.344270619176,-3370.9178463341805,-168.64422870912074,-160.4972789013006,,,,,,,,,,,,,,,,,,,,,,,,,,,,,,,,,,,,,,,,,,,,,,,,,,,,,,
12,908,54,-5618.423371768907,-3987.531140186269,-5400.015712565912,-3785.980829180227,-218.40765920299518,-201.55031100604214,othervirus_2014,-5058.963009007645,-3867.733363843499,-4882.050124746591,-3698.66001753318,-176.91288426105422,-169.07334631031873,,,,,,,,,,,,,,,,,,,,,,,,,,,,,,,,,,,,,,,,,,,,,,,,,,,,,,
13,1050,60,-6502.190797777083,-4585.685004654261,-6250.756579047642,-4360.526758381836,-251.43421872944162,-225.15824627242574,othervirus_2014,-5841.756157207118,-4468.941937008163,-5639.2925305635845,-4276.212028819058,-202.46362664353407,-192.72990818910517,,,,,,,,,,,,,,,,,,,,,,,,,,,,,,,,,,,,,,,,,,,,,,,,,,,,,,
14,1141,63,-7032.503775805719,-4915.690406431759,-6766.006061220534,-4676.461969343338,-266.49771458518455,-239.22843708842103,othervirus_2014,-6320.129827538145,-4811.937964583906,-6104.7492259988785,-4605.897867649391,-215.38060153926654,-206.04009693451593,,,,,,,,,,,,,,,,,,,,,,,,,,,,,,,,,,,,,,,,,,,,,,,,,,,,,,
15,1234,66,-7579.02281003874,-5281.1742408613945,-7298.315682533277,-5029.356524283632,-280.7071275054631,-251.81771657776244,othervirus_2014,-6816.918501703561,-5186.890026676803,-6589.749284722645,-4968.812110433209,-227.16921698091565,-218.07791624359356,,,,,,,,,,,,,,,,,,,,,,,,,,,,,,,,,,,,,,,,,,,,,,,,,,,,,,
16,1317,68,-8076.363171513697,-5591.935954677313,-7786.751979568133,-5331.94387020987,-289.6111919455646,-259.99208446744376,othervirus_2014,-7261.509251422978,-5507.675883386998,-7027.00355718933,-5282.848289768383,-234.5056942336481,-224.82759361861483,,,,,,,,,,,,,,,,,,,,,,,,,,,,,,,,,,,,,,,,,,,,,,,,,,,,,,
17,1371,71,-8442.691661066376,-5796.194065565612,-8142.864702041867,-5526.363719665662,-299.8269590245083,-269.83034589995003,othervirus_2014,-7566.351068615106,-5721.390914214802,-7319.464618178961,-5485.879814398258,-246.88645043614457,-235.51109981654506,,,,,,,,,,,,,,,,,,,,,,,,,,,,,,,,,,,,,,,,,,,,,,,,,,,,,,
18,1446,72,-8939.848475479288,-6103.995740370366,-8627.113786465823,-5826.079538406517,-312.7346890134648,-277.9162019638491,othervirus_2014,-7987.2116704776045,-6033.825382110845,-7732.521930481903,-5791.120795325316,-254.68973999570193,-242.70458678552828,,,,,,,,,,,,,,,,,,,,,,,,,,,,,,,,,,,,,,,,,,,,,,,,,,,,,,
19,1481,73,-9144.037445158538,-6230.214283873225,-8825.8943989881,-5949.593178405585,-318.143046170436,-280.6211054676401,othervirus_2014,-8165.381401420619,-6163.681594960427,-7907.749550137429,-5918.695442702218,-257.63185128319003,-244.9861522582084,,,,,,,,,,,,,,,,,,,,,,,,,,,,,,,,,,,,,,,,,,,,,,,,,,,,,,
20,1531,76,-9456.657821342167,-6456.940991894918,-9126.268868118346,-6166.970634395106,-330.3889532238204,-289.97035749981194,othervirus_2014,-8437.32823716611,-6388.4762754009735,-8169.48103204356,-6132.172595392759,-267.8472051225501,-256.303680008215,,,,,,,,,,,,,,,,,,,,,,,,,,,,,,,,,,,,,,,,,,,,,,,,,,,,,,
21,1589,79,-9844.940000920109,-6720.906181023297,-9497.806925705969,-6419.321207117869,-347.13307521413986,-301.5849739054281,othervirus_2014,-8768.14638170363,-6652.043181395811,-8488.239634931828,-6384.14676253874,-279.90674677180175,-267.8964188570709,,,,,,,,,,,,,,,,,,,,,,,,,,,,,,,,,,,,,,,,,,,,,,,,,,,,,,
22,1618,80,-10006.483625657034,-6834.47239969045,-9653.595410389025,-6528.089661621452,-352.8882152680081,-306.38273806899787,othervirus_2014,-8921.400014326988,-6770.014355377922,-8636.683280317902,-6497.061056375961,-284.7167340090864,-272.9532990019607,,,,,,,,,,,,,,,,,,,,,,,,,,,,,,,,,,,,,,,,,,,,,,,,,,,,,,
23,1658,84,-10248.928113585136,-7022.781217063511,-9881.538738700485,-6705.615423612078,-367.389374884651,-317.1657934514327,othervirus_2014,-9145.871696699467,-6958.167300174483,-8850.403709035003,-6675.0432459115555,-295.4679876644633,-283.1240542629277,,,,,,,,,,,,,,,,,,,,,,,,,,,,,,,,,,,,,,,,,,,,,,,,,,,,,,
24,1673,85,-10344.14132307649,-7083.511398286347,-9976.187352002296,-6763.495675488526,-367.9539710741935,-320.0157227978207,othervirus_2014,-9232.524507111435,-7021.770030980388,-8933.048852636006,-6734.909680899979,-299.4756544754298,-286.86035008040835,,,,,,,,,,,,,,,,,,,,,,,,,,,,,,,,,,,,,,,,,,,,,,,,,,,,,,
25,1700,87,-10500.351661061539,-7194.430847589029,-10124.238498984143,-6866.845184332484,-376.11316207739577,-327.58566325654573,othervirus_2014,-9373.522829547614,-7131.386793421145,-9068.142041367872,-6837.918687300678,-305.38078817974144,-293.4681061204669,,,,,,,,,,,,,,,,,,,,,,,,,,,,,,,,,,,,,,,,,,,,,,,,,,,,,,
0,29,3,-211.20964604815813,-293.1762434424745,-195.03914977218042,-273.0749752062361,-16.170496275977708,-20.101268236238404,flu_2014,-177.4862981625255,-199.6441845362177,-167.82846393173435,-191.16477889386005,-9.657834230791144,-8.47940564235764,,,,,,,,,,,,,,,,,,,,,,,,,,,,,,,,,,,,,,,,,,,,,,,,,,,,,,
1,61,8,-429.31763613392343,-500.7164541477906,-398.9749240998907,-466.6466625557439,-30.342712034032704,-34.06979159204675,flu_2014,-374.6213586046788,-412.68525354371593,-351.2150606063934,-388.92749970518884,-23.40629799828539,-23.757753838527105,,,,,,,,,,,,,,,,,,,,,,,,,,,,,,,,,,,,,,,,,,,,,,,,,,,,,,
2,73,14,-528.9052906493233,-588.5021623500667,-481.9310623970256,-540.1430610548477,-46.974228252297706,-48.35910129521896,flu_2014,-458.93781704052,-501.50985089782193,-423.2976666945732,-464.3866147994914,-35.64015034594679,-37.12323609833052,,,,,,,,,,,,,,,,,,,,,,,,,,,,,,,,,,,,,,,,,,,,,,,,,,,,,,
3,99,19,-735.9736432749273,-768.1717923820781,-677.3062037605604,-707.6409286691612,-58.66743951436689,-60.530863712916954,flu_2014,-635.0641144590708,-696.6347711170096,-589.5442135650987,-648.5036755551777,-45.51990089397201,-48.13109556183189,,,,,,,,,,,,,,,,,,,,,,,,,,,,,,,,,,,,,,,,,,,,,,,,,,,,,,
4,141,25,-1074.0516800792666,-1046.8476152161056,-990.8227961647749,-968.9581044493345,-83.22888391449179,-77.88951076677098,flu_2014,-916.5492204794149,-1013.1826216062301,-853.4104587903046,-944.7946388600028,-63.13876168911032,-68.3879827462273,,,,,,,,,,,,,,,,,,,,,,,,,,,,,,,,,,,,,,,,,,,,,,,,,,,,,,
5,187,38,-1439.763464740134,-1355.315414061767,-1332.5516664099825,-1252.0535005631139,-107.21179833015148,-103.26191349865313,flu_2014,-1219.5118488122523,-1339.7295985295696,-1135.576202364202,-1250.1252021555513,-83.93564644805039,-89.60439637401817,,,,,,,,,,,,,,,,,,,,,,,,,,,,,,,,,,,,,,,,,,,,,,,,,,,,,,
6,256,57,-1946.6207361456513,-1810.4439557155247,-1791.0112067560895,-1665.4511965620786,-155.60952938956197,-144.99275915344595,flu_2014,-1669.192064667014,-1839.1362519899824,-1547.5125975368767,-1713.1441700391879,-121.67946713013723,-125.9920819507946,,,,,,,,,,,,,,,,,,,,,,,,,,,,,,,,,,,,,,,,,,,,,,,,,,,,,,
7,317,69,-2356.825455725619,-2173.1301444964356,-2178.3240146106655,-2002.5308009752791,-178.5014411149535,-170.59934352115638,flu_2014,-2031.2537192764948,-2247.6542506120695,-1882.7124976265284,-2094.7219997642246,-148.54122164996636,-152.9322508478448,,,,,,,,,,,,,,,,,,,,,,,,,,,,,,,,,,,,,,,,,,,,,,,,,,,,,,
8,412,96,-3124.341972814543,-2804.4794190057346,-2868.439410338716,-2579.3444706603323,-255.90256247582735,-225.13494834540256,flu_2014,-2665.0420075301513,-2965.8099487111413,-2459.9918131866148,-2753.14258165023,-205.0501943435365,-212.6673670609111,,,,,,,,,,,,,,,,,,,,,,,,,,,,,,,,,,,,,,,,,,,,,,,,,,,,,,
9,476,103,-3567.210903667688,-3196.810273931572,-3281.2274073215335,-2947.1694815125516,-285.9834963461544,-249.64079241902039,flu_2014,-3056.109760659499,-3399.34966574991,-2827.7802229372473,-3163.375017562901,-228.32953772225162,-235.97464818700902,,,,,,,,,,,,,,,,,,,,,,,,,,,,,,,,,,,,,,,,,,,,,,,,,,,,,,
10,550,112,-4150.124001447382,-3670.944931964652,-3827.1768358958752,-3394.743607071476,-322.94716555150757,-276.2013248931757,flu_2014,-3528.1063511637785,-3919.07340270856,-3274.1044422555215,-3656.1806427468946,-254.00190890825687,-262.8927599616655,,,,,,,,,,,,,,,,,,,,,,,,,,,,,,,,,,,,,,,,,,,,,,,,,,,,,,
11,584,113,-4348.627718548879,-3868.5677324082403,-4021.852841459131,-3584.950479666906,-326.7748770897481,-283.617252741334,flu_2014,-3721.963030391409,-4137.184911489304,-3460.651044873932,-3868.194321438329,-261.31198551747707,-268.9905900509744,,,,,,,,,,,,,,,,,,,,,,,,,,,,,,,,,,,,,,,,,,,,,,,,,,,,,,
12,661,131,-4952.461547194895,-4371.206363042984,-4586.097856469669,-4051.033098824123,-366.3636907252259,-320.1732642188611,flu_2014,-4230.146713440866,-4709.017782552818,-3932.3115970108393,-4400.318368197942,-297.83511643002697,-308.69941435487675,,,,,,,,,,,,,,,,,,,,,,,,,,,,,,,,,,,,,,,,,,,,,,,,,,,,,,
13,731,147,-5473.941739770864,-4812.394912986326,-5072.435389068608,-4464.127604075553,-401.5063507022564,-348.26730891077335,flu_2014,-4668.828147114915,-5212.485503831726,-4344.948103761923,-4875.153319275981,-323.8800433529914,-337.3321845557461,,,,,,,,,,,,,,,,,,,,,,,,,,,,,,,,,,,,,,,,,,,,,,,,,,,,,,
14,795,157,-5919.335453847436,-5193.881264268909,-5477.791311256089,-4818.854077892,-441.5441425913466,-375.02718637690936,flu_2014,-5046.253316800377,-5638.888167735372,-4696.996555583988,-5278.853684012795,-349.25676121638924,-360.03448372257657,,,,,,,,,,,,,,,,,,,,,,,,,,,,,,,,,,,,,,,,,,,,,,,,,,,,,,
15,877,172,-6530.5917740881505,-5701.714956984472,-6036.9951876469395,-5290.346599146009,-493.5965864412111,-411.36835783846306,flu_2014,-5553.541623971588,-6192.6841234110425,-5167.968063427021,-5797.498689512628,-385.57356054456704,-395.1854338984145,,,,,,,,,,,,,,,,,,,,,,,,,,,,,,,,,,,,,,,,,,,,,,,,,,,,,,
16,938,182,-6959.272189553663,-6087.33843351954,-6445.562808703429,-5654.114488088321,-513.7093808502343,-433.2239454312187,flu_2014,-5942.023240366945,-6619.981440009568,-5530.065221044315,-6200.849819397965,-411.95801932263015,-419.1316206116033,,,,,,,,,,,,,,,,,,,,,,,,,,,,,,,,,,,,,,,,,,,,,,,,,,,,,,
17,1001,190,-7418.428144677369,-6485.518246507723,-6876.085223756622,-6029.220548951243,-542.3429209207474,-456.297697556481,flu_2014,-6346.622264408029,-7048.534390939363,-5910.342903613881,-6605.117647208577,-436.27936079414746,-443.4167437307858,,,,,,,,,,,,,,,,,,,,,,,,,,,,,,,,,,,,,,,,,,,,,,,,,,,,,,
18,1040,198,-7712.865773546502,-6721.208425367417,-7137.574099198957,-6247.877365344567,-575.2916743475454,-473.3310600228495,flu_2014,-6580.321436081984,-7299.635403616452,-6127.974682491198,-6837.733615744209,-452.34675359078597,-461.9017878722435,,,,,,,,,,,,,,,,,,,,,,,,,,,,,,,,,,,,,,,,,,,,,,,,,,,,,,
19,1100,206,-8142.531282996088,-7085.597403426921,-7543.26833761244,-6593.265982311398,-599.2629453836483,-492.3314211155227,flu_2014,-6948.1414726324665,-7680.610723158022,-6476.942202755685,-7200.486170752133,-471.1992698767817,-480.1245524058883,,,,,,,,,,,,,,,,,,,,,,,,,,,,,,,,,,,,,,,,,,,,,,,,,,,,,,
20,1151,215,-8521.999484444254,-7400.872037287531,-7897.863141621487,-6887.422988929203,-624.1363428227661,-513.4490483583289,flu_2014,-7262.318728166983,-8022.517022420755,-6773.011233604215,-7521.510840413904,-489.3074945627691,-501.0061820068512,,,,,,,,,,,,,,,,,,,,,,,,,,,,,,,,,,,,,,,,,,,,,,,,,,,,,,
21,1202,227,-8901.698529270938,-7710.120962046949,-8240.84450741374,-7173.857977018491,-660.8540218571982,-536.2629850284582,flu_2014,-7573.3235502484695,-8348.763913456043,-7060.679572846419,-7821.654264920304,-512.6439774020503,-527.1096485357398,,,,,,,,,,,,,,,,,,,,,,,,,,,,,,,,,,,,,,,,,,,,,,,,,,,,,,
22,1261,236,-9331.689781960897,-8073.675859536066,-8639.978768662528,-7513.63292337811,-691.7110132983687,-560.0429361579564,flu_2014,-7939.1221693199,-8750.647594081485,-7402.21727862434,-8199.376352289195,-536.9048906955605,-551.27124179229,,,,,,,,,,,,,,,,,,,,,,,,,,,,,,,,,,,,,,,,,,,,,,,,,,,,,,
23,1311,246,-9731.80371579486,-8400.110191964923,-9013.527218669085,-7818.948613095685,-718.2764971257753,-581.1615788692378,flu_2014,-8269.637375851356,-9109.095004379342,-7711.4990302602255,-8534.782529629278,-558.1383455911304,-574.3124747500635,,,,,,,,,,,,,,,,,,,,,,,,,,,,,,,,,,,,,,,,,,,,,,,,,,,,,,
24,1334,250,-9902.700037097065,-8545.617201851039,-9171.209374905058,-7955.761963126009,-731.4906621920074,-589.8552387250295,flu_2014,-8416.827323734808,-9269.83302683807,-7849.322846685092,-8685.164747588726,-567.5044770497155,-584.6682792493441,,,,,,,,,,,,,,,,,,,,,,,,,,,,,,,,,,,,,,,,,,,,,,,,,,,,,,
25,1396,265,-10382.630013810875,-8946.496991825356,-9609.735595438056,-8326.68305997668,-772.8944183728189,-619.8139318486762,flu_2014,-8816.2944757188,-9717.739667331503,-8218.029358501475,-9102.445375045163,-598.2651172173242,-615.2942922863411,,,,,,,,,,,,,,,,,,,,,,,,,,,,,,,,,,,,,,,,,,,,,,,,,,,,,,
0,24,2,-138.1445667543482,-242.62861526273753,-130.78427480754,-225.99308292929885,-7.360291946808228,-16.635532333438686,othervirus_2015,-126.05053490969831,-96.07612822719629,-120.92618515655691,-90.6589670087543,-5.124349753141405,-5.417161218441988,-122.83434368600041,-92.10724398261665,-117.05437498072502,-86.87986258619964,-5.77996870527539,-5.227381396417013,,,,,,,,,,,,,,,,,,,,,,,,,,,,,,,,,,,,,,,,,,,,,,,,
1,35,2,-190.05494156001723,-283.59861098310114,-181.038555876239,-265.6144531066468,-9.016385683778235,-17.984157876454343,othervirus_2015,-175.53998810218243,-132.83569181716447,-169.26808795445635,-126.7792826378208,-6.271900147726089,-6.056409179343677,-171.26072006634723,-129.56614551649622,-164.35143418951264,-123.47225479836385,-6.9092858768346,-6.0938907181323625,,,,,,,,,,,,,,,,,,,,,,,,,,,,,,,,,,,,,,,,,,,,,,,,
2,59,2,-315.7630196455647,-382.90891497853715,-305.28356321779967,-363.4873830341449,-10.479456427765083,-19.421531944392246,othervirus_2015,-298.9619089184158,-229.72415016978968,-290.92005603655156,-222.32463093644864,-8.041852881864285,-7.399519233341032,-291.94931421428277,-224.0469619188201,-283.3728982569415,-216.5617201515942,-8.576415957341258,-7.485241767225903,,,,,,,,,,,,,,,,,,,,,,,,,,,,,,,,,,,,,,,,,,,,,,,,
3,100,3,-531.6412602008463,-522.7759088352703,-514.9263171261426,-498.741239465998,-16.714943074703633,-24.03466936927241,othervirus_2015,-507.2426555519634,-373.336856320979,-494.4377646237253,-361.21005557597016,-12.804890928238125,-12.126800745008847,-493.12206350382485,-358.95229096883526,-479.8185340799365,-346.7044784201199,-13.303529423888339,-12.247812548715306,,,,,,,,,,,,,,,,,,,,,,,,,,,,,,,,,,,,,,,,,,,,,,,,
4,150,5,-801.8457661878911,-700.3723199630216,-781.6652758118278,-667.4231621342999,-20.180490376063307,-32.94915782872165,othervirus_2015,-762.1487128275,-554.44642415866,-744.5534241819245,-537.8782877847551,-17.59528864557563,-16.568136373904842,-738.1369657491615,-530.0243103010125,-719.7547966189916,-513.6374581340355,-18.382169130169945,-16.386852166977057,,,,,,,,,,,,,,,,,,,,,,,,,,,,,,,,,,,,,,,,,,,,,,,,
5,186,5,-990.8013368115669,-817.3883972574544,-969.8986935515902,-783.3014197246374,-20.902643259976735,-34.08697753281698,othervirus_2015,-946.4122452117073,-685.7462698791174,-927.7306405595032,-668.3437335820718,-18.68160465220407,-17.402536297045664,-916.7680049682385,-651.9084908517301,-897.3337965547655,-634.7846409987475,-19.434208413472994,-17.12384985298262,,,,,,,,,,,,,,,,,,,,,,,,,,,,,,,,,,,,,,,,,,,,,,,,
6,254,10,-1391.1033875050966,-1080.5439042230848,-1351.4073988229113,-1028.2249885502388,-39.695988682185245,-52.31891567284601,othervirus_2015,-1316.130787886373,-957.0803156332295,-1281.5839281928188,-923.9953719737689,-34.54685969355418,-33.08494365946059,-1271.8242443693898,-913.7238998751618,-1236.1058813606166,-879.4762954064328,-35.71836300877315,-34.24760446872907,,,,,,,,,,,,,,,,,,,,,,,,,,,,,,,,,,,,,,,,,,,,,,,,
7,312,14,-1762.4555345905258,-1329.5670001574235,-1713.5027877467778,-1264.112577335359,-48.952746843747974,-65.45442282206457,othervirus_2015,-1643.6563573058963,-1202.301407190025,-1597.6476407866385,-1159.1485663493124,-46.00871651925783,-43.152840840712436,-1585.2784426291767,-1152.1730936296995,-1539.0674998518898,-1107.8139254816956,-46.21094277728691,-44.359168148003846,,,,,,,,,,,,,,,,,,,,,,,,,,,,,,,,,,,,,,,,,,,,,,,,
8,372,17,-2133.196326899452,-1556.1725249088897,-2063.5993639894823,-1478.8833707793785,-69.59696290996973,-77.28915412951119,othervirus_2015,-1974.6168529735885,-1441.8108080165457,-1916.5107143918235,-1387.6990261154049,-58.10613858176509,-54.111781901140766,-1902.7946252788095,-1381.1718016449242,-1844.607663705343,-1325.4554773892714,-58.18696157346655,-55.716324255652836,,,,,,,,,,,,,,,,,,,,,,,,,,,,,,,,,,,,,,,,,,,,,,,,
9,442,22,-2638.74395761854,-1856.8057679773945,-2545.6477146145476,-1764.139937691166,-93.0962430039927,-92.66583028622829,othervirus_2015,-2382.932733934238,-1738.5940013326592,-2308.8821641774543,-1671.7656047203743,-74.0505697567836,-66.82839661228493,-2293.3754771218114,-1672.1654599196643,-2220.2193512091862,-1603.2442078505444,-73.15612591262509,-68.9212520691199,,,,,,,,,,,,,,,,,,,,,,,,,,,,,,,,,,,,,,,,,,,,,,,,
10,554,27,-3293.6081457118203,-2266.1266879111568,-3182.8023433821445,-2155.439888556776,-110.80580232967566,-110.68679935438054,othervirus_2015,-2977.1105728982006,-2160.230714085829,-2887.527592710248,-2080.3110214296216,-89.58298018795254,-79.9196926562074,-2858.6705505521372,-2073.885062617073,-2770.6867041097794,-1991.6655549675304,-87.983846442358,-82.2195076495426,,,,,,,,,,,,,,,,,,,,,,,,,,,,,,,,,,,,,,,,,,,,,,,,
11,638,37,-3792.2564525748026,-2599.348676218909,-3645.431802493916,-2457.2811392037866,-146.8246500808864,-142.06753701512235,othervirus_2015,-3437.5788376071346,-2502.5227462334137,-3316.850689681532,-2394.475950661291,-120.72814792560256,-108.04679557212279,-3301.295756675402,-2404.512071354489,-3183.8778789068797,-2293.9329203721604,-117.41787776852223,-110.57915098232829,,,,,,,,,,,,,,,,,,,,,,,,,,,,,,,,,,,,,,,,,,,,,,,,
12,775,40,-4572.502832633561,-3076.7268875462423,-4406.280950074984,-2920.2206279231877,-166.22188255857765,-156.50625962305446,othervirus_2015,-4154.299718812797,-3012.7789128995773,-4019.605709685392,-2890.121031874658,-134.6940091274052,-122.65788102491953,-3988.1901479038165,-2887.501763333465,-3856.1939010264578,-2763.158875027829,-131.99624687735889,-124.34288830563649,,,,,,,,,,,,,,,,,,,,,,,,,,,,,,,,,,,,,,,,,,,,,,,,
13,894,50,-5363.088310274637,-3565.735755281925,-5148.446167581422,-3377.820165682436,-214.64214269321445,-187.91558959948918,othervirus_2015,-4828.605664596915,-3510.429505018807,-4659.8318324206775,-3356.303851384501,-168.77383217623697,-154.1256536343064,-4633.7978465006145,-3374.516156639464,-4469.351952269811,-3218.2274633675356,-164.44589423080404,-156.28869327192848,,,,,,,,,,,,,,,,,,,,,,,,,,,,,,,,,,,,,,,,,,,,,,,,
14,976,53,-5853.240846042839,-3865.026675854387,-5622.501095957336,-3665.9980368533397,-230.73975008550272,-199.02863900104734,othervirus_2015,-5275.9385723405685,-3828.7488098849367,-5095.773264098849,-3663.65116775792,-180.16530824171977,-165.0976421270165,-5060.354993218825,-3676.913389228156,-4885.012474623153,-3508.709342037543,-175.3425185956718,-168.20404719061315,,,,,,,,,,,,,,,,,,,,,,,,,,,,,,,,,,,,,,,,,,,,,,,,
15,1016,57,-6106.615477255083,-4020.969269875667,-5862.279012796541,-3813.0922456120306,-244.3364644585415,-207.8770242636365,othervirus_2015,-5496.396751426139,-3989.3783037046646,-5307.019528159696,-3817.3873657775216,-189.37722326644294,-171.99093792714308,-5271.558572015945,-3832.3158056890697,-5087.1832460823025,-3656.8053447681555,-184.3753259336431,-175.5104609209144,,,,,,,,,,,,,,,,,,,,,,,,,,,,,,,,,,,,,,,,,,,,,,,,
16,1169,65,-7157.013793238154,-4613.57242953341,-6878.595984966043,-4378.615424219393,-278.4178082721109,-234.95700531401667,othervirus_2015,-6355.923747852725,-4598.949123134636,-6142.015519175724,-4402.651075213767,-213.90822867700052,-196.2980479208685,-6090.188946316966,-4426.278892264397,-5880.7187806828015,-4226.330012521242,-209.47016563416454,-199.9488797431551,,,,,,,,,,,,,,,,,,,,,,,,,,,,,,,,,,,,,,,,,,,,,,,,
17,1274,68,-7788.367552315039,-4986.009697654306,-7489.473033917061,-4735.9401442167855,-298.8945183979774,-250.0695534375208,othervirus_2015,-6921.468686054435,-4996.637905858844,-6692.563141537688,-4785.086714987091,-228.9055445167472,-211.55119087175274,-6629.951222409733,-4803.512060187091,-6405.299967746988,-4588.564075066298,-224.65125466274537,-214.94798512079305,,,,,,,,,,,,,,,,,,,,,,,,,,,,,,,,,,,,,,,,,,,,,,,,
18,1384,77,-8552.817363969243,-5478.7757008106055,-8221.636874494212,-5209.459033560169,-331.18048947503064,-269.3166672504371,othervirus_2015,-7577.170344475588,-5500.195760372937,-7325.828042378353,-5270.40903997101,-251.34230209723546,-229.7867204019266,-7254.861008341452,-5293.160297048885,-7009.774808352739,-5060.1872200383505,-245.08619998871387,-232.97307701053427,,,,,,,,,,,,,,,,,,,,,,,,,,,,,,,,,,,,,,,,,,,,,,,,
19,1485,83,-9161.940384627917,-5870.019830178176,-8801.838687866235,-5582.460916065167,-360.1016967616821,-287.5589141130086,othervirus_2015,-8122.495857384911,-5903.1997345852615,-7851.952712192842,-5656.68711106155,-270.5431451920682,-246.5126235237109,-7779.190184421224,-5683.232647784282,-7514.775359601701,-5432.635210395591,-264.41482481952346,-250.59743738869128,,,,,,,,,,,,,,,,,,,,,,,,,,,,,,,,,,,,,,,,,,,,,,,,
20,1572,84,-9641.08196505682,-6161.280934031864,-9276.11657831035,-5866.960299484395,-364.9653867464696,-294.3206345474685,othervirus_2015,-8562.09916200554,-6210.216649185688,-8285.738700690403,-5958.447024463684,-276.36046131513655,-251.76962472200344,-8197.965803677847,-5977.040996345555,-7927.557555870567,-5720.90869914117,-270.40824780728104,-256.1322972043854,,,,,,,,,,,,,,,,,,,,,,,,,,,,,,,,,,,,,,,,,,,,,,,,
21,1645,87,-10162.211808718315,-6446.369109389856,-9775.60605419518,-6140.981213134402,-386.60575452313674,-305.3878962554537,othervirus_2015,-8971.992034740924,-6502.035852284709,-8683.711890003418,-6240.42807150939,-288.280144737506,-261.607780775319,-8591.408737769627,-6265.186848788659,-8309.073112453234,-5997.400711939756,-282.33562531639217,-267.78613684890263,,,,,,,,,,,,,,,,,,,,,,,,,,,,,,,,,,,,,,,,,,,,,,,,
22,1718,92,-10629.591923954387,-6735.1222708563655,-10225.82357221387,-6416.501041032538,-403.76835174051615,-318.6212298238276,othervirus_2015,-9375.77130287213,-6799.830409910898,-9072.082155618407,-6525.209671300799,-303.689147253722,-274.6207386101,-8977.809869848013,-6556.971256067094,-8679.952830850176,-6275.513327393142,-297.85703899783675,-281.45792867395204,,,,,,,,,,,,,,,,,,,,,,,,,,,,,,,,,,,,,,,,,,,,,,,,
23,1772,95,-10970.600493644106,-6957.48634426781,-10551.493834737325,-6629.808352569472,-419.1066589067814,-327.67799169833756,othervirus_2015,-9669.065467168932,-7023.195315698767,-9355.601111157783,-6739.740555428034,-313.4643560111483,-283.454760270733,-9261.147965476,-6778.094452449841,-8953.227057432912,-6487.004408669749,-307.9209080430877,-291.09004378009195,,,,,,,,,,,,,,,,,,,,,,,,,,,,,,,,,,,,,,,,,,,,,,,,
24,1833,97,-11359.453509098883,-7232.510752831668,-10928.993180118143,-6894.292129820618,-430.4603289807404,-338.2186230110495,othervirus_2015,-10024.228483793388,-7300.929424023815,-9700.56779317009,-7006.655650099303,-323.6606906232982,-294.27377392451234,-9600.31133321821,-7050.021986297169,-9283.230369688748,-6748.515942851037,-317.08096352946063,-301.5060434461316,,,,,,,,,,,,,,,,,,,,,,,,,,,,,,,,,,,,,,,,,,,,,,,,
25,1886,100,-11698.488041191164,-7473.269068801604,-11251.598708646616,-7126.06015993809,-446.8893325445475,-347.208908863514,othervirus_2015,-10320.096155345142,-7539.3857476844,-9986.137505290098,-7235.425049563889,-333.95865005504385,-303.96069812051076,-9887.359505076833,-7287.589741515423,-9561.178292289445,-6975.537971175423,-326.1812127873866,-312.0517703399999,,,,,,,,,,,,,,,,,,,,,,,,,,,,,,,,,,,,,,,,,,,,,,,,
0,22,2,-169.84526649627378,-222.4095639908427,-161.04153992468108,-207.1603260185239,-8.80372657159269,-15.249237972318797,flu_2015,-137.71068184242506,-133.03307483897623,-133.02487668936442,-129.64240282292351,-4.685805153060653,-3.3906720160527186,-135.07324192792476,-141.81978259306803,-130.3142945091961,-137.67415768210716,-4.758947418728655,-4.145624910960874,,,,,,,,,,,,,,,,,,,,,,,,,,,,,,,,,,,,,,,,,,,,,,,,
1,35,5,-263.6690761571803,-301.8335812117224,-245.70637143910835,-279.01070468811884,-17.962704718071983,-22.822876523603533,flu_2015,-214.418927359031,-210.97213113332435,-203.42376150239465,-199.96171960241878,-10.995165856636348,-11.010411530905582,-210.9010258167603,-225.55612151780022,-200.38522915527975,-213.67390471786473,-10.515796661480547,-11.882216799935499,,,,,,,,,,,,,,,,,,,,,,,,,,,,,,,,,,,,,,,,,,,,,,,,
2,47,9,-392.9667175752629,-397.06190576654336,-365.93550937965597,-365.4425061987183,-27.031208195606943,-31.619399567825067,flu_2015,-313.8208015680533,-319.325354551717,-293.298975557477,-297.7737020565007,-20.521826010576298,-21.551652495216256,-306.05403767999877,-339.8696753417375,-287.5505816230259,-318.36418734698634,-18.503456056972887,-21.505487994751125,,,,,,,,,,,,,,,,,,,,,,,,,,,,,,,,,,,,,,,,,,,,,,,,
3,60,12,-488.6791612792463,-474.704989094039,-457.65781433048085,-437.17798979260795,-31.021346948765412,-37.52699930143101,flu_2015,-392.9303493642174,-388.16750923695884,-369.125093870592,-363.4332793341051,-23.805255493625417,-24.73422990285369,-382.4429598145447,-410.7721754206458,-360.3896042138462,-386.28133124324864,-22.05335560069845,-24.490844177397125,,,,,,,,,,,,,,,,,,,,,,,,,,,,,,,,,,,,,,,,,,,,,,,,
4,80,14,-602.6035625398142,-582.8480694280343,-565.6372987646939,-539.8793020072843,-36.96626377512029,-42.96876742074999,flu_2015,-500.1681371666159,-487.29756626388166,-471.2546280315212,-456.8562064352421,-28.913509135094728,-30.441359828639584,-487.4249962035767,-512.9122114291536,-460.8873633753961,-482.70083324802243,-26.537632828180598,-30.21137818113114,,,,,,,,,,,,,,,,,,,,,,,,,,,,,,,,,,,,,,,,,,,,,,,,
5,105,14,-769.65792755006,-730.7414549652173,-725.7667708247395,-683.9576918673281,-43.89115672532044,-46.7837630978892,flu_2015,-645.6147647786353,-639.1521844940677,-612.1860884755671,-603.2791595660871,-33.42867630306824,-35.873024927980616,-630.8963119701846,-676.1876295869863,-599.815854019119,-640.842512785465,-31.08045795106559,-35.34511680152126,,,,,,,,,,,,,,,,,,,,,,,,,,,,,,,,,,,,,,,,,,,,,,,,
6,119,15,-890.9094074906991,-813.0746293471198,-840.5192848029949,-763.2084101739497,-50.39012268770415,-49.8662191731701,flu_2015,-738.8613641248344,-720.3940193852835,-702.032385713873,-680.4629026165526,-36.828978410961334,-39.93111676873092,-718.9401857560932,-758.8953054422965,-684.6048935129768,-719.8357794436996,-34.3352922431164,-39.05952599859686,,,,,,,,,,,,,,,,,,,,,,,,,,,,,,,,,,,,,,,,,,,,,,,,
7,129,17,-956.8505785201243,-873.4055782562283,-898.0699598671246,-819.056467648051,-58.78061865299969,-54.34911060817733,flu_2015,-794.938062307588,-784.4817322274691,-753.3079361737991,-739.9777260732149,-41.63012613378881,-44.50400615425426,-775.690195525575,-830.3353235741295,-737.0427231369662,-785.7265219496087,-38.647472388608726,-44.60880162452072,,,,,,,,,,,,,,,,,,,,,,,,,,,,,,,,,,,,,,,,,,,,,,,,
8,158,22,-1208.1437818103363,-1081.5078515256996,-1135.0069186925261,-1016.2720937525801,-73.1368631178103,-65.23575777311947,flu_2015,-1003.6395638235256,-1010.053957867178,-951.0969069905129,-953.7065512793592,-52.54265683301262,-56.347406587818774,-979.7763441711775,-1074.1776691429557,-930.830011442532,-1016.1967325174364,-48.94633272864537,-57.98093662551929,,,,,,,,,,,,,,,,,,,,,,,,,,,,,,,,,,,,,,,,,,,,,,,,
9,208,36,-1630.1452593237495,-1434.4788212338192,-1519.280932926908,-1340.0577374512627,-110.86432639684165,-94.42108378255654,flu_2015,-1355.4294482289579,-1395.7054142086224,-1276.5327822203324,-1311.2856828107815,-78.89666600862544,-84.41973139784088,-1327.590940553009,-1484.2692313744913,-1251.8363458314416,-1400.356228808915,-75.75459472156732,-83.91300256557625,,,,,,,,,,,,,,,,,,,,,,,,,,,,,,,,,,,,,,,,,,,,,,,,
10,271,46,-2171.059441557615,-1868.2515354364248,-2028.6682829643623,-1749.677673212929,-142.39115859325304,-118.5738622234957,flu_2015,-1802.131066473069,-1870.18020597899,-1698.4118301025633,-1760.31430036053,-103.71923637050571,-109.86590561845988,-1764.5485626575319,-1989.5316671063133,-1665.2651138332699,-1880.287224696305,-99.28344882426202,-109.24444241000826,,,,,,,,,,,,,,,,,,,,,,,,,,,,,,,,,,,,,,,,,,,,,,,,
11,331,55,-2589.9944827792424,-2240.1912511381297,-2419.2414555079235,-2093.7471863887913,-170.75302727131879,-146.44406474933825,flu_2015,-2169.761182782845,-2283.7970557167737,-2040.2162703880333,-2145.6068526073786,-129.54491239481152,-138.19020310939496,-2130.3978851525194,-2436.67191892903,-2003.9785653036151,-2300.8764454091734,-126.41931984890422,-135.79547351985673,,,,,,,,,,,,,,,,,,,,,,,,,,,,,,,,,,,,,,,,,,,,,,,,
12,386,60,-3071.043423615433,-2612.584066293969,-2877.3114180306975,-2449.8615652445187,-193.7320055847355,-162.72250104945044,flu_2015,-2558.4024471523207,-2701.109817495594,-2413.67617961526,-2546.645422403835,-144.72626753706083,-154.46439509175943,-2507.997264463839,-2886.985863281311,-2365.9211146799266,-2734.1078349647714,-142.07614978391277,-152.87802831653983,,,,,,,,,,,,,,,,,,,,,,,,,,,,,,,,,,,,,,,,,,,,,,,,
13,416,65,-3310.1497950944217,-2808.807496774198,-3101.766308688147,-2633.270695655335,-208.38348640627478,-175.53680111886317,flu_2015,-2758.6429199641984,-2921.5724388498115,-2600.8694286392038,-2755.7669111098635,-157.77349132499484,-165.80552773994813,-2704.381211080407,-3127.623596453132,-2550.47967918577,-2962.5697324370244,-153.90153189463715,-165.05386401610747,,,,,,,,,,,,,,,,,,,,,,,,,,,,,,,,,,,,,,,,,,,,,,,,
14,497,80,-3979.7769494642807,-3336.1774739510306,-3734.950840819576,-3130.2657176588896,-244.8261086447045,-205.91175629214086,flu_2015,-3313.8342290751248,-3509.0318982411495,-3125.0489501702723,-3312.445084123795,-188.7852789048524,-196.58681411735444,-3243.521125391153,-3757.5173220794086,-3057.767519384216,-3562.702408181326,-185.753606006937,-194.8149138980824,,,,,,,,,,,,,,,,,,,,,,,,,,,,,,,,,,,,,,,,,,,,,,,,
15,558,90,-4484.840442059886,-3727.1105281553487,-4211.263793505385,-3499.684460072553,-273.5766485545006,-227.4260680827956,flu_2015,-3728.0698948441177,-3940.849664315942,-3518.2864221842983,-3722.596582364454,-209.78347265981915,-218.25308195148781,-3645.904041794291,-4213.570710651746,-3440.419100954281,-3997.451589000541,-205.48494084000984,-216.1191216512045,,,,,,,,,,,,,,,,,,,,,,,,,,,,,,,,,,,,,,,,,,,,,,,,
16,628,97,-5128.400702289803,-4195.796822521912,-4822.780686070596,-3943.622256096623,-305.6200162192073,-252.17456642528907,flu_2015,-4235.530553377497,-4465.818208035886,-4002.8026305347635,-4222.954138293512,-232.72792284273362,-242.86406974237357,-4135.0477875535125,-4769.34081851335,-3906.122567202243,-4528.5556893967105,-228.9252203512694,-240.78512911663984,,,,,,,,,,,,,,,,,,,,,,,,,,,,,,,,,,,,,,,,,,,,,,,,
17,671,110,-5465.151158362482,-4480.416803789507,-5127.81554952773,-4199.7877291816485,-337.33560883475263,-280.6290746078588,flu_2015,-4521.163849883529,-4777.151632564594,-4260.478220551244,-4503.883695353811,-260.68562933228543,-273.2679372107829,-4417.230299793196,-5103.485787573562,-4160.932951771154,-4833.268251086153,-256.29734802204183,-270.2175364874093,,,,,,,,,,,,,,,,,,,,,,,,,,,,,,,,,,,,,,,,,,,,,,,,
18,728,116,-5864.79507349877,-4844.4341120714835,-5506.21571793334,-4544.060354069094,-358.5793555654297,-300.3737580023901,flu_2015,-4875.683505715824,-5176.140533153607,-4595.222449276847,-4881.379834325082,-280.46105643897675,-294.76069882852477,-4772.294425911276,-5537.235725710247,-4496.490970605248,-5247.347944701042,-275.8034553060287,-289.8877810092042,,,,,,,,,,,,,,,,,,,,,,,,,,,,,,,,,,,,,,,,,,,,,,,,
19,769,130,-6208.499467614352,-5117.405540989223,-5816.713596525177,-4791.85855781787,-391.7858710891748,-325.54698317135217,flu_2015,-5158.516664912566,-5485.402006331054,-4857.381148928923,-5170.473996128745,-301.13551598364273,-314.92801020230866,-5051.486721957142,-5870.007214605499,-4751.905563614697,-5559.477408303216,-299.5811583424455,-310.52980630228257,,,,,,,,,,,,,,,,,,,,,,,,,,,,,,,,,,,,,,,,,,,,,,,,
20,815,139,-6607.842018675964,-5433.380650067141,-6194.106126131496,-5086.607181026723,-413.73589254446813,-346.7734690404174,flu_2015,-5490.172758187566,-5835.314255047058,-5165.071320574412,-5495.145545713111,-325.1014376131533,-340.1687093339476,-5374.2278222543,-6243.730891593834,-5053.134298651599,-5909.6874977322705,-321.0935236027008,-334.0433938615638,,,,,,,,,,,,,,,,,,,,,,,,,,,,,,,,,,,,,,,,,,,,,,,,
21,863,145,-6954.707376855143,-5733.874667450007,-6517.046472868188,-5369.584812678164,-437.6609039869545,-364.2898547718434,flu_2015,-5784.994724152686,-6165.409435993825,-5443.578699764115,-5805.5510756621325,-341.4160243885708,-359.85836033169323,-5670.03068984549,-6599.6860970956905,-5331.974136199666,-6247.416028871217,-338.05655364582435,-352.2700682244731,,,,,,,,,,,,,,,,,,,,,,,,,,,,,,,,,,,,,,,,,,,,,,,,
22,894,147,-7158.786376569085,-5922.210060614214,-6709.80100851117,-5549.523829410449,-448.98536805791565,-372.686231203765,flu_2015,-5967.629191161724,-6373.795511092668,-5618.05378684619,-6005.456469716593,-349.57540431553355,-368.33904137607465,-5855.698888494277,-6827.062950599799,-5509.28090652268,-6465.419579895913,-346.41798197159676,-361.643370703886,,,,,,,,,,,,,,,,,,,,,,,,,,,,,,,,,,,,,,,,,,,,,,,,
23,918,149,-7369.520449612311,-6084.857597466173,-6905.6467370597675,-5704.247808132385,-463.87371255254294,-380.60978933378755,flu_2015,-6133.89697857759,-6548.064200689089,-5777.103706519051,-6171.255051673516,-356.793272058539,-376.80914901557327,-6020.6932181127995,-7012.02906665783,-5666.556758145829,-6642.868878738208,-354.13645996697096,-369.160187919622,,,,,,,,,,,,,,,,,,,,,,,,,,,,,,,,,,,,,,,,,,,,,,,,
24,940,153,-7546.0890723187,-6230.340154168962,-7071.070837095338,-5840.668333535295,-475.01823522336235,-389.6718206336677,flu_2015,-6285.535864785555,-6712.765203648369,-5920.18555492882,-6328.260591800347,-365.35030985673427,-384.5046118480212,-6169.885723030426,-7190.552762777862,-5806.925931954838,-6812.238653538727,-362.9597910755874,-378.31410923913506,,,,,,,,,,,,,,,,,,,,,,,,,,,,,,,,,,,,,,,,,,,,,,,,
25,965,156,-7732.331887221665,-6385.035298355739,-7246.034396430346,-5987.043994177391,-486.2974907913198,-397.99130417834783,flu_2015,-6439.487568768703,-6884.575554956028,-6065.545578486665,-6490.541113480618,-373.9419902820376,-394.03444147541006,-6323.223798736558,-7376.495539120841,-5951.512205856508,-6988.996000931716,-371.7115928800491,-387.4995381891256,,,,,,,,,,,,,,,,,,,,,,,,,,,,,,,,,,,,,,,,,,,,,,,,
0,28,10,-210.01093307961884,-283.0667178065271,-195.84482737532048,-263.65859675084863,-14.16610570429837,-19.40812105567846,flu_2016,-178.74314729092293,-199.49179133008556,-163.3403513837855,-181.93513459483256,-15.402795907137437,-17.55665673525299,-175.54929688238354,-215.2897696089503,-161.56040114397993,-197.62189723088565,-13.988895738403613,-17.66787237806465,-178.26613132356428,-222.98732164472176,-161.77578390905495,-204.23934930634428,-16.49034741450932,-18.747972338377487,,,,,,,,,,,,,,,,,,,,,,,,,,,,,,,,,,,,,,,,,,
1,66,14,-514.8207979303507,-534.863542044679,-479.1858031528509,-495.9124268686911,-35.6349947774999,-38.95111517598791,flu_2016,-412.58570170480965,-461.9594636204839,-384.8724882511592,-429.2132260630281,-27.713213453650447,-32.74623755745582,-412.32777101298547,-501.79444536281824,-384.8259704336368,-468.2931386323537,-27.501800579348643,-33.501306730464506,-419.7968995438804,-519.1933980468847,-389.46560809559355,-484.9440140039419,-30.331291448286855,-34.249384042942744,,,,,,,,,,,,,,,,,,,,,,,,,,,,,,,,,,,,,,,,,,
2,124,29,-990.4212965142121,-929.2190703341721,-913.6653839773534,-858.257826861787,-76.7559125368588,-70.9612434723852,flu_2016,-797.4566940763314,-906.5387168594848,-743.1685347628635,-846.3766915722572,-54.2881593134679,-60.16202528722761,-800.8892771677283,-987.704050251096,-743.6845108779165,-926.4352320726596,-57.20476628981178,-61.26881817843643,-812.4481290354443,-1021.3440006358828,-752.2236799612931,-957.9644395420297,-60.22444907415119,-63.37956109385314,,,,,,,,,,,,,,,,,,,,,,,,,,,,,,,,,,,,,,,,,,
3,246,52,-1896.0839892487745,-1693.0257462866991,-1741.8272913650803,-1571.369136880051,-154.25669788369413,-121.65660940664809,flu_2016,-1558.130249614636,-1748.0097398493065,-1453.4515338843964,-1634.7345820453804,-104.67871573023957,-113.2751578039261,-1567.2270581901007,-1902.4023417770618,-1457.8233924435128,-1782.6987776626993,-109.40366574658785,-119.70356411436242,-1592.7203246547922,-1969.7143236424297,-1478.81238619232,-1844.7045195009496,-113.90793846247222,-125.00980414148015,,,,,,,,,,,,,,,,,,,,,,,,,,,,,,,,,,,,,,,,,,
4,443,93,-3323.7156039819292,-2882.752917933619,-3055.6896394127734,-2673.2538254375618,-268.0259645691557,-209.49909249605687,flu_2016,-2752.3228432226015,-3094.879695926174,-2560.4507965870675,-2888.164672627423,-191.8720466355339,-206.71502329875096,-2769.4239679967977,-3381.779669516309,-2568.42323748279,-3164.491150486127,-201.00073051400773,-217.28851903018173,-2827.444494360574,-3495.3244159796154,-2622.995861150728,-3273.978454685885,-204.44863320984592,-221.34596129373043,,,,,,,,,,,,,,,,,,,,,,,,,,,,,,,,,,,,,,,,,,
5,700,146,-5368.693045210836,-4538.584008655408,-4932.582558091692,-4205.322087253904,-436.1104871191445,-333.2619214015036,flu_2016,-4427.621754637673,-4936.094765391075,-4114.214743165995,-4596.279117949587,-313.40701147167766,-339.8156474414885,-4440.250050055533,-5365.225203338554,-4117.881881214366,-5011.917711937245,-322.3681688411672,-353.3074914013091,-4509.012638485192,-5536.6500705752815,-4183.029790638904,-5180.881481444147,-325.98284784628777,-355.76858913113483,,,,,,,,,,,,,,,,,,,,,,,,,,,,,,,,,,,,,,,,,,
6,1299,251,-9915.599062487374,-8320.501114071685,-9129.004553960407,-7735.925486244112,-786.5945085269673,-584.5756278275728,flu_2016,-8212.152295046399,-9143.051851914603,-7652.291599005788,-8542.051246149778,-559.86069604061,-601.0006057648234,-8241.116502900046,-9935.59166918465,-7664.240812765705,-9316.52625976592,-576.87569013434,-619.0654094187305,-8368.979665621586,-10280.225284630515,-7788.508167369557,-9651.546736506396,-580.4714982520298,-628.6785481241191,,,,,,,,,,,,,,,,,,,,,,,,,,,,,,,,,,,,,,,,,,
7,2421,430,-18399.943530809094,-15452.243846773112,-17024.27761509343,-14417.424187219,-1375.6659157156655,-1034.819659554112,flu_2016,-15375.734708503116,-17152.678292830682,-14373.381642701152,-16094.832187363823,-1002.3530658019638,-1057.8461054668592,-15404.963854125286,-18646.724573084106,-14387.486869516837,-17569.247112441066,-1017.4769846084482,-1077.4774606430396,-15649.452015809324,-19334.62970253643,-14626.09254298361,-18234.00687472008,-1023.3594728257137,-1100.6228278163499,,,,,,,,,,,,,,,,,,,,,,,,,,,,,,,,,,,,,,,,,,
8,3662,601,-27563.22889828774,-23232.57696608273,-25629.214044349763,-21754.72338428175,-1934.014853937978,-1477.8535818009789,flu_2016,-23212.218032304383,-25870.11413268076,-21762.71843075702,-24353.251613247226,-1449.4996015473616,-1516.8625194335336,-23259.34181161297,-28081.855688103078,-21797.254953358548,-26539.479070011403,-1462.0868582544213,-1542.3766180916768,-23578.97021814155,-29143.155507991676,-22113.835286582493,-27563.17789607681,-1465.1349315590573,-1579.9776119148673,,,,,,,,,,,,,,,,,,,,,,,,,,,,,,,,,,,,,,,,,,
9,4634,760,-34890.12025302088,-29384.856362161307,-32442.080240822026,-27519.59659848524,-2448.040012198857,-1865.259763676066,flu_2016,-29405.287159971307,-32791.184136652824,-27568.297211024626,-30871.188075245354,-1836.9899489466802,-1919.9960614074694,-29465.722886876134,-35617.35543898924,-27612.826156976545,-33663.4947127353,-1852.8967298995872,-1953.8607262539376,-29896.89136947558,-36951.79897645472,-28037.17012340974,-34960.99130440809,-1859.7212460658366,-1990.8076720466256,,,,,,,,,,,,,,,,,,,,,,,,,,,,,,,,,,,,,,,,,,
10,5534,935,-41812.042427546476,-35082.36761743243,-38847.85120412956,-32829.79122369987,-2964.1912234169113,-2252.576393732564,flu_2016,-35162.950105417556,-39235.42472148428,-32935.809224258825,-36901.59565420966,-2227.1408811587326,-2333.8290672746252,-35210.21611475059,-42611.87452387328,-32969.74138330433,-40238.558657873175,-2240.474731446256,-2373.315866000105,-35712.78057735264,-44200.314802653105,-33456.61165803223,-41783.274144069204,-2256.1689193204124,-2417.0406585838978,,,,,,,,,,,,,,,,,,,,,,,,,,,,,,,,,,,,,,,,,,
11,6293,1079,-47488.99045842175,-39832.344433042046,-44113.49135078634,-37250.899476020786,-3375.499107635413,-2581.4449570212623,flu_2016,-39942.90160402875,-44591.61232495678,-37383.16679072594,-41912.02958704712,-2559.734813302812,-2679.582737909665,-40004.80209419104,-48427.49241412386,-37432.66889188978,-45708.669715918666,-2572.1332023012646,-2718.8226982051947,-40565.441390085616,-50235.8119460184,-37983.25291921636,-47471.865107364996,-2582.188470869257,-2763.9468386534077,,,,,,,,,,,,,,,,,,,,,,,,,,,,,,,,,,,,,,,,,,
12,7124,1221,-53666.72310500112,-45069.742159852125,-49854.15869528553,-42157.01370572535,-3812.564409715592,-2912.7284541267713,flu_2016,-45214.706161064656,-50568.54033953497,-42318.328280704234,-47533.440540409974,-2896.377880360419,-3035.0997991249956,-45285.83564726424,-54927.73340322531,-42385.6678239003,-51853.22897320596,-2900.1678233639377,-3074.5044300193567,-45915.77789683807,-57005.42072157203,-42992.553264103924,-53873.55857492652,-2923.2246327341454,-3131.862146645505,,,,,,,,,,,,,,,,,,,,,,,,,,,,,,,,,,,,,,,,,,
13,7862,1349,-59093.885617979,-49713.97005915905,-54882.55417684029,-46499.60284265281,-4211.331441138714,-3214.3672165062417,flu_2016,-49879.77037426755,-55793.94213116604,-46678.54982826179,-52439.65583941195,-3201.2205460057567,-3354.2862917540915,-49960.476891156184,-60616.20556266739,-46756.057411455586,-57216.85290867917,-3204.4194797005975,-3399.3526539882255,-50653.72354296436,-62908.943806408875,-47423.15123932975,-59452.8999351645,-3230.572303634606,-3456.0438712443756,,,,,,,,,,,,,,,,,,,,,,,,,,,,,,,,,,,,,,,,,,
14,8402,1461,-63233.03215421127,-53187.64701690108,-58728.09908110538,-49747.29417529533,-4504.9330731058935,-3440.352841605754,flu_2016,-53359.74326069417,-59727.48307857972,-49934.8539445069,-56127.58356788036,-3424.889316187273,-3599.899510699355,-53455.220444546125,-64902.28208765812,-50014.678580337924,-61256.35446178048,-3440.541864208202,-3645.92762587764,-54183.49749274714,-67362.87948080637,-50714.30188265492,-63646.848638047275,-3469.1956100922184,-3716.0308427590885,,,,,,,,,,,,,,,,,,,,,,,,,,,,,,,,,,,,,,,,,,
15,8923,1589,-67179.31264321295,-56479.90724623621,-62314.165193952074,-52776.808297191594,-4865.147449260871,-3703.0989490446163,flu_2016,-56656.46362091407,-63501.994509401,-52970.74704121742,-59624.064506057155,-3685.716579696651,-3877.930003343851,-56770.81271230768,-69040.05374183382,-53061.97579036748,-65117.73281503638,-3708.8369219401966,-3922.3209267974335,-57556.305287615236,-71656.29329658151,-53815.4863679644,-67654.91271264013,-3740.818919650842,-4001.3805839413817,,,,,,,,,,,,,,,,,,,,,,,,,,,,,,,,,,,,,,,,,,
16,9295,1689,-69971.82678680244,-58773.54768083265,-64840.64177495904,-54878.4301787477,-5131.185011843409,-3895.1175020849482,flu_2016,-58961.061987135865,-66078.23201680549,-55079.66602224794,-61993.57986123843,-3881.3959648879236,-4084.652155567058,-59078.846242234984,-71863.03600859159,-55176.468054273515,-67731.58205289954,-3902.3781879614703,-4131.453955692057,-59914.24698016457,-74577.12376336702,-55975.86128988184,-70359.31782286162,-3938.38569028273,-4217.805940505406,,,,,,,,,,,,,,,,,,,,,,,,,,,,,,,,,,,,,,,,,,
17,9600,1760,-72207.09146136141,-60697.03050448368,-66883.08968897576,-56651.63525791526,-5324.001772385658,-4045.395246568422,flu_2016,-60890.49472435155,-68244.51977661496,-56857.521248640754,-64001.491680232226,-4032.973475710791,-4243.028096382744,-61011.289005609055,-74217.10117835685,-56954.12808855422,-69929.96422746933,-4057.160917054836,-4287.136950887517,-61868.41140934846,-77028.49011588992,-57777.49913902931,-72653.23247211889,-4090.91227031915,-4375.257643771021,,,,,,,,,,,,,,,,,,,,,,,,,,,,,,,,,,,,,,,,,,
18,9863,1816,-74122.29606871949,-62316.03122484041,-68625.21894138235,-58146.89156703942,-5497.077127337136,-4169.139657800984,flu_2016,-62512.332054217506,-70058.62913786354,-58356.33505810156,-65694.49844050944,-4155.996996115942,-4364.13069735409,-62635.532837305145,-76209.29939444517,-58452.025992649294,-71794.98503573357,-4183.5068446558535,-4414.314358711599,-63518.84890994716,-79085.02894150699,-59301.145219143364,-74584.468351086,-4217.703690803795,-4500.560590420984,,,,,,,,,,,,,,,,,,,,,,,,,,,,,,,,,,,,,,,,,,
19,10183,1900,-76544.45472848996,-64333.76441471373,-70812.5401179211,-59998.47584127299,-5731.91461056886,-4335.288573440742,flu_2016,-64542.96271634001,-72358.41477598323,-60215.226712288146,-67817.73341550221,-4327.736004051861,-4540.681360481011,-64660.584649478114,-78728.29552954002,-60311.640192000545,-74132.65645149593,-4348.944457477573,-4595.639078044091,-65574.27727998984,-81690.06873174627,-61183.91532368277,-77006.44483990093,-4390.361956307064,-4683.623891845352,,,,,,,,,,,,,,,,,,,,,,,,,,,,,,,,,,,,,,,,,,
20,10412,1940,-78217.49809496598,-65744.13343468061,-72357.51545944394,-61319.085125178826,-5859.982635522038,-4425.048309501785,flu_2016,-65958.52133090288,-73954.84102829656,-61540.6910768361,-69316.78244126828,-4417.830254066784,-4638.058587028284,-66086.61874683933,-80464.80841546234,-61645.37683713958,-75773.79310204386,-4441.241909699753,-4691.015313418476,-67030.44913743435,-83481.17697565253,-62549.82836044309,-78704.67870551128,-4480.62077699126,-4776.498270141247,,,,,,,,,,,,,,,,,,,,,,,,,,,,,,,,,,,,,,,,,,
21,10607,1976,-79678.13810841463,-66960.42345639107,-73707.04354110188,-62460.1878472972,-5971.094567312744,-4500.235609093866,flu_2016,-67182.02263835316,-75293.30386929894,-62690.32473903626,-70578.72121818541,-4491.697899316896,-4714.582651113522,-67312.82446865049,-81916.48454060087,-62794.56738746722,-77142.82034857267,-4518.257081183267,-4773.664192028204,-68264.59814240754,-84982.81268656012,-63704.68459436642,-80126.0849554987,-4559.913548041125,-4856.727731061419,,,,,,,,,,,,,,,,,,,,,,,,,,,,,,,,,,,,,,,,,,
22,10730,2000,-80646.79192569296,-67759.43405902579,-74597.79394650285,-63200.5264012183,-6048.997979190114,-4558.907657807487,flu_2016,-67990.78064633158,-76208.17540037894,-63439.858595699945,-71428.22251776549,-4550.922050631633,-4779.952882613452,-68116.48960722914,-82906.07229412188,-63538.000747159116,-78069.43002498281,-4578.488860070022,-4836.642269139081,-69068.64808506292,-86004.53641586435,-64448.20834105311,-81082.10426535437,-4620.439744009802,-4922.432150509976,,,,,,,,,,,,,,,,,,,,,,,,,,,,,,,,,,,,,,,,,,
23,10846,2027,-81514.7817641226,-68476.67351902428,-75381.98038895227,-63859.20599761766,-6132.801375170321,-4617.46752140661,flu_2016,-68718.87331939775,-77011.86135718277,-64108.25124198732,-72166.2465923972,-4610.622077410435,-4845.614764785565,-68841.42719637767,-83772.15569928402,-64203.750691958456,-78869.33964821279,-4637.6765044192125,-4902.8160510712405,-69796.95278604899,-86896.24641797219,-65117.320987281535,-81908.12208760611,-4679.631798767463,-4988.12433036607,,,,,,,,,,,,,,,,,,,,,,,,,,,,,,,,,,,,,,,,,,
24,10932,2049,-82138.51183118895,-68997.65283599017,-75941.25964044033,-64330.532429922394,-6197.25219074863,-4667.120406067782,flu_2016,-69243.82657622398,-77579.2830745847,-64582.52764331605,-72684.01778773434,-4661.2989329079355,-4895.265286850361,-69365.98926769417,-84387.81074015827,-64678.955198682794,-79434.97651909041,-4687.034069011367,-4952.83422106785,-70327.23403081058,-87530.86280762604,-65598.88380390631,-82493.72797073795,-4728.350226904259,-5037.134836888085,,,,,,,,,,,,,,,,,,,,,,,,,,,,,,,,,,,,,,,,,,
25,11009,2069,-82804.58733912077,-69514.92622101062,-76561.70126968235,-64810.32026414594,-6242.886069438419,-4704.605956864682,flu_2016,-69766.60344990174,-78144.15762400356,-65066.85394825296,-73211.92032620811,-4699.74950164878,-4932.237297795447,-69878.48022501971,-84997.13154254343,-65156.70313191712,-80010.34353933108,-4721.777093102589,-4986.788003212351,-70843.32478587606,-88159.53311548616,-66079.74809634217,-83084.39842409443,-4763.576689533882,-5075.134691391737,,,,,,,,,,,,,,,,,,,,,,,,,,,,,,,,,,,,,,,,,,
0,24,0,-177.0637001726737,-242.62861526273753,-165.91537140006298,-225.99308292929885,-11.148328772610704,-16.635532333438686,othervirus_2016,-141.46423551793742,-128.62067411188107,-138.44002173405107,-126.16406257558292,-3.024213783886359,-2.4566115362981455,-138.59538844723485,-134.1524525533597,-134.96872166581207,-131.4382840947216,-3.6266667814227747,-2.7141684586380714,-137.26297645622253,-135.83613148270928,-134.41509664491258,-133.10726307404235,-2.8478798113099417,-2.728868408666936,-145.32300720006884,-140.3630464522064,-4.959960747862449,,,,,,,,,,,,,,,,,,,,,,,,,,,,,,,,,,,,,,,
1,44,1,-316.9181766830612,-349.64146773933874,-298.5754607841187,-329.0026453179662,-18.342715898942444,-20.638822421372513,othervirus_2016,-260.00949730042953,-231.14178168416123,-252.22955494925571,-224.0128054495637,-7.779942351173806,-7.128976234597522,-254.79271801516418,-238.0523604742858,-246.6991732186557,-230.1081713077334,-8.093544796508503,-7.944189166552394,-251.50644807007933,-241.49720014757554,-243.56966269428858,-233.98696857637978,-7.936785375790744,-7.510231571195766,-269.88999671502853,-258.7089546354283,-11.181042079600235,,,,,,,,,,,,,,,,,,,,,,,,,,,,,,,,,,,,,,,
2,66,2,-483.738715190725,-470.39005441573977,-461.04349257273816,-445.81561473242846,-22.695222617986794,-24.574439683311287,othervirus_2016,-393.4365099473428,-350.09785058593815,-382.69717309291343,-340.5740422447261,-10.739336854429366,-9.523808341212046,-384.15263017804364,-360.78955217405957,-373.23612726273245,-349.87560100273174,-10.916502915311211,-10.913951171327845,-378.6505307099243,-365.437146019491,-367.74896514063335,-355.73536366846713,-10.90156556929093,-9.701782351023898,-407.0596928676951,-391.886071587811,-15.173621279884099,,,,,,,,,,,,,,,,,,,,,,,,,,,,,,,,,,,,,,,
3,145,12,-1031.6646088360117,-894.8428033309848,-980.5821373046674,-833.3720184895269,-51.08247153134415,-61.47078484145784,othervirus_2016,-868.8193650016364,-759.0843502819828,-830.2913664792437,-719.0213257109867,-38.52799852239268,-40.063024570996,-844.8191438875002,-772.8997794307752,-805.9573586546137,-733.0629814511803,-38.86178523288649,-39.83679797959481,-829.8136647322912,-782.3647364788421,-790.8607259706575,-742.6093805145512,-38.95293876163364,-39.75535596429094,-898.4913788404829,-856.0046937701561,-42.486685070326715,,,,,,,,,,,,,,,,,,,,,,,,,,,,,,,,,,,,,,,
4,256,23,-1750.201948201843,-1426.5863335550814,-1651.6115256999105,-1330.5923125376464,-98.59042250193235,-95.99402101743505,othervirus_2016,-1483.0066472401654,-1282.2919895748757,-1412.1131356527399,-1208.4630577892817,-70.89351158742559,-73.82893178559397,-1446.7903535352252,-1307.6444977640806,-1374.4630215467355,-1232.866629962854,-72.32733198848973,-74.77786780122668,-1423.0615122614329,-1323.5595828761857,-1350.494911000673,-1248.421040170481,-72.56660126075992,-75.13854270570455,-1543.483281180217,-1467.7660706590266,-75.7172105211904,,,,,,,,,,,,,,,,,,,,,,,,,,,,,,,,,,,,,,,
5,392,33,-2604.9293930559397,-2104.3268564300824,-2469.7333241201086,-1975.0057618026963,-135.19606893583108,-129.3210946273863,othervirus_2016,-2253.4889858567703,-1954.9269899753992,-2151.393816740483,-1848.211523534857,-102.09516911628732,-106.7154664405422,-2196.3892542839812,-1996.5591486386509,-2093.3525951379333,-1889.8346625172085,-103.03665914604795,-106.7244861214424,-2164.0849552763807,-2025.8566101419526,-2059.2008295143605,-1917.9954508777514,-104.88412576202029,-107.86115926420113,-2349.1005394541467,-2242.891362377491,-106.20917707665541,,,,,,,,,,,,,,,,,,,,,,,,,,,,,,,,,,,,,,,
6,518,44,-3497.949940192419,-2770.936118087782,-3326.8261024757467,-2610.567344104219,-171.12383771667217,-160.3687739835626,othervirus_2016,-3006.1193569173047,-2625.7740227911354,-2875.234875434553,-2489.5766072978004,-130.88448148275154,-136.19741549333483,-2933.677821970315,-2682.1809073610225,-2800.6615614304155,-2545.4499734229803,-133.0162605398995,-136.73093393804206,-2886.8788675362016,-2726.3945123248286,-2753.1132936624304,-2589.4781636836997,-133.76557387377127,-136.91634864112893,-3119.0391375457575,-2983.9032056876517,-135.13593185810564,,,,,,,,,,,,,,,,,,,,,,,,,,,,,,,,,,,,,,,
7,668,51,-4520.853552798007,-3491.6277706639776,-4309.269353554678,-3304.140006396367,-211.58419924332856,-187.48776426761046,othervirus_2016,-3870.283439012536,-3345.9382680000217,-3713.362647548123,-3184.124891282675,-156.92079146441299,-161.81337671734684,-3777.72605424952,-3406.061852850411,-3619.182172274369,-3244.218111102403,-158.54388197515118,-161.84374174800791,-3716.2373310237667,-3459.413730415301,-3555.776489024486,-3297.4083566798517,-160.4608419992806,-162.0053737354494,-4018.0352920100936,-3855.222333949998,-162.81295806009592,,,,,,,,,,,,,,,,,,,,,,,,,,,,,,,,,,,,,,,
8,792,61,-5273.422069695005,-4010.7707663258775,-5023.909181811634,-3791.9300748117666,-249.5128878833709,-218.84069151411103,othervirus_2016,-4544.425980815822,-3863.0925904363935,-4358.2780773141085,-3670.961300714508,-186.14790350171384,-192.13128972188522,-4429.17992579474,-3909.455572880296,-4241.390375220755,-3717.2952638529937,-187.7895505739842,-192.16030902730245,-4342.496279528662,-3965.137519762971,-4153.150354570525,-3771.2551025792195,-189.34592495813632,-193.88241718375156,-4729.488245106213,-4536.229743570853,-193.2585015353599,,,,,,,,,,,,,,,,,,,,,,,,,,,,,,,,,,,,,,,
9,925,67,-6157.870630537508,-4655.6010778684795,-5880.684726973715,-4413.0415948043865,-277.1859035637929,-242.55948306409334,othervirus_2016,-5321.36165974749,-4510.645996970209,-5112.336045533455,-4295.803802774655,-209.0256142140355,-214.8421941955543,-5181.355333784705,-4555.495972106883,-4971.199835772468,-4342.824171651877,-210.15549801223733,-212.67180045500567,-5072.498874512318,-4621.907759379567,-4860.518786863967,-4404.4499483234795,-211.98008764835166,-217.4578110560877,-5539.16314707149,-5321.243172231743,-217.91997483974725,,,,,,,,,,,,,,,,,,,,,,,,,,,,,,,,,,,,,,,
10,1086,79,-7152.338363504587,-5371.2985329205785,-6835.676042940571,-5092.350822680795,-316.6623205640153,-278.94771023978313,othervirus_2016,-6217.473395792427,-5225.729683521368,-5973.155371885724,-4977.914335683646,-244.31802390670282,-247.81534783772224,-6046.330858987337,-5266.471576994235,-5801.967172225995,-5018.665616664667,-244.36368676134225,-247.80596032956822,-5908.396238091976,-5332.026359693972,-5662.419542435439,-5082.148367600987,-245.9766956565366,-249.8779920929856,-6479.29713510528,-6222.207623170901,-257.08951193437974,,,,,,,,,,,,,,,,,,,,,,,,,,,,,,,,,,,,,,,
11,1192,83,-7783.246424298915,-5821.125942892218,-7447.377818282612,-5526.437991338331,-335.86860601630394,-294.687951553887,othervirus_2016,-6773.953435619622,-5677.60980528963,-6514.556666495373,-5415.100212274529,-259.3967691242486,-262.5095930150999,-6588.86464130831,-5721.412071646668,-6328.554662762019,-5458.91316740514,-260.30997854629135,-262.4989042415281,-6442.156566497445,-5791.169559645493,-6180.561574130973,-5527.017316761129,-261.5949923664717,-264.1522428843634,-7066.7920729004545,-6793.270903059754,-273.5211698407,,,,,,,,,,,,,,,,,,,,,,,,,,,,,,,,,,,,,,,
12,1386,98,-9101.370367439073,-6805.2327846537455,-8707.990490918366,-6465.768534797724,-393.37987652070734,-339.4642498560211,othervirus_2016,-7923.09057820073,-6658.088759413978,-7619.405420208117,-6355.792233709966,-303.6851579926133,-302.2965257040117,-7698.02184166103,-6710.9535866913175,-7396.029197344807,-6406.867400267247,-301.992644316223,-304.08618642407066,-7511.272268135934,-6792.290633478155,-7207.793876136943,-6488.044680707694,-303.4783919989909,-304.2459527704609,-8262.421228163572,-7937.964886377173,-324.4563417863997,,,,,,,,,,,,,,,,,,,,,,,,,,,,,,,,,,,,,,,
13,1601,109,-10555.904658809202,-7804.653811610955,-10117.42769864415,-7431.594510345222,-438.4769601650534,-373.0593012657328,othervirus_2016,-9172.431898581295,-7666.901942544703,-8835.187294645255,-7332.138747522045,-337.2446039360394,-334.76319502265784,-8907.38643831916,-7713.99687270172,-8569.013972243472,-7377.344310252568,-338.3724660756866,-336.6525624491523,-8675.031500392033,-7800.504690717999,-8336.74661141225,-7464.378474684884,-338.2848889797816,-336.1262160331152,-9562.312709644455,-9201.234253438022,-361.0784562064322,,,,,,,,,,,,,,,,,,,,,,,,,,,,,,,,,,,,,,,
14,1856,122,-12272.007860679625,-8982.563927227086,-11782.922643229698,-8567.891409382719,-489.0852174499271,-414.67251784436723,othervirus_2016,-10651.92624529391,-8852.394792632409,-10274.51865685268,-8474.164523565572,-377.4075884412282,-378.2302690668359,-10338.04515041163,-8890.680061564399,-9958.131947935151,-8512.408982162673,-379.9132024764786,-378.27107940172493,-10062.80702393308,-8991.734904724144,-9683.412851686173,-8610.230229469978,-379.3941722469056,-381.50467525416485,-11108.900574112844,-10705.685501178985,-403.21507293385883,,,,,,,,,,,,,,,,,,,,,,,,,,,,,,,,,,,,,,,
15,2065,134,-13747.435262707004,-10013.638171278168,-13207.118613337203,-9559.876219676084,-540.3166493698006,-453.76195160208476,othervirus_2016,-11914.457487337402,-9890.382173666358,-11497.453304088584,-9472.912624508865,-417.00418324881883,-417.46954915749376,-11549.53002180017,-9931.243721370367,-11131.79983515423,-9514.844656300615,-417.7301866459398,-416.3990650697525,-11232.033462289208,-10043.944173265712,-10813.229104627855,-9621.96576030543,-418.804357661352,-421.9784129602837,-12430.292653763556,-11982.359585599821,-447.93306816373433,,,,,,,,,,,,,,,,,,,,,,,,,,,,,,,,,,,,,,,
16,2331,154,-15578.049986039554,-11320.584188202101,-14964.64181680857,-10811.731831395493,-613.4081692309851,-508.85235680660804,othervirus_2016,-13483.790281349431,-11205.876822388,-13011.899122976718,-10730.941057813016,-471.8911583727129,-474.93576457498335,-13072.443997026397,-11255.476180325504,-12595.187257807678,-10782.09078601738,-477.25673921872,-473.3853943081243,-12706.730549138774,-11385.66007865113,-12229.850647248248,-10906.431078380781,-476.87990189052584,-479.22900027034757,-14062.172906399968,-13554.744461891903,-507.42844450806507,,,,,,,,,,,,,,,,,,,,,,,,,,,,,,,,,,,,,,,
17,2602,167,-17290.364664243403,-12464.694833020136,-16625.799087977193,-11911.480395633283,-664.5655762662109,-553.2144373868528,othervirus_2016,-14989.496223537299,-12364.274164528098,-14472.319316506622,-11844.935523018074,-517.1769070306763,-519.338641510025,-14523.055336596593,-12388.081960036136,-14000.74960271714,-11872.08853564964,-522.305733879454,-515.9934243864952,-14098.070423011,-12525.056302433675,-13577.062086756987,-11999.868230383065,-521.0083362540131,-525.1880720506107,-15649.811966160081,-15096.740102786582,-553.0718633734989,,,,,,,,,,,,,,,,,,,,,,,,,,,,,,,,,,,,,,,
18,2862,184,-19045.360903040644,-13669.21527907742,-18315.247298603037,-13067.760357835341,-730.1136044376067,-601.454921242078,othervirus_2016,-16489.402491643927,-13577.752530862224,-15922.41606017331,-13009.043399063472,-566.9864314706173,-568.7091317987519,-15973.668574872088,-13599.833929197008,-15401.223903073243,-13035.188003113215,-572.4446717988455,-564.6459260837937,-15504.421139442053,-13746.73187799701,-14932.290195786114,-13173.383858968133,-572.1309436559393,-573.3480190288772,-17228.253039962656,-16619.114643264045,-609.1383966986093,,,,,,,,,,,,,,,,,,,,,,,,,,,,,,,,,,,,,,,
19,3051,200,-20326.49092814616,-14540.653712470423,-19533.518603481414,-13893.771731320066,-792.9723246647432,-646.8819811503568,othervirus_2016,-17581.24086141495,-14456.717889945183,-16968.655135580884,-13845.449729050288,-612.5857258340648,-611.268160894896,-17022.15960397005,-14478.9779079579,-16405.728960048342,-13868.511551916436,-616.4306439217078,-610.4663560414648,-16513.67205408048,-14626.110963675294,-15899.18812775672,-14010.90642232008,-614.4839263237607,-615.2045413552138,-18374.000825344578,-17714.333465582306,-659.6673597622719,,,,,,,,,,,,,,,,,,,,,,,,,,,,,,,,,,,,,,,
20,3222,212,-21481.46172825896,-15310.470423848783,-20644.102272602522,-14630.755616424432,-837.3594556564395,-679.7148074243507,othervirus_2016,-18573.54969331265,-15236.096581205851,-17926.768322965287,-14590.93776301165,-646.7813703473621,-645.1588181942,-17972.832258541108,-15249.659801646634,-17323.414024710783,-14605.258186928324,-649.4182338303245,-644.401614718311,-17423.752849688,-15400.403184934414,-16775.53015204901,-14749.62497626243,-648.222697638991,-650.7782086719828,-19420.255889794742,-18721.953131467948,-698.3027583267926,,,,,,,,,,,,,,,,,,,,,,,,,,,,,,,,,,,,,,,
21,3367,226,-22619.271835247295,-16115.507543316218,-21713.27908565521,-15394.585902085793,-905.9927495920856,-720.9216412304253,othervirus_2016,-19499.847886161453,-16044.0057320578,-18811.864843646796,-15360.264493874414,-687.9830425146577,-683.7412381833864,-18862.49780747154,-16076.914327744269,-18172.371510947876,-15392.615388866849,-690.1262965236622,-684.2989388774205,-18279.567443117812,-16234.46496982959,-17590.866142381692,-15543.299846077462,-688.7013007361202,-691.16512375213,-20379.046330096888,-19632.74574729812,-746.3005827987686,,,,,,,,,,,,,,,,,,,,,,,,,,,,,,,,,,,,,,,
22,3480,233,-23340.62890965467,-16638.212456148227,-22410.9403084096,-15895.235033262665,-929.6886012450688,-742.9774228855628,othervirus_2016,-20145.159866886508,-16574.16480950046,-19435.668226390113,-15866.526955975423,-709.4916404963949,-707.6378535250352,-19484.253392715484,-16604.345448323947,-18773.492795749913,-15898.110018553129,-710.7605969655691,-706.2354297708171,-18881.004826482713,-16766.22870064424,-18169.147129952224,-16051.829001535973,-711.8576965304876,-714.3996991082672,-21055.992308686513,-20287.615977694415,-768.3763309920975,,,,,,,,,,,,,,,,,,,,,,,,,,,,,,,,,,,,,,,
23,3587,235,-24077.829037710035,-17125.385762830872,-23136.569842663856,-16372.398411777905,-941.2591950461787,-752.9873510529659,othervirus_2016,-20769.009222118166,-17071.138157727204,-20049.69338948626,-16354.09394570031,-719.3158326319074,-717.044212026896,-20086.15163635178,-17094.635441945204,-19365.7205421918,-16379.289746951985,-720.4310941599813,-715.3456949932184,-19458.7586029165,-17260.435149300672,-18737.627376411605,-16537.973382335458,-721.1312265048947,-722.461766965215,-21706.829133208783,-20926.442303709464,-780.3868294993201,,,,,,,,,,,,,,,,,,,,,,,,,,,,,,,,,,,,,,,
24,3691,244,-24746.250227098393,-17580.412366574536,-23777.767888244452,-16807.254509424693,-968.4823388539425,-773.1578571498441,othervirus_2016,-21348.67710575656,-17525.381823475487,-20608.6017804966,-16789.980973099726,-740.0753252599615,-735.4008503757613,-20646.8484063729,-17546.193165711877,-19905.249769335926,-16812.52705943837,-741.5986370369754,-733.6661062735081,-20000.17179037371,-17712.438377509934,-19258.50173561912,-16971.139877093065,-741.6700547545927,-741.2985004168698,-22326.022605645525,-21520.208582144023,-805.8140235015024,,,,,,,,,,,,,,,,,,,,,,,,,,,,,,,,,,,,,,,
25,3785,252,-25408.126248418157,-18016.186713301475,-24398.70661653417,-17215.9061266986,-1009.419631883987,-800.2805866028772,othervirus_2016,-21889.71182573787,-17962.663410095578,-21122.045057248975,-17199.10799415491,-767.6667684888973,-763.5554159406673,-21170.747826649116,-17984.05490411391,-20402.936018926066,-17222.02687190327,-767.8118077230503,-762.0280322106393,-20511.450182125343,-18153.20010120245,-19742.326514655084,-17383.276225515856,-769.1236674702614,-769.9238756865911,-22891.406592824354,-22056.017048993555,-835.3895438308002,,,,,,,,,,,,,,,,,,,,,,,,,,,,,,,,,,,,,,,
0,22,5,-228.50562721300562,-222.4095639908427,-203.2895192643666,-207.1603260185239,-25.216107948639042,-15.249237972318797,flu_2017,-170.75371207652225,-186.74528137012345,-158.06270715705114,-173.55676861811736,-12.691004919471109,-13.188512752006094,-166.54588350550665,-201.79584023322786,-153.59927196878803,-187.53486288991502,-12.946611536718633,-14.260977343312856,-163.45035695028042,-206.1025952205341,-150.4754707146861,-193.88728855719765,-12.974886235594326,-12.215306663336449,-167.0780840469056,-154.44271295202512,-12.635371094880474,-188.1749406835918,-175.6661982077112,-12.508742475880611,,,,,,,,,,,,,,,,,,,,,,,,,,,,,,,,,,,,
1,53,13,-524.8379250311197,-457.52108094384977,-465.2001314070367,-424.5648004161809,-59.63779362408301,-32.95628052766889,flu_2017,-408.35230587596095,-451.549080376356,-376.22851800232405,-420.9410726950156,-32.12378787363693,-30.60800768134044,-402.90973220068173,-489.7545035789798,-369.269781583679,-454.51928069285975,-33.63995061700273,-35.23522288612,-394.28161408692296,-499.4474217468542,-362.39839609819126,-470.25439779995963,-31.883217988731676,-29.193023946894574,-401.38432940741836,-369.32835222515985,-32.05597718225849,-457.93606972132295,-424.38508059738,-33.55098912394295,,,,,,,,,,,,,,,,,,,,,,,,,,,,,,,,,,,,
2,88,16,-774.6355104446819,-677.5079088541949,-703.377769721779,-633.3285509866259,-71.25774072290285,-44.17935786756886,flu_2017,-619.6752142631032,-677.5227268950065,-577.6546597885913,-637.9373028906405,-42.02055447451192,-39.585424004366025,-613.4624438025029,-733.5473666504238,-569.3520883501326,-687.9777837660604,-44.11035545237026,-45.569582884363385,-603.3566394092807,-749.9899902095038,-561.5889733235098,-711.7877308061849,-41.76766608577084,-38.202259403318976,-610.2458219593485,-567.8961644641879,-42.34965749516064,-688.8868880948589,-645.2839754968868,-43.60291259797215,,,,,,,,,,,,,,,,,,,,,,,,,,,,,,,,,,,,
3,110,23,-942.8932407235194,-818.2685242093607,-850.3374185341067,-759.2540625549387,-92.55582218941261,-59.01446165442205,flu_2017,-759.7329114640538,-825.1008843087619,-704.3837037336214,-771.4667997031357,-55.34920773043244,-53.63408460562617,-751.6178193690719,-892.8483437865046,-693.9264184325816,-830.9313387890878,-57.6914009364903,-61.91700499741678,-741.5530910136359,-912.3844167345096,-685.3754449895745,-859.528806681609,-56.177646024061424,-52.85561005290056,-747.6096790279164,-692.3983502210966,-55.21132880681977,-837.0031663901257,-780.2038534621448,-56.79931292798081,,,,,,,,,,,,,,,,,,,,,,,,,,,,,,,,,,,,
4,164,31,-1440.642211843523,-1194.1393676272387,-1318.419019283446,-1113.1994933244378,-122.22319256007701,-80.93987430280099,flu_2017,-1151.081152474572,-1260.1077821589454,-1075.636221095393,-1184.3100669659266,-75.444931379179,-75.79771519301873,-1136.7273631544715,-1361.3450337888344,-1058.3890255816264,-1278.375639027691,-78.33833757284515,-82.96939476114336,-1117.2791401101017,-1394.8489019893748,-1041.9516314152997,-1321.185862315997,-75.3275086948019,-73.66303967337785,-1134.4920383549083,-1059.5746945359806,-74.91734381892769,-1275.6438579870742,-1197.6610554177378,-77.98280256933651,,,,,,,,,,,,,,,,,,,,,,,,,,,,,,,,,,,,
5,220,42,-1874.6827732631853,-1560.3484536217836,-1718.547351070586,-1455.010848527033,-156.1354221925993,-105.33760509475067,flu_2017,-1515.4987996069879,-1665.2520218286988,-1415.1076985815534,-1563.3379633000825,-100.39110102543431,-101.91405852861632,-1499.856404218389,-1802.2938378637054,-1396.4803932146451,-1692.2547662647453,-103.3760110037438,-110.03907159896016,-1481.4077976854078,-1852.8295615068887,-1380.7208345063682,-1750.825707563932,-100.6869631790395,-102.00385394295685,-1498.7496490958365,-1399.3389433742645,-99.41070572157196,-1690.6053015468055,-1587.477504749742,-103.12779679706371,,,,,,,,,,,,,,,,,,,,,,,,,,,,,,,,,,,,
6,300,51,-2554.1164458204767,-2091.242841237504,-2361.632974001268,-1958.0455559175189,-192.4834718192089,-133.19728531998499,flu_2017,-2069.649040154874,-2284.4084414508216,-1941.5610705228137,-2154.456316407197,-128.08796963206026,-129.95212504362453,-2045.4237568797153,-2468.74965165352,-1913.5114735398297,-2330.055706757171,-131.91228333988556,-138.69394489634877,-2015.1341971914046,-2544.5180060341468,-1888.0550818218767,-2414.595461104095,-127.07911536952787,-129.92254493005163,-2042.9860058794884,-1915.3857172249457,-127.60028865454281,-2313.266633244483,-2181.9734156884924,-131.29321755599034,,,,,,,,,,,,,,,,,,,,,,,,,,,,,,,,,,,,
7,365,63,-3017.851950363664,-2496.876660582067,-2786.935577880248,-2336.28874198403,-230.91637248341598,-160.58791859803713,flu_2017,-2474.4824615793705,-2732.614645106122,-2320.205213878715,-2573.014604446492,-154.2772477006555,-159.60004065963028,-2449.291641490676,-2953.24015770101,-2291.7614066594324,-2784.717624892211,-157.5302348312436,-168.52253280879899,-2420.220178626537,-3047.7393165427934,-2266.5191312648544,-2887.2499670426832,-153.70104736168236,-160.48934950011014,-2447.4528889350854,-2294.3948258923956,-153.05806304268975,-2768.9658557152366,-2611.260077016723,-157.70577869851377,,,,,,,,,,,,,,,,,,,,,,,,,,,,,,,,,,,,
8,441,77,-3570.313417432968,-2968.441545459226,-3293.101246894105,-2772.446969453889,-277.2121705388631,-195.99457600533717,flu_2017,-2952.678135136664,-3267.8385588198726,-2765.587558048913,-3073.165252327846,-187.09057708775117,-194.6733064920268,-2924.6664552376474,-3532.441373666737,-2733.7380002198965,-3328.262711274322,-190.92845501775093,-204.17866239241485,-2896.051004232097,-3648.09817692655,-2706.5805639513155,-3450.4515633557876,-189.47044028078142,-197.6466135707624,-2923.0885509925665,-2736.8868222743185,-186.20172871824798,-3313.7694314672462,-3122.188143054433,-191.58128841281308,,,,,,,,,,,,,,,,,,,,,,,,,,,,,,,,,,,,
9,509,87,-4163.913312306433,-3436.7833354406735,-3860.5849684163218,-3215.0597699970363,-303.3283438901116,-221.72356544363737,flu_2017,-3442.7179533216736,-3821.863652135319,-3232.326972072394,-3601.1576488717783,-210.39098124927966,-220.70600326354082,-3407.9845349765587,-4126.8197835854335,-3193.682377615213,-3898.7980411092317,-214.3021573613454,-228.02174247620223,-3369.6173600091042,-4268.118991371289,-3156.694978204726,-4041.8424914387633,-212.92238180437835,-226.27649993252552,-3407.032627363635,-3197.6563490178414,-209.37627834579357,-3867.9549274090136,-3653.695117114103,-214.25981029491052,,,,,,,,,,,,,,,,,,,,,,,,,,,,,,,,,,,,
10,575,98,-4681.466127468037,-3858.86596503158,-4341.773557423281,-3611.1368563646665,-339.69257004475526,-247.72910866691325,flu_2017,-3887.277729878182,-4322.430761958289,-3649.849138017182,-4070.7903833467403,-237.42859186099992,-251.6403786115487,-3850.302848674989,-4662.645563374292,-3606.9645519587593,-4405.939727249311,-243.33829671622968,-256.7058361249807,-3804.1978631311777,-4822.713958581642,-3563.1893676785508,-4568.546357146667,-241.00849545262685,-254.16760143497532,-3843.7841304471,-3607.773340257087,-236.01079019001287,-4369.121203271312,-4128.085988102392,-241.03521516892025,,,,,,,,,,,,,,,,,,,,,,,,,,,,,,,,,,,,
11,690,116,-5643.774774379062,-4617.047392022284,-5256.205010695253,-4323.406322209758,-387.5697636838098,-293.6410698125254,flu_2017,-4669.129154152648,-5175.460752272808,-4391.900614677702,-4883.972642651252,-277.22853947494565,-291.4881096215569,-4620.621743870319,-5579.974187631703,-4336.2782632261715,-5286.414685183555,-284.3434806441469,-293.55950244814846,-4562.949978686513,-5769.6501748677665,-4282.349782116566,-5474.741309319532,-280.6001965699473,-294.90886554823487,-4616.86483621771,-4340.293211869893,-276.5716243478169,-5230.058748607036,-4949.0240311804355,-281.0347174266009,,,,,,,,,,,,,,,,,,,,,,,,,,,,,,,,,,,,
12,774,129,-6219.917973840153,-5122.083820224393,-5794.724785978499,-4792.984440316989,-425.1931878616537,-329.09937990740383,flu_2017,-5182.049594306158,-5731.344832609026,-4872.431484890462,-5404.627300661139,-309.61810941569536,-326.71753194788647,-5131.45198896329,-6175.127273573926,-4811.35896080246,-5848.368602006845,-320.09302816082976,-326.75867156708,-5065.276927511855,-6384.128319308717,-4753.269994326323,-6057.388561787078,-312.0069331855322,-326.73975752163915,-5125.370368176852,-4815.169429174572,-310.20093900228056,-5793.807896266363,-5479.334950400017,-314.47294586634627,,,,,,,,,,,,,,,,,,,,,,,,,,,,,,,,,,,,
13,908,144,-7299.660505956067,-6007.694867096867,-6813.167404623644,-5633.0606474876095,-486.4931013324231,-374.63421960925695,flu_2017,-6097.294383298915,-6717.734068552601,-5740.768047205904,-6347.246137164595,-356.5263360930112,-370.48793138800517,-6028.532132290197,-7237.519727696626,-5662.60320573113,-6864.597727636043,-365.92892655906667,-372.92200006058385,-5950.612153142636,-7480.675780948716,-5593.8368328516135,-7112.079414515753,-356.7753202910221,-368.59636643296307,-6032.541860619957,-5676.873826493452,-355.66803412650586,-6796.478181696207,-6437.942152988779,-358.5360287074285,,,,,,,,,,,,,,,,,,,,,,,,,,,,,,,,,,,,
14,1045,159,-8336.096024431554,-6862.746735766482,-7797.8984283870195,-6446.219055519,-538.1975960445349,-416.5276802474817,flu_2017,-6977.5288516056635,-7692.636276965605,-6579.471751773869,-7279.575482557673,-398.05709983179435,-413.06079440793167,-6897.643387125984,-8288.660494927863,-6490.4678168048285,-7875.553889285103,-407.1755703211555,-413.1066056427601,-6811.472723945602,-8570.57762930972,-6414.474032866788,-8158.462825219968,-396.9986910788143,-412.1148040897522,-6906.328485510497,-6509.846525238965,-396.48196027153176,-7784.457148064706,-7384.872631205022,-399.58451685968384,,,,,,,,,,,,,,,,,,,,,,,,,,,,,,,,,,,,
15,1214,185,-9756.941497258316,-7998.8824476109185,-9149.351739543516,-7520.901746463431,-607.5897577148008,-477.98070114748737,flu_2017,-8159.3826914223455,-8992.088846679406,-7702.282138834876,-8512.789509341255,-457.10055258746996,-479.29933733815085,-8064.741468580106,-9681.061136192793,-7595.046730363787,-9202.730701369952,-469.6947382163193,-478.3304348228406,-7955.195470375905,-10009.849447781904,-7499.056829126939,-9530.37061642499,-456.1386412489659,-479.47883135691256,-8075.339182740474,-7618.585674021782,-456.753508718692,-9091.58972165075,-8628.926450151344,-462.6632714994047,,,,,,,,,,,,,,,,,,,,,,,,,,,,,,,,,,,,
16,1355,205,-10909.235984872097,-8916.728976956612,-10226.21007793326,-8383.382552976958,-683.0259069388384,-533.3464239796549,flu_2017,-9117.048217202153,-10027.621447855683,-8605.787505903241,-9489.439205362341,-511.26071129891096,-538.1822424933412,-9001.291202842862,-10792.7261561757,-8476.820244949147,-10256.705438391926,-524.470957893714,-536.0207177837739,-8872.827611078434,-11150.979625059908,-8361.506803121501,-10613.363197550552,-511.32080795693287,-537.6164275093569,-9027.16915630125,-8516.276762400494,-510.8923939007556,-10134.149419685145,-9617.44016765196,-516.7092520331854,,,,,,,,,,,,,,,,,,,,,,,,,,,,,,,,,,,,
17,1509,230,-12082.47617342406,-9904.947899582488,-11333.651310928784,-9316.544190572928,-748.824862495275,-588.4037090095608,flu_2017,-10123.001792092266,-11124.32754276979,-9558.192251460792,-10532.377593252557,-564.8095406314742,-591.9499495172333,-9995.329237614611,-11977.740083019866,-9416.97568731491,-11383.356013844532,-578.3535502997006,-594.3840691753347,-9862.467839428919,-12371.14151834327,-9296.540393448346,-11775.716643628315,-565.9274459805729,-595.4248747149531,-10027.5835146321,-9463.135195588364,-564.4483190437375,-11250.549514635977,-10679.68776750736,-570.8617471286182,,,,,,,,,,,,,,,,,,,,,,,,,,,,,,,,,,,,
18,1648,244,-13176.897904365396,-10796.612134744657,-12362.368970172205,-10161.567448811702,-814.528934193192,-635.0446859329556,flu_2017,-11049.920178869184,-12160.005008004415,-10436.633080741136,-11515.41887969344,-613.2870981280485,-644.5861283109746,-10909.980723458566,-13092.752375729095,-10283.301737569751,-12447.283283630779,-626.6789858888147,-645.4690920983154,-10764.048931392696,-13526.954352119346,-10151.22801567688,-12879.802938136792,-612.8209157158171,-647.1514139825533,-10947.71022209439,-10335.860064151075,-611.8501579433154,-12295.097455358746,-11676.30409537676,-618.7933599819864,,,,,,,,,,,,,,,,,,,,,,,,,,,,,,,,,,,,
19,1794,263,-14374.789597173563,-11754.283245671575,-13497.588599553183,-11071.926590379138,-877.2009976203814,-682.3566552924367,flu_2017,-12036.714432811588,-13225.733755206638,-11378.851361617513,-12534.207554463468,-657.8630711940756,-691.52620074317,-11877.819618412446,-14239.664201213232,-11203.619724991066,-13548.10627663426,-674.1998934213804,-691.5579245789713,-11724.050943722563,-14720.216999913853,-11063.01921351493,-14022.17452087856,-661.031730207632,-698.0424790352929,-11924.580779931342,-11267.213326521489,-657.3674534098542,-13377.551102548736,-12713.49289395753,-664.058208591206,,,,,,,,,,,,,,,,,,,,,,,,,,,,,,,,,,,,
20,1934,283,-15561.328537430776,-12672.193934598288,-14615.174221650634,-11936.9052970188,-946.154315780143,-735.2886375794872,flu_2017,-12998.02410606334,-14267.371203839763,-12286.454909626675,-13521.441996280328,-711.5691964366653,-745.9292075594356,-12818.64087988108,-15359.699757319851,-12093.085068342296,-14612.083829978983,-725.5558115387839,-747.6159273408688,-12647.445979477045,-15874.226848145167,-11933.582065728238,-15123.07467667887,-713.8639137488055,-751.152171466295,-12866.120559219073,-12157.335560207339,-708.784999011734,-14423.443017572483,-13707.848391666714,-715.5946259057683,,,,,,,,,,,,,,,,,,,,,,,,,,,,,,,,,,,,
21,2058,295,-16619.87591647522,-13499.663000555609,-15624.695934008067,-12725.651515088704,-995.1799824671516,-774.0114854669044,flu_2017,-13858.662618597926,-15213.871753959991,-13108.866586808508,-14430.12946725598,-749.7960317894185,-783.7422867040119,-13669.664059832749,-16381.249760242526,-12904.040950975428,-15595.032641745502,-765.62310885732,-786.2171184970246,-13479.006308792365,-16933.536266169205,-12726.617790619805,-16141.571446555548,-752.3885181725602,-791.9648196136551,-13718.031621520158,-12970.153838759697,-747.8777827604604,-15382.065796326784,-14627.785515087477,-754.2802812393079,,,,,,,,,,,,,,,,,,,,,,,,,,,,,,,,,,,,
22,2155,315,-17468.581209806907,-14143.526267028255,-16417.158107866693,-13331.415956431627,-1051.4231019402139,-812.110310596628,flu_2017,-14540.329369874182,-15936.926250403198,-13751.281997183207,-15113.719877273434,-789.0473726909751,-823.2063731297646,-14338.178770045428,-17155.012727436344,-13531.645794627939,-16327.664336795902,-806.5329754174884,-827.3483906404418,-14131.514606458752,-17729.677914849406,-13338.526836799972,-16896.40187049763,-792.9877696587787,-833.2760443517753,-14390.96494085893,-13603.616948501844,-787.3479923570862,-16109.304216705465,-15317.273194294907,-792.0310224105583,,,,,,,,,,,,,,,,,,,,,,,,,,,,,,,,,,,,
23,2216,327,-18004.829885299147,-14562.993507334779,-16922.55428086531,-13722.788713957396,-1082.2756044338332,-840.204793377383,flu_2017,-14986.4152867852,-16434.25281429424,-14169.917532429256,-15581.237333604058,-816.4977543559456,-853.0154806901803,-14776.919210835127,-17687.182327294366,-13941.458479502902,-16832.980949137713,-835.4607313322249,-854.2013781566536,-14559.938887512184,-18286.20384749478,-13738.007923778994,-17421.28484640002,-821.9309637331899,-864.919001094759,-14830.095480295637,-14014.528725237758,-815.5667550578778,-16607.95034935146,-15789.065521648794,-818.8848277026667,,,,,,,,,,,,,,,,,,,,,,,,,,,,,,,,,,,,
24,2286,339,-18648.39216413252,-15056.493660589273,-17530.282783407623,-14185.81894047439,-1118.1093807248988,-870.6747201148837,flu_2017,-15509.0993180463,-17011.048985096415,-14664.338296244836,-16130.991455726116,-844.7610218014627,-880.057529370297,-15287.069580344152,-18306.65063971787,-14424.660698818721,-17426.494423162298,-862.40888152543,-880.1562165555717,-15059.228721548196,-18927.751620943283,-14207.28998977891,-18035.174554310823,-851.9387317692847,-892.5770666324611,-15343.4458060467,-14500.028847782578,-843.4169582641224,-17187.838467496786,-16342.54872726762,-845.2897402291649,,,,,,,,,,,,,,,,,,,,,,,,,,,,,,,,,,,,
25,2346,352,-19176.696027293445,-15452.415445183933,-18023.91789345305,-14557.251445295315,-1152.778133840396,-895.163999888618,flu_2017,-15921.242156657487,-17459.752686567135,-15053.066028383893,-16557.036432734916,-868.1761282735927,-902.7162538322204,-15696.21475105083,-18795.295042757523,-14807.910054908094,-17890.118071035296,-888.3046961427347,-905.1769717222254,-15459.843936830148,-19429.315634479368,-14583.040811503119,-18512.927620759554,-876.8031253270289,-916.3880137198137,-15751.664659088105,-14883.910568671867,-867.754090416238,-17643.627649980863,-16773.606041162453,-870.0216088184113,,,,,,,,,,,,,,,,,,,,,,,,,,,,,,,,,,,,
0,30,2,-222.04188085650418,-303.28576907842194,-215.05174863949725,-282.4913536616236,-6.990132217006945,-20.794415416798348,othervirus_2017,-185.1432589488253,-154.14223691063626,-180.35086069795798,-148.7366522080635,-4.792398250867313,-5.405584702572755,-181.62677889196166,-154.4155242770994,-176.440285584076,-150.3767197616534,-5.186493307885668,-4.038804515446006,-176.63382204314712,-157.28609072508348,-170.9459245120805,-151.63782680940477,-5.687897531066623,-5.648263915678703,-184.02806909402184,-178.66234976963537,-5.365719324386473,-153.12078261872233,-149.25886851450701,-3.861914104215309,,,,,,,,,,,,,,,,,,,,,,,,,,,,,,,,,,,,
1,67,4,-460.2281661566072,-485.4370658266873,-443.207909237547,-457.09386992904336,-17.020256919060174,-28.343195897643927,othervirus_2017,-398.78246121180354,-323.84535479966087,-387.10960456364745,-311.7178434975413,-11.672856648156078,-12.127511302119583,-387.8561809146978,-322.70230741494356,-375.5622202565236,-311.90831880435945,-12.293960658174207,-10.793988610584112,-376.38437083700387,-325.88538306330986,-364.29657237723745,-313.8232250741913,-12.087798459766422,-12.062157989118514,-394.4668708241931,-382.32996075386484,-12.136910070328248,-322.68269834074147,-311.9736294198857,-10.709068920855781,,,,,,,,,,,,,,,,,,,,,,,,,,,,,,,,,,,,
2,86,8,-615.5827489344666,-613.8168335174671,-591.0965470353227,-575.9146807773632,-24.486201899143943,-37.90215274010396,othervirus_2017,-537.9713681043668,-452.32100765637944,-517.3414968592838,-433.34746083646303,-20.629871245082967,-18.9735468199164,-523.4640390021393,-453.2586539474286,-502.2391766235105,-436.00283407643656,-21.22486237862882,-17.255819870992095,-507.4763483288986,-460.20030689162604,-487.01188622856665,-440.4778599453788,-20.464462100331936,-19.722446946247274,-529.9526218272142,-508.6825573193285,-21.270064507885657,-450.06593130743124,-432.19511362444337,-17.87081768298787,,,,,,,,,,,,,,,,,,,,,,,,,,,,,,,,,,,,
3,123,8,-843.1789568104818,-787.1905434243374,-816.8798227948597,-746.333777131758,-26.29913401562214,-40.85676629257946,othervirus_2017,-746.5828401501135,-629.1753730342567,-722.7469514161693,-606.7379493781889,-23.83588873394417,-22.437423656067825,-728.7723576386677,-628.2082424228249,-704.4629920836613,-608.1075134361508,-24.30936555500637,-20.100728986674106,-705.9807482650541,-636.2773582346535,-682.8809257510629,-613.323004668825,-23.099822513991185,-22.954353565828587,-735.7806392999694,-711.4768225935208,-24.30381670644861,-624.932853810971,-604.0293627609735,-20.90349104999751,,,,,,,,,,,,,,,,,,,,,,,,,,,,,,,,,,,,
4,178,14,-1190.2354717533215,-1053.1135870277762,-1141.0107754432233,-993.4381858622501,-49.22469631009813,-59.67540116552621,othervirus_2017,-1063.7618689654144,-886.6852685758014,-1023.357550220258,-849.1170547952669,-40.404318745156445,-37.568213780534535,-1036.1900394723089,-884.3732556197375,-995.2335962744755,-847.7331516749227,-40.95644319783334,-36.64010394481476,-1002.5761262494686,-893.6362122919592,-963.5568359056617,-855.5066232540163,-39.019290343806944,-38.12958903794285,-1046.7284621052486,-1006.3095926702899,-40.41886943495862,-881.6059238311489,-844.4488693286725,-37.15705450247637,,,,,,,,,,,,,,,,,,,,,,,,,,,,,,,,,,,,
5,246,18,-1612.0800452903243,-1343.1223132135037,-1546.6535843927136,-1268.5786586424854,-65.42646089761061,-74.54365457101827,othervirus_2017,-1439.2583624541812,-1175.7071062258294,-1385.624587821803,-1124.6169171796646,-53.63377463237821,-51.09018904616489,-1399.9886818425769,-1165.054482563717,-1345.8551604051452,-1115.7626428929623,-54.13352143743159,-49.2918396707548,-1356.509756857108,-1174.861924112223,-1304.367265218131,-1123.5818920002348,-52.14249163897701,-51.28003211198815,-1415.2299972728094,-1361.358273903682,-53.8717233691275,-1166.2221546750059,-1116.419346862549,-49.80280781245685,,,,,,,,,,,,,,,,,,,,,,,,,,,,,,,,,,,,
6,313,24,-2033.5033805925661,-1691.0536746054065,-1947.6576459804494,-1597.9059002299305,-85.84573461211679,-93.147774375476,othervirus_2017,-1832.5300872924095,-1525.3864539514796,-1760.8008649677388,-1457.499790121761,-71.72922232467063,-67.8866638297186,-1784.7053742151188,-1516.3111012799143,-1712.4154155441151,-1449.964136725551,-72.28995867100363,-66.34696455436324,-1733.203927905974,-1532.3737500322513,-1663.7969289262137,-1464.3311859868572,-69.40699897976026,-68.04256404539419,-1802.020861736214,-1730.0272815036526,-71.99358023256147,-1514.1067144789713,-1447.1362259056023,-66.97048857336905,,,,,,,,,,,,,,,,,,,,,,,,,,,,,,,,,,,,
7,385,33,-2518.5604923225087,-2017.964701672678,-2397.3632506555587,-1897.8363951216372,-121.19724166695002,-120.12830655104085,othervirus_2017,-2251.8025779685577,-1846.181438336668,-2154.7540403854287,-1752.720988033709,-97.04853758312895,-93.4604503029588,-2186.4627468491713,-1832.9453319744955,-2089.156901246458,-1741.203640796087,-97.30584560271342,-91.74169117840839,-2120.2673075632238,-1848.3295098776814,-2026.4291645404883,-1754.8401950485227,-93.83814302273541,-93.48931482915866,-2217.742366954193,-2120.373276690194,-97.36909026399933,-1834.5962554243554,-1741.7658702216763,-92.83038520267912,,,,,,,,,,,,,,,,,,,,,,,,,,,,,,,,,,,,
8,489,39,-3202.070418972317,-2495.4642696661103,-3050.363030876085,-2354.5996926044713,-151.70738809623197,-140.86457706163895,othervirus_2017,-2858.1750829164,-2333.4537267160554,-2741.781479024738,-2219.986213536748,-116.39360389166185,-113.46751317930743,-2775.3508967838416,-2312.6147758093416,-2657.8414742827063,-2201.100694829051,-117.50942250113515,-111.51408098029067,-2690.0785114879923,-2328.2030473634986,-2576.981360949376,-2215.832239023514,-113.09715053861645,-112.37080833998485,-2813.185716534049,-2696.571678793622,-116.61403774042662,-2314.907189202257,-2203.33362328115,-111.57356592110717,,,,,,,,,,,,,,,,,,,,,,,,,,,,,,,,,,,,
9,621,49,-4043.478173425642,-3052.497330491515,-3855.3175852189343,-2881.2448293866405,-188.16058820670784,-171.25250110487465,othervirus_2017,-3605.7945889013486,-2898.3511942180376,-3462.5733755403153,-2759.8492170694262,-143.22121336103342,-138.5019771486113,-3495.095142009968,-2860.847030535883,-3350.6937878114004,-2722.919928396088,-144.40135419856773,-137.92710213979478,-3383.008510442296,-2873.036305764656,-3244.087214316508,-2737.694365330989,-138.92129612578802,-135.34194043366688,-3544.621391274238,-3401.4434674364684,-143.17792383776919,-2866.9000421412684,-2731.2904477984816,-135.60959434278675,,,,,,,,,,,,,,,,,,,,,,,,,,,,,,,,,,,,
10,758,58,-4976.372858967033,-3640.733961276941,-4749.662260300166,-3443.435540254059,-226.71059866686636,-197.29842102288214,othervirus_2017,-4407.59716810235,-3496.9933919627706,-4235.969838924281,-3335.5363686840483,-171.62732917806858,-161.4570232787224,-4268.129678974876,-3443.3778142250358,-4096.678271627561,-3282.1049394253687,-171.45140734731459,-161.27287479966705,-4124.5816972668645,-3452.03584254494,-3959.615913098552,-3296.571324688177,-164.9657841683127,-155.4645178567629,-4331.64550374127,-4160.568548645842,-171.07695509542702,-3455.715337166082,-3296.8005930337636,-158.91474413231853,,,,,,,,,,,,,,,,,,,,,,,,,,,,,,,,,,,,
11,935,63,-6154.757115755215,-4334.010546828264,-5893.560451212426,-4114.778881672037,-261.19666454278797,-219.23166515622714,othervirus_2017,-5390.422340156836,-4201.826413559994,-5194.337354520414,-4020.009506726471,-196.08498563642218,-181.81690683352244,-5212.770554950134,-4126.881871141886,-5017.947495819795,-3944.080241476311,-194.82305913033926,-182.8016296655749,-5031.0432884701,-4125.098326539979,-4842.986858324628,-3950.8177123643786,-188.05643014547258,-174.28061417560016,-5299.066433776976,-5104.092011270059,-194.97442250691725,-4150.06968651713,-3970.6770343716817,-179.39265214544912,,,,,,,,,,,,,,,,,,,,,,,,,,,,,,,,,,,,
12,1136,72,-7382.867365829602,-5142.535303347793,-7083.691111621586,-4889.621749069071,-299.17625420801585,-252.91355427872293,othervirus_2017,-6496.352822138755,-5029.591907371486,-6266.908020102509,-4815.934635300686,-229.4448020362457,-213.65727207079988,-6280.488383779302,-4932.373402756743,-6054.164761707928,-4718.14472942096,-226.32362207137402,-214.2286733357834,-6060.487491440272,-4933.1476803771675,-5840.936712072385,-4727.43013969638,-219.55077936788706,-205.71754068078715,-6387.893690116014,-6160.543910205783,-227.34977991023152,-4968.565351392076,-4757.238198500539,-211.32715289153722,,,,,,,,,,,,,,,,,,,,,,,,,,,,,,,,,,,,
13,1308,87,-8561.578212325983,-5891.729085260663,-8197.32341931968,-5591.823518402841,-364.2547930063027,-299.90556685782235,othervirus_2017,-7502.1179413589325,-5792.760739265946,-7221.829033920428,-5529.483339917181,-280.2889074385047,-263.27739934876473,-7247.945854688724,-5681.783182931536,-6971.394598472537,-5416.727111576141,-276.55125621618646,-265.05607135539464,-6991.491737892815,-5683.47442013994,-6723.490806107414,-5428.34640003839,-268.0009317854007,-255.12802010154934,-7377.24652507597,-7099.584511031261,-277.66201404470826,-5725.808146741027,-5463.075365620039,-262.73278112098774,,,,,,,,,,,,,,,,,,,,,,,,,,,,,,,,,,,,
14,1541,101,-10106.779403924467,-6849.205601116881,-9667.868155375038,-6508.552714823767,-438.91124854942916,-340.6528862931139,othervirus_2017,-8818.092218222004,-6771.3491804351515,-8490.225083524356,-6466.811637914914,-327.8671346976485,-304.53754252023714,-8510.796804298821,-6641.257349037531,-8187.747229137863,-6331.7291310292885,-323.04957516095834,-309.5282180082424,-8199.250971742966,-6634.937963795695,-7885.912156648049,-6340.9898680254055,-313.3388150949164,-293.9480957702903,-8671.633994700993,-8347.280195288111,-324.3537994128818,-6690.911254258613,-6386.318775184018,-304.59247907459445,,,,,,,,,,,,,,,,,,,,,,,,,,,,,,,,,,,,
15,1766,113,-11592.957231877972,-7787.787123220474,-11104.412204404323,-7403.957359983314,-488.54502747364774,-383.82976323716014,othervirus_2017,-10099.883448249624,-7734.472886081282,-9728.181278869291,-7386.867206317136,-371.7021693803334,-347.60567976414626,-9739.716776033614,-7578.254961088086,-9374.048395552558,-7227.386734134026,-365.66838048105643,-350.86822695406033,-9379.678634092881,-7570.773233136308,-9023.968407289343,-7232.925120377134,-355.7102268035369,-337.848112759174,-9930.047730515837,-9562.925024090046,-367.12270642579114,-7639.258070325806,-7291.762407085561,-347.4956632402455,,,,,,,,,,,,,,,,,,,,,,,,,,,,,,,,,,,,
16,1969,117,-12875.006527138581,-8561.501294804142,-12363.295797017883,-8153.770569410983,-511.7107301206983,-407.7307253931593,othervirus_2017,-11215.348689990651,-8544.733695774166,-10821.554180086587,-8171.961861570859,-393.79450990406514,-372.77183420330846,-10806.481440952486,-8355.667056635946,-10418.775989108359,-7982.366810190571,-387.7054518441276,-373.3002464453739,-10399.085762387245,-8343.346432055645,-10020.982437398834,-7979.582428765634,-378.10332498841194,-363.76400329001154,-11023.553717541665,-10634.382297758286,-389.17141978337804,-8428.48356066335,-8058.222830648127,-370.26073001522377,,,,,,,,,,,,,,,,,,,,,,,,,,,,,,,,,,,,
17,2238,128,-14717.23178986107,-9695.142989536142,-14149.34962105971,-9247.505905411192,-567.8821688013616,-447.6370841249501,othervirus_2017,-12758.68636686567,-9705.43728013796,-12322.977051504367,-9294.952917136285,-435.70931536130223,-410.484363001675,-12288.896405223157,-9492.524597750698,-11862.159569366351,-9081.182808190722,-426.73683585680607,-411.3417895599762,-11823.341492104273,-9478.717265515075,-11404.661390139794,-9077.496087982678,-418.68010196447926,-401.2211775323967,-12538.933339748542,-12107.989609333275,-430.94373041526694,-9573.347434857724,-9165.780746492737,-407.5666883649859,,,,,,,,,,,,,,,,,,,,,,,,,,,,,,,,,,,,
18,2429,144,-15920.306565058961,-10431.974053672975,-15297.993829012743,-9944.623872049362,-622.3127360462182,-487.35018162361274,othervirus_2017,-13810.920493035152,-10469.037108832907,-13330.410700241597,-10018.857756496893,-480.50979279355545,-450.17935233601435,-13295.770167013367,-10228.251594114781,-12825.745410243315,-9777.787055808894,-470.024756770051,-450.4645383058865,-12782.250570469821,-10208.214340799124,-12319.814927453108,-9769.312062376897,-462.43564301671404,-438.90227842222623,-13573.125222581544,-13098.34981749427,-474.7754050872735,-10320.1243324756,-9874.481802711352,-445.642529764247,,,,,,,,,,,,,,,,,,,,,,,,,,,,,,,,,,,,
19,2650,155,-17333.867737429286,-11318.402888936676,-16673.326678106077,-10794.513984188388,-660.5410593232082,-523.8889047482885,othervirus_2017,-15034.485959484613,-11378.341633460792,-14515.074495687666,-10889.67100866025,-519.4114637969467,-488.67062480054096,-14469.986533020157,-11114.103331866343,-13959.931959999207,-10627.91549690776,-510.0545730209502,-486.1878349585815,-13904.692453599208,-11088.53963987672,-13402.852486212629,-10612.646681606155,-501.8399673865788,-475.8929582705655,-14781.326764581509,-14266.680361600973,-514.6464029805356,-11220.551966580977,-10737.861668873364,-482.6902977076137,,,,,,,,,,,,,,,,,,,,,,,,,,,,,,,,,,,,
20,2818,166,-18503.639468351557,-12106.334435694353,-17794.173432482225,-11545.395587195364,-709.466035869333,-560.9388484989889,othervirus_2017,-16035.210648603937,-12175.166709734991,-15478.304839289041,-11649.456973803473,-556.9058093148952,-525.7097359315183,-15429.105740168832,-11901.326621688175,-14883.806510431965,-11378.639649008674,-545.2992297368677,-522.6869726795019,-14823.77244200052,-11880.693585484165,-14285.409424704429,-11368.563140608789,-538.3630172960912,-512.1304448753772,-15759.968930089695,-15209.266154190867,-550.7027758988286,-12003.819775535021,-11485.281112994255,-518.5386625407662,,,,,,,,,,,,,,,,,,,,,,,,,,,,,,,,,,,,
21,2988,174,-19660.006283606897,-12836.882222735223,-18917.276622501966,-12248.531173578722,-742.7296611049327,-588.351049156502,othervirus_2017,-17014.831633855294,-12920.124575070644,-16431.410981082117,-12368.01911710197,-583.4206527731772,-552.1054579686739,-16373.397260127016,-12633.466519166654,-15800.377813759238,-12085.641849659676,-573.0194463677784,-547.8246695069768,-15729.7721079914,-12616.657809185062,-15164.561173657468,-12077.101291312592,-565.2109343339333,-539.5565178724694,-16725.686990234408,-16147.748288012459,-577.9387022219476,-12741.301181599023,-12195.796662104438,-545.5045194945852,,,,,,,,,,,,,,,,,,,,,,,,,,,,,,,,,,,,
22,3153,185,-20723.250544396964,-13475.173547955776,-19940.970930398817,-12853.977639772467,-782.2796139981474,-621.1959081833078,othervirus_2017,-17937.863872494905,-13588.050496849402,-17318.715497388286,-13004.51451326506,-619.1483751066183,-583.5359835843433,-17256.976905204294,-13276.396753190249,-16648.865381828637,-12696.070739844177,-608.1115233756566,-580.326013346072,-16570.44438864835,-13255.023617502282,-15970.893431681528,-12682.475011901755,-599.5509569668197,-572.5486056005263,-17632.22412747708,-17018.04721835752,-614.1769091195584,-13395.031182909099,-12816.468621290136,-578.5625616189635,,,,,,,,,,,,,,,,,,,,,,,,,,,,,,,,,,,,
23,3283,196,-21674.86456367008,-14087.942212905507,-20856.49399095377,-13441.472008428289,-818.3705727163084,-646.4702044772192,othervirus_2017,-18718.667945822857,-14205.509931597337,-18070.88156320199,-13597.171205781367,-647.7863826208669,-608.3387258159697,-18007.714493905834,-13895.395098792489,-17372.311959677598,-13290.251200385648,-635.4025342282349,-605.1438984068412,-17289.097901503752,-13872.292168046648,-16663.68031568552,-13275.208260379366,-625.4175858182301,-597.0839076672811,-18404.980055985696,-17762.12606961891,-642.853986366788,-14010.251678330456,-13405.685339696998,-604.5663386334576,,,,,,,,,,,,,,,,,,,,,,,,,,,,,,,,,,,,
24,3392,204,-22412.043826434503,-14561.747942048076,-21558.33120394224,-13889.543264036007,-853.7126224922597,-672.2046780120685,othervirus_2017,-19351.55645687759,-14691.541415172207,-18676.706870528804,-14056.906829424255,-674.849586348787,-634.6345857479512,-18613.709002902815,-14369.420721544227,-17953.35440914054,-13740.298088015123,-660.3545937622769,-629.1226335291057,-17872.878685980984,-14347.822552903985,-17221.253741447297,-13723.362213331304,-651.6249445336862,-624.4603395726817,-19028.72429476144,-18359.20991048365,-669.5143842777894,-14490.503724150663,-13860.577657639338,-629.9260665113258,,,,,,,,,,,,,,,,,,,,,,,,,,,,,,,,,,,,
25,3507,211,-23221.170369209838,-15102.434799363735,-22328.76130279637,-14403.308075295356,-892.4090664134679,-699.12672406838,othervirus_2017,-20020.34642568085,-15229.773832186684,-19320.017191220897,-14569.008250165998,-700.3292344599536,-660.7655820206847,-19258.529946404124,-14912.392056048413,-18572.55635029326,-14256.330517124716,-685.973596110865,-656.0615389236979,-18497.37827669696,-14892.02983420048,-17819.748579550866,-14241.137936618376,-677.6296971460932,-650.8918975821058,-19688.67216253744,-18993.915014979564,-694.7571475578758,-15027.52777056968,-14371.632329342081,-655.8954412276006,,,,,,,,,,,,,,,,,,,,,,,,,,,,,,,,,,,,
0,25,0,-162.37375812499715,-252.73814089868492,-152.9997349966006,-235.4094613846863,-9.374023128396546,-17.32867951399863,othervirus_2018,-142.62304340017207,-120.54612714780096,-140.0642126562152,-119.17787306390191,-2.5588307439568743,-1.3682540838990427,-139.28174892049503,-122.80689670966053,-136.98158059473565,-121.31473910735754,-2.3001683257593895,-1.492157602302993,-138.3993877362245,-126.37404437255341,-136.161934501957,-124.84612111474597,-2.237453234267501,-1.5279232578074458,-142.21276743344427,-139.53718922558224,-2.675578207862041,-121.8305342096841,-120.6265682207057,-1.2039659889783898,-144.61817068711906,-124.81365643146215,-142.3869689157329,-123.20480776105474,-2.2312017713861603,-1.608848670407412,,,,,,,,,,,,,,,,,,,,,,,,,,,,,,
1,36,1,-273.9436135866386,-347.992830544561,-257.78863054807687,-326.9909108847296,-16.15498303856174,-21.00191965983143,othervirus_2018,-233.09034795832264,-217.752741325834,-227.312834602063,-213.52305503842712,-5.777513356259637,-4.229686287406879,-226.82040282677,-226.77042603748328,-221.37181930860368,-221.79235870221362,-5.44858351816631,-4.9780673352696425,-224.05845436225607,-232.66635202586832,-218.42637457379925,-228.00163598470766,-5.632079788456825,-4.664716041160651,-230.74206461223793,-224.9312960149709,-5.810768597267023,-219.64065273570196,-215.22111309102308,-4.419539644678881,-229.58685849568076,-226.50668666992104,-224.05922275597752,-221.79638128827702,-5.527635739703243,-4.710305381644021,,,,,,,,,,,,,,,,,,,,,,,,,,,,,,
2,50,1,-361.54135830476963,-429.7100753812206,-344.50142219686046,-408.35038225892276,-17.03993610790915,-21.359693122297784,othervirus_2018,-315.92804769640634,-298.2756606652058,-309.59881539202706,-293.6065174821988,-6.329232304379297,-4.669143183007016,-309.87757645547885,-309.37262684254546,-303.7817840362006,-303.8642164389819,-6.095792419278261,-5.508410403563577,-306.64641428401825,-318.2928450323306,-300.47475310476295,-313.26307394897583,-6.17166117925528,-5.029771083354777,-313.5639243126633,-307.1826220300589,-6.381302282604383,-301.5522454980994,-296.58004321437306,-4.972202283726333,-313.03119262658834,-310.86617478377667,-306.8911411257917,-305.61129418648227,-6.1400515007966145,-5.254880597294378,,,,,,,,,,,,,,,,,,,,,,,,,,,,,,
3,69,1,-486.0851553325558,-525.052596111971,-467.1904890102776,-503.3278366785763,-18.89466632227823,-21.72475943339466,othervirus_2018,-421.60977200962964,-385.86974744330666,-414.64728423893644,-380.58432665445434,-6.96248777069318,-5.285420788852319,-412.5516610935825,-399.74801804656096,-405.831968872956,-393.1188842844529,-6.719692220626475,-6.629133762108022,-406.418575683339,-408.90585523194636,-399.74418721212714,-403.3664815445943,-6.674388471211815,-5.539373687352068,-417.9487524287596,-410.9522383985735,-6.996514030186085,-389.81420734723747,-384.22108724067783,-5.593120106559653,-419.1647130919357,-399.8549387940162,-412.59551785380864,-394.108195499615,-6.569195238127067,-5.746743294401202,,,,,,,,,,,,,,,,,,,,,,,,,,,,,,
4,89,3,-628.8797620363067,-634.7792650472727,-603.0630760615284,-604.6562413353485,-25.81668597477833,-30.123023711924304,othervirus_2018,-546.1847547918504,-490.5200646471837,-533.0947918500062,-478.59630091035467,-13.089962941844142,-11.923763736828997,-533.8999893173149,-506.6934837201108,-520.6249458582553,-491.74242502016045,-13.275043459059566,-14.951058699950375,-525.1957124596195,-515.7034518362366,-511.680071330422,-503.6905800203579,-13.51564112919744,-12.012871815878615,-541.0230063398542,-527.8771758661092,-13.145830473745015,-494.75044915381017,-482.4029391581238,-12.347509995686377,-543.0101613277473,-506.0205010202032,-529.9058380847434,-492.93172768239657,-13.104323243003817,-13.088773337806648,,,,,,,,,,,,,,,,,,,,,,,,,,,,,,
5,110,5,-795.5036471288918,-770.3395880897966,-762.6659267897162,-733.1328069495471,-32.83772033917555,-37.206781140249525,othervirus_2018,-689.5644873367902,-628.025033780982,-671.1460753678223,-611.0090619580378,-18.418411968967874,-17.01597182294411,-675.732449505238,-647.7249723175574,-657.1722057486943,-627.0237788664401,-18.560243756543763,-20.701193451117334,-666.3230256298921,-660.8300998963192,-647.5170327042861,-642.8046595650694,-18.805992925605988,-18.02544033124981,-682.0103132959749,-663.6051451798414,-18.40516811613354,-632.5019078931816,-614.1637257804629,-18.33818211271874,-686.4716683917271,-646.7036850728327,-668.2897975739124,-627.8082932106809,-18.181870817814655,-18.89539186215184,,,,,,,,,,,,,,,,,,,,,,,,,,,,,,
6,153,9,-1071.7764362811126,-975.3039980032327,-1019.9440885494082,-924.9515516965419,-51.83234773170453,-50.352446306690766,othervirus_2018,-932.7828304189742,-824.689677374704,-898.470574207648,-794.1150341124915,-34.312256211326144,-30.57464326221263,-909.2597858036406,-845.6550347803445,-877.2911569886082,-810.4295895354954,-31.968628815032385,-35.22544524484903,-895.087413563497,-861.1546257907003,-861.6633042673303,-828.6353223455903,-33.42410929616668,-32.51930344510994,-922.0051298250603,-888.6534133834546,-33.35171644160576,-830.1844992182153,-796.8473070526009,-33.337192165614404,-929.6152897175687,-845.2042218023693,-895.1185877838113,-812.4011390520322,-34.496701933757365,-32.803082750336976,,,,,,,,,,,,,,,,,,,,,,,,,,,,,,
7,238,14,-1565.144477441812,-1370.3157944008424,-1493.1225666075543,-1301.229700575419,-72.02191083425767,-69.08609382542338,othervirus_2018,-1399.963361279365,-1212.4998004918227,-1350.0361481037723,-1166.106794260445,-49.927213175592556,-46.39300623137764,-1367.1139805445412,-1232.945693652271,-1319.1134672522,-1183.230251345708,-48.00051329234122,-49.7154423065632,-1343.3413805062523,-1256.6652020282054,-1294.1025321397588,-1208.6134786263142,-49.23884836649355,-48.0517234018913,-1384.7316235108508,-1335.4419114868947,-49.2897120239562,-1220.3495363245888,-1171.112476767797,-49.237059556791806,-1403.2262097323176,-1238.111460606853,-1352.6091603210389,-1190.117131847017,-50.617049411278714,-47.994328759836066,,,,,,,,,,,,,,,,,,,,,,,,,,,,,,
8,321,19,-2110.738224660548,-1772.5819386562646,-2016.111773844188,-1685.6121315991054,-94.6264508163598,-86.96980705715924,othervirus_2018,-1880.1863239211223,-1609.4294100495015,-1814.8518706857185,-1548.5674997590804,-65.33445323540386,-60.86191029042103,-1831.8868331448239,-1631.325366286754,-1768.706202457194,-1565.6239288036961,-63.18063068763001,-65.70143748305779,-1793.5507165803774,-1659.8440811949056,-1728.8790211180442,-1595.0029963992429,-64.6716954623331,-64.84108479566262,-1856.3046846940194,-1791.6375480440777,-64.66713664994177,-1614.1198092999402,-1550.1003931398573,-64.0194161600829,-1875.541159101433,-1636.0694587613793,-1810.3333033749288,-1572.2083248503523,-65.20785572650433,-63.8611339110271,,,,,,,,,,,,,,,,,,,,,,,,,,,,,,
9,436,25,-2782.6437009373435,-2272.8741972166813,-2653.972855198098,-2161.6883419154647,-128.67084573924572,-111.18585530121679,othervirus_2018,-2510.001003914407,-2121.4700821872334,-2418.2414278236306,-2034.2960628106161,-91.75957609077665,-87.17401937661714,-2446.2985404036076,-2142.481220788341,-2356.4456251311944,-2049.5494351771476,-89.8529152724133,-92.93178561119319,-2399.2646699867832,-2181.8791010763525,-2308.0381311472715,-2090.2476253163195,-91.2265388395119,-91.6314757600332,-2477.724736023041,-2386.5283108898634,-91.19642513317757,-2126.968344212807,-2036.077048202463,-90.89129601034415,-2517.1174444725502,-2154.7522822897868,-2424.773409206161,-2063.601085520342,-92.3440352663894,-91.15119676944452,,,,,,,,,,,,,,,,,,,,,,,,,,,,,,
10,607,38,-3812.494773711888,-3020.3126109189566,-3628.94001876516,-2863.893671126726,-183.55475494672774,-156.41893979223036,othervirus_2018,-3451.84754281364,-2869.581869331536,-3317.840353894922,-2739.6607824870334,-134.007188918718,-129.92108684450244,-3360.4374431963306,-2886.7933126905805,-3228.5233741996053,-2750.308671797239,-131.91406899672523,-136.4846408933411,-3283.900675945779,-2933.326422782985,-3151.4135884907682,-2797.600938047277,-132.48708745501062,-135.7254847357081,-3404.8125098305577,-3271.609067596124,-133.20344223443357,-2873.3091688739146,-2737.699451085292,-135.60971778862267,-3463.1576222631393,-2901.8631893664015,-3328.697533101895,-2767.3376235002024,-134.46008916124438,-134.52556586619883,,,,,,,,,,,,,,,,,,,,,,,,,,,,,,
11,867,55,-5411.699707142722,-4140.049204885599,-5141.601777426947,-3926.8017536597854,-270.0979297157758,-213.2474512258129,othervirus_2018,-4878.665857120029,-4004.5623259349936,-4685.593969576235,-3817.0523772804613,-193.0718875437929,-187.5099486545322,-4749.193037302366,-4017.418132575634,-4557.906475016028,-3819.387188552688,-191.28656228633872,-198.03094402294624,-4638.113021023133,-4072.9690372506516,-4446.004255757408,-3876.358451576093,-192.10876526572562,-196.61058567455837,-4809.869580341049,-4617.5533479559435,-192.31623238510542,-4008.350069582452,-3810.9916924916797,-197.35837709077202,-4900.241526357686,-4035.8747355095416,-4705.822280073333,-3840.753850005676,-194.41924628435285,-195.1208855038652,,,,,,,,,,,,,,,,,,,,,,,,,,,,,,
12,1152,70,-7202.96406891418,-5365.108498155234,-6880.58712804463,-5102.65461789365,-322.3769408695499,-262.45388026158474,othervirus_2018,-6461.225002118643,-5244.975403417624,-6223.787885969072,-5015.156163149873,-237.4371161495712,-229.8192402677514,-6282.589165425563,-5243.270244972724,-6045.604321238949,-5003.168259353358,-236.9848441866141,-240.1019856193665,-6116.201275098716,-5302.275654414248,-5879.708779220084,-5064.9855827087995,-236.49249587863255,-237.2900717054479,-6365.838352773856,-6128.554890834689,-237.28346193916707,-5232.498037229458,-4992.728777874574,-239.76925935488322,-6480.779308329814,-5254.663062223928,-6242.303270268784,-5019.589570913936,-238.4760380610292,-235.07349130999197,,,,,,,,,,,,,,,,,,,,,,,,,,,,,,
13,1506,92,-9400.746429996134,-6848.364402501668,-8998.694487791312,-6513.392659082737,-402.05194220482105,-334.9717434189314,othervirus_2018,-8397.577721456173,-6748.468917166131,-8091.669611626943,-6450.879817340888,-305.9081098292293,-297.5890998252431,-8162.445260142918,-6725.1618231993925,-7857.29790200886,-6414.917284667346,-305.1473581340588,-310.24453853204614,-7933.017624591252,-6791.728586711582,-7629.433736879491,-6484.487521583564,-303.58388771176,-307.24106512801757,-8269.895937798461,-7964.378898532528,-305.5170392659332,-6714.781855026479,-6410.7226999466675,-304.05915507981183,-8409.072609592344,-6735.004979422125,-8103.865011444345,-6431.147058302188,-305.20759814799885,-303.85792111993646,,,,,,,,,,,,,,,,,,,,,,,,,,,,,,
14,1769,102,-11297.684191775674,-8038.659887519588,-10824.42397364009,-7664.701087055012,-473.26021813558395,-373.95880046457603,othervirus_2018,-9941.06760913557,-7949.713934391778,-9596.668450923293,-7613.971009913048,-344.3991582122776,-335.74292447872983,-9657.87350107576,-7914.068094046726,-9313.41681045928,-7563.437820573059,-344.45669061647845,-350.6302734736673,-9378.311225360972,-7978.04100076465,-9035.96120543462,-7634.100352224425,-342.35001992635296,-343.94064854022497,-9784.287778589189,-9440.617179496334,-343.6705990928548,-7901.240934877296,-7559.828687839283,-341.41224703801356,-9935.391872978113,-7905.319943202183,-9592.685082393971,-7564.5412333404165,-342.7067905841421,-340.7787098617664,,,,,,,,,,,,,,,,,,,,,,,,,,,,,,
15,2200,121,-14159.934396508606,-9894.129899909478,-13587.071105629853,-9456.943294576451,-572.8632908787525,-437.18660533302653,othervirus_2018,-12383.487332923933,-9841.794586797063,-11970.63179706467,-9444.223756073101,-412.8555358592617,-397.5708307239628,-12019.420914361008,-9793.898328458574,-11607.525341964323,-9376.321434011666,-411.8955723966841,-417.5768944469078,-11662.497840262298,-9864.826767150624,-11251.331062276167,-9456.079719277099,-411.16677798613176,-408.7470478735251,-12185.940147612593,-11773.450489573588,-412.4896580390052,-9780.062235312984,-9372.727227016174,-407.3350082968094,-12363.911300504375,-9771.26951951207,-11952.876288519525,-9365.185455337585,-411.03501198484923,-406.0840641744859,,,,,,,,,,,,,,,,,,,,,,,,,,,,,,
16,2557,145,-16557.68854549818,-11453.04204206768,-15881.33883492094,-10935.283391975752,-676.3497105772394,-517.7586500919286,othervirus_2018,-14412.202347789087,-11423.513791591295,-13917.703452486425,-10948.615430333843,-494.49889530266313,-474.8983612574518,-13981.809604521284,-11351.31344165843,-13489.868744514091,-10860.516842049765,-491.9408600071926,-490.79659960866564,-13557.572763399348,-11421.844582180138,-13068.443188302233,-10940.017469741033,-489.1295750971142,-481.8271124391057,-14175.773715564237,-13682.526095382522,-493.2476201817158,-11343.183318559019,-10858.713697604027,-484.4696209549909,-14380.347739839748,-11317.088073101078,-13888.465525878972,-10838.15703214956,-491.88221396077586,-478.93104095151864,,,,,,,,,,,,,,,,,,,,,,,,,,,,,,
17,2907,160,-18844.630541505187,-12959.207327851345,-18098.581560216186,-12393.24520230715,-746.0489812890002,-565.9621255441971,othervirus_2018,-16360.362128886693,-12949.526362173503,-15812.440774402936,-12427.957612663742,-547.9213544837561,-521.5687495097618,-15875.858536954122,-12865.616672242839,-15331.202799196384,-12326.999884951008,-544.6557377577383,-538.6167872918301,-15390.997491112828,-12936.438188235681,-14851.803003702978,-12412.813526266715,-539.1944874098506,-523.6246619689672,-16094.378416938358,-15549.255748079058,-545.1226688593001,-12857.571172855083,-12326.650714330643,-530.9204585244406,-16315.78366781622,-12819.284334705857,-15774.118129228964,-12298.041805121808,-541.6655385872567,-521.2425295840492,,,,,,,,,,,,,,,,,,,,,,,,,,,,,,
18,3208,176,-20891.591269079418,-14257.050370872532,-20080.810079943298,-13637.152932380268,-810.7811891361182,-619.8974384922643,othervirus_2018,-18074.80852320889,-14267.285693736249,-17474.359520181035,-13694.545469316221,-600.4490030278555,-572.7402244200273,-17528.309937401285,-14166.37241908416,-16932.400420646434,-13577.072802574607,-595.9095167548512,-589.2996165095537,-16981.057859645956,-14234.078184925995,-16388.273358420465,-13659.382030292953,-592.7845012254913,-574.6961546330426,-17779.701234471715,-17182.72168800601,-596.979546465703,-14156.421297773051,-13576.197594011799,-580.2237037612522,-18002.48365057902,-14106.180631557401,-17407.069469866412,-13533.710417390363,-595.4141807126064,-572.4702141670393,,,,,,,,,,,,,,,,,,,,,,,,,,,,,,
19,3486,198,-22882.40406575908,-15525.154156992847,-21980.866016934615,-14841.526877925795,-901.5380488244655,-683.6272790670527,othervirus_2018,-19724.460900554972,-15554.609752748005,-19059.523470430035,-14917.893504703115,-664.9374301249389,-636.7162480448892,-19119.138286644007,-15441.237141728498,-18458.821828148964,-14787.903425420493,-660.3164584950442,-653.3337163080042,-18512.74269532242,-15510.976170989405,-17855.87148476157,-14871.84394679685,-656.8712105608511,-639.1322241925559,-19399.876575533144,-18738.8270991198,-661.0494764133434,-15429.473038149785,-14786.889206193227,-642.5838319565576,-19630.05777734055,-15366.09193579773,-18971.088340397408,-14731.798518917802,-658.9694369431411,-634.2934168799273,,,,,,,,,,,,,,,,,,,,,,,,,,,,,,
20,3779,218,-25012.36427893354,-16949.681708874323,-24034.01178790498,-16208.779565125766,-978.3524910285602,-740.9021437485585,othervirus_2018,-21491.93010127745,-16987.352279796185,-20766.343621300668,-16295.158401395738,-725.5864799767803,-692.1938784004473,-20824.22690915737,-16874.889592387877,-20105.539032541954,-16166.318537631101,-718.6878766154148,-708.5710547567745,-20162.8122332245,-16948.745596787045,-19447.632081677715,-16255.810850127786,-715.1801515467843,-692.9347466592583,-21134.853500537436,-20414.466276272622,-720.387224264815,-16850.271318276784,-16151.610570301456,-698.6607479753271,-21366.60529004971,-16782.743702864656,-20647.752815760738,-16093.796900438665,-718.8524742889707,-688.9468024259913,,,,,,,,,,,,,,,,,,,,,,,,,,,,,,
21,4013,232,-26605.39359345515,-18019.413287868938,-25567.783045463897,-17232.474142964642,-1037.6105479912524,-786.9391449042956,othervirus_2018,-22829.207674669145,-18060.85831981172,-22057.535952766426,-17321.677227840693,-771.6717219027207,-739.1810919710272,-22121.724965392405,-17947.125258269985,-21356.829511254364,-17194.749945703763,-764.8954541380425,-752.3753125662222,-21415.541613332683,-18030.328823076045,-20652.005513956174,-17288.72111222963,-763.5360993765086,-741.6077108464169,-22457.437121576342,-21690.145498410402,-767.2916231659408,-17919.509525273006,-17176.955908926982,-742.5536163460243,-22692.522578062515,-17847.37808822555,-21928.023356408445,-17114.975351017416,-764.4992216540718,-732.4027372081314,,,,,,,,,,,,,,,,,,,,,,,,,,,,,,
22,4350,249,-28972.97177142828,-19495.737533521955,-27852.999068189325,-18649.58045970881,-1119.9727032389567,-846.1570738131444,othervirus_2018,-24768.197509360543,-19563.915474218982,-23934.214466517682,-18763.765230596888,-833.9830428428602,-800.1502436220958,-23996.223968145776,-19437.547082128352,-23169.918031500518,-18626.069248427986,-826.305936645257,-811.4778337003662,-23232.682659358998,-19522.508751516885,-22408.36318356748,-18720.66222568254,-824.3194757915179,-801.8465258343465,-24369.849984291464,-23540.355246807056,-829.4947374844095,-19413.052688178897,-18611.368896791944,-801.6837913869538,-24620.637919575136,-19324.38270687297,-23792.888475708314,-18532.7601985598,-827.7494438668226,-791.6225083131668,,,,,,,,,,,,,,,,,,,,,,,,,,,,,,
23,4646,268,-31076.43057977302,-20848.234750201056,-29865.497907921403,-19948.697979517387,-1210.9326718516184,-899.5367706836685,othervirus_2018,-26496.409448818347,-20939.020147367173,-25603.651229251882,-20084.923668126583,-892.7582195664658,-854.0964792405902,-25668.062216877763,-20817.952257360135,-24784.10020397067,-19949.432409822864,-883.9620129070936,-868.5198475372717,-24852.454318768236,-20905.87900269971,-23971.146330914366,-20051.965524231484,-881.3079878538719,-853.9134784682245,-26071.48965736088,-25184.3173798951,-887.1722774657784,-20781.84021058985,-19925.37694281915,-856.4632677706974,-26330.79457115557,-20686.244334255294,-25445.239612748228,-19842.10118098211,-885.5549584073407,-844.1431532731852,,,,,,,,,,,,,,,,,,,,,,,,,,,,,,
24,4932,288,-33299.068380797704,-22320.16333462256,-32002.321221218306,-21356.15386373044,-1296.7471595793984,-964.0094708921221,othervirus_2018,-28286.089412858717,-22422.010793948153,-27329.453159554625,-21502.98843289683,-956.6362533040926,-919.0223610513237,-27400.61152491695,-22307.95404472377,-26455.18869914239,-21378.27417494885,-945.4228257745584,-929.6798697749218,-26531.005823039723,-22412.43765317011,-25589.048759806923,-21494.48348507646,-941.9570632328011,-917.9541680936491,-27831.174142219912,-26881.885180121066,-949.2889620988444,-22255.876628287097,-21336.345304906317,-919.5313233807808,-28093.975523891542,-22156.307175299877,-27146.83246090515,-21252.78181630146,-947.1430629863939,-903.5253589984161,,,,,,,,,,,,,,,,,,,,,,,,,,,,,,
25,5283,306,-35795.584983168854,-23838.41707637364,-34428.25961712991,-22818.06732973148,-1367.3253660389453,-1020.3497466421626,othervirus_2018,-30310.67433481651,-23981.90549157413,-29293.97688925955,-23010.530493069855,-1016.6974455569626,-971.3749985042725,-29355.04020236617,-23856.794765163108,-28353.02165240121,-22873.288563827668,-1002.0185499649605,-983.5062013354402,-28417.18963804629,-23959.555129361645,-27419.119813679517,-22988.104794727762,-998.0698243667713,-971.4503346338839,-29816.72346276866,-28807.83783672562,-1008.8856260430404,-23797.278685151174,-22823.984881167053,-973.2938039841198,-30099.32716402365,-23681.14227773898,-29093.81238868792,-22723.57800553802,-1005.5147753357288,-957.5642722009627,,,,,,,,,,,,,,,,,,,,,,,,,,,,,,
0,31,6,-262.41518319077363,-313.39529471436936,-240.5326831468854,-291.90773211701105,-21.88250004388822,-21.48756259735829,flu_2018,-220.30556420663115,-240.38881766191872,-204.50424719960424,-223.47511788965107,-15.801317007026915,-16.91369977226765,-215.6829194424443,-257.3815302685255,-199.89671397629056,-240.25244735480248,-15.78620546615375,-17.12908291372304,-214.05887516564053,-262.65478646674296,-198.19105083950168,-246.15357261090594,-15.86782432613884,-16.501213855837005,-217.30942952685066,-201.9405487447383,-15.36888078211238,-242.8075678385382,-225.4879220856694,-17.319645752868805,-215.99167660629323,-254.15004569216154,-200.2403645659103,-237.30189211400523,-15.75131204038291,-16.848153578156307,,,,,,,,,,,,,,,,,,,,,,,,,,,,,,
1,67,12,-511.0973952337373,-534.997341809276,-469.3477089233119,-497.1904192307939,-41.74968631042539,-37.80692257848205,flu_2018,-435.8151397196996,-460.06323016553176,-404.52912387896504,-428.3209508711261,-31.286015840734542,-31.742279294405648,-427.7521230414342,-491.68364627660134,-397.41494011585837,-458.1595209199065,-30.337182925575824,-33.524125356694825,-425.4144323326052,-500.3475057269594,-395.3762857664828,-469.4843582976209,-30.03814656612241,-30.86314742933853,-429.8096646296358,-399.9995466195157,-29.810118010120117,-464.51859571478076,-433.03187613165153,-31.486719583129215,-428.02953485312264,-485.3928836856846,-398.3111142459798,-454.43330411713686,-29.718420607142804,-30.95957956854774,,,,,,,,,,,,,,,,,,,,,,,,,,,,,,
2,132,25,-981.2509351855653,-952.0495982921993,-902.2329140270147,-883.1985923063792,-79.01802115855057,-68.85100598582015,flu_2018,-845.797040771176,-915.4915338908581,-783.1212637119862,-848.7339788212894,-62.67577705918977,-66.75755506956881,-835.0908503373429,-984.1901630242576,-772.7180407512251,-917.1672784454781,-62.372809586117825,-67.02288457877947,-831.6288640611998,-1008.1898189359187,-772.5702637937551,-943.7529251185567,-59.05860026744469,-64.43689381736188,-840.0250386618889,-779.6653787851676,-60.359659876721196,-929.9822096601057,-864.6958276671578,-65.28638199294792,-835.5307378175379,-975.7448022304751,-776.5831432660651,-911.9606924633586,-58.94759455147279,-63.7841097671166,,,,,,,,,,,,,,,,,,,,,,,,,,,,,,
3,210,34,-1496.8029465784095,-1416.1549274416805,-1378.0073076267718,-1317.6387118402288,-118.79563895163778,-98.51621560145173,flu_2018,-1311.7985048394646,-1418.1779558595517,-1220.8326859348072,-1321.3994010469949,-90.96581890465741,-96.77855481255676,-1302.672059399391,-1520.3428689555262,-1211.3209967847956,-1423.120142910307,-91.35106261459538,-97.22272604521925,-1299.9822172196157,-1564.7631172781482,-1211.9497257920602,-1469.3492280422274,-88.03249142755548,-95.41388923592088,-1304.0994974720047,-1215.463937367854,-88.63556010415076,-1442.856763818978,-1347.5269694681454,-95.32979435083257,-1300.770319253509,-1516.5568360008178,-1213.0982184290672,-1421.6120859431562,-87.67210082444177,-94.94475005766162,,,,,,,,,,,,,,,,,,,,,,,,,,,,,,
4,321,51,-2255.7045408773124,-2095.389800143521,-2079.0062413853916,-1948.584214302912,-176.698299491921,-146.805585840609,flu_2018,-1991.4873265979006,-2180.3147920285205,-1854.6502744776017,-2033.8503666266242,-136.83705212029898,-146.46442540189614,-1982.189530035993,-2345.5048584833166,-1845.542923827472,-2200.003883087028,-136.64660620852106,-145.50097539628837,-1988.3668650678633,-2420.313848142904,-1853.5764990884618,-2276.873473962592,-134.79036597940154,-143.440374180312,-1981.4938067506093,-1847.995580173837,-133.49822657677237,-2220.2173898326746,-2080.613726978367,-139.6036628543073,-1989.3464729767686,-2341.1652125039027,-1855.1152319746693,-2200.499566544607,-134.23124100209935,-140.66564595929532,,,,,,,,,,,,,,,,,,,,,,,,,,,,,,
5,459,74,-3258.8930055917654,-2967.4498532519838,-3020.1496980699067,-2764.9437563938827,-238.74330752185887,-202.506096858101,flu_2018,-2862.4997158298947,-3124.897549178016,-2671.408754684869,-2921.6421959915856,-191.09096114502574,-203.25535318643063,-2851.056171756697,-3359.563573376548,-2662.6649612069486,-3159.4429748613275,-188.3912105497484,-200.12059851522054,-2862.1605420129813,-3469.8498134209544,-2676.6545236549027,-3272.890216848393,-185.5060183580784,-196.9595965725617,-2847.4372270756685,-2662.3606220712145,-185.07660500445388,-3183.6919964723766,-2992.6279668751235,-191.06402959725315,-2864.141780498419,-3353.0148540520054,-2676.710303984045,-3159.698865854338,-187.4314765143742,-193.31598819766754,,,,,,,,,,,,,,,,,,,,,,,,,,,,,,
6,679,123,-4881.852044951788,-4350.484950472,-4500.755910018552,-4038.8296447400517,-381.0961349332361,-311.6553057319477,flu_2018,-4258.707288691075,-4636.1127260162475,-3962.8667763286226,-4325.18804002109,-295.8405123624518,-310.92468599515706,-4245.141054390855,-4987.603473930402,-3948.575263940185,-4673.627599197779,-296.5657904506706,-313.9758747326233,-4253.926583082776,-5152.278584519174,-3962.758925565597,-4843.657264976581,-291.167657517179,-308.6213195425928,-4234.343372565419,-3944.6982497986123,-289.64512276680586,-4724.413866543836,-4425.399409148258,-299.01445739557744,-4255.230854426212,-4975.545793238355,-3964.138979366562,-4672.972861707129,-291.09187505965053,-302.5729315312264,,,,,,,,,,,,,,,,,,,,,,,,,,,,,,
7,1016,174,-7240.789774678613,-6378.018700308863,-6697.745677829876,-5940.418210521693,-543.0440968487375,-437.6004897871702,flu_2018,-6305.950006933824,-6852.0858126488465,-5885.808758443793,-6415.206252213426,-420.1412484900312,-436.879560435421,-6284.799512655682,-7379.95886434333,-5866.589985279297,-6935.827657565088,-418.20952737638464,-444.1312067782421,-6315.7710061459275,-7627.772099667269,-5902.200067092486,-7188.363481943928,-413.5709390534414,-439.40861772334154,-6275.786030272738,-5864.434148520037,-411.3518817527013,-6995.231352736716,-6573.671978454951,-421.5593742817646,-6320.108542450869,-7366.368534207124,-5907.027305837066,-6939.139861253125,-413.08123661380296,-427.228672953999,,,,,,,,,,,,,,,,,,,,,,,,,,,,,,
8,1319,227,-9453.733949396203,-8299.69258783093,-8739.026628630612,-7733.23675190542,-714.7073207655909,-566.4558359255109,flu_2018,-8232.331645742343,-8997.351027970693,-7685.521550759711,-8426.536186987269,-546.8100949826307,-570.8148409834242,-8218.492542336202,-9709.305733033572,-7669.311627065337,-9127.609655496695,-549.180915270864,-581.6960775368761,-8269.333834139514,-10053.545812344182,-7723.085944652756,-9475.076298626196,-546.2478894867587,-578.4695137179862,-8202.984062840414,-7665.233277409094,-537.7507854313202,-9195.259960197753,-8644.161713651578,-551.0982465461743,-8263.422674365878,-9699.58502333031,-7722.980178355439,-9136.734163369665,-540.4424960104386,-562.8508599606439,,,,,,,,,,,,,,,,,,,,,,,,,,,,,,
9,1735,285,-12604.227505217246,-10913.141497596138,-11676.341437631929,-10190.21814957339,-927.8860675853175,-722.9233480227493,flu_2018,-10897.615203943576,-11894.29638854647,-10190.494274127785,-11158.421240085005,-707.1209298157925,-735.8751484614662,-10868.424329847372,-12823.873319829932,-10163.032070364288,-12074.274194597288,-705.3922594830844,-749.5991252326432,-10907.891999936732,-13259.137726122064,-10205.989789966266,-12519.475156107766,-701.9022099704657,-739.6625700142979,-10836.117851031899,-10144.041115197944,-692.0767358339542,-12129.91999278829,-11421.867611774243,-708.052381014046,-10895.533173114087,-12785.677180889306,-10196.74382035876,-12060.578239161794,-698.7893527553264,-725.0989417275131,,,,,,,,,,,,,,,,,,,,,,,,,,,,,,
10,2177,349,-15911.11467238317,-13675.482427667232,-14764.315978703336,-12794.136573345771,-1146.7986936798334,-881.3458543214605,flu_2018,-13694.858177927788,-14927.28878587717,-12832.479109033216,-14024.260790892047,-862.3790688945728,-903.0279949851232,-13653.817764053118,-16094.182926443324,-12791.50079356251,-15171.707006037534,-862.3169704906072,-922.47592040579,-13704.471903047857,-16638.021255284224,-12840.550846363054,-15725.24548987834,-863.9210566848035,-912.7757654058851,-13608.929239065445,-12761.847419302552,-847.0818197628914,-15216.390047281504,-14349.207428099326,-867.1826191821774,-13698.311943914448,-16036.416367310294,-12842.223884096435,-15143.236299155771,-856.0880598180136,-893.180068154523,,,,,,,,,,,,,,,,,,,,,,,,,,,,,,
11,2662,428,-19576.129339068124,-16715.518702597008,-18177.388226007366,-15651.806967516819,-1398.7411130607593,-1063.7117350801873,flu_2018,-16778.34715866019,-18216.855845443024,-15732.315161476356,-17121.390804855007,-1046.0319971838371,-1095.4650405880154,-16719.800878374426,-19613.10512319817,-15673.04702130991,-18498.22614583898,-1046.7538570645147,-1114.8789773591884,-16771.162372276445,-20274.645190603373,-15719.705593179238,-19164.767138459276,-1051.4567790972076,-1109.8780521440967,-16668.52025060246,-15640.176330013615,-1028.3439205888476,-18558.06467958234,-17509.04235624947,-1049.0223233328743,-16759.480930829675,-19546.732195186094,-15718.163795072482,-18461.8476941067,-1041.3171357571948,-1084.8845010793952,,,,,,,,,,,,,,,,,,,,,,,,,,,,,,
12,3187,522,-23551.24533210841,-20066.28533855644,-21853.093147195286,-18785.432287898468,-1698.152184913124,-1280.8530506579725,flu_2018,-20177.174575418816,-21895.18699945822,-18914.84431484653,-20572.083585268556,-1262.3302605722847,-1323.103414189663,-20103.03997924173,-23557.573863530997,-18832.95247345814,-22209.402418032394,-1270.0875057835901,-1348.1714454986036,-20150.79899804766,-24360.419218818486,-18872.95908258202,-23013.383784859107,-1277.8399154656386,-1347.0354339593791,-20034.653551393574,-18789.96302972106,-1244.6905216725131,-22297.03606507945,-21029.214461879834,-1267.8216031996171,-20129.591974213887,-23484.43510305761,-18871.46138859579,-22171.53330407583,-1258.1305856180938,-1312.9017989817792,,,,,,,,,,,,,,,,,,,,,,,,,,,,,,
13,3543,586,-26287.70991123354,-22324.874785829787,-24392.54525012377,-20890.068204015464,-1895.1646611097708,-1434.8065818143239,flu_2018,-22469.91421682582,-24372.26801775485,-21048.30219584853,-22885.83473725378,-1421.6120209772898,-1486.4332805010708,-22374.25993900488,-26217.77072094444,-20951.461312097068,-24707.87192119795,-1422.7986269078124,-1509.898799746492,-22423.6300740512,-27104.717079841947,-20989.53749671375,-25592.83013043107,-1434.0925773374502,-1511.8869494108772,-22301.62505048608,-20904.07859669717,-1397.5464537889084,-24816.889490648544,-23393.201404964504,-1423.6880856840382,-22409.23591430921,-26126.666493425033,-20992.160027040154,-24655.94446815179,-1417.0758872690556,-1470.7220252732432,,,,,,,,,,,,,,,,,,,,,,,,,,,,,,
14,4003,657,-29843.36791369794,-25265.893774034255,-27699.353768256133,-23661.137518527492,-2144.0141454418062,-1604.7562555067645,flu_2018,-25456.62834213724,-27606.837360747,-23864.58993920181,-25945.018275536404,-1592.038402935429,-1661.8190852105959,-25342.294725945878,-29697.174654709568,-23746.31353468166,-28003.990154937965,-1595.9811912642176,-1693.1844997716018,-25376.21119086319,-30699.221277569188,-23771.061305482017,-29008.082564014538,-1605.1498853811704,-1691.1387135546502,-25258.744675392183,-23691.667838721205,-1567.07683667098,-28107.543375873513,-26513.05888872171,-1594.484487151803,-25360.43146449814,-29589.422110502124,-23777.563985975226,-27942.023087653713,-1582.8674785229134,-1647.3990228484108,,,,,,,,,,,,,,,,,,,,,,,,,,,,,,
15,4482,742,-33709.63125046245,-28398.143374738007,-31289.167584171635,-26600.15063524769,-2420.463666290818,-1797.9927394903161,flu_2018,-28628.099976956266,-31011.34851956052,-26838.296580010516,-29141.678676155643,-1789.80339694575,-1869.669843404879,-28482.521911481817,-33361.74725887742,-26692.68524492652,-31454.17159490033,-1789.8366665552965,-1907.5756639770912,-28514.372362453316,-34476.28993492503,-26710.931849351928,-32571.358368078774,-1803.440513101388,-1904.9315668462575,-28402.375349044345,-26642.310484850237,-1760.0648641941063,-31567.264387879994,-29777.0655922611,-1790.1987956188927,-28510.650614854392,-33220.679819721794,-26732.151221371376,-31367.75730332533,-1778.4993934830181,-1852.9225163964622,,,,,,,,,,,,,,,,,,,,,,,,,,,,,,
16,4971,837,-37529.4082342715,-31510.155287766007,-34827.48215692311,-29510.404525484366,-2701.9260773483848,-1999.7507622816406,flu_2018,-31792.33326270325,-34449.5817631841,-29799.343315051516,-32358.70667286601,-1992.9899476517344,-2090.875090318085,-31616.791687391233,-37060.3562273591,-29623.79397213138,-34931.65401120196,-1992.99771525985,-2128.702216157147,-31636.71065653053,-38288.30888301208,-29628.579330618602,-36154.05749585437,-2008.131325911926,-2134.2513871577107,-31531.094231600935,-29569.708292708583,-1961.3859388923531,-35052.54653289453,-33056.89221674491,-1995.6543161496131,-31646.260358508585,-36894.26936199498,-29662.322817006654,-34817.8455495665,-1983.9375415019313,-2076.423812428479,,,,,,,,,,,,,,,,,,,,,,,,,,,,,,
17,5475,941,-41590.097551231964,-34835.886517879124,-38589.69624339689,-32616.571580935703,-3000.4013078350763,-2219.3149369434236,flu_2018,-35173.71004813073,-38167.63833277111,-32959.84890044488,-35839.57361065505,-2213.8611476858478,-2328.06472211606,-34984.206755682164,-41043.95146989651,-32765.48559514899,-38684.07360878712,-2218.721160533171,-2359.877861109389,-34980.21048077329,-42423.49479522856,-32751.301582197328,-40051.89716477933,-2228.908898575962,-2371.5976304492324,-34875.49939103499,-32694.98664603227,-2180.5127450027153,-38818.150518251496,-36600.63467075271,-2217.5158474987875,-34977.30822953273,-40857.52802873719,-32774.93686494464,-38555.945960585355,-2202.3713645880925,-2301.582068151835,,,,,,,,,,,,,,,,,,,,,,,,,,,,,,
18,5845,1000,-44734.39219012723,-37328.64002373782,-41539.84543812358,-34976.935535691504,-3194.5467520036577,-2351.704488046313,flu_2018,-37711.96825640645,-40940.79913400389,-35361.50367702478,-38479.32560549683,-2350.464579381666,-2461.473528507065,-37494.10620900219,-44038.84036140133,-35145.49276860899,-41540.32766105167,-2348.6134403931983,-2498.512700349658,-37478.92369893916,-45506.142406134444,-35119.7364271273,-42998.7903308813,-2359.1872718118525,-2507.352075253148,-37378.59086442252,-35067.2127996515,-2311.378064771023,-41635.3997744387,-39283.71627972789,-2351.683494710813,-37472.828167131156,-43815.255576666656,-35137.865342426114,-41377.395924487544,-2334.962824705044,-2437.859652179113,,,,,,,,,,,,,,,,,,,,,,,,,,,,,,
19,6208,1074,-47787.53267460821,-39793.32828977698,-44378.12946970963,-37287.74706773644,-3409.4032048985773,-2505.5812220405446,flu_2018,-40224.49615232853,-43714.059181018114,-37719.59059022489,-41085.11506638334,-2504.9055621036364,-2628.9441146347745,-39985.97075515589,-47019.534888505106,-37474.761219976026,-44356.0286603323,-2511.209535179864,-2663.506228172806,-39943.20212228283,-48583.95333718013,-37425.688394464465,-45912.95118221948,-2517.513727818367,-2671.0021549606495,-39862.592077879606,-37397.4153393263,-2465.176738553311,-44436.5225829503,-41932.1100884573,-2504.412494493002,-39934.306922267766,-46772.54250708782,-37445.443414819674,-44169.6382316197,-2488.863507448093,-2602.904275468121,,,,,,,,,,,,,,,,,,,,,,,,,,,,,,
20,6520,1143,-50331.08695033766,-41893.49470331299,-46736.10439382507,-39237.00539801886,-3594.98255651259,-2656.489305294129,flu_2018,-42344.848897131626,-46091.338274236354,-39691.65554238243,-43309.661013337805,-2653.1933547491954,-2781.6772608985457,-42096.50107937495,-49601.92491479902,-39434.171024750816,-46778.69262231652,-2662.3300546241335,-2823.232292482498,-42053.94543094915,-51252.99346700633,-39383.451499020965,-48420.830261087365,-2670.4939319281816,-2832.1632059189624,-41959.168796425525,-39345.23199022132,-2613.936806204203,-46855.55289087939,-44203.43448881807,-2652.1184020613223,-42046.90309588074,-49331.649807395515,-39407.61567965032,-46570.56591626373,-2639.2874162304215,-2761.0838911317824,,,,,,,,,,,,,,,,,,,,,,,,,,,,,,
21,6721,1188,-52022.86829410594,-43221.53689067636,-48314.47900713411,-40478.29330539755,-3708.389286971828,-2743.243585278809,flu_2018,-43717.10583249466,-47573.98287851092,-40974.835313260715,-44695.514824105114,-2742.2705192339427,-2878.468054405807,-43444.43569957161,-51186.94426664863,-40692.13788733045,-48267.28300778656,-2752.2978122411555,-2919.6612588620724,-43385.611605041566,-52884.50173764709,-40621.75572050704,-49952.39752537804,-2763.8558845345256,-2932.104212269057,-43305.739659283594,-40603.9878738075,-2701.7517854760968,-48342.68164282242,-45603.612856130174,-2739.0687866922453,-43376.928522705624,-50898.9059378788,-40647.40841089424,-48041.52051097979,-2729.520111811381,-2857.385426899008,,,,,,,,,,,,,,,,,,,,,,,,,,,,,,
22,6871,1212,-53261.31091851664,-44205.75815012985,-49481.12306660237,-41409.92270230504,-3780.1878519142697,-2795.835447824806,flu_2018,-44731.242434688014,-48641.152837057285,-41935.821533512106,-45709.902530766914,-2795.4209011759053,-2931.2503062903706,-44439.36588420529,-52326.05376814353,-41634.53872731017,-49352.13490307042,-2804.827156895118,-2973.918865073109,-44366.99243176091,-54054.833743775256,-41548.96108784974,-51065.76698465097,-2818.0313439111715,-2989.0667591242923,-44308.347923727735,-41553.97375914341,-2754.3741645843293,-49418.81288762012,-46629.09937755307,-2789.713510067049,-44364.62156264294,-52025.91248417455,-41581.66399099094,-49113.962378459495,-2782.9575716519994,-2911.9501057150574,,,,,,,,,,,,,,,,,,,,,,,,,,,,,,
23,6977,1235,-54076.52056370862,-44874.90128795814,-50230.17751972758,-42035.07249131645,-3846.3430439810368,-2839.828796641687,flu_2018,-45416.111194179204,-49358.27108302221,-42574.82175663386,-46381.804433312995,-2841.289437545346,-2976.466649709217,-45118.77148613071,-53090.18697926537,-42267.1852825846,-50068.51122226645,-2851.586203546108,-3021.6757569989195,-45043.8547618933,-54839.92397412253,-42179.344322176505,-51807.48936347117,-2864.510439716794,-3032.434610651362,-44984.955236716625,-42186.03595994705,-2798.9192767695795,-50144.44398952187,-47311.39086621614,-2833.0531233057245,-45040.371293187156,-52786.696281104814,-42213.054499792226,-49830.47717696867,-2827.3167933949276,-2956.2191041361402,,,,,,,,,,,,,,,,,,,,,,,,,,,,,,
24,7070,1249,-54831.63741384271,-45485.69317486571,-50944.60563682288,-42612.89710054243,-3887.0317770198308,-2872.796074323279,flu_2018,-46041.15605160749,-50043.38123342486,-43164.77654014038,-47030.84707952527,-2876.3795114671057,-3012.534153899587,-45735.09495901727,-53827.13147012698,-42850.412909931314,-50771.53951163406,-2884.6820490859523,-3055.591958492919,-45657.531105323906,-55606.460027872934,-42758.8363709253,-52535.94493722988,-2898.694734398606,-3070.5150906430604,-45604.2981955469,-42771.486798082806,-2832.8113974640964,-50839.505626050326,-47973.97166766719,-2865.5339583831383,-45648.92066824559,-53520.25158866191,-42786.95022649351,-50529.74715490905,-2861.9704417520875,-2990.504433752859,,,,,,,,,,,,,,,,,,,,,,,,,,,,,,
25,7144,1264,-55486.09225709068,-45999.894159282965,-51547.9521009148,-43090.120851387735,-3938.140156175877,-2909.773307895233,flu_2018,-46568.71638947316,-50612.64391961419,-43654.96033939138,-47563.07443924781,-2913.7560500817767,-3049.5694803663814,-46257.69052917181,-54435.482922408046,-43336.24706597769,-51340.74222305788,-2921.4434631941176,-3094.740699350164,-46173.718791707506,-56229.98339464008,-43238.89769246626,-53122.56837749197,-2934.8210992412473,-3107.415017148119,-46124.24080164997,-43254.84018958929,-2869.4006120606773,-51415.240966233316,-48511.95020069268,-2903.2907655406375,-46165.16723701316,-54119.42575345441,-43267.05875976064,-51092.14644871115,-2898.1084772525146,-3027.27930474326,,,,,,,,,,,,,,,,,,,,,,,,,,,,,,
0,102,7,-518.8431160238945,-1031.1716148666344,-497.1035886258982,-960.4706024495199,-21.739527397996262,-70.70101241711443,othervirus_2019,-507.14570544377,-371.1326208304543,-486.65171994691167,-352.1224991530608,-20.4939854968583,-19.01012167739349,-492.3237543018098,-355.1659608253733,-471.8860260417933,-335.97309011363143,-20.43772826001652,-19.1928707117419,-473.53476703854045,-355.7806857227373,-453.4022622234411,-335.8283049534342,-20.132504815099374,-19.9523807693031,-497.92105017091507,-476.9731812910052,-20.947868879909894,-364.66175295572475,-345.09418308340344,-19.567569872321293,-511.3142217345774,-360.845405265985,-491.0301006883087,-341.138160217593,-20.284121046268694,-19.70724504839202,-478.3842216249538,-362.6153594302328,-458.57122516847824,-343.33594643117607,-19.812996456475563,-19.279412999056706,,,,,,,,,,,,,,,,,,,,,,,,
1,166,13,-885.7145761749362,-1263.1072166670347,-845.6843133475556,-1173.913096163945,-40.030262827380554,-89.19412050308958,othervirus_2019,-843.2718801249239,-611.184811886928,-805.6483552954594,-577.0942258284064,-37.62352482946453,-34.090586058521566,-817.7554127226867,-584.556669486328,-779.2077933438782,-550.8432764221711,-38.547619378808555,-33.71339306415686,-783.294053161278,-583.8370939633539,-744.9220463024151,-546.3285484283197,-38.37200685886298,-37.50854553503426,-829.952710588251,-790.0911605886291,-39.861549999621815,-601.8859221248961,-564.7653499446092,-37.120572180286885,-851.459655796866,-591.456765847149,-812.324570755087,-554.9524423572693,-39.135085041778936,-36.50432348987968,-797.660066728971,-596.6407523855031,-758.6930909748929,-560.5491310463209,-38.966975754078035,-36.091621339182254,,,,,,,,,,,,,,,,,,,,,,,,
2,191,13,-1029.1453406304151,-1343.4395601898814,-985.8191898546902,-1252.3900487532424,-43.32615077572493,-91.04951143663911,othervirus_2019,-971.1218335077932,-700.2089563467571,-931.6585530806911,-663.9146629485571,-39.4632804271021,-36.29429339819999,-940.8653392594382,-668.4943825547027,-900.4543479713429,-633.021467109681,-40.41099128809527,-35.472915445021705,-900.6993489943782,-666.8522632965694,-860.5782258136051,-627.1610710494307,-40.12112318077308,-39.69119224713869,-955.2119201477826,-913.5068495232338,-41.705070624548895,-687.7214717421372,-648.9111421955861,-38.81032954655114,-979.5540324560444,-675.0199597877788,-938.6462108707669,-636.4384744414509,-40.90782158527746,-38.58148534632784,-917.5263146979757,-680.2619736936197,-876.740445209563,-642.1351317623999,-40.78586948841276,-38.12684193121983,,,,,,,,,,,,,,,,,,,,,,,,
3,234,15,-1252.3583175779765,-1477.1500278623755,-1200.2649526927116,-1378.037065045468,-52.09336488526501,-99.11296281690757,othervirus_2019,-1180.1918919566763,-845.3743849751218,-1133.7401510358586,-801.7736315042764,-46.45174092081775,-43.600753470845355,-1142.3973983370317,-805.5608769160281,-1095.4990612627578,-763.3116379500448,-46.89833707427404,-42.2492389659833,-1095.14388937289,-802.394684253751,-1047.6616990631624,-755.3705688975881,-47.482190309727585,-47.02411535616291,-1161.4110740997887,-1112.7863784341628,-48.62469566562592,-828.8401382449186,-784.3699501259329,-44.47018811898582,-1190.8576427133955,-812.9357135510501,-1143.1694236365684,-767.9946635025357,-47.68821907682727,-44.941050048514356,-1114.6519359781073,-818.7956629828557,-1066.9772747208813,-774.4955893903618,-47.67466125722611,-44.30007359249387,,,,,,,,,,,,,,,,,,,,,,,,
4,256,17,-1395.8197661787485,-1560.1657347703144,-1333.592477282049,-1454.6713259626881,-62.22728889669957,-105.4944088076264,othervirus_2019,-1297.3023739826735,-931.7920482473075,-1245.4204887612932,-882.6500492215146,-51.88188522138024,-49.141999025793034,-1256.5788809286237,-889.4205734741777,-1203.9171651943975,-841.3544279475004,-52.6617157342262,-48.0661455266773,-1205.2380757377662,-885.2936058482712,-1151.7027302452882,-833.020031738599,-53.53534549247803,-52.27357410967229,-1275.762204294213,-1221.7725278578323,-53.98967643638075,-912.646825390849,-862.761925195036,-49.88490019581293,-1308.4441740071127,-895.6722278262233,-1255.1043650327904,-845.0830131336381,-53.33980897432234,-50.58921469258519,-1225.09533371302,-900.131674663638,-1171.9060178933523,-850.4827426686713,-53.18931581966773,-49.64893199496667,,,,,,,,,,,,,,,,,,,,,,,,
5,308,20,-1694.9414862299282,-1741.6695010422284,-1619.4515034202614,-1624.860007389848,-75.4899828096667,-116.80949365238027,othervirus_2019,-1571.4357297570841,-1128.1154659284982,-1508.8036913718531,-1068.251499756354,-62.63203838523103,-59.86396617214418,-1521.552426295733,-1075.473012550704,-1457.3899271636003,-1016.7353744905026,-64.16249913213288,-58.73763806020125,-1459.8052041237884,-1070.1467848574885,-1395.7914489216205,-1006.8808141182791,-64.01375520216789,-63.265970739209386,-1544.438120868823,-1479.3864197064884,-65.05170116233475,-1104.541202364882,-1043.9180507771725,-60.62315158770947,-1582.7634105872166,-1082.7842130300646,-1518.9986842812832,-1021.6217393357883,-63.76472630593351,-61.16247369427622,-1482.427747393533,-1088.4618096375075,-1418.5093860503805,-1027.7543687325108,-63.91836134315253,-60.707440904996794,,,,,,,,,,,,,,,,,,,,,,,,
6,360,24,-2021.6992523450829,-1939.0989931979263,-1927.0896734978874,-1809.8019782518372,-94.60957884719548,-129.29701494608906,othervirus_2019,-1856.4149456191096,-1332.8835301665536,-1781.1142362993678,-1260.494006529126,-75.3007093197418,-72.38952363742752,-1798.394597548283,-1271.2656537580347,-1720.522042410406,-1199.941156984779,-77.87255513787706,-71.32449677325587,-1724.6141443928045,-1265.0522149547935,-1648.3865430015312,-1189.0435112093107,-76.22760139127338,-76.00870374548285,-1824.7728124349264,-1746.4730112541347,-78.29980118079163,-1306.0730333182057,-1232.187337493301,-73.88569582490472,-1866.5306123740102,-1278.8457173474822,-1790.4490958773508,-1205.0401081144273,-76.08151649665938,-73.80560923305481,-1750.9173205072432,-1286.4252941198527,-1673.9992845033753,-1211.9911680100804,-76.91803600386781,-74.43412610977228,,,,,,,,,,,,,,,,,,,,,,,,
7,415,27,-2342.315589123577,-2141.0828339122845,-2236.008298874836,-2001.4812010814335,-106.30729024874096,-139.601632830851,othervirus_2019,-2145.728523999073,-1546.9500082854656,-2060.265516744754,-1465.2906129733742,-85.46300725431868,-81.65939531209146,-2078.7472975527776,-1478.2613186501553,-1990.3875164418998,-1396.7732162447787,-88.35978111087766,-81.48810240537658,-1994.2559721703433,-1470.7772626692263,-1907.7248087276557,-1385.0774021303496,-86.53116344268747,-85.69986053887666,-2107.9941471108623,-2019.2943334982033,-88.69981361265894,-1516.3154265292344,-1431.6755161593749,-84.6399103698595,-2154.460739210723,-1485.809529440485,-2068.1047405707395,-1401.9099805770634,-86.35599863998355,-83.89954886342171,-2022.8193528105744,-1493.228104095064,-1935.240709683928,-1408.648367368307,-87.57864312664651,-84.5797367267571,,,,,,,,,,,,,,,,,,,,,,,,
8,501,28,-2842.9441121393593,-2418.330236488583,-2725.5802195591914,-2270.7834903604553,-117.3638925801681,-147.54674612812764,othervirus_2019,-2584.7723128934153,-1852.8091338356928,-2491.611146597097,-1762.9238570040095,-93.16116629631821,-89.88527683168329,-2501.844980885902,-1766.598078759459,-2405.2868408210106,-1677.841430502755,-96.55814006489112,-88.756648256704,-2397.3606304534255,-1755.8284534552022,-2303.661113906984,-1662.236480412452,-93.6995165464413,-93.59197304275018,-2538.1323923750597,-2441.685519908932,-96.44687246612791,-1812.6457608870708,-1720.1007322226264,-92.5450286644443,-2592.5726447953734,-1773.2683898113646,-2499.117184123209,-1682.0874167136935,-93.45546067216448,-91.18097309767109,-2433.9305363578947,-1781.915478683117,-2338.6560042117408,-1689.4559391970097,-95.27453214615403,-92.45953948610742,,,,,,,,,,,,,,,,,,,,,,,,
9,582,31,-3369.1244664897868,-2720.143428969005,-3231.627464768786,-2561.395214265009,-137.49700172100071,-158.74821470399584,othervirus_2019,-3023.7733536309634,-2166.945358060572,-2919.939926832213,-2067.1447368378786,-103.83342679875004,-99.80062122269315,-2924.069632824455,-2070.170158773305,-2816.4238407499797,-1971.2360870179486,-107.64579207447525,-98.93407175535653,-2804.0173555577953,-2054.838105525492,-2699.756366790402,-1951.5585668363433,-104.26098876739344,-103.27953868914886,-2969.2949796042085,-2861.7770222025915,-107.51795740161683,-2120.270038862811,-2018.1937093053207,-102.07632955749017,-3029.7162245887566,-2073.9863750521067,-2925.5174987134733,-1972.4204162118726,-104.19872587528319,-101.56595884023409,-2846.455037831712,-2081.8316175428063,-2740.648426356229,-1979.4840519017794,-105.80661147548325,-102.34756564102672,,,,,,,,,,,,,,,,,,,,,,,,
10,673,40,-3936.9873091241748,-3093.2800031605484,-3770.497822188565,-2908.7461180753594,-166.4894869356097,-184.53388508518898,othervirus_2019,-3517.504162038119,-2538.1026595012872,-3390.9180495127143,-2415.1855208174775,-126.58611252540442,-122.91713868380982,-3402.8804292477375,-2433.44608572919,-3269.971425137513,-2311.812127295204,-132.9090041102244,-121.6339584339861,-3262.450364619064,-2414.5103629256278,-3133.96126263105,-2290.6355802859453,-128.48910198801423,-123.87478263968266,-3458.7330113899948,-3327.7950973013135,-130.9379140886812,-2485.821286005537,-2362.490763946559,-123.33052205897778,-3523.8003938157144,-2436.1040561758336,-3396.495080126183,-2312.3271943585582,-127.30531368953157,-123.77686181727542,-3316.025948512448,-2445.9757157334498,-3187.2874667148694,-2320.6977087420014,-128.73848179757834,-125.27800699144848,,,,,,,,,,,,,,,,,,,,,,,,
11,774,47,-4543.490099030608,-3469.1839750520953,-4355.775189147714,-3261.8643422045784,-187.71490988289443,-207.31963284751686,othervirus_2019,-4061.7150708795675,-2928.9776155154427,-3914.243483613537,-2783.4651979462037,-147.4715872660304,-145.512417569239,-3926.5676725657995,-2808.3093664085186,-3772.346827705713,-2665.0752202361764,-154.22084486008615,-143.23414617234204,-3764.843745476461,-2785.9908343593943,-3614.6899964085565,-2639.4038305348577,-150.15374906790487,-146.58700382453668,-3995.1094606234064,-3843.018311740044,-152.0911488833626,-2869.006953641496,-2724.5134382681063,-144.49351537338976,-4067.9419676633906,-2811.843528088579,-3919.181605679556,-2665.245160685536,-148.76036198383463,-146.59836740304306,-3830.0328071739937,-2825.2814541785874,-3679.8602018762404,-2677.272646553481,-150.1726052977533,-148.00880762510656,,,,,,,,,,,,,,,,,,,,,,,,
12,890,49,-5317.606273892227,-4009.943703687209,-5107.329120659614,-3785.9897896127673,-210.2771532326134,-223.9539140744417,othervirus_2019,-4715.71366437838,-3457.792042853659,-4553.169272320809,-3295.8500597552697,-162.54439205757063,-161.9419830983893,-4560.729009465581,-3340.276521061819,-4391.851936264031,-3180.454750928585,-168.87707320154976,-159.82177013323437,-4374.703634750863,-3322.461524401128,-4209.66880596295,-3159.9526275889925,-165.03482878791368,-162.5088968121353,-4637.090597268019,-4470.649987986314,-166.4406092817054,-3393.6142400955487,-3232.392187166299,-161.22205292924957,-4717.036682055567,-3337.78653465425,-4553.539067596248,-3175.584975523532,-163.49761445931958,-162.2015591307177,-4451.948830253889,-3347.9958476369684,-4287.105460304843,-3184.6991392839777,-164.8433699490463,-163.29670835299078,,,,,,,,,,,,,,,,,,,,,,,,
13,1085,58,-6458.611013178122,-4665.376113893783,-6208.045706323525,-4406.92926332518,-250.56530685459734,-258.44685056860357,othervirus_2019,-5723.789051528156,-4161.716423609885,-5528.645025092057,-3970.6971265359953,-195.14402643609924,-191.01929707389033,-5530.78614907981,-4010.035673666398,-5330.598304776742,-3820.702232766092,-200.18784430306727,-189.33344090030576,-5299.178158923972,-3983.086346536715,-5103.386620728869,-3790.9277272372,-195.79153819510242,-192.1586192995149,-5627.525157017055,-5428.7417153432925,-198.78344167376264,-4080.5523745529526,-3888.921712655731,-191.63066189722178,-5721.131488897691,-4006.622764578618,-5525.790801343754,-3814.718318085872,-195.3406875539378,-191.9044464927459,-5396.759965052291,-4020.3615069792872,-5200.211634215968,-3827.7675345154917,-196.5483308363231,-192.59397246379552,,,,,,,,,,,,,,,,,,,,,,,,
14,1285,65,-7570.091217933232,-5401.339175615445,-7286.130475662619,-5114.335977195338,-283.9607422706134,-287.00319842010714,othervirus_2019,-6746.566475598184,-4935.058702843409,-6523.213044561839,-4715.041204984959,-223.35343103634546,-220.01749785844996,-6523.499473587943,-4758.25568027995,-6295.787717759117,-4540.300820679935,-227.7117558288253,-217.95485960001537,-6250.223533608981,-4731.125352162948,-6026.488722349766,-4508.332402552958,-223.73481125921458,-222.79294960998965,-6635.258736718397,-6408.739049462529,-226.5196872558685,-4840.916032013235,-4620.351604232157,-220.5644277810778,-6745.247070970199,-4759.674039426885,-6521.924692984325,-4537.805121395478,-223.32237798587454,-221.8689180314076,-6363.450655123643,-4775.740314350917,-6139.082444658605,-4554.212689997627,-224.36821046503823,-221.52762435328992,,,,,,,,,,,,,,,,,,,,,,,,
15,1617,77,-9532.963015892803,-6702.352959443462,-9188.61792486066,-6372.104642660941,-344.34509103214185,-330.2483167825213,othervirus_2019,-8487.946512491002,-6262.490833067376,-8221.337109701673,-6002.655522088428,-266.6094027893284,-259.8353109789481,-8211.258541184947,-6066.71619255723,-7940.7979093541435,-5806.860368061334,-270.4606318308033,-259.85582449589583,-7882.004557831143,-6037.456122808878,-7614.68369984072,-5774.000795340786,-267.3208579904227,-263.4553274680922,-8351.381934890529,-8082.206242920069,-269.1756919704606,-6156.196580385207,-5896.592463685738,-259.60411669946905,-8494.092831810554,-6066.798394383283,-8228.945306636295,-5805.569592544113,-265.14752517425984,-261.22880183916976,-8016.937911569991,-6083.398988026391,-7751.363369354824,-5823.020660841226,-265.5745422151674,-260.3783271851644,,,,,,,,,,,,,,,,,,,,,,,,
16,1936,90,-11564.23367488052,-7920.957310337709,-11147.098293032483,-7546.5360073015345,-417.1353818480371,-374.42130303617404,othervirus_2019,-10207.91555346246,-7538.760754287745,-9893.688025611531,-7235.6408333667005,-314.22752785092916,-303.1199209210442,-9867.61608109007,-7311.355828313988,-9549.906672073157,-7005.43570119642,-317.7094090169116,-305.92012711756803,-9470.540556006126,-7268.881875875518,-9156.300058275176,-6963.026620092171,-314.2404977309508,-305.8552557833471,-10036.310126123602,-9720.086952935468,-316.22317318813526,-7408.162883387281,-7103.919396671977,-304.2434867153043,-10201.424549027191,-7297.877650536595,-9889.707307181736,-6994.134452476929,-311.71724184545513,-303.7431980596656,-9634.083552302822,-7313.1495638296665,-9322.928831647194,-7009.797697874283,-311.1547206556272,-303.35186595538346,,,,,,,,,,,,,,,,,,,,,,,,
17,2130,105,-12771.189570607221,-8738.720176671577,-12287.667125773365,-8318.20177258347,-483.5224448338554,-420.51840408810676,othervirus_2019,-11269.590786117222,-8362.432840291212,-10907.191882624022,-8016.129355549903,-362.3989034931994,-346.3034847413088,-10892.705785630362,-8126.0515700267515,-10529.90889795358,-7775.6739304412995,-362.7968876767813,-350.37763958545224,-10461.533127270175,-8083.915607152441,-10102.238427776436,-7735.985434220425,-359.2946994937396,-347.93017293201626,-11081.853669814338,-10718.885152817058,-362.9685169972805,-8226.055523291867,-7877.403878326859,-348.6516449650088,-11256.78910917872,-8110.654119233163,-10899.284049573935,-7765.9912955702275,-357.50505960478506,-344.66282366293603,-10640.195110649449,-8127.257831598508,-10282.859530381029,-7783.018825490561,-357.3355802684192,-344.2390061079475,,,,,,,,,,,,,,,,,,,,,,,,
18,2317,118,-13922.489581926005,-9521.42952811048,-13381.503380429349,-9062.249611671929,-540.9862014966558,-459.179916438552,othervirus_2019,-12284.226707413067,-9160.775834893862,-11882.117274300408,-8776.920773713435,-402.10943311265885,-383.85506118042827,-11875.661202279187,-8916.332456746099,-11472.357796572473,-8527.689982646909,-403.3034057067141,-388.6424740991904,-11403.777908802116,-8874.015697761912,-11006.692583451973,-8490.210685245416,-397.085325350143,-383.8050125164951,-12082.258568138226,-11679.155825464559,-403.10274267366714,-9015.121004908264,-8628.94259579105,-386.17840911721447,-12262.20852829888,-8899.662712490483,-11866.38912889706,-8517.213161663894,-395.8193994018182,-382.4495508265879,-11599.745780508574,-8918.132383649103,-11204.060406558478,-8535.318105099292,-395.68537395009577,-382.8142785498114,,,,,,,,,,,,,,,,,,,,,,,,
19,2515,134,-15164.668804036583,-10403.674128499792,-14565.3743861171,-9897.497117125464,-599.2944179194819,-506.17701137432766,othervirus_2019,-13382.36700525336,-10051.23087037829,-12935.232079043675,-9622.892965688874,-447.1349262096843,-428.3379046894147,-12947.291581438805,-9799.808296050802,-12497.124660182897,-9367.657767525987,-450.1669212559077,-432.1505285248145,-12441.17304294779,-9761.705272605484,-11998.317058793034,-9334.47370289718,-442.85598415475613,-427.2315697083043,-13163.408730380159,-12714.434249310167,-448.9744810699916,-9894.517413673508,-9466.09924392337,-428.41816975013677,-13359.506719026911,-9782.540696679398,-12918.979451066747,-9355.773708946948,-440.5272679601637,-426.7669877324496,-12645.445215629132,-9799.76728491547,-12204.745362769885,-9372.857575539936,-440.69985285924736,-426.90970937553277,,,,,,,,,,,,,,,,,,,,,,,,
20,2631,142,-15912.300160398165,-10900.077957482063,-15276.6899955197,-10367.304225477754,-635.6101648784639,-532.7737320043079,othervirus_2019,-14024.954115377106,-10561.7698211122,-13551.784252041103,-10106.204011912612,-473.16986333600295,-455.56580919958776,-13571.762592926938,-10302.175803937307,-13096.745060376583,-9843.039636842446,-475.0175325503551,-459.1361670948604,-13045.38207818124,-10265.120710290645,-12577.155006951207,-9811.856024216046,-468.22707123003147,-453.2646860745991,-13791.05000084959,-13317.415543980567,-473.63445686902196,-10395.205404741617,-9941.496607175111,-453.70879756650464,-13993.817442110834,-10281.08730206684,-13528.93156359377,-9829.449626838785,-464.8858785170658,-451.6376752280564,-13249.848029181865,-10295.911629290433,-12784.750421635395,-9843.815518665853,-465.09760754647033,-452.096110624579,,,,,,,,,,,,,,,,,,,,,,,,
21,2746,153,-16659.96158874312,-11411.64020960465,-15975.226831561506,-10841.56132762487,-684.7347571816151,-570.0788819797802,othervirus_2019,-14680.828578024008,-11082.60727727791,-14170.49034906246,-10589.444005098678,-510.338228961547,-493.16327217923225,-14205.42382614267,-10815.055391426513,-13695.097686205781,-10319.848956499547,-510.32613993688994,-495.20643492696576,-13654.001921680789,-10781.20260588864,-13149.449719449109,-10289.670843874825,-504.5522022316802,-491.5317620138151,-14435.427692223138,-13925.862379515294,-509.56531270784444,-10907.112721390149,-10417.41223756095,-489.7004838291995,-14643.532607920466,-10792.010601872002,-14141.809040057362,-10304.465188477088,-501.7235678631043,-487.5454133949139,-13869.802045488497,-10808.891653597371,-13369.53696809926,-10321.270667095365,-500.2650773892366,-487.6209865020064,,,,,,,,,,,,,,,,,,,,,,,,
22,2879,166,-17484.91785337296,-11974.117667266271,-16750.783540986307,-11370.671116960959,-734.1343123866552,-603.446550305313,othervirus_2019,-15415.166270153473,-11657.477720713845,-14868.571860514447,-11132.379663873118,-546.5944096390265,-525.0980568407269,-14920.3132464007,-11382.792018055668,-14371.944224061717,-10853.870898852023,-548.369022338982,-528.921119203646,-14346.077878060856,-11350.795417921954,-13803.987301824302,-10825.311042483756,-542.0905762365554,-525.4843754381982,-15158.285989629901,-14611.174371706136,-547.1116179237653,-11478.438739291543,-10953.34065309641,-525.0980861951331,-15376.879755943346,-11359.727073897113,-14838.8471881169,-10838.964250026265,-538.0325678264458,-520.7628238708469,-14567.675169839747,-11377.58937791646,-14030.55823589689,-10856.305011965333,-537.1169339428575,-521.2843659511279,,,,,,,,,,,,,,,,,,,,,,,,
23,2970,171,-18081.028706567417,-12372.31236966292,-17325.405737099918,-11757.471379252762,-755.6229694674992,-614.8409904101597,othervirus_2019,-15930.939141060553,-12060.775858133644,-15370.587509713065,-11524.054052156987,-560.3516313474878,-536.721805976656,-15417.453944622343,-11777.91929668745,-14854.990948711327,-11236.776131129887,-562.4629959110156,-541.143165557564,-14822.421761680738,-11745.110469994914,-14266.50468632795,-11209.422207347467,-555.9170753527895,-535.6882626474471,-15663.38619073242,-15102.742787575757,-560.6434031566646,-11875.28105557721,-11338.328227719745,-536.9528278574645,-15878.740322433367,-11753.553982509116,-15327.337254566093,-11221.422533706791,-551.4030678672739,-532.1314488023254,-15049.431720857188,-11772.842449118027,-14499.443084600138,-11240.347361965736,-549.9886362570503,-532.4950871522904,,,,,,,,,,,,,,,,,,,,,,,,
24,3055,174,-18579.33280240895,-12700.421768735172,-17809.62051998174,-12074.955649995027,-769.7122824272075,-625.4661187401451,othervirus_2019,-16377.910693058755,-12402.71904773343,-15806.102064238106,-11854.69001272427,-571.8086288206493,-548.0290350091609,-15850.224456259104,-12113.763353643548,-15277.043898558326,-11561.24893420518,-573.1805577007785,-552.514419438368,-15242.137891816388,-12079.57432639524,-14674.9909631142,-11533.022728121065,-567.1469287021877,-546.5515982741767,-16101.9220570912,-15530.39696947853,-571.5250876126697,-12212.754654636019,-11665.948395052594,-546.8062595834258,-16326.80605104964,-12087.264425542262,-15764.952338259967,-11545.454174283917,-561.8537127896727,-541.810251258344,-15472.556302227857,-12106.101240484462,-14911.807452957975,-11563.50863383935,-560.7488492698807,-542.5926066451126,,,,,,,,,,,,,,,,,,,,,,,,
25,3142,180,-19119.631634914113,-13108.79945068417,-18327.915010877874,-12467.466962791668,-791.7166240362368,-641.332487892501,othervirus_2019,-16862.5316199827,-12813.688047910297,-16273.55701438863,-12249.801949476661,-588.974605594068,-563.8860984336353,-16324.522368769412,-12529.286583945783,-15733.88477564102,-11959.561721580603,-590.6375931283935,-569.7248623651789,-15700.150407110095,-12499.992535002162,-15116.260299968899,-11936.017018426066,-583.8901071411965,-563.9755165760954,-16579.713220489775,-15991.256202655797,-588.4570178339792,-12622.673363209804,-12058.737793432203,-563.9355697776001,-16804.952399621237,-12500.803747882503,-16226.814743668929,-11942.217972778373,-578.137655952308,-558.5857751041293,-15932.901697231497,-12518.077323017244,-15355.423036691982,-11958.459794605593,-577.4786605395153,-559.6175284116509,,,,,,,,,,,,,,,,,,,,,,,,
0,43,9,-246.9208907074263,-434.7096023457382,-222.53109974634265,-404.90427358166056,-24.389790961083662,-29.805328764077643,flu_2019,-246.7172863076468,-251.20062927055415,-226.38694434015335,-227.67684365078503,-20.330341967493435,-23.52378561976911,-246.41717232298825,-263.61272173738666,-224.52007881232888,-241.9653027770206,-21.897093510659364,-21.647418960366064,-245.77554489570176,-273.5755961001572,-224.6503809974248,-251.51126397203882,-21.125163898276956,-22.064332128118405,-245.61071643032201,-224.9943906580025,-20.616325772319538,-256.5207766551874,-233.55124329556347,-22.96953335962389,-251.85084065323446,-267.36377989876155,-230.16537457536683,-245.5677788073798,-21.685466077867616,-21.79600109138176,-243.80012600180424,-266.49488336725256,-222.96218638179587,-243.8266177242067,-20.837939620008374,-22.66826564304588,,,,,,,,,,,,,,,,,,,,,,,,
1,61,10,-369.2216740275085,-540.5465077075426,-334.00072671224814,-505.7255602317512,-35.2209473152604,-34.82094747579129,flu_2019,-350.00718371937717,-362.44951752347356,-324.6267649387338,-333.4629184580569,-25.38041878064336,-28.986599065416648,-351.2651135291351,-384.00932400298734,-323.59587126231816,-357.399889420429,-27.66924226681695,-26.609434582558325,-350.6702228868974,-398.75854096197884,-324.8284530322727,-371.47706168073836,-25.841769854624722,-27.281479281240497,-349.9984850262183,-324.1421480770714,-25.856336949146932,-371.71313403104944,-343.2158284078659,-28.497305623183518,-356.7559409370203,-387.97058831843054,-329.8926507213313,-360.9966255503031,-26.863290215688995,-26.973962768127414,-347.0979506024204,-384.4908194008646,-321.0973627650857,-356.56392740875293,-26.000587837334688,-27.926891992111702,,,,,,,,,,,,,,,,,,,,,,,,
2,73,10,-445.5833427634443,-610.2840517361204,-406.13096088888426,-573.4136600844078,-39.45238187456003,-36.870391651712715,flu_2019,-415.4904574163868,-427.16571109524835,-387.5152194278736,-394.9562397722342,-27.975237988513193,-32.20947132301418,-416.7429855211886,-451.26161791950506,-386.0630579457154,-422.2181998694447,-30.67992757547321,-29.043418050060364,-415.3805539958964,-468.5784068814439,-387.06311743298465,-438.54233770297543,-28.317436562911745,-30.036069178468495,-417.0612733422044,-388.4074824875985,-28.65379085460593,-438.32886736527325,-406.88459080423667,-31.44427656103658,-423.1393643120868,-456.70444594549144,-393.51114064617775,-427.22108030328127,-29.62822366590903,-29.483365642210167,-412.6065713355073,-453.19190231188276,-383.6443953398935,-422.5854188745007,-28.962175995613798,-30.60648343738206,,,,,,,,,,,,,,,,,,,,,,,,
3,75,10,-457.9662733136208,-621.7038820979626,-418.28239582025367,-584.5539826914583,-39.68387749336713,-37.14989940650429,flu_2019,-427.1855874808366,-441.6129430177372,-398.7556976953529,-408.6937778607157,-28.429889785483674,-32.91916515702152,-428.3309361986769,-467.0217327270329,-396.9897297826832,-437.50721278683767,-31.34120641599372,-29.514519940195207,-426.5607113531009,-485.08519751858717,-397.6689674496825,-454.3154552223614,-28.8917439034184,-30.769742296225797,-428.6408790502353,-399.42572823071566,-29.21515081951966,-452.70259041164456,-420.6890660871098,-32.01352432453477,-433.9173449758278,-472.6141404155471,-403.7816484297022,-442.2367925756411,-30.135696546125562,-30.377347839906,-424.03072434860115,-468.8113926177201,-394.4230285093701,-437.431177630575,-29.607695839231027,-31.380214987145113,,,,,,,,,,,,,,,,,,,,,,,,
4,84,10,-514.5315307468339,-671.175279208488,-471.3343734708751,-632.7198335572415,-43.19715727595878,-38.455445651246485,flu_2019,-477.393206134785,-487.96375419629226,-447.28087764247533,-453.29914688636325,-30.112328492309658,-34.66460730992898,-477.15284783977796,-515.1235740336002,-443.95544277743085,-483.7158537670507,-33.1974050623471,-31.407720266549518,-477.3750525165889,-532.9464339833268,-446.31875109446014,-500.734827609351,-31.05630142212874,-32.21160637397575,-479.1319969670034,-448.29435139648757,-30.837645570515814,-500.1419157619106,-466.7762577026245,-33.36565805928611,-486.8097401215493,-520.9565195754061,-454.9096502382388,-489.3280628795708,-31.900089883310482,-31.628456695835315,-473.9133316532588,-517.5434761809132,-442.7763034982944,-484.8816275319755,-31.13702815496442,-32.66184864893773,,,,,,,,,,,,,,,,,,,,,,,,
5,98,10,-591.0027381622009,-741.9635890637956,-546.2674159441501,-701.8710193667296,-44.73532221805073,-40.09256969706595,flu_2019,-549.7790195525624,-559.0204789385175,-518.0707070692138,-522.9685812749703,-31.708312483348646,-36.051897663547194,-550.6285183795928,-589.3378471795809,-515.6367891165053,-556.4878521413752,-34.99172926308758,-32.84999503820566,-549.6840813776639,-610.6824168658557,-517.3531400195161,-576.988338172183,-32.33094135814781,-33.69407869367267,-550.7185159795403,-518.0692788436289,-32.64923713591138,-573.3105273773893,-538.0298865732558,-35.28064080413353,-560.6269231966508,-597.171047350193,-527.1585107303263,-563.5725657646457,-33.4684124663245,-33.59848158554737,-545.4428412143589,-592.031854690203,-512.3709750748038,-557.5303863652753,-33.071866139555006,-34.50146832492769,,,,,,,,,,,,,,,,,,,,,,,,
6,109,11,-688.3789166610436,-818.9690745285374,-639.9208753882984,-775.6642263797617,-48.458041272745135,-43.304848148775676,flu_2019,-628.90915686646,-643.7657547200495,-594.4342550396395,-605.2106394908827,-34.4749018268204,-38.55511522916673,-628.4586268092573,-678.5401042747372,-591.0493563811067,-644.1775137558558,-37.40927042815065,-34.36259051888149,-624.9386099760104,-703.3315931817787,-590.3511430482048,-666.9371113983144,-34.587466927805636,-36.39448178346422,-628.3373781252685,-592.978324547893,-35.35905357737555,-658.2580070539658,-620.6390941070404,-37.618912946925434,-633.8302572649505,-684.9381313485056,-597.7057436055617,-649.0387413922749,-36.12451365938891,-35.899389956230685,-619.9885875216204,-678.4196375885526,-584.0552620422739,-641.3640490921211,-35.933325479346486,-37.055588496431476,,,,,,,,,,,,,,,,,,,,,,,,
7,127,13,-798.4185584460595,-912.9075038644239,-742.3804076555402,-863.1152195532839,-56.03815079051923,-49.79228431114004,flu_2019,-729.5373556234608,-741.9251690258292,-689.1235532278554,-697.0502580691488,-40.413802395605494,-44.87491095668044,-730.1032166545859,-780.5739682828436,-686.2539281981053,-739.9882150105702,-43.84928845648063,-40.58575327227334,-726.9566189267257,-808.0341006296541,-685.8977736303741,-765.4010183513985,-41.05884529635156,-42.633082278255486,-728.5968392691731,-687.0772248988183,-41.519614370354866,-756.7670360396427,-713.3366171479196,-43.430418891723114,-735.9781267981996,-786.803565264748,-693.5816275879087,-744.9806549851513,-42.39649921029087,-41.82291027959672,-718.6097893436466,-778.2833679090444,-676.645847345291,-735.309227624272,-41.96394199835558,-42.97414028477236,,,,,,,,,,,,,,,,,,,,,,,,
8,151,15,-1036.3579407173543,-1097.6120197404596,-970.9202418831737,-1040.445076638927,-65.43769883418055,-57.16694310153254,flu_2019,-914.4781570491823,-933.5549652325606,-867.7506043914293,-881.5958309700716,-46.72755265775299,-51.959134262489044,-909.8733851751832,-980.8734584048556,-860.2988417711545,-933.3145531380687,-49.57454340402871,-47.558905266786795,-902.3373986366217,-1013.3064717855832,-855.0126292514753,-964.3673845795711,-47.32476938514638,-48.93908720601212,-907.9419242694977,-860.7116674521358,-47.23025681736189,-946.443933191389,-897.0884995859302,-49.355433605458785,-909.6674560200388,-983.3655791796559,-860.9878230934193,-934.9713220815001,-48.679632926619554,-48.39425709815579,-892.7594816759863,-972.4313220509893,-844.9821187644008,-923.0283725234291,-47.77736291158557,-49.402949527560146,,,,,,,,,,,,,,,,,,,,,,,,
9,199,16,-1367.9468472400254,-1379.475199673954,-1294.536309133185,-1315.5174855388696,-73.4105381068404,-63.95771413508437,flu_2019,-1202.7547437801888,-1237.3113932024226,-1148.2849154854575,-1176.947690448825,-54.469828294731215,-60.36370275359772,-1196.223820999199,-1306.9196236614625,-1138.7913422940505,-1252.284314036115,-57.43247870514849,-54.635309625347716,-1187.1488328080443,-1352.155051305502,-1132.8726815953542,-1295.132689331023,-54.2761512126902,-57.02236197447912,-1194.4111982046938,-1139.3204672607264,-55.0907309439673,-1255.1096538520103,-1197.9804625842598,-57.12919126775048,-1197.6385615268005,-1308.3768450913187,-1141.4364887910097,-1252.0896820093467,-56.20207273579089,-56.28716308197206,-1177.8895206163584,-1291.9855007949081,-1121.8064405533587,-1234.476131917942,-56.08308006299973,-57.5093688769661,,,,,,,,,,,,,,,,,,,,,,,,
10,258,25,-1856.7882285209455,-1771.0035504756133,-1749.019753503796,-1679.006643783692,-107.76847501714948,-91.99690669192144,flu_2019,-1601.4829582825441,-1671.158826054893,-1523.4605431870737,-1583.7166782409336,-78.02241509547049,-87.44214781395948,-1588.8293704855198,-1772.5921405243882,-1507.8285455753103,-1689.650293428936,-81.0008249102095,-82.94184709545216,-1572.0818322410817,-1829.751699241712,-1494.0869129698187,-1745.0779649289166,-77.99491927126287,-84.67373431279553,-1586.053098408137,-1507.710576637975,-78.34252177016207,-1688.3397708319537,-1606.5205634534439,-81.81920737850979,-1579.9028417322365,-1766.5437356068092,-1500.1097851752588,-1682.2906147177962,-79.79305655697775,-84.25312088901308,-1561.397328840269,-1743.0310707447086,-1482.3954419299712,-1658.6861383723015,-79.00188691029787,-84.34493237240723,,,,,,,,,,,,,,,,,,,,,,,,
11,347,34,-2514.792017951159,-2302.570742277392,-2374.6086652262456,-2183.941636083404,-140.18335272491333,-118.62910619398805,flu_2019,-2142.2345828932293,-2242.642689326746,-2037.8237539415763,-2125.8984773308985,-104.41082895165296,-116.7442119958477,-2128.8171509355725,-2383.9342630879614,-2018.9644460709703,-2272.483185725488,-109.85270486460219,-111.45107736247346,-2107.598450701393,-2461.142814033301,-2002.2078821418272,-2346.533947630182,-105.39056855956582,-114.60886640311922,-2122.317372567671,-2016.1997192376343,-106.1176533300367,-2267.9922929350023,-2158.1262156826683,-109.86607725233415,-2115.035609220169,-2375.7179676820683,-2008.0124747028754,-2260.751458189543,-107.02313451729361,-114.96650949252523,-2092.7901136649975,-2339.531740210923,-1984.774949592775,-2225.072404026619,-108.01516407222222,-114.45933618430412,,,,,,,,,,,,,,,,,,,,,,,,
12,454,51,-3241.3582097887897,-2944.419505965674,-3059.8681207612535,-2782.2299544301172,-181.49008902753627,-162.18955153555683,flu_2019,-2781.0015216264637,-2932.623914852956,-2636.854163110339,-2774.0781047710752,-144.14735851612454,-158.54581008188114,-2765.4219637487563,-3127.2305794672116,-2616.4202087456956,-2977.005426978795,-149.00175500306085,-150.22515248841646,-2749.3517931651263,-3234.3581263619303,-2605.2709853015813,-3077.8863160022474,-144.0808078635449,-156.47181035968273,-2760.270264142106,-2614.8471578420936,-145.4231063000123,-2976.5878035675155,-2828.205430685062,-148.38237288245372,-2763.6724476005597,-3124.778290605818,-2616.265111033213,-2967.8708898592067,-147.40733656734665,-156.90740074661122,-2731.2727207199505,-3075.963452180224,-2583.7582871883606,-2920.51103358022,-147.51443353158973,-155.45241860000397,,,,,,,,,,,,,,,,,,,,,,,,
13,649,82,-4646.723702073768,-4132.2007430879385,-4366.419690969888,-3894.6254533451083,-280.3040111038813,-237.57528974283002,flu_2019,-3979.2734738573313,-4260.2129878361675,-3759.142304252093,-4015.5518985328217,-220.13116960523854,-244.66108930334565,-3961.76527485108,-4560.021797538784,-3740.309811481053,-4328.149709367393,-221.4554633700268,-231.8720881713907,-3956.933934259991,-4722.562516159039,-3739.7706069794226,-4479.033348322693,-217.16332728056835,-243.52916783634578,-3942.8366804396605,-3724.630141357991,-218.20653908166983,-4330.03960095205,-4105.170340186399,-224.86926076565163,-3975.3574453492774,-4554.860246242732,-3752.3226160267723,-4315.048818463966,-223.03482932250517,-239.811427778765,-3918.2948014624044,-4474.409066012008,-3698.2840136457266,-4238.868172384922,-220.01078781667755,-235.54089362708578,,,,,,,,,,,,,,,,,,,,,,,,
14,876,103,-6205.606148735567,-5435.405218337687,-5848.759531751436,-5131.831312410759,-356.84661698413163,-303.57390592692843,flu_2019,-5309.566705453593,-5706.202606810225,-5025.059612161032,-5398.038930182331,-284.50709329256114,-308.16367662789446,-5299.81562422117,-6118.539541207859,-5014.016390305116,-5823.878324508982,-285.79923391605337,-294.66121669887696,-5298.909745886371,-6341.481931620139,-5018.198977063212,-6031.723965520413,-280.7107688231588,-309.757966099726,-5265.075525520362,-4983.243980509974,-281.83154501038837,-5809.754716208664,-5523.1461667571875,-286.60854945147605,-5310.547041745362,-6111.936877152602,-5023.175626106042,-5809.425563561791,-287.37141563931993,-302.5113135908116,-5233.537492077904,-5997.06647726417,-4951.166898039926,-5699.3077154279335,-282.3705940379781,-297.75876183623666,,,,,,,,,,,,,,,,,,,,,,,,
15,1209,157,-8643.436882206848,-7498.94499164647,-8124.759026309937,-7054.695192169893,-518.6778558969115,-444.2497994765772,flu_2019,-7403.192394878934,-8017.391294481552,-6982.019798445986,-7569.8033626169945,-421.17259643294676,-447.5879318645573,-7381.0632739030225,-8613.567597496336,-6958.882036946799,-8180.959935556628,-422.18123695622324,-432.607661939708,-7370.369863974007,-8926.001053062251,-6951.372181175728,-8476.670848981417,-418.99768279827896,-449.3302040808345,-7343.327649656326,-6925.813310258472,-417.5143393978538,-8159.628709317814,-7741.644439802936,-417.9842695148783,-7381.502836223892,-8598.359392969855,-6956.5879893738365,-8158.696468721049,-424.9148468500549,-439.6629242488049,-7294.562155112856,-8446.544110400871,-6877.09946752322,-8012.946124288935,-417.4626875896367,-433.59798611193617,,,,,,,,,,,,,,,,,,,,,,,,
16,1512,210,-10911.229790165584,-9378.531575412884,-10244.625102448206,-8810.688784368107,-666.604687717378,-567.8427910447773,flu_2019,-9329.852434119459,-10112.034027392268,-8788.742776878662,-9542.759800021244,-541.1096572407965,-569.2742273710238,-9291.424886949531,-10861.823756460559,-8748.656301545441,-10306.404531549662,-542.7685854040907,-555.4192249108955,-9259.475847657313,-11243.687239211036,-8722.057989610901,-10673.290567287942,-537.4178580464121,-570.3966719230935,-9248.954700148923,-8712.680420248409,-536.2742799005127,-10278.428990188282,-9743.31540163103,-535.1135885572517,-9272.909520736703,-10829.60341575995,-8729.187956316799,-10270.986756263428,-543.7215644199048,-558.6166594965215,-9175.458466759488,-10646.039831402297,-8640.700941588228,-10095.147615774787,-534.7575251712606,-550.8922156275103,,,,,,,,,,,,,,,,,,,,,,,,
17,1766,262,-12708.32569398092,-10934.699334985977,-11893.303889638682,-10248.33351163585,-815.0218043422371,-686.3658233501261,flu_2019,-10904.637868877599,-11840.21847906191,-10244.662278563499,-11149.38688037648,-659.9755903140987,-690.8315986854308,-10858.245357430918,-12726.363129116588,-10200.086429899087,-12046.051660045614,-658.1589275318306,-680.3114690709732,-10830.759302596056,-13176.705082924296,-10176.004096203716,-12480.201483865036,-654.7552063923392,-696.5035990592606,-10806.781291143692,-10154.718041366505,-652.063249777187,-12041.390850911737,-11388.12705213986,-653.2637987718766,-10851.348802935416,-12695.490074975358,-10189.33965668314,-12014.161618282664,-662.0091462522763,-681.3284566926948,-10731.336628045174,-12483.558027930529,-10080.790032511182,-11813.55711342923,-650.5465955339922,-670.0009145012997,,,,,,,,,,,,,,,,,,,,,,,,
18,2056,327,-14904.32973044827,-12775.80593474699,-13890.74567682875,-11943.625358594714,-1013.5840536195191,-832.1805761522746,flu_2019,-12764.894646557688,-13903.821339287008,-11952.617510852566,-13057.312640705659,-812.277135705122,-846.5086985813484,-12705.91130160954,-14967.934507959784,-11898.064324721174,-14128.084751238437,-807.8469768883651,-839.8497567213477,-12693.394934028523,-15489.31037923717,-11887.443072586755,-14637.760252943262,-805.9518614417683,-851.5501262939069,-12650.935056078459,-11852.061937973132,-798.8731181053271,-14153.94977720839,-13352.38893567325,-801.5608415351401,-12713.770099103609,-14922.932710603944,-11902.289157806557,-14092.005180145085,-811.4809412970524,-830.9275304588588,-12574.776571326933,-14676.700590980843,-11778.58374132253,-13857.485867458414,-796.1928300044021,-819.21472352243,,,,,,,,,,,,,,,,,,,,,,,,
19,2301,376,-16771.504420144545,-14342.442962428462,-15620.61168084001,-13398.801775632222,-1150.8927393045365,-943.6411867962395,flu_2019,-14342.034736295978,-15679.91272331306,-13419.786897358617,-14720.304025777723,-922.2478389373615,-959.6086975353365,-14286.698101619319,-16893.0134802064,-13367.99509134499,-15940.88852999187,-918.7030102743279,-952.124950214529,-14271.458095934328,-17484.416548676152,-13355.424256097675,-16519.04223421113,-916.033839836653,-965.3743144650216,-14221.372477512925,-13312.83054713959,-908.5419303733348,-15967.150335224012,-15054.63900343447,-912.5113317895429,-14291.191820764072,-16839.32339780837,-13370.072271414212,-15896.420145370468,-921.1195493498607,-942.9032524379013,-14144.440438112584,-16562.396686213466,-13237.918819677467,-15632.837760783314,-906.5216184351183,-929.5589254301531,,,,,,,,,,,,,,,,,,,,,,,,
20,2475,408,-18171.047063314152,-15476.619486729094,-16921.194884204044,-14463.90754550856,-1249.8521791101086,-1012.7119412205342,flu_2019,-15504.903071361116,-16981.839631395775,-14510.876579485122,-15944.303672623464,-994.0264918759924,-1037.5359587723115,-15439.865261862215,-18301.269191491123,-14452.020005159462,-17272.751302019766,-987.8452567027534,-1028.5178894713558,-15421.622606625288,-18946.18131322825,-14431.830296014097,-17900.958228953335,-989.7923106111908,-1045.2230842749148,-15366.419802863891,-14389.280003808939,-977.1397990549518,-17284.14644678276,-16303.69529429324,-980.4511524895221,-15435.51018465979,-18233.97664161336,-14443.747472352537,-17216.74911393533,-991.762712307253,-1017.2275276780312,-15283.47925960476,-17931.189024918083,-14309.895519171525,-16930.146618040802,-973.583740433235,-1001.0424068772815,,,,,,,,,,,,,,,,,,,,,,,,
21,2637,439,-19419.052298657087,-16513.863382875188,-18089.812590339472,-15437.028253512508,-1329.2397083176133,-1076.8351293626788,flu_2019,-16553.33945998316,-18174.04517285296,-15494.101585881135,-17063.46561360771,-1059.2378741020257,-1110.5795592452478,-16483.995480763053,-19599.59073854118,-15431.250985374232,-18499.741686587302,-1052.7444953888216,-1099.84905195388,-16468.961450839888,-20288.13392738522,-15413.543112616237,-19169.54133692241,-1055.418338223652,-1118.5925904628107,-16409.176995781218,-15368.084861789906,-1041.0921339913116,-18496.18971941583,-17450.80542393002,-1045.3842954858078,-16480.530735344742,-19518.12858236178,-15424.793004908457,-18432.642057495883,-1055.7377304362844,-1085.4865248658969,-16324.485549955074,-19194.907621667782,-15286.024714735871,-18126.902884288385,-1038.460835219203,-1068.0047373793973,,,,,,,,,,,,,,,,,,,,,,,,
22,2772,458,-20350.377504535205,-17329.664752905173,-18976.925976577488,-16206.32474429482,-1373.4515279577186,-1123.3400086103532,flu_2019,-17383.39692160516,-19103.22460951263,-16275.634054365477,-17945.946133841397,-1107.7628672396836,-1157.2784756712313,-17310.672371711356,-20611.001170045154,-16211.754333882105,-19463.847266800374,-1098.9180378292506,-1147.1539032447808,-17297.37960681788,-21333.938151396473,-16194.29195617422,-20166.261257839305,-1103.0876506436614,-1167.676893557166,-17233.639962464338,-16145.374562143328,-1088.2654003210098,-19447.58856644123,-18356.724642685193,-1090.8639237560399,-17314.35137721556,-20527.860457454684,-16209.988439370005,-19392.726186726984,-1104.3629378455553,-1135.1342707277,-17149.683305087805,-20189.927076966418,-16063.437272083815,-19074.429987812924,-1086.2460330039905,-1115.497089153493,,,,,,,,,,,,,,,,,,,,,,,,
23,2911,476,-21361.75670945047,-18193.09702046913,-19940.291198848354,-17024.657749536807,-1421.4655106021164,-1168.4392709323213,flu_2019,-18261.815668666586,-20078.544400501425,-17109.724208201405,-18873.369856726524,-1152.091460465181,-1205.1745437749028,-18188.193868550145,-21662.64561970047,-17043.246966550138,-20470.315359916498,-1144.9469020000076,-1192.3302597839704,-18172.696027726175,-22424.831457267308,-17023.168152680948,-21206.804595226728,-1149.527875045228,-1218.0268620405814,-18108.167049610827,-16974.897419437566,-1133.2696301732612,-20441.597405165718,-19305.70703117204,-1135.8903739936752,-18188.198423073376,-21576.37879921478,-17038.70332226065,-20393.492133165953,-1149.4951008127239,-1182.8866660488288,-18018.404676142505,-21223.09633828878,-16886.278709081635,-20060.865942937337,-1132.1259670608704,-1162.2303953514424,,,,,,,,,,,,,,,,,,,,,,,,
24,3036,497,-22248.049057674612,-18969.391876459053,-20770.04713012684,-17753.68159065254,-1478.001927547772,-1215.7102858065125,flu_2019,-19047.149860474525,-20961.987293612132,-17848.50681943875,-19707.309848832538,-1198.643041035775,-1254.6774447795954,-18973.841272290916,-22621.864234991557,-17782.165206790938,-21381.647581315556,-1191.6760654999787,-1240.2166536760012,-18964.79734699424,-23425.953779790998,-17766.92107474213,-22154.403100717343,-1197.8762722521085,-1271.550679073653,-18889.904621618793,-17710.38528151424,-1179.5193401045526,-21346.41990151422,-20162.471092074073,-1183.9488094401445,-18980.728270199284,-22537.803445608883,-17783.229623590352,-21303.44083658522,-1197.4986466089338,-1234.3626090236626,-18801.757629181484,-22167.444303650085,-17622.774542832987,-20957.19360732079,-1178.983086348495,-1210.2506963292935,,,,,,,,,,,,,,,,,,,,,,,,
25,3158,517,-23150.938477322154,-19726.09666426704,-21620.37377125738,-18470.869612645332,-1530.5647060647748,-1255.227051621708,flu_2019,-19818.961028136284,-21809.071202504507,-18578.813974015084,-20513.452266268163,-1240.147054121202,-1295.6189362363423,-19740.1257139976,-23541.488420337046,-18507.394222388844,-22259.28248997059,-1232.7314916087573,-1282.2059303664585,-19734.4730384617,-24377.966160139407,-18494.834868870275,-23061.882326260733,-1239.6381695914256,-1316.0838338786753,-19656.568413150813,-18436.408196851786,-1220.1602162990275,-22212.02525394418,-20988.965409872708,-1223.05984407147,-19751.881027763968,-23451.88662097635,-18514.174792306247,-22175.80613493726,-1237.7062354577206,-1276.0804860390942,-19563.374840298056,-23065.14913180597,-18344.993396426715,-21814.68492284561,-1218.3814438713418,-1250.4642089603622,,,,,,,,,,,,,,,,,,,,,,,,
0,20,0,-90.87243117341414,-202.19051271894793,-89.48709423631695,-188.327569107749,-1.3853369370971973,-13.862943611198906,othervirus_2020,-93.15495867156818,-64.59575905440293,-91.42426977460967,-63.90925777535366,-1.7306888969585181,-0.6865012790492689,-90.99614307780813,-61.528142398747704,-89.39369417312844,-60.77973110748974,-1.6024489046796855,-0.7484112912579652,-87.25207197250256,-61.03451426479835,-86.00604003452726,-60.4513864959709,-1.2460319379753082,-0.5831277688274458,-92.62702078468384,-90.76609308224283,-1.8609277024409991,-64.55334520535872,-63.92014597898719,-0.6331992263715321,-95.00703425627742,-63.025390958225586,-93.72368224768965,-62.21690388858562,-1.2833520085877665,-0.8084870696399635,-88.17930077771486,-63.58511301454365,-86.770128682343,-62.86276900288075,-1.4091720953718587,-0.722344011662899,-85.73833731045025,-59.72983176899929,-84.55782913226778,-59.047431686607545,-1.1805081781824638,-0.6824000823917465,,,,,,,,,,,,,,,,,,
1,59,4,-338.76211058386036,-389.571723345677,-325.27622559530505,-361.7164093738236,-13.485884988555295,-27.855313971853427,othervirus_2020,-319.32276539308197,-246.43981809995626,-306.445131131058,-233.62481347071886,-12.877634262023923,-12.815004629237384,-310.27995322462374,-238.71848450071283,-297.87277215166284,-226.13458155329863,-12.407181072960878,-12.583902947414202,-298.22097185696094,-237.79804447271744,-285.511852151598,-225.7045311110704,-12.70911970536294,-12.09351336164704,-313.9654153932953,-301.07308549595894,-12.89232989733637,-241.95783262333848,-229.0273277524736,-12.930504870864876,-319.58232039559863,-239.4841101778275,-306.18509128083065,-226.795437452153,-13.397229114767963,-12.68867272567448,-301.86295403231424,-241.6550816133207,-288.93603329186027,-229.39108114255637,-12.926920740453948,-12.264000470764321,-301.25011929291156,-237.07529338798,-288.84864649584654,-224.66335316719525,-12.401472797065036,-12.411940220784752,,,,,,,,,,,,,,,,,,
2,94,7,-585.5821905222111,-569.1635996490437,-556.4148606226336,-530.4414528951877,-29.16732989957757,-38.722146753855995,othervirus_2020,-527.526783438923,-421.1119769055001,-503.46350046193896,-396.5129047831941,-24.06328297698397,-24.59907212230604,-511.86894722898154,-414.7096901192811,-488.52812308089824,-389.63544687207786,-23.340824148083318,-25.074243247203235,-492.2607853090938,-413.9320371876257,-468.50841796517614,-389.56542715672816,-23.75236734391769,-24.366610030897565,-520.0211697245716,-496.3376104258794,-23.683559298692174,-417.34756911306033,-392.21475022182483,-25.13281889123551,-526.571253069484,-414.15058693056085,-502.07790526737915,-389.2003620305571,-24.49334780210489,-24.950224900003803,-500.5450342212303,-416.21496313491053,-476.7461742740535,-391.96848008089296,-23.7988599471768,-24.246483054017553,-499.6952937270391,-412.9325964981248,-476.0108566522398,-388.22849736443374,-23.6844370747993,-24.704099133691074,,,,,,,,,,,,,,,,,,
3,133,11,-805.9019261469253,-749.9827093260101,-761.486338227205,-697.7454776816833,-44.41558791972038,-52.23723164432677,othervirus_2020,-743.4696161031464,-604.98429343925,-707.9212550020842,-567.1413484196662,-35.54836110106222,-37.84294501958376,-723.4299767355934,-594.625914862687,-687.3537394455424,-557.2187461481659,-36.07623729005101,-37.40716871452109,-694.4334575675633,-597.6759281072456,-658.9051708761382,-561.1666868984958,-35.528286691425166,-36.5092412087498,-731.3884759678392,-696.3393314088621,-35.049144558977076,-597.3692321251203,-560.0338019810779,-37.3354301440424,-739.4839417965973,-597.1259847612764,-703.7313230672978,-560.3579546686051,-35.752618729299435,-36.768030092671324,-704.3135231098319,-601.2361500531456,-669.2172345571187,-565.0835399047821,-35.09628855271317,-36.152610148363415,-700.5062231499286,-593.2176694708253,-665.3635953714327,-555.7884952949621,-35.142627778495886,-37.429174175863146,,,,,,,,,,,,,,,,,,
4,171,13,-1032.6783277705758,-931.5164052064621,-981.4608295082337,-871.670685852475,-51.217498262342026,-59.845719353987036,othervirus_2020,-958.1584744378945,-798.7514220496998,-916.2122153431816,-754.8736906100701,-41.94625909471288,-43.877731439629756,-936.9478476217826,-787.7571688645677,-893.869450526163,-744.205124630382,-43.07839709561962,-43.5520442341857,-899.3679613478157,-794.8578836090253,-857.6403570725124,-752.3153518098501,-41.727604275303264,-42.54253179917516,-943.121898366862,-901.470463295982,-41.651435070879934,-789.5185699287289,-745.7693445253445,-43.74922540338432,-950.5761778084852,-792.7326033049068,-908.6795769834773,-749.2601734527107,-41.8966008250079,-43.472429852196164,-908.0548109917542,-797.452755511224,-866.6177421019422,-754.354730520407,-41.43706888981197,-43.098024990817024,-902.6566727295591,-783.3978862049992,-860.9362807282117,-740.1415874330689,-41.72039200134733,-43.25629877193023,,,,,,,,,,,,,,,,,,
5,209,15,-1305.5833617234116,-1142.8005586953454,-1244.3737263959288,-1074.972097160945,-61.209635327482744,-67.82846153440062,othervirus_2020,-1188.3331858552365,-1005.3457282359509,-1137.9568612374044,-955.0249822556643,-50.376324617832,-50.320745980286624,-1164.2545251875827,-1000.6922071953302,-1113.4115029086236,-949.3794048354381,-50.843022278959126,-51.31280235989203,-1124.3956521046425,-1010.4531634201845,-1074.561441486853,-961.5497289707007,-49.83421061778954,-48.90343444948379,-1171.4708233493127,-1121.8474066781846,-49.623416671128076,-1000.1909589871271,-948.6069575467825,-51.5840014403446,-1180.8563549976882,-1004.4571856810286,-1130.5051885445444,-953.7807924026956,-50.351166453143904,-50.676393278333016,-1129.8397296889334,-1006.1737883547066,-1080.4092561213172,-955.8190181920608,-49.430473567616204,-50.35477016264591,-1125.7864334753613,-994.5355452076753,-1076.1841996956834,-944.1149511271205,-49.60223377967784,-50.42059408055474,,,,,,,,,,,,,,,,,,
6,260,18,-1596.4787584906994,-1363.4025645821444,-1521.7784021802672,-1283.999453964537,-74.7003563104322,-79.40311061760733,othervirus_2020,-1461.1897896123808,-1230.3097108945017,-1398.9551685410001,-1167.224591023523,-62.234621071380666,-63.08511987097852,-1432.9564362686824,-1224.2287070325647,-1370.1436111575001,-1160.0368372484384,-62.81282511118228,-64.1918697841262,-1387.1325551332336,-1236.093162391305,-1325.489882222873,-1173.450125867171,-61.64267291036062,-62.64303652413409,-1442.84364599469,-1381.4624074274398,-61.381238567250136,-1226.0436347284497,-1161.2962520997687,-64.74738262868101,-1456.3910420612997,-1229.9502833896295,-1394.185405307411,-1166.2355609586448,-62.2056367538888,-63.71472243098463,-1391.9777874953904,-1231.7128412042673,-1330.5428067157432,-1168.6876147585263,-61.43498077964719,-63.0252264457411,-1387.511503705636,-1216.2026046532253,-1325.8615062936385,-1152.8732428072426,-61.649997411997504,-63.329361845982795,,,,,,,,,,,,,,,,,,
7,297,18,-1792.9431764646201,-1489.0525751687787,-1716.2493093468368,-1407.298591607708,-76.6938671177833,-81.75398356107085,othervirus_2020,-1644.9534484448175,-1359.0684371969073,-1580.9021890062827,-1294.4817744873621,-64.05125943853476,-64.58666270954525,-1610.882327290137,-1345.8118743667426,-1546.2553948020345,-1280.0488213601925,-64.6269324881025,-65.76305300655012,-1560.1374845270145,-1355.674607894273,-1496.6055085101154,-1291.7825636950304,-63.53197601689903,-63.89204419924272,-1622.1162511363946,-1558.8794825937696,-63.23676854262499,-1351.6057792496072,-1285.5123767129999,-66.09340253660727,-1642.5677935486979,-1352.1083089816957,-1578.6770100609863,-1287.0630059821347,-63.890783487711595,-65.04530299956102,-1564.4711779015738,-1354.2725760649255,-1501.2694292850385,-1289.8183725665294,-63.201748616535255,-64.45420349839614,-1559.0353673206773,-1333.163544584978,-1495.7179391142065,-1268.6059628773623,-63.31742820647086,-64.55758170761558,,,,,,,,,,,,,,,,,,
8,422,28,-2546.361109769235,-2054.300038109977,-2423.0498412221496,-1938.1384449560528,-123.31126854708538,-116.16159315392386,othervirus_2020,-2327.470052931241,-1940.8616546826472,-2229.973290253487,-1842.0695973002018,-97.49676267775371,-98.79205738244542,-2285.46184578336,-1932.0524754966284,-2184.861056367452,-1830.8083869266093,-100.60078941590774,-101.24408857001913,-2222.036546280738,-1949.1764547330147,-2123.901193383673,-1849.4660235343104,-98.13535289706488,-99.71043119870428,-2300.987491388472,-2202.401818144705,-98.58567324376688,-1936.0466088067826,-1835.2045211730128,-100.84208763376981,-2333.3853826479285,-1941.8352514911635,-2234.728586325009,-1841.0047643872192,-98.65679632291949,-100.83048710394434,-2223.5352889959495,-1939.1126708510606,-2124.8329723452557,-1840.1489174839264,-98.70231665069397,-98.96375336713416,-2211.899669764187,-1909.7528939715871,-2112.778407927993,-1810.350088516115,-99.12126183619394,-99.4028054554721,,,,,,,,,,,,,,,,,,
9,521,34,-3171.5870738773656,-2522.5647780490463,-3028.5653458988813,-2385.252589498472,-143.0217279784843,-137.3121885505741,othervirus_2020,-2881.2577058349148,-2416.1625898691336,-2766.7812267867303,-2300.6569760249276,-114.47647904818453,-115.5056138442058,-2828.697087821375,-2409.9991333116454,-2711.74505869282,-2292.9537691662454,-116.95202912855527,-117.04536414540004,-2758.97349194999,-2435.820565807258,-2644.514416228495,-2319.174001324058,-114.4590757214953,-116.64656448320028,-2846.880511870411,-2731.4411311216145,-115.43938074879648,-2409.4726501955975,-2293.02837157097,-116.4442786246274,-2889.6559808236507,-2422.6644107678285,-2773.7789961774633,-2304.094485851699,-115.87698464618745,-118.5699249161294,-2753.6307295605316,-2413.143778835982,-2638.2328371129083,-2297.283462627479,-115.3978924476232,-115.86031620850332,-2739.9119930370543,-2380.1984972707774,-2624.374031480936,-2263.7362637428887,-115.53796155611823,-116.4622335278888,,,,,,,,,,,,,,,,,,
10,664,42,-4201.283990770275,-3307.5799876824544,-4006.1631337882336,-3140.667111513363,-195.12085698204075,-166.91287616909145,othervirus_2020,-3757.761415555987,-3203.7869625155317,-3610.96860687771,-3055.801840969063,-146.79280867827674,-147.98512154646855,-3690.136550955311,-3220.664960973154,-3539.223716214286,-3068.2814474300294,-150.91283474102525,-152.3835135431247,-3612.562960955765,-3260.166198387308,-3465.178232110001,-3106.979379126667,-147.38472884576402,-153.18681926064113,-3711.2454687735076,-3562.0682049390202,-149.17726383448752,-3203.778495690053,-3053.005598161246,-150.77289752880716,-3764.0283019663325,-3228.453050400124,-3614.99404954106,-3074.62958359438,-149.0342524252723,-153.82346680574386,-3597.769468906279,-3209.4594685673046,-3449.07625115014,-3059.7163762662994,-148.69321775613935,-149.7430923010051,-3592.518971984227,-3189.4293835480294,-3442.451023182659,-3039.4532991463348,-150.06794880156792,-149.97608440169446,,,,,,,,,,,,,,,,,,
11,910,67,-6006.958306127387,-4683.157080347268,-5727.19649087369,-4442.980870687836,-279.7618152536967,-240.17620965943195,othervirus_2020,-5273.454779535547,-4564.064058365438,-5061.360145652362,-4353.9376016632705,-212.09463388318449,-210.1264567021673,-5168.869125356569,-4616.486697510522,-4955.507663814167,-4400.631812219857,-213.36146154240245,-215.85488529066538,-5051.16139150724,-4676.143174535083,-4841.622951980405,-4460.1552602619,-209.53843952683536,-215.98791427318218,-5199.786472031932,-4987.78375973456,-212.00271229737277,-4562.8615602172395,-4349.033540492064,-213.8280197251748,-5255.621078242774,-4607.701897473325,-5043.810448424136,-4392.172144664399,-211.8106298186383,-215.52975280892545,-5046.9281996722,-4578.354756164128,-4836.009841825673,-4367.254736753805,-210.91835784652756,-211.1000194103226,-5047.061757790805,-4580.6313691650585,-4835.062397148759,-4369.981630706618,-211.99936064204587,-210.6497384584411,,,,,,,,,,,,,,,,,,
12,1260,87,-8459.173623396659,-6576.548166827183,-8074.696950516223,-6265.694529506295,-384.4766728804352,-310.853637320888,othervirus_2020,-7333.248977662419,-6454.910968815563,-7052.134300234771,-6172.080060190907,-281.1146774276475,-282.8309086246567,-7185.48640289116,-6582.309752398696,-6901.519730316433,-6290.243833058157,-283.96667257472694,-292.0659193405386,-7031.449881768602,-6679.688845817272,-6750.833497151771,-6388.224768760043,-280.61638461683117,-291.46407705722874,-7232.93419470667,-6951.466689451936,-281.46750525473317,-6466.141343120919,-6175.6579228188275,-290.4834203020922,-7298.955353557382,-6559.712599626821,-7016.666345983927,-6268.845866548234,-282.2890075734548,-290.8667330785874,-7034.4470807017115,-6507.53923267976,-6751.903552236508,-6223.9305452995595,-282.5435284652033,-283.60868738020054,-7037.082511209232,-6541.446179671728,-6749.709720507139,-6255.351755926846,-287.3727907020925,-286.0944237448821,,,,,,,,,,,,,,,,,,
13,1590,111,-10844.569960315423,-8335.163989128092,-10374.626478704067,-7953.8075661951825,-469.9434816113555,-381.3564229329103,othervirus_2020,-9328.586876510115,-8224.096484899153,-8974.409956832023,-7870.4049725748155,-354.17691967809156,-353.6915123243375,-9125.265515641238,-8406.202304677223,-8771.849623382148,-8040.378223907812,-353.4158922590907,-365.82408076941084,-8932.969017472593,-8524.642673083335,-8582.316800089098,-8159.723538871938,-350.65221738349453,-364.91913421139765,-9200.119849500848,-8848.080577355928,-352.0392721449204,-8240.495818360612,-7879.633364995629,-360.86245336498314,-9277.13051381173,-8362.747710670477,-8924.04452813107,-7999.794791266049,-353.08598568066066,-362.9529194044287,-8949.554819645118,-8295.084040018673,-8596.434460945464,-7941.572822559992,-353.1203586996536,-353.51121745868187,-8960.916629295656,-8363.157441378304,-8604.586827002364,-8005.6829249826915,-356.32980229329223,-357.4745163956121,,,,,,,,,,,,,,,,,,
14,1787,131,-12406.29582708242,-9433.190902800798,-11857.845954457014,-9000.652476731422,-548.4498726254062,-432.53842606937513,othervirus_2020,-10563.588651358596,-9338.97096286942,-10162.979222500118,-8938.863638975014,-400.60942885847703,-400.10732389440665,-10331.432068245173,-9565.66143232187,-9930.960078947306,-9146.790044767191,-400.47198929786606,-418.87138755467845,-10112.518547593401,-9689.857935344133,-9713.064064302582,-9276.434331759596,-399.454483290819,-413.423603584537,-10413.629448247286,-10015.761254212188,-397.86819403509804,-9352.235869658043,-8947.035765485918,-405.2001041721254,-10493.717349803681,-9494.713411668055,-10094.963546869549,-9082.350432558564,-398.7538029341326,-412.3629791094926,-10129.888844549596,-9407.643366550434,-9733.748060528604,-9008.665095232693,-396.1407840209929,-398.9782713177403,-10146.380417617727,-9502.106356461176,-9744.628992325392,-9099.257358401552,-401.7514252923363,-402.84899805962357,,,,,,,,,,,,,,,,,,
15,1882,142,-13097.520073724398,-9979.205729209363,-12512.569841991668,-9514.643833184928,-584.9502317327291,-464.5618960244353,othervirus_2020,-11141.958870586614,-9886.0685268156,-10708.767737832957,-9455.607033526685,-433.19113275365606,-430.4614932889144,-10896.414199236355,-10139.280189057044,-10463.364481353385,-9689.719683552998,-433.0497178829695,-449.56050550404757,-10665.952847867993,-10269.926812543055,-10234.885983320193,-9827.012625492338,-431.0668645477993,-442.9141870507173,-10984.765368206492,-10553.91179492235,-430.8535732841434,-9905.215098742461,-9468.192144116087,-437.02295462637466,-11065.341520165723,-10063.596958652804,-10633.215673723815,-9619.581351530032,-432.12584644190844,-444.0156071227723,-10690.272087852356,-9974.017789305335,-10260.479340116628,-9543.08123354644,-429.7927477357278,-430.9365557588946,-10711.83474249018,-10079.492580622724,-10277.11208643212,-9645.054262041233,-434.72265605806064,-434.438318581491,,,,,,,,,,,,,,,,,,
16,1997,154,-14020.887391754153,-10625.185162174072,-13392.367193589442,-10131.506661168709,-628.520198164712,-493.67850100536225,othervirus_2020,-11872.315493019716,-10545.11209966898,-11408.887350420551,-10087.453369582849,-463.42814259916486,-457.6587300861325,-11605.636755959718,-10823.817085005354,-11144.787975717485,-10344.386805618471,-460.84878024223264,-479.4302793868834,-11362.051374808836,-10962.117154658034,-10902.220284185418,-10490.982576366712,-459.8310906234187,-471.13457829132204,-11701.826476673727,-11241.659218409535,-460.1672582641919,-10564.802667098038,-10099.649337855328,-465.1533292427094,-11781.053277194933,-10734.297369332235,-11319.130289667537,-10261.893990188139,-461.9229875273968,-472.4033791440956,-11387.102184401034,-10632.570514880837,-10928.664063103353,-10174.76798607608,-458.43812129768014,-457.8025288047566,-11413.530304078442,-10756.722265508233,-10950.338729536381,-10292.912835936786,-463.1915745420614,-463.8094295714472,,,,,,,,,,,,,,,,,,
17,2044,157,-14428.506048413912,-10904.178508003528,-13781.74110394207,-10400.055175310601,-646.7649444718434,-504.1233326929275,othervirus_2020,-12181.94999216241,-10831.879121175603,-11707.302404880882,-10362.5982880166,-474.6475872815286,-469.28083315900335,-11906.158169680131,-11126.25476242297,-11434.46448864882,-10635.154024455578,-471.69368103131006,-491.1007379673922,-11657.802776005687,-11266.961439558308,-11187.311868205077,-10784.550822022054,-470.4909078006092,-482.4106175362537,-12008.13213404673,-11537.203178292146,-470.9289557545827,-10854.617273330547,-10378.691161218494,-475.9261121120523,-12083.408632431212,-11028.362106040224,-11610.683033761212,-10545.202203208228,-472.7255986700002,-483.15990283199613,-11684.100258265657,-10921.380111079512,-11215.144289661164,-10453.077913188583,-468.95596860449155,-468.3021978909292,-11712.76780095216,-11056.332195065283,-11238.697139064872,-10581.569525415061,-474.0706618872881,-474.7626696502204,,,,,,,,,,,,,,,,,,
18,2114,168,-15018.84757687957,-11349.586290861085,-14332.68804009934,-10819.20535845728,-686.1595367802307,-530.3809324038056,othervirus_2020,-12649.52743933378,-11283.70416937128,-12151.292209194098,-10788.093774967556,-498.2352301396823,-495.6103944037246,-12364.270617220436,-11600.08963127553,-11868.575930395893,-11083.992537929646,-495.69468682454306,-516.0970933458849,-12107.755308028405,-11751.02987323241,-11615.156423911127,-11244.73018832052,-492.5988841172789,-506.2996849118899,-12467.29483972317,-11973.73929836476,-493.55554135840924,-11306.874107138732,-10809.132638536625,-497.7414686021076,-12541.680862951454,-11493.768904702525,-12047.355923860596,-10988.492991921086,-494.32493909085827,-505.2759127814392,-12133.539989560635,-11381.718157462203,-11643.310164625662,-10889.954704303385,-490.22982493497335,-491.7634531588174,-12166.663176866468,-11532.446692591919,-11671.317334973744,-11034.056725382543,-495.3458418927235,-498.38996720937536,,,,,,,,,,,,,,,,,,
19,2156,170,-15421.389012616402,-11633.380665102743,-14711.47899381673,-11093.949964168974,-709.9100187996712,-539.4307009337673,othervirus_2020,-12945.796201879411,-11576.085728701319,-12438.949863153677,-11070.668600188657,-506.84633872573414,-505.41712851266175,-12654.325559360377,-11912.737578105774,-12150.14583450431,-11384.955998888423,-504.1797248560667,-527.7815792173517,-12397.662639599173,-12068.5131838625,-11895.396101986604,-11553.437069299174,-502.26653761257006,-515.0761145633254,-12760.956507459883,-12259.249522604116,-501.70698485576696,-11603.81428335822,-11097.375147779778,-506.4391355784419,-12833.733870566568,-11798.435667456088,-12330.21853784343,-11283.971695312255,-503.5153327231376,-514.4639721438326,-12421.413993019374,-11678.663443177864,-11923.507746164207,-11178.843712205644,-497.90624685516804,-499.81973097222044,-12459.532780899175,-11846.352483171708,-11954.628881471115,-11338.48800301861,-504.9038994280606,-507.86448015309696,,,,,,,,,,,,,,,,,,
20,2191,174,-15757.67983286377,-11877.779049969567,-15038.535954102084,-11330.525291314076,-719.1438787616859,-547.2537586554911,othervirus_2020,-13205.753817552077,-11830.94996218205,-12690.612822153089,-11315.872092851938,-515.1409953989871,-515.0778693301122,-12909.933436475736,-12179.166920983218,-12396.749632155781,-11642.777554738,-513.1838043199542,-536.3893662452167,-12647.848799947496,-12341.396618410132,-12136.893300928383,-11817.934951090674,-510.95549901911346,-523.4616673194579,-13017.075409450961,-12507.115464782606,-509.95994466835594,-11858.042066118098,-11343.535623522232,-514.5064425958666,-13087.16602469339,-12059.774479308866,-12575.070537095828,-11536.455131316592,-512.0954875975618,-523.3193479922741,-12672.651401363133,-11935.601012208057,-12166.055392782788,-11427.302491251128,-506.5960085803454,-508.298520956929,-12713.619834145336,-12116.044442787002,-12200.58691951143,-11598.315666806082,-513.0329146339064,-517.7287759809207,,,,,,,,,,,,,,,,,,
21,2242,178,-16188.107841187317,-12204.618334439223,-15447.74201572064,-11645.814243689641,-740.3658254666772,-558.8040907495817,othervirus_2020,-13542.850969460196,-12165.23054771773,-13016.957650763468,-11638.746650619041,-525.893318696727,-526.483897098689,-13244.182429797296,-12534.6074850346,-12719.308344350145,-11987.328769998387,-524.8740854471504,-547.2787150362127,-12983.227168260459,-12706.64206143002,-12460.629078502921,-12171.701886852552,-522.5980897575367,-534.9401745774691,-13353.11789776728,-12831.706089948864,-521.4118078184164,-12199.754576134099,-11674.126809927555,-525.627766206544,-13427.969364029654,-12413.0941684768,-12904.112213664233,-11877.13326233688,-523.8571503654209,-535.9609061399215,-13006.216188561124,-12281.62723095725,-12487.741319032815,-11761.431643185857,-518.474869528308,-520.1955877713937,-13051.114640827833,-12474.508203416064,-12525.715360035305,-11945.000935355614,-525.3992807925271,-529.5072680604493,,,,,,,,,,,,,,,,,,
22,2271,185,-16508.45328998242,-12437.4128678374,-15752.297828566783,-11865.221925950078,-756.1554614156344,-572.1909418873219,othervirus_2020,-13777.837016145524,-12404.497531895284,-13240.275943764107,-11865.811802005075,-537.5610723814173,-538.6857298902087,-13474.824828712459,-12787.562293214703,-12936.170962118802,-12228.336367770948,-538.6538665936566,-559.2259254437563,-13208.688593896572,-12966.79040542594,-12673.736919002957,-12419.054490623494,-534.9516748936144,-547.7359148024465,-13585.79903098392,-13052.128229044734,-533.6708019391871,-12442.053182549886,-11904.747622481578,-537.3055600683077,-13652.825313469686,-12663.1341787288,-13117.437854501995,-12113.611905368734,-535.3874589676899,-549.5222733600665,-13233.020633451666,-12528.125275019866,-12702.496289850085,-11994.035035571926,-530.5243436015799,-534.0902394479402,-13284.391502820263,-12735.613780854217,-12747.214046967129,-12193.91875482256,-537.1774558531346,-541.6950260316574,,,,,,,,,,,,,,,,,,
23,2310,193,-16897.393789745794,-12714.266874015902,-16108.57485392101,-12122.77839995003,-788.8189358247844,-591.4884740658717,othervirus_2020,-14070.319797407667,-12693.32851508749,-13513.235576902314,-12133.33365497851,-557.0842205053519,-559.9948601089808,-13763.900650377558,-13092.818305801517,-13202.779516107104,-12511.073300501157,-561.1211342704529,-581.7450053003599,-13490.609949106492,-13273.464603319037,-12935.844642876591,-12708.790680380487,-554.765306229901,-564.6739229385495,-13876.807275555626,-13322.977573459491,-553.8297020961337,-12733.477440679188,-12175.714635642087,-557.7628050371005,-13938.111404929836,-12960.110591749477,-13383.593909951433,-12391.475315478176,-554.5174949784024,-568.6352762713014,-13517.090944204421,-12822.363291235679,-12967.048115441745,-12267.619225822667,-550.0428287626761,-554.7440654130107,-13573.638965926933,-13042.260469110168,-13015.029375189193,-12481.042646472451,-558.6095907377404,-561.2178226377165,,,,,,,,,,,,,,,,,,
24,2349,198,-17244.63576196353,-12974.495568640188,-16437.187105048706,-12369.302645964686,-807.4486569148245,-605.192922675502,othervirus_2020,-14343.726407377615,-12960.076373602027,-13771.748744286018,-12387.610633452303,-571.9776630915959,-572.4657401497246,-14030.175832765024,-13377.196611110721,-13456.193718346363,-12783.475726175386,-573.9821144186606,-593.720884935335,-13756.527513758008,-13564.0802583002,-13188.343585007822,-12987.63402086861,-568.1839287501857,-576.4462374315908,-14148.487257990138,-13580.79876744916,-567.6884905409795,-13008.440571405526,-12438.263370643175,-570.1772007623521,-14206.14715199509,-13240.865091268955,-13636.830261819512,-12660.290377124626,-569.3168901755789,-580.5747141443308,-13782.491849477927,-13098.444305718545,-13218.992341126064,-12532.20953563543,-563.4995083518626,-566.2347700831167,-13842.058051970807,-13331.111285845833,-13269.86418145796,-12757.787483830583,-572.1938705128466,-573.3238020152498,,,,,,,,,,,,,,,,,,
25,2377,199,-17518.314385752517,-13154.453682262922,-16697.82081314079,-12546.578371915972,-820.4935726117308,-607.8753103469502,othervirus_2020,-14540.455886075246,-13148.33171933965,-13965.722202026582,-12573.879058274813,-574.7336840486639,-574.4526610648378,-14223.693231276253,-13578.362737409103,-13646.882517418522,-12981.509950836302,-576.8107138577315,-596.8527865728004,-13954.376760944428,-13767.545518561501,-13382.788573814685,-13188.578271771994,-571.5881871297423,-578.9672467895069,-14345.41508199999,-13774.83507053126,-570.5800114687294,-13202.890976023895,-12629.887281400739,-573.0036946231555,-14406.750458724298,-13437.230908166539,-13834.594809316714,-12854.17575450333,-572.1556494075855,-583.0551536632075,-13977.25692922962,-13289.502666779943,-13411.074716174582,-12721.35778577312,-566.182213055038,-568.1448810068241,-14041.469018739013,-13532.146246981993,-13466.122147112455,-12956.686849116124,-575.3468716265581,-575.4593978658692,,,,,,,,,,,,,,,,,,
0,32,1,-213.35781324663637,-323.5048203503167,-205.65249432300186,-301.32411057239847,-7.7053189236345165,-22.18070977791825,flu_2020,-192.5381624797443,-201.88300258478233,-187.1708051115172,-197.54651086455218,-5.3673573682271005,-4.33649172023016,-193.7619379905037,-216.09365956819508,-188.00101792094927,-210.87349674372555,-5.760920069554427,-5.220162824469515,-192.69209399728575,-223.52126071238862,-187.94924017571518,-219.139843192697,-4.742853821570587,-4.381417519691641,-190.6823900372842,-185.3159225128021,-5.366467524482089,-206.33393478120075,-202.00587678673799,-4.328057994462757,-194.00886494214896,-216.31405870948115,-189.74971314032095,-211.36730617939307,-4.259151801828003,-4.94675253008808,-190.45362220557996,-213.02132332644413,-185.4628305826568,-208.54960947959552,-4.990791622923163,-4.471713846848624,-187.54474942379568,-215.30392359455442,-182.7506103689774,-210.26551498131096,-4.794139054818283,-5.038408613243469,,,,,,,,,,,,,,,,,,
1,71,5,-448.9294587822084,-533.7176123084549,-427.79214861126445,-495.95222379522414,-21.13731017094399,-37.76538851323077,flu_2020,-405.75386991620456,-409.4448775155283,-384.82505255144434,-389.84867306350463,-20.928817364760214,-19.596204452023656,-406.89379383187196,-435.66168983697764,-387.23964972938586,-414.9340279800159,-19.654144102486086,-20.72766185696174,-408.44792497325756,-450.5560117782302,-388.9810747748086,-430.79514701748536,-19.466850198448984,-19.76086476074485,-404.4966819377806,-384.30759564661423,-20.18908629116637,-419.3983891435188,-399.55429929393546,-19.844089849583334,-412.96385315536867,-436.2011080048932,-393.4266924887329,-416.8880880812768,-19.537160666635785,-19.31301992361634,-402.41667033591654,-428.34908166574206,-381.9837050614942,-408.88609987561415,-20.43296527442233,-19.4629817901279,-395.8914732987631,-431.1131701072789,-375.69148896401236,-410.64883225803044,-20.199984334750724,-20.46433784924848,,,,,,,,,,,,,,,,,,
2,109,8,-711.7846831364963,-757.2490865625867,-673.5084776091003,-709.0654472327886,-38.27620552739596,-48.18363932979814,flu_2020,-628.7408220123477,-646.937160602095,-597.0388398014331,-617.4308816622441,-31.701982210914572,-29.5062789398509,-627.9078412592171,-692.1288858648999,-598.0621349262988,-659.7420122044091,-29.84570633291835,-32.38687366049082,-630.33430942317,-711.2834822069774,-600.4997297427843,-682.3747624097716,-29.83457968038568,-28.90871979720582,-625.2342510840638,-595.1375583772184,-30.096692706845406,-662.3256068742924,-632.6748483281553,-29.650758546136963,-634.0301378302714,-689.530170159591,-604.4516666829927,-661.1281957856279,-29.578471147278712,-28.401974373963085,-619.8012903195768,-678.3567429548275,-590.1658818907449,-649.6021991523412,-29.635408428831877,-28.754543802486282,-613.2686893925844,-684.8885515081643,-583.071923307253,-655.1785069657267,-30.196766085331404,-29.710044542437576,,,,,,,,,,,,,,,,,,
3,148,13,-964.0521623707701,-987.822225519486,-906.6346973928742,-924.8181924053938,-57.41746497789593,-63.004033114092174,flu_2020,-853.9685013314693,-895.8601029355708,-808.4747079484648,-851.9939523633147,-45.49379338300449,-43.86615057225604,-855.2507666107329,-965.0633515043853,-812.1279852135017,-916.7704742177059,-43.122781397231186,-48.29287728667936,-864.8432093398222,-993.4582765675544,-820.0939738364251,-949.3666786074208,-44.74923550339717,-44.09159796013361,-852.2242525393785,-808.9589893562273,-43.26526318315125,-920.0482119776974,-877.4024238170464,-42.64578816065098,-868.3584047738326,-961.8620024573461,-825.3172371388101,-919.5232875695958,-43.04116763502243,-42.338714887750264,-847.6482447658838,-945.5033097589705,-805.0682648359186,-903.3757356453374,-42.579979929965155,-42.12757411363316,-839.6978599714547,-957.4335282306462,-796.1960701527686,-913.49427464645,-43.50178981868614,-43.939253584196194,,,,,,,,,,,,,,,,,,
4,191,15,-1236.0623995722442,-1222.0593894871142,-1166.7474942975493,-1150.589040456734,-69.31490527469491,-71.47034903038025,flu_2020,-1095.8528486983125,-1146.9410442268402,-1042.5882146593838,-1094.8123480405475,-53.26463403892871,-52.12869618629273,-1097.8446846929546,-1234.8629911008532,-1046.9693842920879,-1178.6915764847608,-50.87530040086666,-56.17141461609239,-1109.8405330799083,-1270.7873818355854,-1057.4303557120695,-1218.8100391444686,-52.410177367838685,-51.977342691116796,-1094.9359082955632,-1044.1048363724835,-50.83107192307969,-1179.2810611057896,-1129.0314601041453,-50.249601001644415,-1116.3402103745127,-1231.5898399978626,-1065.3449972720334,-1181.1635631904262,-50.9952131024793,-50.42627680743627,-1088.1331380772929,-1210.44970674621,-1037.8471817669276,-1160.4488664521427,-50.2859563103652,-50.00084029406723,-1076.0977805785647,-1225.5200504616605,-1025.0523047502832,-1173.5833425152725,-51.045475828281454,-51.93670794638807,,,,,,,,,,,,,,,,,,
5,253,20,-1667.0915607972854,-1588.2172105447894,-1575.5960766607523,-1500.1585882678905,-91.4954841365331,-88.05862227689897,flu_2020,-1471.5459477253999,-1541.4729394005938,-1402.5040106025695,-1472.683161566483,-69.04193712283042,-68.7897778341108,-1473.2715884822112,-1655.0859592049087,-1405.7448949347513,-1581.6624156896462,-67.52669354745997,-73.42354351526241,-1481.6963948995556,-1703.5380576371008,-1412.836516071327,-1634.8445618444027,-68.8598788282287,-68.69349579269813,-1467.823633550018,-1400.922674839729,-66.90095871028899,-1579.9461405285172,-1512.953444934039,-66.99269559447815,-1489.1527828204978,-1649.8643512826682,-1422.2328915745354,-1582.7544316802368,-66.9198912459624,-67.10991960243135,-1455.5056049924412,-1623.7780533560979,-1389.291689468244,-1556.843195866651,-66.21391552419732,-66.93485748944676,-1441.9237921659687,-1642.9839633222748,-1374.0091734638308,-1574.1876655061624,-67.91461870213784,-68.7962978161124,,,,,,,,,,,,,,,,,,
6,300,22,-1939.6492632996294,-1841.0074016593035,-1836.7390436396406,-1744.3156691497536,-102.91021965998871,-96.69173250954998,flu_2020,-1729.906032901948,-1824.2195638724218,-1651.691558246253,-1745.2142416192805,-78.21447465569518,-79.00532225314114,-1737.5582017721485,-1960.2908518334432,-1661.1018213015723,-1877.4700008826774,-76.45638047057635,-82.82085095076573,-1753.6500438764372,-2023.79042043146,-1675.4226547558117,-1945.7914866844228,-78.22738912062553,-77.9989337470372,-1729.4154506441878,-1653.398887773927,-76.01656287026081,-1874.723501198188,-1798.4379154668761,-76.2855857313119,-1758.810575175145,-1960.1886728317465,-1682.6080324785062,-1883.862831717427,-76.20254269663886,-76.32584111431943,-1719.0052959665074,-1928.0181650285003,-1642.8286295509438,-1851.9812349442554,-76.17666641556374,-76.03693008424489,-1702.95799372727,-1952.2888813514007,-1625.4170635182497,-1873.6048642335156,-77.54093020902029,-78.68401711788513,,,,,,,,,,,,,,,,,,
7,458,33,-2977.3922942109907,-2739.2811536757113,-2831.2931525404747,-2603.5164551748103,-146.09914167051602,-135.76469850090115,flu_2020,-2623.2201747731506,-2835.1404465139835,-2512.1145870832393,-2723.067097115656,-111.10558768991143,-112.07334939832757,-2650.2500624120935,-3071.778187613324,-2538.7963392205133,-2956.544416596911,-111.45372319158031,-115.23377101641296,-2694.338097860737,-3182.2837863277878,-2579.8308481085114,-3068.623140876718,-114.50724975222556,-113.66064545106975,-2632.8542869552552,-2523.319722463067,-109.53456449218803,-2925.264348197047,-2816.9626616713877,-108.30168652565952,-2693.773943040647,-3075.1959162604994,-2583.802652293712,-2964.267251082611,-109.97129074693486,-110.92866517788863,-2633.375061340614,-3015.117446568887,-2523.1826376878043,-2906.4016026636405,-110.19242365280999,-108.71584390524647,-2601.3348397989976,-3055.792748798691,-2490.2378659167152,-2944.4743482233457,-111.09697388228213,-111.31840057534495,,,,,,,,,,,,,,,,,,
8,591,45,-3868.4507962302796,-3469.2535306096365,-3678.3277016157617,-3295.89930576479,-190.1230946145177,-173.35422484484653,flu_2020,-3384.79242752338,-3668.494661355092,-3241.3178464484063,-3521.5819455699807,-143.4745810749739,-146.91271578511132,-3430.8807174691806,-3973.984677593819,-3285.285545122184,-3822.9094062098584,-145.5951723469967,-151.0752713839608,-3495.181190581784,-4120.1730661519205,-3346.829931321099,-3970.845527708373,-148.35125926068508,-149.3275384435475,-3394.7311794561756,-3252.1763287693466,-142.55485068682884,-3785.3651388996127,-3643.4059154433426,-141.95922345627008,-3483.187191034385,-3979.0777407762694,-3340.4114472956967,-3831.5234216766066,-142.7757437386881,-147.55431909966282,-3400.871386486597,-3890.625676738363,-3257.460965940967,-3746.3268031753073,-143.4104205456303,-144.29887356305545,-3357.891126508811,-3941.594229591753,-3212.7502808758836,-3795.2315525771846,-145.14084563292747,-146.36267701456836,,,,,,,,,,,,,,,,,,
9,775,70,-5052.705620327852,-4506.304724680147,-4782.002925085117,-4264.427275064705,-270.70269524273476,-241.87744961544217,flu_2020,-4441.814419886982,-4847.506405040942,-4231.365105789848,-4631.458239185975,-210.44931409713465,-216.04816585496727,-4503.152038637255,-5264.222688599948,-4289.285519757357,-5046.247303243669,-213.86651887989734,-217.97538535627854,-4602.659212341143,-5465.832660457991,-4384.876732777401,-5245.207077720926,-217.7824795637417,-220.62558273706495,-4457.228611526329,-4247.227223038397,-210.00138848793205,-5013.002315792366,-4803.402719894164,-209.59959589820252,-4591.988167345744,-5281.611780901823,-4378.569430272919,-5060.808454105453,-213.41873707282465,-220.80332679637053,-4481.011037467275,-5161.995213674329,-4268.294946744156,-4947.489590395471,-212.71609072311867,-214.50562327885748,-4418.711968717438,-5233.401352818113,-4205.447535282047,-5016.8984489369195,-213.26443343539063,-216.50290388119328,,,,,,,,,,,,,,,,,,
10,1038,106,-6921.4355081668555,-6124.089012876037,-6536.428344859223,-5781.838190473523,-385.0071633076325,-342.25082240251277,flu_2020,-6070.953266676738,-6651.008782888681,-5766.308032978372,-6344.214167733663,-304.64523369836627,-306.7946151550177,-6138.288891843674,-7214.922512901592,-5833.79990773086,-6902.792556383873,-304.48898411281436,-312.12995651771934,-6254.308214210206,-7489.268259084368,-5945.100490440781,-7173.737530711016,-309.207723769425,-315.5307283733516,-6079.609178440502,-5777.428235966451,-302.1809424740509,-6863.905590848002,-6564.380580868867,-299.5250099791351,-6225.577728644435,-7227.807169852396,-5919.1809448248305,-6916.799107546441,-306.3967838196045,-311.0080623059555,-6095.060636938533,-7073.09407243796,-5792.003542419277,-6767.849833125478,-303.0570945192558,-305.2442393124819,-6016.327918696471,-7170.813990233967,-5713.8105081621725,-6861.479402961823,-302.51741053429885,-309.3345872721442,,,,,,,,,,,,,,,,,,
11,1334,153,-9300.749225279656,-8064.914237984449,-8766.508811453574,-7611.319903063635,-534.2404138260827,-453.59433492081405,flu_2020,-8029.673455807778,-8835.51641823752,-7616.041532780578,-8419.935935909536,-413.6319230271998,-415.5804823279833,-8098.809494596059,-9598.776939218593,-7684.961625654991,-9167.714742733879,-413.84786894106895,-431.0621964847137,-8222.79514142479,-9951.022388069881,-7805.551178295144,-9524.599750948499,-417.2439631296447,-426.42263712138197,-8021.052843988088,-7611.852498614409,-409.20034537367917,-9101.6997340367,-8693.36990317517,-408.3298308615307,-8168.55133796216,-9580.879317730538,-7757.079814380401,-9159.519824331477,-411.4715235817584,-421.3594933990616,-8028.321291106229,-9372.562151750753,-7619.131497980314,-8960.534968246517,-409.1897931259157,-412.02718350423754,-7937.43610205704,-9532.244259314635,-7528.4314473965605,-9112.937203734948,-409.0046546604801,-419.3070555796878,,,,,,,,,,,,,,,,,,
12,1542,168,-10849.133276811359,-9312.69435643064,-10247.900207594435,-8814.968117628134,-601.2330692169243,-497.72623880250643,flu_2020,-9308.17113785989,-10218.051261250954,-8851.887573185415,-9756.910680814479,-456.28356467447486,-461.14058043647543,-9388.01258526342,-11091.268082056957,-8930.93710366076,-10613.646614184045,-457.0754816026591,-477.62146787291226,-9532.64137498496,-11502.863725173218,-9069.193674759283,-11027.984809241787,-463.44770022567644,-474.87891593143024,-9301.32975047824,-8849.608613137474,-451.7211373407656,-10520.88213665354,-10068.58515774561,-452.2969789079293,-9458.39513368337,-11069.62059166695,-9003.190596708786,-10601.533774495047,-455.20453697458447,-468.08681717190365,-9301.786694151193,-10822.390093266134,-8849.659017726326,-10366.485578863252,-452.12767642486625,-455.9045144028828,-9208.080275568971,-11017.766317687685,-8755.45747134683,-10554.489644141606,-452.6228042221413,-463.27667354607837,,,,,,,,,,,,,,,,,,
13,1619,187,-11544.062069628606,-9880.548421975984,-10898.326298937223,-9345.072443457073,-645.735770691382,-535.4759785189108,flu_2020,-9874.066598202897,-10841.064355649565,-9380.646332766795,-10340.118387673256,-493.420265436102,-500.9459679763088,-9939.863330576698,-11756.57379653051,-9444.977308707423,-11241.343198123834,-494.88602186927466,-515.2305984066771,-10066.713045310187,-12189.89907903862,-9565.833967628394,-11673.900405288075,-500.8790776817927,-515.9986737505445,-9859.654445300042,-9370.674487305429,-488.9799579946148,-11143.356825399544,-10653.285761609039,-490.0710637905043,-9991.743429279526,-11725.132869544166,-9499.965762732283,-11218.458731540597,-491.7776665472421,-506.67413800357,-9846.703837203173,-11474.160932268058,-9356.415467359375,-10979.93574586046,-490.28836984379774,-494.22518640759716,-9751.771161509458,-11681.921237452381,-9262.174631307218,-11179.353017032803,-489.59653020223993,-502.5682204195783,,,,,,,,,,,,,,,,,,
14,1675,193,-12017.912248488783,-10252.775561855467,-11337.358565262499,-9696.831100613705,-680.5536832262841,-555.9444612417626,flu_2020,-10243.355678593587,-11252.329244608005,-9729.636039206065,-10730.446377436687,-513.7196393875224,-521.882867171319,-10308.445931983268,-12209.56215865121,-9791.615124120084,-11672.429952120088,-516.8308078631828,-537.1322065311206,-10442.033259959915,-12653.901350563217,-9918.737123064964,-12118.941862084057,-523.2961368949503,-534.9594884791604,-10229.579392795771,-9720.005138607776,-509.5742541879955,-11567.888139210865,-11058.167851184584,-509.72028802628165,-10363.263169298516,-12170.348013155644,-9851.421234256386,-11645.088289975869,-511.84193504212976,-525.2597231797746,-10217.287045975407,-11911.658529934255,-9706.598034615841,-11397.732734820447,-510.6890113595658,-513.9257951138088,-10125.05644671055,-12136.042930909147,-9613.282686392244,-11613.409196968187,-511.7737603183061,-522.6337339409603,,,,,,,,,,,,,,,,,,
15,1726,199,-12415.634467639573,-10565.101233814019,-11714.21226198163,-9993.93788211029,-701.4222056579445,-571.1633517037302,flu_2020,-10567.300215743651,-11603.870395795144,-10038.193185553579,-11066.849528499315,-529.1070301900731,-537.0208672958295,-10634.702898933903,-12590.945687490304,-10100.782860834908,-12037.83338595078,-533.9200380989956,-553.1123015395239,-10766.829523018683,-13045.929619720386,-10228.034698916843,-12497.189428930207,-538.7948241018404,-548.7401907901785,-10551.460712208062,-10026.34102545767,-525.119686750391,-11926.498332755049,-11401.272970087895,-525.2253626671541,-10684.126953772073,-12546.503685601412,-10157.380043885509,-12005.893758893293,-526.7469098865636,-540.6099267081191,-10536.158636224558,-12279.150714362742,-10009.789246888266,-11749.683299454096,-526.369389336292,-529.4674149086454,-10440.402150222722,-12510.341551478474,-9912.463988405272,-11972.98326662021,-527.9381618174506,-537.3582848582648,,,,,,,,,,,,,,,,,,
16,1749,202,-12615.364266616965,-10728.354856487615,-11905.032652440506,-10149.27054662593,-710.331614176459,-579.0843098616842,flu_2020,-10726.763577839383,-11794.054930666274,-10189.442667484547,-11249.36207414537,-537.3209103548369,-544.6928565209037,-10794.448639332266,-12801.356830861228,-10251.376737014505,-12240.047347354563,-543.0719023177601,-561.3094835066651,-10927.426573002125,-13266.251821319782,-10379.919538486783,-12709.39265379256,-547.5070345153423,-556.8591675272223,-10710.157555930162,-10176.301495470134,-533.8560604600277,-12121.786192938134,-11588.450523611156,-533.3356693269775,-10842.97841306034,-12756.79653111546,-10307.904538827672,-12207.612714531067,-535.073874232668,-549.1838165843931,-10696.602695003092,-12485.927887506705,-10161.451061002888,-11947.756419330213,-535.1516340002036,-538.1714681764911,-10600.678385407145,-12723.482792078697,-10064.29080365383,-12178.485684878813,-536.3875817533151,-544.9971071998839,,,,,,,,,,,,,,,,,,
17,1783,206,-12924.680254146899,-10970.1650143613,-12193.348782117713,-10378.469332127097,-731.3314720291855,-591.695682234204,flu_2020,-10970.931989968196,-12070.697058947138,-10421.252301623206,-11511.022190366357,-549.6796883449899,-559.6748685807806,-11034.719502032747,-13105.271730690703,-10478.773957076688,-12527.56172262085,-555.9455449560592,-577.7100080698525,-11166.854815691462,-13577.64052834354,-10606.351068117172,-13006.235404000847,-560.5037475742904,-571.4051243426931,-10950.97004590153,-10404.9655576104,-546.0044882911295,-12402.347787080113,-11856.067547274843,-546.2802398052693,-11081.333813176703,-13053.88224806704,-10533.88278636381,-12490.239595896586,-547.4510268128918,-563.642652170455,-10935.984334878089,-12777.63676279186,-10388.9561513595,-12226.115975703166,-547.0281835185892,-551.5207870886948,-10839.381071310705,-13027.22683148359,-10290.413311463722,-12466.919275603474,-548.9677598469822,-560.307555880116,,,,,,,,,,,,,,,,,,
18,1818,216,-13297.661103972474,-11240.043252079544,-12537.292924745578,-10630.217590899118,-760.3681792268968,-609.8256611804267,flu_2020,-11243.461089575181,-12371.698076359207,-10674.810828171929,-11791.01867341988,-568.6502614032529,-580.6794029393275,-11302.3373486802,-13434.553507875631,-10727.210066235759,-12832.106873206254,-575.1272824444409,-602.446634669377,-11432.32158794658,-13911.025120297956,-10852.122448217258,-13317.847353358406,-580.199139729323,-593.1777669395501,-11219.652643107798,-10655.457886433644,-564.1947566741541,-12708.215557789408,-12140.735633824705,-567.4799239647032,-11344.931815204058,-13372.347528964094,-10778.916343359879,-12786.551949224673,-566.01547184418,-585.7955797394204,-11200.603184973437,-13088.134065577193,-10635.271018440217,-12516.12830141792,-565.3321665332197,-572.0057641592723,-11107.512025533173,-13354.993281616486,-10539.315898534272,-12771.384502282757,-568.1961269989002,-583.6087793337284,,,,,,,,,,,,,,,,,,
19,1836,219,-13445.333407182745,-11353.959810110413,-12671.201826211094,-10735.849445375077,-774.1315809716507,-618.1103647353359,flu_2020,-11359.545268969176,-12500.955683352498,-10781.371211006102,-11910.71759640081,-578.1740579630738,-590.2380869516883,-11416.221479364061,-13577.627170382919,-10831.699883430954,-12964.897393286856,-584.5215959331064,-612.7297770960623,-11546.994068477521,-14056.422060727065,-10957.639613764062,-13453.719147785283,-589.3544547134595,-602.7029129417829,-11335.640016530719,-10762.18340973727,-573.4566067934486,-12841.711701683516,-12264.828610610428,-576.8830910730888,-11459.112880448973,-13512.055383467728,-10883.861502097961,-12917.430756522448,-575.251378351012,-594.624626945281,-11315.377127266285,-13226.012301732873,-10740.68826265855,-12644.829255775716,-574.6888646077355,-581.1830459571574,-11221.860341454478,-13498.587477875459,-10644.617299710484,-12904.84323463272,-577.243041743993,-593.7442432427373,,,,,,,,,,,,,,,,,,
20,1857,220,-13616.144933877331,-11484.717811876184,-12829.859746018035,-10861.52313772848,-786.2851878592949,-623.194674147704,flu_2020,-11492.797279415594,-12641.376482092077,-10908.950894007012,-12046.735685634148,-583.8463854085812,-594.6407964579288,-11548.049076934582,-13730.132047617237,-10957.720662617678,-13112.32622766126,-590.3284143169038,-617.8058199559767,-11679.861643974251,-14212.422168130548,-11085.192899719857,-13605.991092741842,-594.6687442543939,-606.431075388705,-11467.785687666312,-10888.907669840382,-578.8780178259294,-12986.904674811247,-12405.08000557559,-581.8246692356568,-11592.946204547858,-13662.273208266806,-11012.57342507928,-13064.144323001276,-580.3727794685786,-598.1288852655304,-11446.85883808925,-13373.597257678186,-10867.215455866912,-12788.409619057473,-579.6433822223398,-585.1876386207135,-11353.358385373685,-13650.167407252233,-10770.479012330721,-13052.791228413746,-582.8793730429646,-597.376178838487,,,,,,,,,,,,,,,,,,
21,1871,222,-13764.984145377151,-11590.776443310519,-12970.876084369178,-10963.234360672082,-794.1080610079729,-627.5420826384355,flu_2020,-11600.152531637876,-12760.003128973,-11012.150791890937,-12160.4469376879,-588.0017397469379,-599.5561912850994,-11654.222152715052,-13858.651538227723,-11058.11217813888,-13236.17646580464,-596.1099745761725,-622.4750724230829,-11785.310172328273,-14345.030180213265,-11185.580547159345,-13733.721238406719,-599.7296251689279,-611.308941806547,-11572.960455888015,-10989.477884924278,-583.4825709637364,-13106.903828446708,-12520.640606869141,-586.2632215775674,-11696.647528167918,-13788.302710566022,-11111.850209173266,-13185.293226222551,-584.7973189946508,-603.0094843434714,-11551.556554564613,-13496.845607861716,-10967.16488128717,-12906.503404340323,-584.3916732774424,-590.3422035213929,-11460.100444277352,-13779.968243954012,-10872.361469275847,-13177.426189392718,-587.7389750015038,-602.5420545612945,,,,,,,,,,,,,,,,,,
22,1897,231,-14002.395529295043,-11772.123160499115,-13174.635133687707,-11128.8694091178,-827.7603956073369,-643.2537513813147,flu_2020,-11784.172196514148,-12979.669384227822,-11179.369095180813,-12361.732318048671,-604.803101333334,-617.937066179151,-11837.519555839257,-14104.553174764887,-11223.15817393882,-13462.098563614101,-614.3613819004366,-642.4546111507859,-11970.41741701096,-14595.703091025302,-11353.35059075859,-13968.353789139539,-617.0668262523699,-627.3493018857625,-11756.911208234862,-11157.110691479538,-599.8005167553241,-13333.201699818297,-12729.173127373537,-604.0285724447598,-11878.601424248685,-14028.344408309911,-11277.309001504764,-13408.513638737768,-601.2924227439211,-619.8307695721435,-11735.351780851353,-13731.792605933897,-11134.576475536374,-13125.492236219934,-600.7753053149783,-606.300369713963,-11643.332992171521,-14024.371943549659,-11037.645452560657,-13404.030604325479,-605.687539610864,-620.3413392241808,,,,,,,,,,,,,,,,,,
23,1910,236,-14161.171084066684,-11881.01436267416,-13322.061868288749,-11231.26896009068,-839.1092157779357,-649.7454025834793,flu_2020,-11900.786500820373,-13102.082183853527,-11288.024322840645,-12477.021758035775,-612.7621779797275,-625.0604258177522,-11946.15030390728,-14236.895461966673,-11324.478490124673,-13585.639668941205,-621.671813782607,-651.2557930254685,-12073.085034658034,-14726.815382515586,-11448.304095723126,-14092.928130928052,-624.7809389349086,-633.887251587534,-11870.51639641485,-11263.418037626727,-607.098358788123,-13454.700596558434,-12842.76142108983,-611.9391754686036,-11977.911386958027,-14153.889135724801,-11369.231287106433,-13526.828365645664,-608.6800998515945,-627.0607700791378,-11841.435891645711,-13857.128566651943,-11233.310980749615,-13243.812927705476,-608.1249108960969,-613.3156389464684,-11751.576441838017,-14154.405238528669,-11138.21375674069,-13527.139061948015,-613.3626850973274,-627.2661765806532,,,,,,,,,,,,,,,,,,
24,1924,239,-14317.458993227496,-11990.700270692869,-13465.926236389652,-11336.129656299727,-851.5327568378427,-654.5706143931426,flu_2020,-12014.670955415508,-13224.905559855057,-11396.429794678403,-12595.741200630007,-618.2411607371051,-629.1643592250485,-12056.781807826028,-14371.946397908096,-11429.481541336325,-13714.561055823315,-627.3002664897034,-657.3853420847802,-12183.994861163448,-14864.938156828042,-11553.896105452695,-14226.273849821617,-630.0987557107534,-638.6643070064262,-11982.239804780684,-11369.739908571113,-612.4998962095707,-13581.263314677668,-12964.177526854819,-617.0857878228483,-12086.533489387602,-14285.222489926342,-11473.156570320189,-13653.670659588413,-613.3769190674141,-631.5518303379291,-11951.36381951033,-13985.748743340597,-11338.440230984657,-13368.058203936087,-612.9235885256737,-617.6905394045102,-11863.476786483167,-14290.107942008619,-11245.005373516486,-13658.948956274611,-618.4714129666804,-631.1589857340085,,,,,,,,,,,,,,,,,,
25,1939,243,-14464.78398284068,-12094.232006304524,-13601.109427292435,-11431.1313568811,-863.6745555482452,-663.1006494234243,flu_2020,-12119.881145390413,-13333.001898531544,-11492.661235103675,-12696.986571890178,-627.2199102867371,-636.0153266413654,-12157.770128292152,-14493.373323109463,-11522.166867833737,-13827.52313879472,-635.6032604584134,-665.850184314743,-12286.938956098853,-14985.41046909554,-11648.010922408395,-14339.25113917411,-638.9280336904582,-646.1593299214301,-12087.469496138963,-11466.095029480284,-621.3744666586791,-13694.59494935743,-13069.557795625024,-625.0371537324062,-12190.723568331858,-14402.055029428298,-11568.119596634013,-13762.383406625151,-622.6039716978449,-639.6716228031481,-12055.011436467823,-14100.011821208907,-11433.306944135704,-13474.470819519309,-621.7044923321193,-625.5410016895985,-11968.827054015244,-14412.838857170462,-11341.630830376644,-13772.934595708717,-627.1962236386015,-639.9042614617443,,,,,,,,,,,,,,,,,,
0,2,0,-7.473164273897762,-20.219051271894795,-7.234687905948964,-18.832756910774904,-0.23847636794879823,-1.3862943611198906,covid_2020,-8.29348282855388,-9.399326894607151,-7.889442942001585,-9.241299331010191,-0.40403988655229495,-0.15802756359695927,-9.120945890990466,-10.065264843242534,-8.541933157556354,-9.87848296963673,-0.579012733434113,-0.18678187360580398,-8.945774641375056,-10.317567925075517,-8.639382453384517,-10.18496490937892,-0.30639218799053997,-0.13260301569659821,-8.63787391288669,-8.115286174922634,-0.5225877379640566,-10.006730728920937,-9.694530206383728,-0.31220052253720854,-8.84961180939702,-10.387699287693948,-8.515525816850872,-10.150138952664658,-0.3340859925461486,-0.23756033502929066,-8.585872308960495,-10.201962501476162,-8.06905831678835,-9.932947582668593,-0.5168139921721444,-0.2690149188075693,-8.326088855173372,-9.668884546464982,-7.884704139965676,-9.454705959763382,-0.4413847152076972,-0.21417858670159978,-8.058725144590726,-7.834910641660688,-0.2238145029300379,,,,,,,,,,,,,,,
1,8,1,-51.48311461694692,-61.99860993909962,-48.87275679457407,-57.787610854600935,-2.610357822372851,-4.2109990844986855,covid_2020,-43.36244396791116,-49.06422218293116,-41.54347917868464,-47.466776531534485,-1.8189647892265175,-1.5974456513966737,-45.35107573314476,-52.667057318955756,-42.29130342000124,-51.26756096540232,-3.05977231314352,-1.3994963535534388,-44.20111322516052,-54.90683636788151,-41.40364435690964,-53.24525306975353,-2.797468868250881,-1.6615832981279768,-43.31999986335116,-40.905254121431454,-2.4147457419197034,-49.863316229583745,-47.93755707195956,-1.9257591576241815,-43.94178875519809,-53.03453050819034,-41.86627322548105,-51.182596209401794,-2.0755155297170407,-1.8519342987885485,-43.665251849401685,-51.971266482064735,-41.21329328200796,-50.11275421080917,-2.4519585673937243,-1.8585122712555622,-42.54607345351385,-51.201779448724295,-40.048837171924426,-49.66099477417375,-2.4972362815894242,-1.5407846745505451,-44.86826705881394,-42.02315176037624,-2.8451152984377046,,,,,,,,,,,,,,,
2,39,8,-298.90845837601296,-279.9330978033835,-274.0937865644829,-259.10058810030506,-24.814671811530076,-20.832509703078422,covid_2020,-250.58425836286426,-291.93063487030867,-232.0509023673438,-273.37640260073414,-18.53335599552046,-18.554232269574523,-251.79893985415498,-316.56915824032757,-231.29919813759807,-298.7188787716204,-20.49974171655691,-17.8502794687072,-250.20867221856253,-327.4187731986499,-229.66719294749575,-309.89897500974485,-20.54147927106678,-17.519798188905018,-246.68299900035245,-227.9905597200882,-18.692439280264235,-295.2446428405589,-277.132763390391,-18.111879450167898,-249.28710369868057,-314.3937799026639,-230.31893915479247,-296.7229638359791,-18.9681645438881,-17.670816066684775,-248.367320963266,-310.2932582159428,-229.68242637538341,-292.4503521518565,-18.684894587882578,-17.84290606408624,-246.35529906608332,-312.7018510285794,-226.84496333184177,-295.5487247542102,-19.510335734241565,-17.153126274369253,-260.66232867480164,-240.2844275609814,-20.3779011138202,,,,,,,,,,,,,,,
3,749,276,-7171.12211040456,-5376.27641213749,-6457.638637913064,-4874.049401546262,-713.483472491496,-502.22701059122835,covid_2020,-5703.887529673089,-6616.069299376732,-5214.275602580801,-6163.711891166251,-489.6119270922883,-452.35740821048046,-5627.593752484702,-7258.339703363021,-5096.5672878102805,-6759.167445689181,-531.026464674422,-499.17225767383985,-5466.2439304072295,-7465.143661937496,-4967.490875723962,-7018.750762704434,-498.7530546832679,-446.3928992330625,-5572.143741913827,-5078.6103339066885,-493.5334080071389,-6720.510295819246,-6231.549381690345,-488.9609141289,-5382.341287095702,-7104.9265624700165,-4908.981848755021,-6649.40738815674,-473.359438340681,-455.5191743132762,-5518.174296552715,-7021.797357505505,-5029.792872232722,-6562.689111166946,-488.3814243199926,-459.10824633855907,-5501.518131643555,-7201.719779075918,-4993.228908895248,-6750.051415132247,-508.2892227483062,-451.6683639436711,-5916.559186822804,-5399.0820544955495,-517.4771323272544,,,,,,,,,,,,,,,
4,3538,1045,-34288.36101264699,-23531.97309364677,-30919.127234205684,-21615.550732667536,-3369.2337784413053,-1916.4223609792343,covid_2020,-26254.861959954607,-30450.950089092326,-24115.18715303302,-28446.203072906872,-2139.674806921588,-2004.7470161854544,-25887.22191499647,-33545.92027327738,-23612.974036236217,-31325.450516607827,-2274.247878760253,-2220.469756669548,-25390.195455547564,-34337.85000613548,-23210.19439864546,-32384.329916657232,-2180.0010569021033,-1953.5200894782447,-25643.763845863545,-23501.577936093694,-2142.1859097698502,-30982.64727701521,-28876.382358578325,-2106.264918436885,-25123.15420263739,-32711.550107566614,-23045.26984097105,-30719.769562196976,-2077.8843616663394,-1991.780545369638,-25523.48402259466,-32185.889368139644,-23415.604554728565,-30197.67324897012,-2107.8794678660956,-1988.216119169524,-25498.59759133226,-33169.44528021752,-23278.4685302717,-31173.755311206838,-2220.129061060562,-1995.6899690106857,-27338.277897258442,-25206.557744651,-2131.720152607442,,,,,,,,,,,,,,,
5,7670,2262,-74293.10356146468,-50072.99914964145,-67314.43014110457,-46018.03785400152,-6978.67342036011,-4054.9612956399296,covid_2020,-56684.01469407086,-65750.55400316796,-52147.8674983074,-61465.16300459744,-4536.147195763455,-4285.390998570518,-55837.41948228741,-72425.83507793475,-51082.39112738303,-67703.66165007361,-4755.028354904378,-4722.173427861142,-54895.93895901854,-74157.21871193292,-50262.75745071405,-69928.49774407438,-4633.181508304488,-4228.7209678585405,-55369.24948934167,-50840.12505425821,-4529.124435083457,-66882.15764433079,-62425.08069768672,-4457.0769466440615,-54431.42748173386,-70676.72796518322,-49996.7641615129,-66365.2328489348,-4434.663320220954,-4311.495116248418,-55170.20588181737,-69465.99881272938,-50702.68678722902,-65205.70529221413,-4467.51909458835,-4260.293520515244,-55135.804213544034,-71663.77696376428,-50448.9814018117,-67359.53069594887,-4686.82281173233,-4304.246267815408,-59282.25718994593,-54723.23445336438,-4559.022736581555,,,,,,,,,,,,,,,
6,11660,3638,-114202.51483946512,-76345.71871439584,-103455.41275840538,-70122.52895050624,-10747.102081059738,-6223.1897638896035,covid_2020,-86939.69882831402,-100619.9836931683,-79927.98129451953,-94001.9899627704,-7011.717533794486,-6617.993730397899,-85521.6798831618,-110814.59235058964,-78203.84238150602,-103530.56446238226,-7317.837501655789,-7284.027888207373,-84080.70253624616,-113401.43815559814,-76934.90124437024,-106856.23072265889,-7145.801291875925,-6545.2074329392535,-84953.37086360558,-77965.34501715758,-6988.025846448001,-102354.39085561404,-95472.20164726424,-6882.189208349792,-83411.46261443551,-108062.02885594624,-76560.9427882338,-101417.03982357812,-6850.519826201702,-6644.9890323681175,-84579.35818782919,-106243.52433402537,-77678.45412763476,-99673.67008666135,-6900.904060194427,-6569.85424736401,-84576.70409690912,-109682.96066193374,-77356.59791634369,-103051.6697528392,-7220.106180565424,-6631.290909094553,-91034.6238962432,-84001.92511529668,-7032.6987809465145,,,,,,,,,,,,,,,
7,16833,5541,-167023.45217485217,-110708.2407083158,-151366.6671177049,-101583.02523559314,-15656.785057147279,-9125.215472722666,covid_2020,-126611.88463051352,-146229.4085591837,-116324.67638532858,-136512.04749092855,-10287.208245184935,-9717.361068255146,-124379.11851202665,-161078.61398941535,-113698.41172105202,-150385.59156525842,-10680.70679097463,-10693.02242415691,-122395.55307230772,-164721.49513757438,-111891.2035902726,-155084.16908752406,-10504.349482035115,-9637.326050050318,-123781.69067888078,-113547.33924432732,-10234.351434553457,-148746.5176247514,-138672.8518220563,-10073.665802695092,-121449.93320441297,-156967.28070921873,-111364.05646093405,-147174.42228398344,-10085.87674347892,-9792.858425235296,-123146.92897492478,-154283.1336848531,-113026.96130890455,-144628.71198037948,-10119.967666020242,-9654.4217044736,-123244.44366770369,-159499.61234424743,-112670.12843122389,-149724.59887192727,-10574.315236479802,-9775.013472320166,-132703.33836128883,-122401.50827849968,-10301.830082789153,,,,,,,,,,,,,,,
8,25622,8671,-257086.2954606983,-168974.26738313504,-233085.34260970418,-154979.64398065495,-24000.952850994116,-13994.623402480094,covid_2020,-193919.62880937802,-223577.78472740186,-178119.19646623128,-208649.8633037984,-15800.43234314674,-14927.921423603462,-190329.37021589966,-246324.44292247374,-174013.81576373187,-229930.4246837317,-16315.554452167798,-16394.01823874206,-187420.29625083215,-251784.9029777355,-171309.7087189334,-236977.81219463318,-16110.587531898756,-14807.090783102314,-189633.91169032038,-173961.24616574662,-15672.665524573751,-227449.69244776233,-212018.68460285134,-15431.007844910993,-186012.10738260622,-239857.05772900104,-170525.76460388355,-224858.84630823907,-15486.342778722663,-14998.211420761967,-188604.2414825753,-235719.24147370755,-173099.50207745962,-220919.85190454748,-15504.739405115699,-14799.389569160048,-188854.78191543152,-243946.28364751601,-172681.10357336502,-228947.90651871765,-16173.678342066502,-14998.37712879836,-203524.14271066806,-187757.46323001868,-15766.679480649378,,,,,,,,,,,,,,,
9,36488,12821,-371985.80544169206,-241625.8668661068,-337046.9188514766,-221468.76706659727,-34938.886590215414,-20157.09979950953,covid_2020,-278910.269626527,-320651.59522669914,-255994.75745670742,-299073.82496562053,-22915.51216981953,-21577.77026107858,-273300.80251626024,-353175.13244550093,-249820.7728840834,-329424.3573059007,-23480.02963217683,-23750.77513960019,-269142.466853153,-360737.21778025734,-245847.75885113515,-339357.16409350437,-23294.708002017873,-21380.05368675295,-272662.21575858525,-250022.94233936808,-22639.273419217163,-326118.758758388,-303829.6293706309,-22289.129387757108,-267134.56750052224,-343568.9179482039,-244692.90889614035,-321936.35504973924,-22441.658604381904,-21632.562898464676,-270917.2220408421,-337585.9074594245,-248541.9128622222,-316240.84910861566,-22375.309178619886,-21345.05835080887,-271585.5261308309,-349788.47267363395,-248206.6048505651,-328142.3373237103,-23378.921280265837,-21646.135349923657,-292763.2001046568,-270066.91321107396,-22696.286893582866,,,,,,,,,,,,,,,
10,49955,18177,-516491.40512905945,-331548.2149286189,-467819.96088287793,-303611.3570083169,-48671.444246181534,-27936.857920301998,covid_2020,-385095.57974663324,-441483.95829445135,-353221.0110012361,-411520.80682512064,-31874.568745397155,-29963.151469330693,-376746.2572607477,-486038.4901345672,-344257.3377508678,-453021.2647127326,-32488.9195098799,-33017.22542183464,-370936.2486035911,-496188.9817649041,-338577.5046538331,-466481.7579239727,-32358.743949757976,-29707.22384093143,-376291.06982475054,-344882.86032562645,-31408.20949912407,-448803.572085947,-417882.98238103837,-30920.5897049086,-368046.29594288603,-472478.7192199685,-336827.80583029974,-442445.4854624997,-31218.490112586267,-30033.233757468763,-373475.8826266185,-464161.81939909287,-342437.5251131665,-434521.5443828986,-31038.357513451985,-29640.275016194264,-374724.7593152055,-481488.46222806186,-342291.5153479106,-451403.4519786689,-32433.24396729494,-30085.010249392948,-404149.5867730715,-372757.7429034115,-31391.84386965999,,,,,,,,,,,,,,,
11,64280,23774,-673992.964448837,-428150.1268753789,-610782.1551559903,-392049.0124285,-63210.80929284675,-36101.11444687887,covid_2020,-499791.87286319275,-571443.3563001209,-458549.885624652,-532739.4623167804,-41241.98723854077,-38703.89398334053,-488310.4476627127,-628800.7632466364,-446419.6573185703,-586159.2663139183,-41890.79034414241,-42641.496932718066,-480631.9884424254,-641787.4709925002,-438820.82291318686,-603388.7964968587,-41811.16552923854,-38398.67449564146,-488258.85546852794,-447660.961106352,-40597.89436217596,-580765.7613854294,-540822.0472379791,-39943.71414745031,-476776.1951406502,-610968.7074034441,-436348.3544977144,-572137.7242920724,-40427.84064293583,-38830.98311137172,-484146.88948929316,-600052.1945792503,-444006.700622409,-561762.2456043914,-40140.188866884135,-38289.948974858824,-486165.8720644535,-623293.6120420805,-444234.5480939804,-584343.7035974854,-41931.32397047309,-38949.90844459504,-524620.4351951207,-484056.38897777116,-40564.04621734962,,,,,,,,,,,,,,,
12,79851,29790,-848516.3693200361,-533588.0027700602,-769093.668843294,-488555.0910227862,-79422.70047674212,-45032.91174727393,covid_2020,-625973.497848739,-714072.1585822396,-574516.9928312583,-665726.6909091764,-51456.505017480726,-48345.4676730633,-610916.500232589,-785258.0496450925,-558731.0872262032,-732054.2576935939,-52185.41300638576,-53203.791951498635,-600951.4397995902,-801214.7685932501,-548826.7077217096,-753340.0715569817,-52124.73207788053,-47874.69703626844,-611399.4443684597,-560789.6117000199,-50609.83266843981,-725362.6555215571,-675557.6790913437,-49804.97643021339,-595932.7016206058,-762551.5520731133,-545473.0721464921,-714127.4972636222,-50459.629474113746,-48424.05480949108,-605624.1589325065,-748827.5577991522,-555588.3420407823,-701076.1525557062,-50035.81689172408,-47751.405243445966,-608645.0349496927,-778709.1635419416,-556327.099838062,-730060.5744475386,-52317.93511163072,-48648.58909440295,-657089.5796885324,-606585.906761523,-50503.67292700945,,,,,,,,,,,,,,,
13,96235,36198,-1035215.552591615,-644872.732184289,-938509.5161624867,-590403.3048224229,-96706.03642912829,-54469.42736186617,covid_2020,-760379.7796372221,-865494.3799779117,-698056.40442636,-806939.2594353438,-62323.37521086198,-58555.12054256795,-741245.9900177139,-951254.8123434066,-678138.2799533377,-886818.7048743503,-63107.710064376166,-64436.10746905631,-728633.3562254084,-970129.3741726873,-665551.0454185816,-912226.8188089539,-63082.31080682677,-57902.55536373343,-742490.8209625215,-681246.7410890195,-61244.079873502065,-878701.4133302534,-818437.3875582289,-60264.025772024484,-722434.8934090849,-923157.7820891556,-661320.7172192795,-864578.0755214647,-61114.17618980537,-58579.70656769088,-734717.2556740453,-906595.4621262271,-674188.6023226865,-848806.3128428005,-60528.65335135884,-57789.149283426596,-739013.539348409,-943669.4956297685,-675679.8979090758,-884733.1508215879,-63333.64143933321,-58936.34480818055,-798364.4022478983,-737326.946386222,-61037.455861676295,,,,,,,,,,,,,,,
14,112317,42450,-1218366.152766319,-753924.1631842318,-1104623.654639359,-690240.4880786169,-113742.49812696,-63683.67510561492,covid_2020,-892052.343610456,-1013890.6552804214,-819081.6414578126,-945299.237502836,-72970.70215264335,-68591.41777758538,-868948.7872065599,-1114033.720729849,-795170.4173589117,-1038555.3574885153,-73778.36984764824,-75478.36324133385,-853796.5949166203,-1135764.0824399914,-779995.96554267,-1068053.1619598365,-73800.62937395027,-67710.92048015488,-870961.4252828812,-799324.2108992969,-71637.21438358437,-1029016.485670423,-958489.1807160034,-70527.30495441961,-846377.9114742866,-1080609.0437971016,-774826.8444156526,-1012087.7378755985,-71551.06705863401,-68521.30592150308,-861224.2815239993,-1061189.4194844507,-790444.3278212799,-993595.7098298203,-70779.95370271942,-67593.7096546304,-866781.1273466861,-1105345.2027079924,-792623.261872092,-1036330.2399811889,-74157.8654745941,-69014.96272680353,-936778.4902371,-865448.6772403072,-71329.8129967929,,,,,,,,,,,,,,,
15,131858,50246,-1441858.7045859087,-887191.8967946533,-1306205.94019751,-812111.1368846385,-135652.7643883988,-75080.75991001487,covid_2020,-1052713.4100275724,-1195007.8059376064,-966564.92889688,-1113889.1519444704,-86148.48113069253,-81118.65399313596,-1024812.3278237352,-1312577.0727010649,-937735.402901229,-1223288.755476118,-87076.92492250624,-89288.31722494673,-1006569.187509076,-1337649.035585542,-919444.1031372963,-1257795.2126798118,-87125.0843717797,-79853.82290573021,-1027739.980411939,-943241.6667632975,-84498.31364864143,-1212432.0877618599,-1129148.910772011,-83283.17698984902,-997650.9862406313,-1272604.0790783747,-913204.929139219,-1191796.0612170456,-84446.0571014123,-80808.01786132905,-1015540.406237259,-1249819.0383785088,-932113.1584612911,-1170093.3298458513,-83427.24777596787,-79725.70853265736,-1022842.7798729921,-1302590.3194376677,-935202.4609278913,-1221142.4495025668,-87640.31894510082,-81447.86993510093,-1105528.2943096252,-1021510.3583894937,-84017.93592013157,,,,,,,,,,,,,,,
16,151080,57247,-1666688.6857247713,-1018720.9230250212,-1510324.177321824,-932645.9653216697,-156364.50840294728,-86074.95770335148,covid_2020,-1212947.9895309394,-1375115.2293531238,-1114211.4422176257,-1282082.4856259404,-98736.54731331379,-93032.7437271834,-1180006.5830817919,-1509844.8817604226,-1080294.5089550214,-1407504.2983318567,-99712.07412677043,-102340.58342856588,-1158574.4319551196,-1538335.0305966986,-1058749.2927564243,-1446867.9636683462,-99825.13919869532,-91467.06692835245,-1184034.5563648613,-1087216.9427040673,-96817.61366079387,-1394717.6347076208,-1299289.1789666275,-95428.45574099329,-1148260.4703116552,-1463339.7763048068,-1051425.5093109694,-1370738.1923384522,-96834.96100068574,-92601.5839663547,-1169302.9236900527,-1437096.7027826756,-1073737.9233137702,-1345765.0847157822,-95565.00037628255,-91331.61806689345,-1178508.7269056882,-1498839.8976512034,-1077986.8264119178,-1405473.4788614179,-100521.90049377026,-93366.41878978556,-1274506.317956312,-1178250.2483073478,-96256.06964896424,,,,,,,,,,,,,,,
17,169299,63618,-1877660.478847675,-1143028.5756295358,-1702352.6582237887,-1046662.1028877245,-175307.82062388633,-96366.47274181126,covid_2020,-1363760.2539498014,-1544766.0710156956,-1253205.9237470285,-1440624.5475470982,-110554.33020277292,-104141.52346859721,-1326244.089356126,-1695761.5984067165,-1214678.949396631,-1581279.3375435818,-111565.139959495,-114482.26086313455,-1302010.1351078998,-1727661.4064792707,-1190298.037633424,-1625348.1962878676,-111712.09747447594,-102313.21019140311,-1331175.7602267207,-1222772.5406100433,-108403.21961667736,-1566691.8511812768,-1459881.8323885873,-106810.01879268962,-1290424.0369411185,-1643316.3926738736,-1181937.8072164569,-1539671.5094184806,-108486.22972466162,-103644.88325539306,-1314343.0599598933,-1613724.0512580348,-1207317.4058546866,-1511507.5744697575,-107025.65410520673,-102216.47678827733,-1325254.0119368853,-1684027.3854015374,-1212668.1756192658,-1579481.1792330008,-112585.83631761945,-104546.20616853646,-1433609.3742801072,-1325902.5858035139,-107706.78847659324,,,,,,,,,,,,,,,
18,189339,70721,-2111667.1684122067,-1279682.0801145951,-1914981.7006784284,-1172005.8016285342,-196685.4677337782,-107676.27848606103,covid_2020,-1530361.996493726,-1732072.8703161369,-1406888.7267352755,-1615665.748047533,-123473.26975845048,-116407.12226860391,-1487778.6436260566,-1901135.8904847992,-1363149.2307778979,-1773164.1024644636,-124629.4128481587,-127971.78802033553,-1460352.8261289087,-1936625.451075154,-1335560.2652149834,-1822372.7652899788,-124792.5609139253,-114252.68578517495,-1493761.6189863393,-1372688.7762319762,-121072.84275436311,-1756546.9105814556,-1637210.2090607877,-119336.70152066794,-1447257.1670982863,-1841941.1038080463,-1326064.3124559475,-1726143.1776212822,-121192.85464233892,-115797.92618676416,-1474437.220422183,-1808694.0334645638,-1354917.8553738983,-1694504.9058854575,-119519.36504828464,-114189.12757910634,-1487366.3211498521,-1888539.7135823006,-1361532.2461257288,-1771727.3384107202,-125834.0750241234,-116812.37517158026,-1609682.175296125,-1489372.704935605,-120309.47036052003,,,,,,,,,,,,,,,
19,210012,77711,-2350343.8888834477,-1420334.9894621521,-2132178.718231432,-1301148.3494054764,-218165.17065201543,-119186.64005667571,covid_2020,-1700910.7476547796,-1923533.138140831,-1564300.5647423174,-1794691.997255026,-136610.18291246207,-128841.14088580494,-1653121.8766937912,-2110842.8405824956,-1515206.6159411306,-1969258.9249066152,-137915.26075266066,-141583.9156758804,-1622406.937049883,-2150117.560268301,-1484352.6917573975,-2023723.9485540176,-138054.24529248534,-126393.61171428346,-1660265.2353545043,-1526270.0949626707,-133995.14039183356,-1950619.0033816693,-1818538.6145657208,-132080.3888159485,-1607893.462822004,-2044948.5378703668,-1473773.079709718,-1916841.4232971314,-134120.38311228598,-128107.11457323548,-1638380.5129006382,-2008050.538150107,-1506112.6637751188,-1881700.2652408557,-132267.84912551937,-126350.27290925139,-1653363.4943904951,-2097591.926913223,-1514048.9565173674,-1968310.571244205,-139314.53787312767,-129281.35566901806,-1789777.4784552818,-1656667.18568107,-133110.2927742118,,,,,,,,,,,,,,,
20,231168,84539,-2599532.595407584,-1564804.5327646944,-2359249.8008037694,-1434058.410965515,-240282.79460381478,-130746.12179917931,covid_2020,-1877524.6694682478,-2121393.488249052,-1727639.710532956,-1980016.3132548206,-149884.95893529162,-141377.1749942312,-1824219.7717335357,-2327558.24564822,-1672893.7780438801,-2172188.5027042497,-151325.99368965553,-155369.7429439705,-1790126.005790987,-2370615.473371627,-1638631.7805446459,-2231984.186887856,-151494.22524634117,-138631.28648377093,-1832650.2283056055,-1685606.7928095912,-147043.43549601428,-2151191.4873168794,-2006251.7248765286,-144939.762440351,-1774143.2664498978,-2254605.5383232962,-1626930.5739075176,-2114019.5644869795,-147212.69254238027,-140585.97383631693,-1808058.205631928,-2213840.7789247,-1662929.0576213857,-2075216.817673838,-145129.14801054227,-138623.96125086164,-1825456.0395770217,-2313762.0849191,-1672469.8179553784,-2171887.2691349545,-152986.22162164326,-141874.81578414573,-1976745.1086600712,-1830688.0168664393,-146057.09179363196,,,,,,,,,,,,,,,
21,252038,91450,-2846464.929017368,-1707954.4928008982,-2584267.1067063934,-1565473.5646867254,-262197.8223109741,-142480.9281141728,covid_2020,-2052855.5439835894,-2317521.1487482814,-1889664.034317436,-2163521.7388946908,-163191.50966615343,-153999.4098535905,-1993845.5678274771,-2542136.696696238,-1829140.9742098742,-2373042.1571819535,-164704.59361760283,-169094.53951428455,-1956287.62794557,-2589032.102329163,-1791387.2315703882,-2438129.372771666,-164900.39637518185,-150902.7295574971,-2003794.8883465321,-1843688.4000383948,-160106.48830813737,-2349934.323154918,-2192107.327172904,-157826.99598201434,-1938879.7947030112,-2462287.6728945267,-1778515.9602247071,-2309186.20475813,-160363.834478304,-153101.46813639667,-1976342.749437339,-2417769.8903357373,-1818316.0880416476,-2266836.5729435016,-158026.66139569128,-150933.3173922356,-1996185.7149572503,-2528092.1421223697,-1829500.9129967913,-2373580.75217146,-166684.80196045904,-154511.38995090983,-2162265.409323626,-2003218.2582717738,-159047.15105185236,,,,,,,,,,,,,,,
22,271902,98131,-3087047.9804442762,-1844780.3989286416,-2804056.0018808004,-1691197.5103787174,-282991.9785634757,-153582.8885499241,covid_2020,-2222654.270883968,-2506825.8428796595,-2046736.7282259322,-2340840.97737395,-175917.54265803585,-165984.86550570955,-2157819.874227672,-2749113.6749798963,-1980358.956004723,-2566918.450854473,-177460.9182229489,-182195.2241254237,-2116614.1445526048,-2799528.6655219807,-1938936.1909136819,-2636972.1609515403,-177677.95363892306,-162556.5045704403,-2169436.9492392647,-1996850.8517519305,-172586.09748733416,-2541585.275809006,-2371471.88443662,-170113.39137238567,-2097723.1151276845,-2662295.9013066525,-1924833.1487068688,-2497318.6897267587,-172889.96642081562,-164977.2115798937,-2138922.378277987,-2614227.772373061,-1968588.607783441,-2451571.1298996625,-170333.77049454593,-162656.64247339877,-2161396.0236819945,-2734918.7482711244,-1981639.9266712207,-2568365.258770441,-179756.09701077384,-166553.48950068332,-2342124.7591738785,-2170715.7073930083,-171409.05178087,,,,,,,,,,,,,,,
23,290466,104442,-3311598.5369207277,-1972454.9223179496,-3009194.4714788403,-1808360.582471587,-302404.06544188724,-164094.33984636256,covid_2020,-2380995.887942225,-2683316.3704826254,-2193194.5904225106,-2506026.5142640537,-187801.29751971466,-177289.85621857192,-2310805.715733352,-2942123.783974156,-2121369.014047299,-2747640.9922498246,-189436.70168605298,-194482.79172433115,-2266348.100410293,-2995829.886370083,-2076649.2333764574,-2822286.343968715,-189698.8670338353,-173543.54240136786,-2323991.484071118,-2139724.755606087,-184266.72846503102,-2720347.331210779,-2538727.698012369,-181619.63319841004,-2246139.5340829478,-2848889.266957753,-2061479.427761233,-2672694.044417239,-184660.1063217149,-176195.2225405141,-2290719.408374921,-2797445.681605754,-2108834.23493341,-2623752.654617019,-181885.1734415111,-173693.02698873484,-2315653.150768225,-2927955.2021974255,-2123665.0585727245,-2750040.4710266525,-191988.09219550047,-177914.73117077298,-2510065.9209070476,-2327096.3764134664,-182969.54449358134,,,,,,,,,,,,,,,
24,307438,110063,-3518150.724493993,-2089478.3002568244,-3198368.291586311,-1915875.5793590872,-319782.43290768174,-173602.7208977371,covid_2020,-2526615.78832459,-2845336.5851442385,-2327968.5786935096,-2657842.9379815576,-198647.20963108013,-187493.6471626808,-2451355.2463213718,-3119202.634141789,-2251092.916949039,-2913632.358900242,-200262.32937233287,-205570.2752415466,-2403837.78640246,-3175980.093226829,-2203267.1079766518,-2992494.011084702,-200570.67842580855,-183486.08214212736,-2466111.1433510045,-2271208.8338293447,-194902.30952165986,-2884460.596956257,-2692379.523646172,-192081.07331008464,-2382466.9677634565,-3020084.5140088685,-2187099.6352396803,-2833756.7054521153,-195367.33252377607,-186327.80855675298,-2430234.0716399504,-2965582.4967121426,-2237830.782537456,-2781905.861330972,-192403.2891024941,-183676.63538117037,-2457511.3502357476,-3105202.868798932,-2254410.4586330103,-2917003.8098600036,-203100.89160273742,-188199.0589389282,-2664730.7701876033,-2471205.3172421074,-193525.452945496,,,,,,,,,,,,,,,
25,324315,115649,-3727523.0418702215,-2206434.2749346606,-3389773.0839516353,-2023359.2948685,-337749.95791858615,-183074.98006616055,covid_2020,-2672980.8961314023,-3007903.0872049206,-2463478.851348016,-2810191.6861480386,-209502.04478338658,-197711.401056882,-2592576.3799563767,-3297001.743889359,-2381483.869968522,-3080260.7223559353,-211092.50998785495,-216741.02153342345,-2542081.278471329,-3356698.442153339,-2330637.60827728,-3163294.114073674,-211443.6701940491,-193404.32807966458,-2608975.224999919,-2403447.46690959,-205527.7580903287,-3049237.08198641,-2846677.427584297,-202559.65440211305,-2519587.300471137,-3191784.5191559154,-2313509.1125543965,-2995335.9012346338,-206078.1879167403,-196448.6179212816,-2570499.3571617873,-3134139.3008641438,-2367618.901834784,-2940507.8812350887,-202880.45532700303,-193631.41962905508,-2600403.9214845398,-3283212.4687399706,-2386127.361528704,-3084785.052031096,-214276.5599558359,-198427.4167088744,-2820539.778648451,-2616497.701551246,-204042.0770972051,,,,,,,,,,,,,,,
0,737,280,-10618.408499834977,-7450.720393693231,-9536.53500791725,-6939.870921620552,-1081.8734919177277,-510.8494720726797,covid_2021,-7029.816012296343,-7614.966940819712,-6523.712539819373,-7118.675149739071,-506.10347247696996,-496.2917910806415,-6689.172960146793,-8260.226401301352,-6192.79207543297,-7723.2857919613325,-496.3808847138237,-536.9406093400189,-6521.3688340055905,-8360.912945049859,-6003.699361451496,-7873.194549776141,-517.6694725540945,-487.7183952737186,-6854.3497533000445,-6365.218669474278,-489.13108382576706,-7663.619964684645,-7163.700997037673,-499.9189676469721,-6442.45939668372,-7926.585016248101,-5929.743597928198,-7439.269458876939,-512.7157987555223,-487.31555737116173,-6642.155932854281,-7796.96664981733,-6158.17476113505,-7312.171514420283,-483.9811717192305,-484.7951353970479,-6836.065414472,-8329.661748922139,-6315.084095397066,-7831.818745900003,-520.9813190749339,-497.84300302213626,-6519.65909596664,-6036.130998577742,-483.52809738889835,-5293.0639553991205,-6629.068205494044,-4843.484415775552,-6105.596841044124,-449.57953962356777,-523.4713644499211,,,,,,,,,
1,7554,2583,-99374.95773043021,-55135.60434365646,-90970.14846134996,-50637.5375339162,-8404.809269080237,-4498.066809740261,covid_2021,-68446.64836426936,-75130.95338316476,-63515.58440183708,-70392.74128996991,-4931.06396243228,-4738.212093194842,-65625.21037231783,-81794.99115286881,-60677.2428570817,-76656.48496212895,-4947.967515236135,-5138.50619073987,-63876.48237956476,-82986.82721142535,-58894.77818305517,-78399.91593901691,-4981.704196509595,-4586.911272408444,-66739.92457183724,-61901.141236513504,-4838.783335323729,-75781.19190687856,-70990.08953165071,-4791.102375227858,-63161.12661995791,-78783.7103127614,-58249.43164967366,-74086.75737244516,-4911.694970284257,-4696.952940316228,-65035.88863777476,-77416.85864122439,-60253.72116197908,-72800.95062662117,-4782.167475795676,-4615.908014603223,-66466.10629967455,-82158.2084415284,-61355.10702847459,-77364.30910790237,-5110.999271199964,-4793.899333626037,-63793.232725951326,-59164.722704989275,-4628.510020962052,-52866.88730826941,-65752.07971480486,-48494.784894476434,-61130.28450478261,-4372.10241379298,-4621.795210022252,,,,,,,,,
2,21023,6806,-266549.5316872864,-146538.98781387447,-244227.51698845305,-134460.91876671795,-22322.014698833336,-12078.069047156507,covid_2021,-185294.65251476376,-204545.59265165433,-171771.36838157653,-191618.75474401968,-13523.284133187222,-12926.837907634634,-178225.5111889258,-223191.46772589022,-164603.46011414798,-209169.58784604556,-13622.051074777828,-14021.879879844651,-173804.32726727246,-226710.65369274898,-160170.73037214106,-214221.56021654597,-13633.596895131403,-12489.093476203005,-180672.15784516875,-167377.67641213827,-13294.481433030487,-206893.2040839701,-193768.94567188984,-13124.25841208025,-172105.56253571346,-215368.4623529625,-158693.58778790297,-202582.683482533,-13411.974747810484,-12785.778870429484,-176755.73867437913,-211558.83503881292,-163625.47114058826,-198953.85448747344,-13130.267533790859,-12604.980551339473,-180218.36116043912,-223971.41797253102,-166230.73138403572,-210969.15811906036,-13987.629776403382,-13002.259853470665,-173400.481356094,-160770.79011431735,-12629.691241776665,-144233.9744260613,-179905.66917756113,-132274.66881491867,-167346.28274522914,-11959.305611142627,-12559.386432331976,,,,,,,,,
3,36793,11757,-461763.87490170734,-253510.1640890932,-422751.0092924764,-232640.34300671247,-39012.86560923092,-20869.821082380717,covid_2021,-321514.0983295781,-355586.2088674143,-297875.11500042863,-333065.18944680726,-23638.98332914951,-22521.019420607045,-309615.07246123947,-388280.5951030369,-285791.6049184029,-363833.83053998154,-23823.467542836577,-24446.764563055356,-302200.9307729309,-394516.4313882917,-278401.5259473843,-372835.6546598852,-23799.404825546582,-21680.776728406498,-313462.6785045459,-290226.5998840317,-23236.078620514192,-359957.19536305417,-337027.5892118487,-22929.606151205484,-299253.6976871493,-374786.2507717561,-275827.39690868487,-352580.9451559151,-23426.300778464425,-22205.305615841004,-307046.38097688305,-368001.5432828567,-284104.0339162512,-346083.24436077964,-22942.347060631822,-21918.298922077025,-312893.00375608134,-389348.7169524234,-288405.1402089895,-366770.5938881726,-24487.863547091845,-22578.123064250794,-301128.08054120274,-279111.0049588622,-22017.075582340512,-251413.7577141238,-313199.3283747518,-230647.75353845337,-291414.2526061294,-20766.00417567043,-21785.075768622413,,,,,,,,,
4,53613,17453,-667650.5023463168,-367518.42841034813,-610074.8223467451,-336974.65398979874,-57575.67999957174,-30543.77442054938,covid_2021,-465572.6729591393,-515626.38698990614,-430791.94740076,-482439.69993337814,-34780.72555837927,-33186.687056528,-448641.90839058085,-563298.2824251418,-413597.66914963454,-527263.4506896029,-35044.23924094632,-36034.83173553887,-438326.46540775767,-572255.5819489241,-403320.0086668216,-540407.5686701658,-35006.456740936075,-31848.013278758277,-453953.6550886727,-419799.6017278776,-34154.05336079507,-522155.9856352813,-488422.7447348684,-33733.24090041287,-434181.46147678007,-543785.4905242946,-399736.5771066813,-511185.2995383833,-34444.884370098756,-32600.190985911184,-445020.66191823554,-533833.4206657464,-411322.32884438557,-501660.2182200612,-33698.33307384995,-32173.20244568526,-453382.70655487274,-564543.6162601529,-417335.7974885523,-531400.5691113183,-36046.909066320455,-33143.0471488346,-436521.7718574718,-404167.3062947015,-32354.465562770245,-365606.48292408464,-454747.2031800547,-335128.77364298515,-422819.1123810943,-30477.709281099502,-31928.090798960402,,,,,,,,,
5,72155,23506,-891223.4289160537,-492507.50649509375,-814076.5928183885,-451480.11054176756,-77146.83609766528,-41027.39595332618,covid_2021,-622407.8173806639,-689806.639978109,-575550.0457008858,-645153.0922787688,-46857.77167977817,-44653.547699340226,-600134.887782975,-753985.1825172091,-552962.1646011337,-705528.0169897679,-47172.72318184132,-48457.165527441204,-587076.0137595484,-766016.3798833347,-539953.5544268223,-723171.6885034122,-47122.459332726125,-42844.69137992251,-607078.5882930134,-561097.3589560541,-45981.22933695931,-699097.9249423327,-653715.9682366981,-45381.95670563458,-581802.4735117913,-728128.1171089852,-535452.8525105689,-684327.9931212242,-46349.621001222455,-43800.123987760984,-595718.743111018,-714736.1817350116,-550365.7310412312,-671452.5152359108,-45353.012069786804,-43283.66649910088,-606823.3578645777,-755716.7795740825,-558353.0900145392,-711169.3014667195,-48470.26785003853,-44547.47810736302,-584330.8482490274,-540807.0992166882,-43523.74903233918,-490782.46935815504,-609262.2867632227,-449792.5096998213,-566301.4146850709,-40989.95965833374,-42960.87207815184,,,,,,,,,
6,90936,29855,-1114258.3746716734,-618776.5393799936,-1017296.4228964284,-566886.0010477223,-96961.95177524506,-51890.53833227123,covid_2021,-779304.9020765265,-864295.8994749036,-720079.6275010923,-807910.4389459,-59225.2745754343,-56385.46052900366,-751865.0837342917,-945205.3632638585,-692276.5373225703,-884105.0429921699,-59588.54641172136,-61100.32027168857,-736405.6587878638,-960388.9508610781,-676860.2957035302,-906219.1195877122,-59545.363084333556,-54169.83127336585,-760451.546145722,-702328.9900178742,-58122.55612784792,-876601.5395253911,-819299.9391167241,-57301.60040866703,-730146.7561685927,-913184.2840560335,-671543.7008768959,-857851.0248786088,-58603.05529169677,-55333.25917742474,-746915.5976847619,-896259.9696150441,-689553.5445227198,-841571.9195938013,-57362.0531620421,-54688.05002124284,-760597.2650071917,-947422.2433700924,-699412.4199410266,-891195.7112341165,-61184.84506616512,-56226.532135975925,-732539.7984822602,-677532.2520800051,-55007.54640225502,-617179.6815172286,-764506.7582705057,-565294.2478609148,-710255.5434785626,-51885.43365631382,-54251.21479194313,,,,,,,,,
7,116927,38556,-1421864.208580481,-792820.9002828833,-1297263.5074286652,-726081.3967444599,-124600.70115181581,-66739.50353842342,covid_2021,-995493.2114095314,-1104749.2853548387,-919240.8726415824,-1032251.9830840523,-76252.33876794906,-72497.30227078637,-961096.2368375015,-1208887.251245867,-884351.7759729985,-1130289.3049413995,-76744.46086450304,-78597.94630446762,-942680.8977423756,-1228500.9835259658,-865946.6561462539,-1158695.5097162435,-76734.24159612166,-69805.47380972242,-971881.3203424328,-897027.1820048509,-74854.13833758188,-1121532.6746624436,-1047810.4858227996,-73722.18883964398,-935176.9000672437,-1168546.7875597149,-859712.9209704108,-1097334.2737631826,-75463.97909683295,-71212.5137965324,-955597.9092055459,-1146709.735827089,-881724.4018210204,-1076318.6924211765,-73873.50738452547,-70391.04340591267,-972946.6027086668,-1212037.2315427514,-894226.729395659,-1139744.151394566,-78719.87331300786,-72293.0801481854,-937095.818055419,-866295.8798247413,-70799.93823067773,-791539.304556733,-978710.3557873985,-724757.5835679926,-908883.0820732901,-66781.72098874049,-69827.27371410839,,,,,,,,,
8,147145,49290,-1774582.1372786197,-994207.4259178193,-1618031.714438399,-909736.4159310709,-156550.4228402205,-84471.00998674835,covid_2021,-1244662.0512428372,-1382098.9105017397,-1148387.0046386234,-1290502.5517020763,-96275.04660421377,-91596.3587996634,-1202451.3361025506,-1513053.184266681,-1105477.217531849,-1413899.1139381817,-96974.11857070161,-99154.07032849944,-1180847.0790993825,-1537946.3717405347,-1083859.433614472,-1449572.4969735784,-96987.64548491052,-88373.87476695639,-1215662.6915657632,-1121109.1478851016,-94553.54368066149,-1404290.4527245322,-1311231.1776660266,-93059.27505850556,-1172142.0278585248,-1463466.747935492,-1076836.6852632684,-1373448.6301810981,-95305.34259525644,-90018.11775439398,-1196511.2025501556,-1436011.556955208,-1103156.289056116,-1347027.5315607425,-93354.91349403968,-88984.02539446548,-1217808.0324175474,-1517574.0497043286,-1118537.140135821,-1426215.4050554899,-99270.89228172651,-91358.64464883876,-1173347.8588131852,-1083893.3092739272,-89454.54953925803,-993447.8311324646,-1226292.860268584,-908893.8800850254,-1138032.3025610095,-84553.95104743919,-88260.55770757457,,,,,,,,,
9,183742,62952,-2200983.9380118884,-1237679.1662681473,-2004910.9876390104,-1131273.0486249567,-196072.95037287814,-106406.11764319059,covid_2021,-1546205.1484053868,-1717939.1431840495,-1425107.8483509154,-1602715.145830083,-121097.30005447145,-115223.99735396662,-1494693.6887203476,-1881281.8276531266,-1372598.513473872,-1756713.456373408,-122095.17524647553,-124568.37127971859,-1469299.5383927198,-1912552.5486379722,-1347171.7839662898,-1801193.2980769307,-122127.75442642998,-111359.25056104161,-1510689.617912539,-1391698.8769267742,-118990.74098576483,-1746685.5312190736,-1629693.859719601,-116991.67149947255,-1459329.494161792,-1820667.9389640652,-1339396.9501141103,-1707338.618819546,-119932.54404768185,-113329.3201445192,-1488230.7090097072,-1786464.2833211878,-1370718.6420129598,-1674423.8426182023,-117512.06699674742,-112040.44070298548,-1514336.3951757692,-1887442.5088364244,-1389587.517192888,-1772519.6817306553,-124748.87798288123,-114922.8271057692,-1459628.1213799068,-1347022.1024041292,-112606.01897577755,-1237770.3356766219,-1526376.952908679,-1131208.5391910048,-1415248.27563885,-106561.79648561709,-111128.67726982909,,,,,,,,,
10,227552,79744,-2712198.0116987983,-1528084.6947028805,-2468853.399038452,-1395028.434809144,-243344.6126603459,-133056.25989373648,covid_2021,-1907045.166285391,-2119536.8109307215,-1755955.7183999773,-1975670.522405767,-151089.44788541365,-143866.28852495417,-1844320.4748855466,-2321626.5495869364,-1691990.7802961697,-2166371.010289507,-152329.69458937686,-155255.53929742932,-1814848.4268280512,-2360538.0514897285,-1662383.183315332,-2221288.2644432085,-152465.24351271923,-139249.78704652013,-1863763.231495502,-1715292.0419312455,-148471.18956425658,-2156303.2164343847,-2010436.5153754237,-145866.70105896113,-1803591.2126026233,-2247899.494214433,-1653863.9547776554,-2106315.1823179917,-149727.25782496776,-141584.31189644116,-1837613.7799316384,-2205382.535782878,-1690913.8613544605,-2065429.577032179,-146699.91857717783,-139952.95875069866,-1869463.8251304538,-2329998.6856758776,-1714038.4393897376,-2186429.2891394645,-155425.38574071613,-143569.3965364129,-1802104.044169784,-1661490.5594180003,-140613.48475178386,-1529606.8538186452,-1884863.668616362,-1396293.8352461236,-1746071.5051548048,-133313.01857252175,-138792.16346155712,,,,,,,,,
11,271289,97167,-3222513.1118733725,-1817552.6635988723,-2931331.0775213493,-1657548.6844977061,-291182.0343520233,-160003.9791011662,covid_2021,-2267461.623359455,-2520326.0744177685,-2085814.9182547503,-2347336.301551227,-181646.70510470436,-172989.77286654132,-2193469.6156555163,-2761047.1855844245,-2010420.0856300797,-2574647.9040338756,-183049.53002543634,-186399.2815505488,-2160080.6146619134,-2807612.856107341,-1976750.5819576934,-2640084.113111972,-183330.03270421998,-167528.7429953692,-2216383.339697027,-2037945.8611862655,-178437.4785107618,-2565249.256722039,-2390064.25271281,-175185.00400922907,-2147516.9149798714,-2674281.906056539,-1967456.858769746,-2504110.565273918,-180060.05621012548,-170171.34078262094,-2186617.441814864,-2623504.589465681,-2010254.1622960195,-2455249.050453487,-176363.2795188445,-168255.53901219406,-2224216.695677531,-2771774.346590004,-2037646.1094529727,-2599220.819071456,-186570.58622455806,-172553.5275185483,-2144051.74798027,-1975025.2707787498,-169026.47720152026,-1820828.4195766742,-2242581.2572465073,-1660443.7702114945,-2075739.5241791534,-160384.64936517974,-166841.7330673542,,,,,,,,,
12,320277,116861,-3793888.343825736,-2141203.3021689,-3449098.251668642,-1950597.6584600937,-344790.0921570941,-190605.6437088064,covid_2021,-2670643.7895310214,-2969002.8431615783,-2454606.534301874,-2763075.4312661155,-216037.25522914698,-205927.411895463,-2584214.6285792803,-3252588.8898309283,-2366670.9985149363,-3031218.985068489,-217543.630064344,-221369.90476243955,-2546694.2028380516,-3308249.4204537007,-2328654.612346663,-3108770.267677068,-218039.59049138846,-199479.15277663298,-2610578.148727004,-2398469.7340028994,-212108.4147241046,-3022922.824793308,-2814791.047493578,-208131.77729973022,-2532805.776612227,-3151709.24534282,-2318559.699784072,-2949262.503045798,-214246.0768281545,-202446.74229702202,-2577193.6612918447,-3091424.2737819897,-2367464.19195287,-2891222.4277772084,-209729.4693389744,-200201.84600478134,-2621061.101739204,-3266210.1182607827,-2399572.6772214584,-3060967.539354488,-221488.4245177457,-205242.5789062951,-2526789.984454913,-2325672.7720717643,-201117.2123831487,-2146727.162447363,-2642987.5823836164,-1955579.6551223309,-2444493.8573758956,-191147.5073250325,-198493.72500772082,,,,,,,,,
13,363522,134045,-4298801.151592386,-2426919.838982203,-3906877.432792434,-2209461.4601685386,-391923.71879995195,-217458.37881366425,covid_2021,-3026776.0381932086,-3365768.04037343,-2780750.7919971272,-3131018.97779929,-246025.2461960816,-234749.06257414044,-2929628.8772964496,-3687142.624800981,-2681820.8413269133,-3435207.081592625,-247808.03596953617,-251935.5432083562,-2888311.5515762274,-3751114.667422587,-2639949.124436384,-3523648.8983078212,-248362.42713984346,-227465.76911476563,-2958758.163326726,-2717193.723999042,-241564.43932768388,-3427648.817731377,-3190673.4185153414,-236975.39921603576,-2873229.389645164,-3574036.4240472224,-2629168.7861216944,-3343288.560476577,-244060.6035234694,-230747.86357064557,-2922317.12883737,-3505365.849347425,-2683390.489480519,-3277131.3737896765,-238926.63935685076,-228234.47555774864,-2971714.6804664917,-3703584.834639449,-2719678.7213581605,-3469690.0863123727,-252035.95910833144,-233894.74832707658,-2865203.76753865,-2635926.537073215,-229277.23046543478,-2434546.5180476555,-2997186.088845376,-2216397.938437669,-2770872.291989169,-218148.57960998622,-226313.79685620687,,,,,,,,,
14,408700,151545,-4827368.060591115,-2725746.95485124,-4386380.67347098,-2480559.460956816,-440987.38712013507,-245187.49389442377,covid_2021,-3398476.8647663663,-3780483.6933258846,-3121482.549042455,-3515965.271163237,-276994.31572391145,-264518.42216264806,-3290415.436517882,-4141577.1124078277,-3011391.9003048074,-3857960.6948841508,-279023.5362130746,-283616.4175236769,-3245586.042729509,-4214477.415890731,-2965837.063506461,-3957993.496017843,-279748.9792230481,-256483.91987288825,-3322017.965190449,-3050073.4846254583,-271944.4805649904,-3850713.118772852,-3583983.8454476083,-266729.2733252433,-3229084.8793632244,-4015679.9749041954,-2954211.9526501233,-3755642.0280131726,-274872.92671310104,-260037.94689102302,-3282756.927407304,-3937836.8915107353,-3013738.1332421997,-3680654.3358056303,-269018.79416510405,-257182.55570510495,-3337840.992814378,-4160651.5537541173,-3054343.422776137,-3897174.481370814,-283497.57003824075,-263477.0723833034,-3218337.6947377874,-2960014.7239442496,-258322.97079353782,-2735582.6838359497,-3367299.0288706357,-2489552.38303324,-3112240.863796213,-246030.30080270953,-255058.1650744225,,,,,,,,,
15,446619,165722,-5264829.719139372,-2975324.726766173,-4783245.289263351,-2706972.184094496,-481584.4298760212,-268352.54267167655,covid_2021,-3707320.5662832176,-4125811.6736827167,-3404469.2745946553,-3836359.3715255624,-302851.2916885622,-289452.3021571541,-3590492.5660400186,-4520208.635571809,-3285503.023745543,-4210197.773140902,-304989.5422944758,-310010.86243090674,-3543250.9239857867,-4600714.8408220345,-3237400.604562844,-4320057.138623004,-305850.3194229427,-280657.70219903067,-3623980.659956212,-3326712.7285053246,-297267.93145088764,-4203413.851824058,-3911856.507563334,-291557.344260724,-3525989.3250627443,-4383962.813082685,-3225414.18134638,-4099560.5498294923,-300575.1437163642,-284402.2632531927,-3582927.768936693,-4298451.962077049,-3288837.3330037687,-4017161.478738037,-294090.4359329247,-281290.4833390117,-3642657.818234676,-4541721.467824463,-3332893.234256052,-4253517.743814193,-309764.58397862397,-288203.72401027,-3512623.1679538,-3230018.0100916857,-282605.1578621143,-2987302.6112421737,-3676165.0076687494,-2717976.8873853786,-3397161.3434376004,-269325.7238567951,-279003.6642311489,,,,,,,,,
16,486350,179788,-5722232.584484544,-3236565.976369047,-5199165.866430103,-2944460.5933354595,-523066.71805444104,-292105.38303358754,covid_2021,-4029117.481090582,-4485549.834745795,-3699735.6116086035,-4170749.7207577596,-329381.86948197824,-314800.11398803466,-3903454.483180075,-4915341.993645453,-3571821.7715905383,-4578438.725701602,-331632.71158953675,-336903.267943851,-3854545.2277456867,-5003605.742308371,-3521953.293800549,-4698221.367787094,-332591.9339451377,-305384.3745212769,-3939045.9286776497,-3615738.482098183,-323307.4465794666,-4571580.604555383,-4254585.682687185,-316994.921868199,-3836849.3796221344,-4768219.361130199,-3509886.062395761,-4458877.95163049,-326963.3172263736,-309341.40949970955,-3896682.8266063565,-4674488.13913219,-3576754.4253182234,-4368479.921844384,-319928.40128813323,-306008.2172878059,-3961352.016630182,-4939459.976418533,-3624690.758544729,-4625993.772083699,-336661.2580854528,-313466.2043348348,-3819833.3283622335,-3512394.2195183584,-307439.10884387506,-3251047.698754424,-3998359.746448511,-2957829.105879128,-3694820.0810421864,-293218.5928752964,-303539.66540632426,,,,,,,,,
17,522712,191893,-6137567.275336803,-3475184.6801812644,-5577078.345381506,-3161651.231526079,-560488.9299552971,-313533.4486551854,covid_2021,-4321750.0385258645,-4813612.70828356,-3968454.8943453333,-4475866.243894765,-353295.14418053074,-337746.46438879543,-4188356.213351545,-5276206.509692785,-3832709.4488283955,-4915040.302617578,-355646.76452314964,-361166.2070752072,-4138429.432431529,-5371563.341725247,-3781733.7170083886,-5043853.579337711,-356695.71542314003,-327709.76238753577,-4225796.514095942,-3879035.4231972946,-346761.09089864744,-4907710.356571359,-4567773.855833143,-339936.50073821546,-4120512.3267185697,-5119151.511527697,-3769768.381572725,-4787340.657496349,-350743.94514584495,-331810.85403134726,-4182651.640989528,-5017894.176552867,-3839456.1902010236,-4689607.564684537,-343195.4507885047,-328286.61186832935,-4251778.84246252,-5302679.225717732,-3890880.4578848835,-4966406.388503793,-360898.3845776365,-336272.8372139388,-4099892.7310604043,-3770027.2582576154,-329865.472802789,-3492176.9533911794,-4292638.389054185,-3177386.8560381145,-3966961.847918208,-314790.0973530651,-325676.5411359761,,,,,,,,,
18,558642,203388,-6544321.92486554,-3710686.88558617,-5947247.541845942,-3376287.4695205465,-597074.3830195983,-334399.4160656237,covid_2021,-4608490.582551919,-5135800.7522727465,-4231805.048571338,-4775611.594533751,-376685.53398058104,-360189.1577389955,-4467918.698303463,-5631587.439793952,-4088803.534291186,-5246620.437522177,-379115.16401227674,-384967.002271775,-4417846.622356785,-5733570.772578596,-4037563.565045642,-5384037.458649756,-380283.0573111428,-349533.3139288397,-4507214.480547195,-4137534.4121014024,-369680.068445793,-5238492.897835315,-4876137.053745376,-362355.84408993914,-4399994.193699846,-5464531.428248718,-4026000.7790943,-5110751.379615174,-373993.4146055461,-353780.04863354494,-4463807.96253028,-5355780.0347221205,-4097892.385032027,-5005712.54133329,-365915.5774982531,-350067.49338883103,-4537313.157517541,-5660147.964451391,-4152696.336975969,-5301569.566808086,-384616.8205415727,-358578.39764330495,-4375146.847464108,-4023386.2512724493,-351760.59619165846,-3730423.8015501862,-4582322.553234175,-3394637.032670051,-4235016.964037907,-335786.7688801355,-347305.58919626725,,,,,,,,,
19,595907,215384,-6958124.881263632,-3953153.9360815943,-6323627.923240039,-3597205.711588856,-634496.9580235934,-355948.2244927384,covid_2021,-4901155.849184232,-5465402.961666685,-4500461.274448917,-5082243.603635237,-400694.57473531464,-383159.3580314475,-4753614.733898561,-5995965.467901265,-4350406.559053584,-5586564.221107596,-403208.17484497774,-409401.24679366994,-4704220.803356803,-6104492.096794788,-4299746.013435775,-5732478.79929432,-404474.7899210275,-372013.29750046815,-4794963.756721663,-4401726.224956755,-393237.5317649084,-5577630.056335708,-5192196.402423155,-385433.65391255316,-4686867.808780141,-5818761.680885724,-4289021.219523139,-5442355.940581589,-397846.58925700194,-376405.7403041348,-4751847.666193455,-5702287.916010512,-4362535.323962921,-5329833.8110071095,-389312.34223053465,-372454.10500340274,-4829876.72976359,-6026623.804120287,-4420889.061466212,-5645059.353003426,-408987.6682973771,-381564.45111686055,-4657275.742259667,-4283042.056506392,-374233.68575327605,-3976117.7520595966,-4879925.022022567,-3618664.4045585156,-4510345.721949024,-357453.3475010811,-369579.3000735427,,,,,,,,,
20,635497,227406,-7393147.364013606,-4210472.31998073,-6719675.617595718,-3832071.8963230066,-673471.7464178877,-378400.42365772376,covid_2021,-5209464.9458360225,-5813278.8645499805,-4783807.637752154,-5406165.845075869,-425657.30808386905,-407113.0194741114,-5055021.540760169,-6381496.309407531,-4626615.730373285,-5946585.383027118,-428405.8103868843,-434910.92638041393,-5007126.455265451,-6496649.098853924,-4577408.684537766,-6101168.0437668525,-429717.7707276857,-395481.0550870719,-5098807.182204896,-4680998.968143882,-417808.2140610134,-5936330.089691444,-5526839.709906768,-409490.3797846766,-4990642.287613369,-6193456.0773851955,-4567973.438840084,-5793438.500151496,-422668.84877328464,-400017.57723369956,-5056402.075558417,-6068881.446532856,-4642700.941334547,-5673046.086385587,-413701.1342238701,-395835.3601472688,-5139145.675687248,-6414287.717355304,-4704749.5963793965,-6008826.4071029825,-434396.07930785173,-405461.31025232194,-4955447.8410593895,-4557776.2944623735,-397671.5465970163,-4237318.825033395,-5194788.33760215,-3857264.248814965,-4801989.871170882,-380054.5762184297,-392798.46643126727,,,,,,,,,
21,671078,238092,-7780040.130069756,-4440581.695623327,-7071770.150011563,-4042108.8886039313,-708269.980058193,-398472.80701939564,covid_2021,-5483879.342938107,-6123073.602423583,-5035857.725233736,-5694584.0969681945,-448021.6177043709,-428489.5054553886,-5323419.219332986,-6725381.772101667,-4872514.806932558,-6267702.375965002,-450904.41240042704,-457679.39613666496,-5277536.347090512,-6846115.408817666,-4825275.5008089775,-6429633.5543344375,-452260.8462815339,-416481.8544832281,-5369626.4500250425,-4929850.542071211,-439775.90795383154,-6256234.603952471,-5825247.5718426,-430987.0321098714,-5262191.967248279,-6527471.719413958,-4817357.63988054,-6106440.976507747,-444834.3273677384,-421030.74290621077,-5328111.08248628,-6395675.941319338,-4892618.6976119075,-5978969.108001515,-435492.38487437234,-416706.83331782266,-5415066.6856902335,-6759827.830518523,-4958005.129753916,-6333097.763221359,-457061.55593631766,-426730.0672971648,-5221403.552156061,-4802806.074950352,-418597.47720570886,-4471363.687561182,-5475870.130897601,-4071109.967177748,-5062283.030353215,-400253.7203834342,-413587.1005443862,,,,,,,,,
22,713386,250408,-8236952.688586287,-4713216.157619008,-7487821.92882483,-4291196.412461505,-749130.7597614572,-422019.745157503,covid_2021,-5808269.6152977105,-6489194.719130195,-5333804.68588064,-6035488.40755541,-474464.9294170708,-453706.3115747849,-5640862.401986243,-7132140.569892501,-5163347.4378144555,-6647614.571523321,-477514.96417178726,-484525.9983691807,-5597818.747351535,-7259170.350367796,-5118926.169298632,-6817992.582835389,-478892.57805290224,-441177.7675324066,-5690174.013933678,-5224417.056164153,-465756.9577695252,-6634739.92223413,-6178381.613590976,-456358.3086431539,-5584184.429035982,-6922509.01977756,-5113146.470808039,-6476761.914513278,-471037.9582279426,-445747.10526428156,-5649935.658097705,-6782266.297584861,-5188667.983846512,-6340961.896408658,-461267.67425119353,-441304.4011762028,-5741980.884571288,-7168674.66833841,-5258116.924084658,-6716867.020653727,-483863.9604866302,-451807.64768468204,-5536337.294832153,-5093063.296042367,-443273.99878978665,-4749186.533296204,-5808444.117694285,-4325250.041140924,-5370427.392099796,-423936.49215527956,-438016.7255944885,,,,,,,,,
23,754007,262271,-8672677.023524007,-4973318.18440932,-7884715.149017362,-4528728.586651467,-787961.8745066457,-444589.5977578539,covid_2021,-6117777.551305881,-6838008.146447268,-5618132.945475649,-6360317.887236609,-499644.605830232,-477690.2592106594,-5943653.0449294,-7519798.378564414,-5440756.441912317,-7009689.974337502,-502896.6030170836,-510108.40422691114,-5903395.70563988,-7652527.129538368,-5399160.2158343475,-7187904.983922384,-504235.4898055323,-464622.14561598474,-5996172.694097018,-5505631.328540847,-490541.3655561709,-6995621.24999524,-6515017.610867469,-480603.6391277714,-5891473.9672215795,-7299029.351438869,-5395449.467943158,-6829688.894135161,-496024.4992784214,-469340.45730370743,-5957112.600983072,-7150755.289738432,-5471186.528768738,-6685976.172836505,-485926.0722143339,-464779.1169019268,-6053922.793130999,-7558403.470366753,-5544477.066840041,-7082683.420615941,-509445.7262909582,-475720.0497508118,-5836721.150597586,-5369953.36865249,-466767.7819450962,-5014725.347617578,-6125540.475330045,-4568075.039464278,-5664239.935630772,-446650.3081532992,-461300.53969927283,,,,,,,,,
24,791175,272861,-9070820.942477506,-5211501.246160402,-8247750.906766011,-4746613.216712509,-823070.0357114947,-464888.0294478924,covid_2021,-6400722.569277105,-7156812.800810159,-5878267.581323646,-6657484.18630738,-522454.9879534593,-499328.6145027788,-6220524.7512809895,-7874194.266583569,-5694644.746088605,-7340991.4724596115,-525880.0051923841,-533202.7941239583,-6183023.04543996,-8012302.617929758,-5655822.257502716,-7526393.101929971,-527200.7879372439,-485909.51599978644,-6276057.573230801,-5763049.633723037,-513007.9395077636,-7325598.48736667,-6823092.192191927,-502506.29517474317,-6172625.695565811,-7643317.237084459,-5653980.356016833,-7152650.5204285225,-518645.33954897785,-490666.71665593586,-6238112.981148016,-7487653.38210028,-5729861.801091837,-7001657.970157206,-508251.1800561786,-485995.411943074,-6339312.175334808,-7914864.110677271,-5806745.524643241,-7417547.86572049,-532566.650691567,-497316.2449567815,-6111530.951046554,-5623491.25415271,-488039.69689384464,-5258159.029485466,-6415544.647820209,-4791095.116488346,-5933173.060726562,-467063.9129971201,-482371.5870936478,,,,,,,,,
25,822924,281513,-9410756.578142459,-5414170.87601579,-8557996.78479233,-4932261.1815154385,-852759.7933501276,-481909.6945003509,covid_2021,-6641787.126278552,-7428123.882299882,-6100254.127502259,-6910643.945254757,-541532.9987762935,-517479.9370451249,-6456344.782789821,-8175689.772354515,-5911256.912387678,-7623040.8867722135,-545087.8704021429,-552648.8855823014,-6421056.870758642,-8318398.655089959,-5874598.57908204,-7814593.3963876795,-546458.2916766026,-503805.25870227895,-6514480.777351186,-5982711.525706334,-531769.2516448516,-7606279.300891294,-7085420.37526655,-520858.9256247438,-6411814.550511862,-7936192.362579548,-5874267.15957505,-7427608.2568236245,-537547.3909368122,-508584.10575592343,-6477276.324161825,-7774144.358256291,-5950399.634210652,-7270381.543385699,-526876.6899511727,-503762.8148705915,-6582185.072614258,-8217965.208395203,-6030265.721929073,-7702535.013389588,-551919.3506851844,-515430.195005614,-6345277.894761628,-5839453.021423396,-505824.8733382317,-5465303.919732092,-6662096.048997022,-4981155.689512658,-6162084.9217107715,-484148.230219434,-500011.12728625024,,,,,,,,,
0,95,8,-871.8965207331757,-960.4049354150023,-806.4481987104618,-894.5559532618075,-65.44832202271388,-65.84898215319481,othervirus_2021,-640.0099879460006,-556.334000145244,-615.6627669183677,-532.8627818246046,-24.34722102763298,-23.471218320639377,-624.4659779878108,-571.8494048501077,-597.7955579333687,-547.9048388553572,-26.670420054442022,-23.944565994750544,-615.4529388672905,-578.1864604652596,-589.9044708058852,-554.7684734704753,-25.548468061405234,-23.41798699478432,-634.1924140246164,-609.1839467823679,-25.008467242248447,-564.1407571072444,-540.7653537041568,-23.375403403087635,-630.6041726628234,-564.9354458854032,-606.49310002074,-540.69486367794,-24.111072642083446,-24.240582207463124,-615.1489653025099,-555.833642436091,-591.112732905553,-532.2192379430705,-24.03623239695687,-23.614404493020466,-632.413222213238,-585.9467821555194,-607.0357097156343,-562.0679273791155,-25.377512497603647,-23.878854776403788,-615.9249536999068,-592.9064126108077,-23.01854108909908,-808.6945478666655,-531.3005887667626,-786.7557160653198,-507.5225455706011,-21.938831801345675,-23.77804319616153,-800.3549315877103,-768.1634870636296,-32.19144452408066,,,,,,
1,189,9,-1628.1348012838246,-1445.9063768940568,-1546.143507297863,-1370.5506876222028,-81.9912939859616,-75.3556892718541,othervirus_2021,-1229.7081867654263,-1054.3049333763397,-1196.1684657535427,-1021.2512971330442,-33.539721011883636,-33.05363624329544,-1193.7419069056718,-1080.550174534105,-1157.9521290794091,-1046.076993819972,-35.78977782626262,-34.473180714133164,-1174.2136560865326,-1088.8383767391988,-1139.1336147780532,-1055.6168534024234,-35.080041308479345,-33.22152333677538,-1214.865870841423,-1180.762651032207,-34.10321980921585,-1062.9741291068838,-1031.2228844578508,-31.751244649032966,-1205.029780769311,-1064.0351148708528,-1172.0721086472954,-1030.4242963330632,-32.9576721220155,-33.61081853778953,-1173.9051164706357,-1048.1448807896882,-1141.3589912879224,-1015.3315384413232,-32.546125182713126,-32.813342348364905,-1198.9879602794047,-1095.0238537869152,-1164.8222214622797,-1061.7896940727464,-34.16573881712494,-33.23415971416868,-1172.7361942536338,-1140.3559604893603,-32.38023376427357,-1584.6718576937956,-1009.9583416930057,-1552.457508967268,-976.0273040376961,-32.214348726527504,-33.93103765530955,-1564.3727677262225,-1521.446495247851,-42.9262724783715,,,,,,
2,311,15,-2612.0236856596825,-2063.4750083714707,-2507.211032845562,-1966.8267384231267,-104.81265281412058,-96.64826994834414,othervirus_2021,-1988.218257582477,-1688.698391118351,-1937.0433532681038,-1637.8133798539611,-51.17490431437315,-50.88501126439006,-1928.8583930242219,-1731.7647736779882,-1875.4412798274934,-1678.3795193465112,-53.417113196728494,-53.385254331477014,-1890.9622537363289,-1741.5349079490502,-1838.4357799453974,-1689.7419832162411,-52.526473790931604,-51.792924732808956,-1965.2623416970912,-1913.7123690209332,-51.54997267615805,-1702.265750106943,-1653.2739013715677,-48.99184873537516,-1950.127458371616,-1701.1727308089899,-1900.172815519812,-1648.9643919713255,-49.95464285180405,-52.20833883766434,-1896.1945869786525,-1675.9418877800472,-1846.9786932690104,-1624.3106634172732,-49.215893709642245,-51.631224362774006,-1929.8830672255356,-1747.5567755706063,-1878.8688378798854,-1696.1058730292762,-51.01422934565019,-51.45090254133015,-1900.422646046111,-1849.9430167725122,-50.479629273598775,-2586.651963118577,-1632.157093467581,-2534.14480285185,-1578.7188372961364,-52.50716026672709,-53.438256171444735,-2562.3066836529947,-2497.4803242748894,-64.8263593781054,,,,,,
3,486,22,-4067.4756912503008,-2924.077991096201,-3934.8029701911373,-2801.1308536229035,-132.6727210591634,-122.94713747329766,othervirus_2021,-3106.51249112137,-2591.599901750721,-3030.5362356255646,-2519.8641142982947,-75.97625549580556,-71.73578745242617,-3000.098501088163,-2641.432655062598,-2924.627542415423,-2566.473721266196,-75.47095867274041,-74.95893379640171,-2928.548630250097,-2648.7135294886525,-2853.5850018622555,-2575.775717683851,-74.96362838784191,-72.93781180480153,-3065.915863769671,-2990.8094047758173,-75.10645899385388,-2602.3936710068274,-2531.3769411276467,-71.01672987918079,-3039.1126488929767,-2589.2486275853094,-2965.352639603053,-2516.3152272733823,-73.76000928992379,-72.93340031192696,-2951.6441939575807,-2554.9401100610603,-2879.064029477072,-2482.1939980755747,-72.58016448050873,-72.74611198548541,-2998.115312860635,-2661.5556898484924,-2924.845450943369,-2588.6668540288683,-73.269861917266,-72.88883581962389,-2963.0274092629943,-2890.435939429428,-72.5914698335662,-4050.048985246048,-2513.6313116816295,-3974.449416141601,-2438.0847709932373,-75.59956910444689,-75.54654068839233,-4000.633757904004,-3909.0165009723605,-91.61725693164344,,,,,,
4,730,37,-6135.027279546933,-4154.608623817561,-5933.984878428537,-3985.2632457663294,-201.04240111839587,-169.3453780512317,othervirus_2021,-4687.681860902047,-3892.118201638584,-4564.429962799941,-3778.238561617764,-123.25189810210702,-113.87964002082046,-4526.9885693253445,-3962.9679897754963,-4405.201761149697,-3842.272875601306,-121.78680817564742,-120.69511417419037,-4413.58573696729,-3970.3295964483177,-4291.163768135013,-3853.301837484733,-122.42196883227766,-117.0277589635848,-4623.284791044733,-4501.089505139747,-122.19528590498487,-3905.0895075539224,-3789.572189970362,-115.51731758356013,-4580.240118401025,-3877.751737520152,-4458.4446323946395,-3760.7954321207503,-121.79548600638572,-116.9563053994015,-4447.3365232348115,-3823.824833538565,-4329.1583023766725,-3708.288845057221,-118.17822085813853,-115.53598848134405,-4515.251547636906,-3981.3456808539077,-4395.673175957132,-3865.1755233566655,-119.5783716797742,-116.17015749724212,-4462.364976695541,-4344.772784771374,-117.59219192416752,-6137.742332836628,-3775.6513227282744,-6017.682106513363,-3655.917269529477,-120.06022632326497,-119.73405319879734,-6056.347071242884,-5916.358007087971,-139.9890641549139,,,,,,
5,970,42,-8116.025923754674,-5303.214383066929,-7888.520532510207,-5112.276852156123,-227.50539124446706,-190.93753091080634,othervirus_2021,-6189.473367062046,-5108.336044069139,-6046.152537499671,-4976.531856575167,-143.3208295623756,-131.80418749397154,-5978.726904047014,-5205.185325516576,-5837.074160814267,-5065.758686627986,-141.65274323274673,-139.42663888858993,-5837.210144746332,-5215.082625836472,-5694.393215674243,-5078.778477711914,-142.81692907208856,-136.30414812455822,-6111.8570923177795,-5969.6085657002095,-142.24852661756998,-5135.394569128093,-5001.3878431823905,-134.00672594570258,-6063.805923555497,-5094.303442288254,-5922.435492152689,-4958.749041826601,-141.37043140280784,-135.55440046165333,-5883.707935578483,-5020.570512348813,-5746.422233372637,-4886.887810895603,-137.285702205846,-133.68270145321017,-5976.021200316825,-5240.545053600334,-5837.007879898312,-5105.917209072352,-139.01332041851333,-134.62784452798144,-5903.97822050805,-5766.571018868361,-137.4072016396897,-8150.081643104675,-4967.992771142423,-8011.510476001436,-4828.9576365953435,-138.57116710323962,-139.03513454707974,-8036.165515855673,-7874.1721093350125,-161.9934065206611,,,,,,
6,1279,50,-10644.983505495149,-6731.4768410540155,-10375.065352101545,-6511.534303377028,-269.9181533936038,-219.94253767698746,othervirus_2021,-8132.94820404911,-6630.469836202441,-7958.498470072399,-6472.913542440253,-174.44973397671103,-157.55629376218778,-7846.623837390259,-6738.148319927109,-7674.82849937307,-6570.962581781758,-171.7953380171882,-167.18573814535117,-7648.149264522893,-6744.518541388345,-7476.433373759433,-6582.521656851493,-171.7158907634592,-161.99688453685167,-8030.064446252923,-7857.343119318132,-172.72132693479062,-6664.785213730208,-6501.716908465271,-163.06830526493613,-7966.316552328077,-6593.884691699897,-7795.731068350109,-6433.16075075799,-170.5854839779674,-160.72394094190682,-7724.872635958245,-6504.877143022721,-7557.555187017382,-6345.0060483701545,-167.317448940863,-159.87109465256623,-7846.626652003106,-6793.058607750903,-7677.293089274951,-6634.015703576938,-169.33356272815462,-159.04290417396544,-7765.493685960917,-7600.369305632244,-165.1243803286734,-10770.960164266096,-6472.685774603426,-10604.69372067026,-6307.378668448354,-166.26644359583642,-165.30710615507172,-10611.23639337702,-10415.20381888778,-196.03257448924057,,,,,,
7,1595,54,-13121.144542044403,-8066.495188430245,-12828.87162814959,-7822.695530333422,-292.27291389481275,-243.7996580968234,othervirus_2021,-10041.21836419156,-8080.345773449541,-9841.646187792745,-7899.742523955452,-199.5721763988144,-180.60324949408943,-9689.666800584842,-8175.495840368335,-9494.451765701744,-7986.96956676112,-195.21503488309773,-188.52627360721488,-9438.427220123329,-8172.060050389135,-9242.185958831615,-7986.337365373751,-196.2412612917142,-185.72268501538363,-9912.737220431076,-9714.795358157706,-197.94186227337076,-8108.451157876532,-7923.345314924814,-185.105842951718,-9850.508020006098,-7995.908069749231,-9654.990492670655,-7813.198877867351,-195.51752733544419,-182.7091918818798,-9529.069244219307,-7881.519378106508,-9336.185316669782,-7699.188708040201,-192.8839275495246,-182.3306700663073,-9668.190867314335,-8220.726506562984,-9474.901377050812,-8038.555031429842,-193.2894902635227,-182.17147513314114,-9575.905691692535,-9386.388157601967,-189.51753409056744,-13484.6636172675,-7916.076359840647,-13291.431565858515,-7724.597605917452,-193.23205140898648,-191.47875392319486,-13271.296961804204,-13049.896752391698,-221.40020941250597,,,,,,
8,1918,69,-15694.502148326763,-9425.3883588515,-15325.76414402253,-9129.444636075557,-368.73800430423296,-295.94372277594294,othervirus_2021,-12003.066526758243,-9550.582784768902,-11749.842143590804,-9319.596628111878,-253.22438316743876,-230.9861566570242,-11581.986967353283,-9637.571008312434,-11334.641871515832,-9396.85277453579,-247.34509583745,-240.71823377664506,-11271.319084128667,-9616.485767356025,-11021.700477331839,-9382.508222043945,-249.6186067968291,-233.97754531207985,-11847.114439681774,-11597.212279463514,-249.9021602182603,-9572.431823687917,-9337.388777443142,-235.04304624477555,-11788.554228449559,-9417.511384320043,-11539.169127519694,-9185.233112548534,-249.38510092986493,-232.27827177150988,-11383.59639333264,-9279.939056130968,-11140.179521568447,-9049.065312763822,-243.41687176419305,-230.87374336714763,-11543.499696796238,-9674.842568970615,-11297.95807943858,-9442.981947345104,-245.54161735765857,-231.8606216255106,-11450.421171634316,-11209.860567562082,-240.56060407223475,-16272.912472376873,-9396.999768316919,-16031.254960008453,-9157.469161036315,-241.6575123684198,-239.53060728060285,-16027.120886684877,-15751.845289378103,-275.2755973067748,,,,,,
9,2355,80,-19050.85089301868,-11137.458385820333,-18623.301118788644,-10795.350380084592,-427.54977423003606,-342.1080057357411,othervirus_2021,-14596.995665187176,-11434.585927286204,-14297.4800876411,-11158.580123060034,-299.515577546076,-276.0058042261697,-14077.533708915033,-11480.660977890526,-13783.663023229401,-11194.28925566775,-293.8706856856309,-286.37172222277536,-13689.194613615573,-11433.336697903836,-13393.757548122805,-11152.586785958707,-295.43706549276783,-280.7499119451301,-14399.117589741432,-14102.53702518714,-296.5805645542914,-11437.375611889423,-11155.686537964435,-281.68907392498807,-14361.395457105249,-11217.349860951379,-14065.323657670488,-10937.79571643467,-296.07179943476234,-279.5541445167088,-13830.993734566004,-11054.353050412647,-13540.685701850962,-10776.832620356628,-290.3080327150415,-277.5204300560172,-14020.883360600385,-11508.592087775374,-13728.979049249236,-11228.819080812898,-291.90431135114875,-279.773006962476,-13928.841603650068,-13641.54074416128,-287.30085948878764,-20063.403653654957,-11315.917547654608,-19774.194374095747,-11029.22224812722,-289.2092795592092,-286.6952995273869,-19753.700767224782,-19428.338124732538,-325.3626424922444,,,,,,
10,2706,94,-21839.515102289548,-12567.885667772714,-21348.763844529323,-12176.890997882743,-490.7512577602255,-390.9946698899715,othervirus_2021,-16742.10303436957,-13011.623050330127,-16393.25804838437,-12688.908182440653,-348.8449859851998,-322.7148678894735,-16133.94770092319,-13034.924212866601,-15790.856428121402,-12701.028438155014,-343.09127280178825,-333.89577471158657,-15678.089554998689,-12963.57478968987,-15333.092186414258,-12636.120171421277,-344.99736858443146,-327.45461826859344,-16516.38846513638,-16170.24645796169,-346.1420071746894,-13006.13865558735,-12677.21351293635,-328.92514265099976,-16476.38898965206,-12732.72242706235,-16130.484837442245,-12405.300093950294,-345.9041522098156,-327.4223331120564,-15855.675705876327,-12553.35763720792,-15515.533629418811,-12229.016837930678,-340.14207645751543,-324.3407992772434,-16074.955033241542,-13071.834446326171,-15733.14536949292,-12744.569212461267,-341.80966374862066,-327.265233864905,-15982.561177683283,-15647.096146447537,-335.46503123574587,-23105.102408472747,-12910.437374593886,-22765.60696773805,-12576.416401236082,-339.49544073469633,-334.02097335780525,-22732.490852135732,-22353.299485713833,-379.1913664218996,,,,,,
11,3147,107,-25236.334591533727,-14156.63225682869,-24673.43961707296,-13715.857059070122,-562.8949744607685,-440.7751977585694,othervirus_2021,-19336.794329624925,-14822.513227310666,-18938.004947277106,-14449.407165262654,-398.78938234781873,-373.106062048013,-18623.113566164633,-14794.767880125375,-18228.539284394345,-14411.91156932749,-394.57428177028964,-382.85631079788345,-18069.24631521526,-14691.013327978057,-17672.906286780562,-14313.593624375728,-396.3400284346984,-377.41970360232915,-19074.078387217363,-18677.390316127887,-396.688071089477,-14797.74156291312,-14419.506801232164,-378.2347616809551,-19042.70937161241,-14446.220800462448,-18646.297777882177,-14069.014594879402,-396.4115937302325,-377.20620558304677,-18299.054316591835,-14244.451973100693,-17907.809843353247,-13870.667510820853,-391.24447323858783,-373.7844622798407,-18538.518119128057,-14825.53419596568,-18145.959535053546,-14449.262557366194,-392.5585840745123,-376.2716385994855,-18464.73153499857,-18078.898365326797,-385.83316967177336,-26895.07943251986,-14777.784174001234,-26503.077712718736,-14393.969921666954,-392.001719801124,-383.8142523342798,-26464.9018405702,-26029.7372904042,-435.164550166001,,,,,,
12,3550,116,-28300.25803040867,-15702.48649997948,-27697.429548350767,-15233.781027304913,-602.828482057902,-468.7054726745673,othervirus_2021,-21718.410768876663,-16554.223358227224,-21286.803458491035,-16152.648166607283,-431.6073103856282,-401.5751916199416,-20916.20528970221,-16494.340137272575,-20490.00238356211,-16083.526598015147,-426.20290614010196,-410.81353925742724,-20287.6463737067,-16364.81066899081,-19860.141760876628,-15961.055476242971,-427.50461283007166,-403.75519274783915,-21424.28624419803,-20995.26427624907,-429.02196794896145,-16521.97007826844,-16114.663817972458,-407.30626029598324,-21401.009577109024,-16105.020697056727,-20973.163517009667,-15700.850397654503,-427.8460600993576,-404.17029940222386,-20547.23078375645,-15883.072024077619,-20123.201221483316,-15481.326204426106,-424.0295622731366,-401.74581965151225,-20808.776242660417,-16519.440874162145,-20385.522326433835,-16116.526543813634,-423.25391622658293,-402.91433034851207,-20737.15851535296,-20321.91047285623,-415.24804249672763,-30357.012525864102,-16534.86791395781,-29933.030953887726,-16122.401068929183,-423.98157197637585,-412.46684502862615,-29870.9700795147,-29397.142660435646,-473.8274190790557,,,,,,
13,3907,130,-31207.649501627206,-17144.942403578614,-30532.8286884407,-16622.684284417795,-674.8208131865053,-522.2581191608205,othervirus_2021,-23913.96873582202,-18170.731526672404,-23428.46559584776,-17716.797649478554,-485.5031399742631,-453.9338771938475,-23020.561737227814,-18086.061238452916,-22543.61182271883,-17624.8773454012,-476.9499145089835,-461.18389305171644,-22322.17407576961,-17934.25429028811,-21845.478291195814,-17481.393353823732,-476.69578457379436,-452.86093646437945,-23589.520859850843,-23108.41204520731,-481.1088146435321,-18125.70555273088,-17667.12686092593,-458.578691804949,-23571.359747742925,-17650.79647000188,-23092.063006885048,-17199.553180260773,-479.29674085787804,-451.2432897411062,-22621.491631470657,-17407.709680002943,-22145.842198690432,-16957.912602052347,-475.64943278022406,-449.7970779505946,-22910.69166717727,-18114.980855127942,-22435.845137915625,-17663.38541067593,-474.8465292616467,-451.59544445201163,-22840.392162549004,-22373.635370675496,-466.7567918735079,-33457.03392676218,-18167.05103736354,-32979.36333541794,-17704.788011793116,-477.6705913442443,-462.2630255704227,-32908.73743049785,-32380.048494517,-528.6889359808538,,,,,,
14,4219,135,-33776.67161184812,-18432.28262099227,-33073.9771015452,-17888.541937763846,-702.6945103029238,-543.7406832284266,othervirus_2021,-25847.236483480916,-19622.535938063305,-25336.12656806895,-19147.598882064824,-511.1099154119655,-474.9370559984812,-24876.93638711187,-19532.21040081472,-24376.450589504413,-19047.630591674155,-500.485797607456,-484.5798091405673,-24125.70059202466,-19361.325407750122,-23624.73693816632,-18889.338135077236,-500.9636538583389,-471.9872726728862,-25492.667310884677,-24986.734222811327,-505.93308807334955,-19573.10770133189,-19092.47526681952,-480.6324345123689,-25474.135192163827,-19054.633850470567,-24969.093303096302,-18582.19603792973,-505.0418890675228,-472.43781254083484,-24446.74461196741,-18787.302786782395,-23946.89613477143,-18316.75703720444,-499.84847719597974,-470.54574957795467,-24765.792293587558,-19564.03449362849,-24266.3959553929,-19088.932160735927,-499.3963381946552,-475.1023328925603,-24675.85484713619,-24186.273268591172,-489.5815785450189,-36132.19714988637,-19601.936657347593,-35635.29570408841,-19119.22026116378,-496.90144579796817,-482.7163961838119,-35518.82464187834,-34967.663037596205,-551.1616042821311,,,,,,
15,4528,141,-36334.82532545233,-19740.75936189454,-35605.33731232192,-19177.228072861963,-729.488013130408,-563.5312890325755,othervirus_2021,-27769.86438574694,-21090.813936716928,-27237.33731756861,-20595.47974246532,-532.5270681783287,-495.334194251608,-26730.420308651694,-20999.428178975693,-26207.780516954757,-20494.254650677743,-522.6397916969374,-505.17352829794885,-25933.38077597702,-20815.660288735908,-25411.034601977317,-20323.970621534867,-522.3461739997023,-491.68966720104027,-27386.751284544054,-26859.142770262686,-527.6085142813689,-21038.94632159762,-20538.560359415023,-500.3859621825982,-27370.041272396862,-20481.292617383908,-26843.87972831405,-19988.717107603057,-526.1615440828128,-492.5755097808516,-26266.453133843836,-20187.37740185773,-25745.743189625035,-19696.698548965833,-520.7099442188022,-490.6788528918972,-26616.80560857796,-21032.391126187846,-26097.0544226318,-20536.44091740673,-519.7511859461601,-495.95020878111785,-26498.616037915475,-25987.657039443977,-510.95899847149906,-38796.204482342204,-21042.901575780692,-38279.1766716405,-20539.285626238147,-517.0278107016984,-503.615949542545,-38122.900891351426,-37547.329984828946,-575.5709065224817,,,,,,
16,4805,151,-38607.548654172264,-20943.536233996863,-37838.150410704824,-20353.908344729785,-769.3982434674426,-589.627889267079,othervirus_2021,-29498.67597846428,-22413.324961122882,-28937.334082785197,-21892.10568141249,-561.3418956790848,-521.2192797103942,-28394.878934804492,-22315.0125325174,-27841.132718879195,-21784.2100510358,-553.7462159252968,-530.8024814816011,-27544.760576076013,-22119.177251357967,-26993.18213563598,-21602.017082939663,-551.578440440034,-517.1601684183044,-29090.07659981364,-28532.42987199022,-557.6467278234202,-22356.97580684498,-21830.336734095214,-526.639072749766,-29075.49056802614,-21761.86979020184,-28521.25730983542,-21244.953285991076,-554.2332581907216,-516.9165042107616,-27901.72412848638,-21452.84422987167,-27352.457679630083,-20936.304337401063,-549.2664488562988,-516.5398924706054,-28274.976141580635,-22350.870523088623,-27726.818623213534,-21829.166796256406,-548.1575183670996,-521.7037268322163,-28148.222573852956,-27607.781620313635,-540.4409535393212,-41169.53511420465,-22354.409520950205,-40621.063759831144,-21821.280906035325,-548.4713543735081,-533.1286149148788,-40454.13850449739,-39842.36518962478,-611.7733148726022,,,,,,
17,5155,162,-41602.58366381222,-22430.9349520483,-40777.96364761116,-21798.24281633058,-824.620016201059,-632.6921357177213,othervirus_2021,-31728.51435225243,-24112.55610776973,-31122.833858632905,-23549.60722041539,-605.6804936195276,-562.94888735434,-30545.229710748597,-24013.643130187862,-29949.022353398374,-23440.182013488775,-596.2073573502237,-573.461116699089,-29641.399519064747,-23802.61524744932,-29046.85914822216,-23242.493130472798,-594.5403708425879,-560.1221169765237,-31289.39713326394,-30687.89149728718,-601.5056359767609,-24060.20151458572,-23490.054821661917,-570.146692923802,-31271.26489886048,-23411.569581577023,-30672.76914730725,-22852.485000831297,-598.4957515532323,-559.0845807457257,-30014.927401611676,-23071.815481709218,-29421.876422293506,-22512.764497686177,-593.050979318169,-559.0509840230409,-30426.34464874074,-24053.650914465266,-29835.371202947717,-23490.95600539364,-590.9734457930199,-562.6949090716275,-30258.718026422826,-29675.81624489314,-582.9017815296852,-44231.529807552215,-24008.516283614998,-43637.37321988412,-23432.985899838015,-594.1565876680985,-575.5303837769814,-43425.64105242269,-42767.134577720026,-658.5064747026655,,,,,,
18,5446,169,-43931.11863452441,-23849.94060654575,-43072.06673822796,-23183.447462265274,-859.0518962964542,-666.4931442804774,othervirus_2021,-33541.26862467804,-25607.39568301734,-32899.65689675986,-25010.970244309767,-641.6117279181879,-596.4254387075761,-32304.666929122137,-25530.916427107735,-31676.16747938362,-24924.798677647625,-628.4994497385161,-606.1177494601108,-31371.930660681777,-25330.169050617664,-30743.694293346307,-24735.691688792544,-628.2363673354691,-594.4773618251203,-33081.29532354181,-32445.586668007538,-635.7086555342696,-25565.717230711878,-24962.53393915962,-603.1832915522559,-33066.51516426604,-24903.53355973243,-32432.809622607794,-24312.18282594865,-633.7055416582499,-591.3507337837789,-31747.12455210398,-24537.231028443464,-31119.71314703203,-23945.123416738155,-627.4114050719486,-592.1076117053093,-32178.438826363326,-25578.99232034599,-31554.131525757024,-24981.115241208925,-624.3073006063034,-597.8770791370656,-31987.08374702899,-31370.254843459705,-616.8289035692856,-46699.45134834975,-25465.828166967203,-46071.417216519316,-24854.31686315596,-628.0341318304332,-611.5113038112432,-45852.15608407265,-45160.2023998093,-691.9536842633551,,,,,,
19,5800,186,-47108.273061090935,-25665.329006621327,-46165.26309462361,-24942.62149031763,-943.0099664673247,-722.7075163036967,othervirus_2021,-35917.21931343556,-27557.330436997294,-35221.84723564286,-26904.701114568565,-695.372077792702,-652.6293224287276,-34598.83229649728,-27513.594474922185,-33912.68352388382,-26851.236223060605,-686.1487726134623,-662.3582518615789,-33611.77102721915,-27310.774832642743,-32929.13365675809,-26663.292965875087,-682.637370461061,-647.4818667676559,-35428.60254671733,-34738.28343584763,-690.3191108696981,-27525.49256636469,-26869.40484578028,-656.087720584412,-35389.08219875398,-26836.826848406068,-34702.96941942836,-26191.42806152532,-686.1127793256225,-645.3987868807491,-34006.52284117491,-26444.028935474624,-33325.62020927614,-25797.20110691704,-680.9026318987775,-646.8278285575851,-34490.927154266035,-27591.645343105258,-33811.72211011745,-26939.917521746956,-679.2050441485844,-651.7278213583014,-34250.6392258896,-33579.22801687925,-671.4112090103534,-49774.13058182314,-27329.997033550342,-49086.23432000729,-26663.716289703287,-687.8962618158553,-666.2807438470543,-48841.27358930751,-48086.086526362225,-755.1870629452845,,,,,,
20,6068,194,-49363.236155631945,-26949.095073403612,-48376.598642729434,-26194.859403203463,-986.6375129025135,-754.2356702001472,othervirus_2021,-37652.08117582082,-28945.980489552672,-36925.8876898459,-28263.256542072333,-726.1934859749202,-682.72394748034,-36269.510248052175,-28906.518625137494,-35552.7691371796,-28213.06376795048,-716.7411108725682,-693.4548571870143,-35241.36921651654,-28699.703962688665,-34528.25003959261,-28021.574476598795,-713.1191769239335,-678.1294860898722,-37136.47207131884,-36415.597467567466,-720.8746037513757,-28914.153922723937,-28227.633044261398,-686.5208784625379,-37089.750753774664,-28201.505845598313,-36372.72290868308,-27524.45724714641,-717.0278450915847,-677.0485984519041,-35647.04643952337,-27790.581031391215,-34935.98302686692,-27113.18930255981,-711.0634126564553,-677.3917288314036,-36163.02015359928,-28997.142886717123,-35452.316071798436,-28314.445524482966,-710.70408180085,-682.6973622341565,-35896.5141741355,-35194.1969776425,-702.3171964929905,-52092.75724819011,-28671.204189413707,-51373.08032302739,-27974.63130675502,-719.6769251627187,-696.5728826586868,-51099.92209957796,-50310.6499165796,-789.2721829983607,,,,,,
21,6406,209,-52421.5450416465,-28669.18329655831,-51364.37251456959,-27865.977556075122,-1057.1725270769127,-803.2057404831857,othervirus_2021,-39946.92222221977,-30822.895773337827,-39167.85218692148,-30092.772979612113,-779.0700352982906,-730.1227937257142,-38480.67723013603,-30809.75372745489,-37712.50665949796,-30066.348829327428,-768.1705706380769,-743.4048981274607,-37405.75126245632,-30598.278865924214,-36642.24565730414,-29872.565783418773,-763.5056051521765,-725.7130825054426,-39402.94243582861,-38629.58754592866,-773.3548898999541,-30804.15672381671,-30066.484992183447,-737.6717316332666,-39334.03411143369,-30056.91302875675,-38564.88312447455,-29330.751621065046,-769.1509869591378,-726.1614076917031,-37826.89997452233,-29618.652291663762,-37064.41997313474,-28891.823531374415,-762.4800013875853,-726.8287602893452,-38395.57054468927,-30927.916401295388,-37631.955063450805,-30195.49055286133,-763.6154812384665,-732.4258484340563,-38072.37595708785,-37319.05110051606,-753.3248565717869,-55063.466678437435,-30456.974267144135,-54295.70031665075,-29710.55537873667,-767.7663617866843,-746.4188884074653,-53969.1377812171,-53124.6201669015,-844.5176143156021,,,,,,
22,6751,226,-55345.32138984588,-30242.04393273669,-54218.20311299364,-29381.94223638297,-1127.118276852241,-860.1016963537234,othervirus_2021,-42160.48232710591,-32568.0961895491,-41319.384117959526,-31779.657743095406,-841.0982091463824,-788.4384464536928,-40613.053050442846,-32555.43327242131,-39787.8085171005,-31756.076084749187,-825.2445333423447,-799.3571876721224,-39487.11522954569,-32339.781394663354,-38665.07578795294,-31555.678450122556,-822.0394415927523,-784.1029445407976,-41583.34030715282,-40749.986590612534,-833.353716540288,-32552.902132229676,-31756.504076547877,-796.3980556817993,-41501.93702383466,-31763.577234270906,-40671.95465729365,-30981.883507707076,-829.9823665410081,-781.6937265638311,-39922.16760094682,-31298.363489063242,-39098.990676868816,-30515.307158363983,-823.1769240780047,-783.0563306992606,-40529.81121429727,-32692.433908159688,-39706.950982973714,-31901.37508734803,-822.8602313235543,-791.0588208116562,-40172.40259057176,-39359.06839120448,-813.3341993672768,-58039.65346108248,-32150.349907978616,-57213.13361134733,-31343.634704666652,-826.5198497351495,-806.7152033119647,-56859.06993508725,-55951.13521629339,-907.9347187938615,,,,,,
23,7126,241,-58702.63625630666,-32005.71057653394,-57510.170877311066,-31094.722616902473,-1192.465378995594,-910.9879596314689,othervirus_2021,-44680.493739067766,-34543.74948132315,-43782.85636546007,-33701.68204558727,-897.6373736076899,-842.0674357358783,-43033.60936063939,-34540.52375551874,-42152.11994654857,-33688.22127943295,-881.4894140908218,-852.3024760857863,-41848.076968093395,-34318.60123269262,-40970.002904222325,-33480.651642336896,-878.0740638710728,-837.9495903557219,-44075.8932025613,-43186.31798598486,-889.5752165764394,-34541.19826664188,-33690.91999577475,-850.2782708671323,-43969.624818532364,-33702.283834840615,-43083.287989975215,-32866.92191388228,-886.3368285571506,-835.3619209583343,-42313.50368105863,-33211.28201529422,-41433.55527937513,-32373.895676177824,-879.9484016835078,-837.3863391164,-42974.33204309976,-34725.57923262972,-42096.92923728327,-33878.5672939408,-877.4028058164945,-847.0119386889172,-42568.29775096233,-41700.76913144712,-867.5286195152067,-61353.69863272365,-34053.96206885042,-60472.5817408439,-33191.881649853545,-881.1168918797457,-862.0804189968744,-60052.52847867216,-59085.77848967175,-966.7499890004117,,,,,,
24,7472,252,-61740.993240432304,-33701.845991639355,-60506.74309842344,-32752.26633824511,-1234.2501420088677,-949.5796533942439,othervirus_2021,-46970.15364244394,-36401.31115507837,-46034.830264682554,-35524.00075076027,-935.323377761385,-877.3104043181029,-45248.89896517968,-36419.135999857,-44332.32698688017,-35531.292598556836,-916.571978299509,-887.8434013001637,-44018.06891450599,-36196.16865027822,-43104.95116348643,-35323.01355361386,-913.1177510195536,-873.1550966643529,-46325.477913484596,-45398.88190857454,-926.5960049100547,-36398.75718114598,-35513.789238364625,-884.9679427813517,-46218.699707012056,-35529.72953342961,-45295.00929608037,-34658.691876268815,-923.6904109316913,-871.0376571607924,-44485.076453577436,-35002.63398050015,-43568.896692286,-34130.483286727074,-916.1797612914386,-872.1506937730765,-45187.89231653114,-36604.96840253815,-44275.12946313842,-35721.93053547662,-912.7628533927193,-883.037867061529,-44732.162648833626,-43827.52067475255,-904.641974081077,-64426.32939358594,-35829.9504148615,-63503.09281425398,-34931.81344435621,-923.2365793319586,-898.1369705052908,-63044.61329358402,-62034.81969615569,-1009.7935974283349,,,,,,
25,7827,263,-64952.69432708815,-35435.33719176289,-63657.68658712138,-34447.34333972819,-1295.007739966769,-987.9938520346981,othervirus_2021,-49354.935402913005,-38319.99532329278,-48377.49030540552,-37405.139584437486,-977.4450975074886,-914.855738855294,-47544.47204163751,-38360.458924452745,-46587.792731376816,-37433.24705199319,-956.6793102606993,-927.2118724595534,-46253.413511834995,-38131.38955648574,-45300.907976608745,-37222.500142568744,-952.505535226251,-908.8894139169942,-48677.73701862403,-47710.023247178135,-967.713771445894,-38328.95017774255,-37403.93139631292,-925.0187814296279,-48543.735505392426,-37420.373280821994,-47578.81384073779,-36512.27366310688,-964.9216646546317,-908.099617715116,-46743.21745311629,-36865.2496230854,-45787.151391483196,-35956.138265259775,-956.0660616330938,-909.1113578256245,-47503.20811808352,-38577.00324672351,-46548.20517424756,-37656.98057619947,-955.0029438359644,-920.0226705240342,-46995.36429212672,-46050.58702532872,-944.7772667979967,-67499.14005650708,-37658.15358107477,-66537.93215451798,-36722.94151727842,-961.2079019890931,-935.2120637963448,-66016.85914671324,-64964.37543963135,-1052.483707081884,,,,,,
0,24,5,-241.94725791076144,-242.62861526273753,-217.8555916401138,-225.99308292929885,-24.091666270647632,-16.635532333438686,flu_2021,-177.4921248551477,-200.49486006187598,-163.18980202164525,-187.87835363173937,-14.302322833502448,-12.616506430136607,-174.8885317285804,-217.4855046898523,-160.99480464574515,-204.95219510886872,-13.893727082835243,-12.53330958098357,-175.17745938215614,-226.65798233217512,-161.61698846882922,-214.6218821021819,-13.560470913326936,-12.036100229993215,-173.47765104445227,-159.36945027154036,-14.108200772911918,-204.85019383344962,-192.39156845331095,-12.458625380138674,-174.60585648530298,-215.68314640074877,-160.48103845293133,-203.99224024240235,-14.124818032371635,-11.690906158346412,-174.06096530241481,-210.4250820668923,-160.50015993088715,-198.22659687389609,-13.560805371527664,-12.198485192996216,-174.5754667186102,-220.19591773547717,-161.36297331758396,-208.41979728316926,-13.212493401026212,-11.776120452307904,-170.7740952385891,-157.32420374230378,-13.44989149628531,-163.30937469114343,-185.91509798288982,-151.0116771282622,-172.10365964790765,-12.297697562881254,-13.811438334982162,-164.05949228684023,-151.51029830612566,-12.549193980714566,-225.40726387602362,-211.79608337586632,-13.61118050015731,,,
1,47,11,-501.4126146228193,-403.99104777569045,-448.74633211363357,-374.09730053354383,-52.66628250918578,-29.893747242146596,flu_2021,-352.96194281535503,-391.800250343189,-325.5158474722978,-366.536961870629,-27.446095343057213,-25.263288472560035,-344.4052369877225,-428.2674598319805,-318.02858665958587,-401.2121952630486,-26.37665032813666,-27.055264568931868,-345.7331926535823,-439.20173476019323,-319.92349207806103,-415.5865949438815,-25.80970057552126,-23.615139816311718,-346.96372518520934,-320.6628356365445,-26.300889548664806,-402.1530659947921,-376.32556471628607,-25.82750127850599,-342.73496210390147,-419.2156600121038,-316.43746219947616,-395.5857864989182,-26.297499904425308,-23.629873513185608,-344.82997800286506,-408.10246949290644,-319.3693324806387,-384.33776015919995,-25.46064552222633,-23.764709333706467,-349.5198564250838,-431.3486796090871,-322.6344301872052,-407.53307868209754,-26.885426237878587,-23.815600926989603,-333.89866520999016,-308.6710355249151,-25.22762968507505,-318.0878894651258,-356.04697266847546,-294.58328821944906,-330.5498694287258,-23.504601245676746,-25.49710323974967,-318.7411999645369,-294.81608711350356,-23.925112851033376,-427.26430806602735,-400.28812833545174,-26.97617973057559,,,
2,75,17,-814.1307360171368,-612.8045990337541,-736.0686973538989,-568.3993573394653,-78.06203866323794,-44.40524169428891,flu_2021,-578.4087060118795,-647.3736380728719,-534.331547302393,-606.9478947537539,-44.07715870948656,-40.42574331911802,-566.0306569423648,-708.9019517718019,-523.6947013534332,-666.0853375292218,-42.335955588931604,-42.81661424258017,-567.5229310765619,-726.0103803944196,-525.2283841162207,-687.7024598676314,-42.29454696034122,-38.30792052678815,-567.3830157434475,-524.6703129364574,-42.712702806990066,-663.3107300235982,-622.1897691227592,-41.12096090083899,-568.2405312479817,-692.8766602837595,-524.4339139425222,-653.5284321722452,-43.80661730545959,-39.3482281115143,-567.3687535206091,-674.5246672513736,-525.734222667712,-636.2530121149026,-41.63453085289717,-38.27165513647099,-575.0386044661853,-711.2959575073326,-530.5580797644848,-671.91557841947,-44.48052470170059,-39.38037908786259,-552.8299488810493,-511.49314425727624,-41.33680462377302,-519.3193285857684,-588.106743358614,-480.7944666401113,-548.0050712947623,-38.52486194565706,-40.10167206385175,-519.853029914384,-481.2552453803619,-38.59778453402217,-708.0314528966239,-664.4580995958411,-43.5733533007828,,,
3,93,20,-1016.1393016336317,-741.5665270560966,-926.141997297154,-688.4612855148114,-89.99730433647763,-53.10524154128521,flu_2021,-725.205988098486,-802.4598105556638,-670.7595253526728,-750.494160885427,-54.446462745813285,-51.96564967023678,-707.7692860967899,-878.0267504420742,-656.0060769121457,-823.4849792787907,-51.7632091846442,-54.54177116328351,-708.3143559372224,-898.2633422032882,-655.6240273032921,-848.9185177888414,-52.690328633930285,-49.344824414446805,-712.6127217397202,-660.4496866141278,-52.163035125592415,-823.0194410315316,-771.137068787604,-51.88237224392766,-711.3443474834419,-857.8147972808727,-656.9672339491999,-807.4927802448285,-54.377113534242014,-50.3220170360442,-711.4516338861956,-837.0727688434974,-659.9938970062605,-788.3096008225659,-51.457736879935226,-48.76316802093148,-723.1088791269249,-886.4651724718209,-668.5781177213357,-835.8997635502276,-54.530761405589175,-50.5654089215933,-695.7254675333685,-645.0180070445197,-50.70746048884885,-652.0358552595239,-728.7154360828,-603.7397026922158,-678.7827631989131,-48.296152567308084,-49.93267288388688,-652.0037356919514,-603.374153426747,-48.62958226520448,-874.0816993969627,-819.3340964878512,-54.74760290911145,,,
4,109,20,-1144.564329298752,-835.8963980462134,-1050.3862908253598,-778.5571838389227,-94.17803847339225,-57.33921420729074,flu_2021,-825.2466343535489,-915.4408056192826,-766.9429111569157,-859.2083625476662,-58.30372319663323,-56.23244307161647,-806.1973198535828,-1003.5278722431923,-750.1736986816717,-944.63097149031,-56.023621171911095,-58.89690075288229,-809.4290030921113,-1025.300706479891,-752.2224575591202,-972.3762483830478,-57.20654553299104,-52.924458096843274,-812.0344653181654,-756.1678958609007,-55.8665694572647,-940.543902072956,-885.1094616953474,-55.434440377608695,-812.918168054406,-980.8964601499642,-754.8537746662797,-926.9815499417795,-58.064393388126334,-53.914910208184835,-811.8247254767472,-958.2551857957857,-756.7223726168595,-905.7057829411582,-55.1023528598877,-52.549402854627516,-823.9784747105932,-1012.9081261484087,-765.5841489291768,-958.3841294267681,-58.394325781416455,-54.52399672164051,-792.5848798240389,-738.5870080916478,-53.99787173239114,-747.1828640142265,-833.0572633548427,-696.0152641536384,-780.0013815808192,-51.167599860588105,-53.05588177402356,-746.5206409205015,-694.7726352022239,-51.748005718277575,-1001.1856355520017,-943.491860230678,-57.69377532132374,,,
5,127,23,-1347.5999758830737,-956.4814376978941,-1246.004425853902,-891.7894532935654,-101.5955500291719,-64.69198440432862,flu_2021,-970.4611582259344,-1071.996190403638,-903.268421279616,-1008.756412080673,-67.1927369463184,-63.23977832296484,-943.8203299001594,-1176.926925277585,-880.3814059018949,-1109.8478004859826,-63.438923998264535,-67.07912479160255,-946.2566625558127,-1200.189738042774,-880.8690572706082,-1139.9014536075172,-65.38760528520449,-60.288284435256905,-953.7848383578794,-889.9285360333008,-63.8563023245786,-1100.5261588252235,-1037.8447510440117,-62.68140778121194,-948.8802366285054,-1147.0035320272277,-882.6709950900312,-1085.937426777131,-66.20924153847417,-61.066105250096726,-950.2348338129984,-1121.1506845246797,-887.4923254968912,-1061.208528464911,-62.74250831610722,-59.942156059768756,-963.279171008332,-1186.2903155287745,-897.6509348656155,-1123.9589007710108,-65.6282361427166,-62.33141475776376,-925.6581538126638,-864.34079943379,-61.317354378873766,-863.5530443227036,-972.8003956315886,-805.6691609854621,-911.5466874602178,-57.88388333724147,-61.25370817137077,-862.9873090858251,-804.1189280668266,-58.86838101899859,-1166.1545973638586,-1101.084438640351,-65.07015872350767,,,
6,141,29,-1547.1097508194707,-1065.705840582977,-1432.539559049153,-989.6291860812012,-114.57019177031762,-76.07665450177583,flu_2021,-1106.264013589512,-1211.58303621843,-1027.8526237348412,-1140.1946179609556,-78.41138985467076,-71.38841825747436,-1071.89047351695,-1329.6756953847273,-998.9722232517777,-1253.0036526653687,-72.91825026517212,-76.67204271935853,-1071.375759958757,-1353.62539855344,-995.6430304659922,-1283.7643213160015,-75.73272949276495,-69.86107723743848,-1087.6895510917677,-1012.9741238153574,-74.71542727641028,-1242.7840922311595,-1170.3188223972206,-72.46526983393883,-1073.4451625662575,-1291.7717701206518,-996.3101394279985,-1221.8327109096374,-77.13502313825907,-69.93905921101435,-1078.9630596782306,-1263.722110933017,-1005.4023010673251,-1194.6247247170313,-73.56075861090544,-69.09738621598568,-1095.0215402426866,-1340.0012871760596,-1019.0711720334889,-1267.7847047799876,-75.95036820919779,-72.21658239607197,-1049.681788774476,-978.980529392268,-70.70125938220812,-969.7930480459011,-1094.9414527107904,-902.4132386467961,-1023.3068924177118,-67.37980939910489,-71.63456029307858,-969.6136942244543,-901.1627779183127,-68.45091630614161,-1304.1603371696438,-1230.2295610666743,-73.93077610296952,,,
7,170,36,-1868.6768639851327,-1263.2127297815741,-1736.5683824762189,-1172.359326521939,-132.1084815089138,-90.853403259635,flu_2021,-1328.2185849377609,-1455.777958459952,-1237.8560248242368,-1372.952132925301,-90.36256011352405,-82.82582553465117,-1290.2915326858347,-1596.8058535238997,-1205.3159905150926,-1508.6827483203065,-84.97554217074207,-88.12310520359328,-1291.2017702807093,-1628.5934515139616,-1204.366462328258,-1546.7783010496353,-86.83530795245136,-81.81515046432617,-1305.1564700206463,-1219.0850893924335,-86.07138062821292,-1494.2008508691647,-1410.0049334817033,-84.19591738746142,-1291.388250094061,-1551.4319123074818,-1203.8266207388438,-1470.9684631910663,-87.56162935521733,-80.46344911641546,-1296.5512425520046,-1514.487265577766,-1211.8800776533355,-1434.6641897631143,-84.67116489866902,-79.8230758146517,-1315.0280608514834,-1607.1078798888766,-1228.1966934113534,-1524.4969780780273,-86.83136744012992,-82.61090181084937,-1258.727154736816,-1176.9205056286394,-81.80664910817664,-1173.6292880741996,-1313.0722257453526,-1095.2142922929688,-1230.5972091029355,-78.41499578123072,-82.47501664241724,-1174.2779393645628,-1094.3476373321512,-79.93030203241157,-1559.72311175074,-1474.7831304919423,-84.93998125879759,,,
8,193,41,-2105.179326552461,-1428.5964338395768,-1948.8979485766636,-1325.4613265932833,-156.28137797579737,-103.1351072462936,flu_2021,-1499.3055336051737,-1647.0833761235049,-1397.864878371138,-1551.9822628450554,-101.44065523403552,-95.10111327844942,-1458.827299121255,-1807.9445753243847,-1362.2626610017267,-1706.8629846629576,-96.56463811952834,-101.08159066142713,-1460.0266215949587,-1843.9395943497045,-1361.7583180127178,-1751.7873824256799,-98.26830358224088,-92.15221192402461,-1473.4551932132547,-1376.9727343431093,-96.48245887014528,-1690.2339038748419,-1594.7720889488298,-95.46181492601204,-1457.2482725689,-1756.9893597389516,-1359.0665135037798,-1665.5434317107495,-98.18175906512013,-91.44592802820209,-1463.8456745020753,-1715.3527325057255,-1368.8961265096762,-1624.859061425601,-94.94954799239927,-90.49367108012432,-1484.6728852144622,-1818.0626614824298,-1386.202328452957,-1725.293929662698,-98.47055676150508,-92.76873181973181,-1422.9093880515525,-1330.9414020022173,-91.96798604933511,-1343.9683268612418,-1488.1797257694584,-1255.224936694756,-1396.0361267437224,-88.74339016648578,-92.143599025736,-1346.5704365941374,-1256.5000518105253,-90.07038478361213,-1771.2433736116868,-1675.3369857722232,-95.90638783946359,,,
9,218,49,-2366.637105821827,-1587.3337930827072,-2183.811598531259,-1468.439844085993,-182.82550729056814,-118.89394899671431,flu_2021,-1686.1357435809218,-1852.6178579239202,-1566.7983694600762,-1739.7393611421176,-119.33737412084568,-112.87849678180251,-1639.3552411192338,-2033.8057993181935,-1525.8444981957389,-1914.4064948395119,-113.51074292349492,-119.39930447868161,-1642.700399394605,-2072.9420335676327,-1526.681838597995,-1964.182167541991,-116.01856079661002,-108.7598660256419,-1656.5765069231322,-1543.442696671099,-113.1338102520333,-1900.983160266218,-1789.172659339693,-111.81050092652498,-1640.4465271470287,-1976.3880147077873,-1524.6847705216946,-1868.6802287704165,-115.76175662533407,-107.70778593737086,-1646.1899452022285,-1929.7623871384126,-1534.9201262684137,-1822.9776820706838,-111.26981893381469,-106.78470506772864,-1668.5411020973447,-2044.936287921662,-1553.2465786613602,-1935.4894718953492,-115.2945234359846,-109.44681602631272,-1598.73469356404,-1490.488928188275,-108.24576537576503,-1506.2098157448024,-1674.107930924135,-1401.388054303549,-1565.5092630130407,-104.82176144125337,-108.59866791109424,-1506.995144200596,-1401.2029407604798,-105.79220344011631,-1992.268615644783,-1879.8866684399316,-112.38194720485149,,,
10,235,51,-2510.283007373281,-1689.0881289622819,-2315.917237980945,-1564.089915167073,-194.36576939233615,-124.99821379520884,flu_2021,-1789.0023487957933,-1974.0938701100756,-1664.082000414293,-1854.2666483537578,-124.92034838150033,-119.82722175631785,-1743.7843581535208,-2168.241614050404,-1623.768136187061,-2041.4530304682971,-120.01622196645988,-126.7885835821069,-1748.5599713120735,-2210.408232643533,-1626.334019563902,-2095.014597692848,-122.22595174817148,-115.39363495068532,-1758.2096620195562,-1639.6650809761272,-118.54458104342899,-2024.5351068302186,-1907.0332174180076,-117.50188941221111,-1743.5344659663283,-2107.1077014384637,-1622.5842899806855,-1993.2809059201672,-120.9501759856428,-113.82679551829624,-1748.0165768079087,-2055.9151663619973,-1631.8998396825875,-1942.8496867780998,-116.11673712532111,-113.06547958389743,-1769.8670209631289,-2174.825368452559,-1649.125494132139,-2059.1641474296002,-120.74152683098995,-115.66122102295856,-1697.570719018891,-1583.3634763905288,-114.20724262836202,-1613.4459072658349,-1787.0130790829796,-1502.7108981389006,-1671.6348488998378,-110.73500912693436,-115.37823018314182,-1616.314943170101,-1504.6253284259296,-111.68961474417145,-2125.8130710349305,-2006.812533381782,-119.00053765314833,,,
11,263,54,-2818.9075533872,-1871.0298144037995,-2610.539648457795,-1735.247395551206,-208.36790492940497,-135.7824188525935,flu_2021,-2005.8610178640586,-2211.8508777067395,-1868.3817228728537,-2081.2596829970325,-137.47929499120477,-130.591194709707,-1954.0581459476018,-2431.9611216869375,-1822.2506307620915,-2294.6127835009893,-131.80751518551023,-137.3483381859481,-1962.1776560000715,-2478.3556587609364,-1827.9906642140625,-2352.348821394536,-134.18699178600892,-126.00683736640043,-1974.065538131977,-1842.9066082239729,-131.15892990800418,-2271.803820276089,-2142.87797354219,-128.9258467338993,-1959.8735658261544,-2363.341044729852,-1825.7659938325503,-2238.426582608107,-134.10757199360418,-124.91446212174506,-1963.726099338202,-2305.753776134341,-1834.9341387144027,-2181.7595283584506,-128.79196062379933,-123.99424777589056,-1988.7841634073325,-2441.5136316882367,-1855.4842826250435,-2314.310526546936,-133.29988078228902,-127.2031051413005,-1903.5803473514402,-1777.2004258489837,-126.37992150245648,-1801.5576759925484,-2000.6979161001975,-1679.372815131103,-1873.7745737593855,-122.18486086144537,-126.92334234081207,-1803.165863849327,-1680.1872912682088,-122.97857258111817,-2377.595325250465,-2246.967688887091,-130.62763636337408,,,
12,285,56,-3045.5575009050613,-2010.014890687425,-2819.358203677902,-1867.3646641229993,-226.19929722715898,-142.6502265644255,flu_2021,-2160.649165954665,-2382.834785239363,-2015.9110991805906,-2244.402489035084,-144.73806677407453,-138.43229620427923,-2106.736100960575,-2623.8017349513616,-1967.2185480992714,-2477.5767357636955,-139.51755286130376,-146.22499918766619,-2118.6049641752597,-2670.789782651505,-1976.76484257698,-2537.558284436958,-141.84012159827958,-133.23149821454732,-2127.6601251358443,-1989.7236492453565,-137.9364758904876,-2449.342266680669,-2313.1301999053812,-136.21206677528795,-2115.888168892806,-2546.9203260931863,-1975.2170851792112,-2415.4872294341462,-140.67108371359478,-131.43309665904,-2118.424444638884,-2484.6950238433965,-1983.0919498785136,-2353.9832574080087,-135.33249476037042,-130.71176643538797,-2146.336075510466,-2630.979341184854,-2005.8640300238067,-2497.683673116525,-140.4720454866592,-133.29566806832935,-2052.6306239976834,-1920.0062857852308,-132.62433821245264,-1950.5557973919967,-2155.5062383976865,-1822.2416046090666,-2022.5165030870824,-128.31419278293023,-132.989735310604,-1951.4442295829356,-1822.4796819448297,-128.96454763810576,-2558.709241059904,-2422.0768729238775,-136.63236813602637,,,
13,308,58,-3263.3866643550964,-2158.7735582324094,-3020.856245552112,-2008.704329734745,-242.53041880298449,-150.0692284976645,flu_2021,-2321.4567328006556,-2550.6562133877665,-2167.0910994702485,-2403.0723451822782,-154.36563333040712,-147.58386820548802,-2261.930979111803,-2806.6994109842226,-2114.045072886547,-2650.4290557857485,-147.8859062252557,-156.270355198474,-2274.0043731180126,-2855.323842701224,-2123.0958592404922,-2714.342679222585,-150.9085138775205,-140.98116347863856,-2285.8481379999907,-2139.130390377756,-146.71774762223444,-2620.783163672623,-2476.1367865547145,-144.6463771179082,-2271.97577442275,-2723.7972484928987,-2121.8539071324367,-2584.7236226771925,-150.1218672903133,-139.07362581570624,-2273.3156696573856,-2657.866135836854,-2129.9036771004676,-2519.5314142846005,-143.4119925569182,-138.33472155225357,-2303.644577336227,-2814.453886237761,-2153.6172280038368,-2671.995749410418,-150.0273493323904,-142.45813682734303,-2204.5297847072698,-2063.2997371564493,-141.23004755082044,-2112.3715834781488,-2310.067927991283,-1977.3989801589112,-2169.118794156314,-134.97260331923755,-140.9491338349688,-2115.045743427728,-1979.6137071749606,-135.43203625276777,-2739.7042304726297,-2594.0352805563975,-145.66894991623198,,,
14,332,59,-3431.9964501873646,-2302.280336033374,-3186.349456659845,-2145.8079150989197,-245.64699352751964,-156.47242093445442,flu_2021,-2459.205434783476,-2677.280034363063,-2299.541093686158,-2525.3604414908013,-159.66434109731773,-151.91959287226175,-2396.1813981262453,-2938.441787803202,-2243.022804087385,-2778.347912838287,-153.15859403886043,-160.0938749649149,-2407.3749279802314,-2988.4603611428515,-2252.018596757117,-2843.1812232138755,-155.3563312231147,-145.27913792897587,-2422.2723247862577,-2269.9372942008686,-152.33503058538912,-2749.5121049445556,-2600.151759107738,-149.36034583681732,-2410.2118437123268,-2855.0941749203157,-2254.944758170538,-2711.2625833585284,-155.26708554178882,-143.8315915617872,-2407.231781445068,-2787.5846043159722,-2258.1192582460985,-2643.611132313048,-149.11252319896926,-143.97347200292418,-2437.510813733427,-2945.8985446883225,-2282.692854693434,-2798.939106988164,-154.8179590399929,-146.95943770015873,-2337.615474540603,-2190.8948184863866,-146.72065605421642,-2288.27933182489,-2434.378093432968,-2147.027774895996,-2288.0252357506342,-141.25155692889396,-146.35285768233354,-2293.7621180746246,-2152.457504054636,-141.30461401998852,-2871.5598348264402,-2720.283788366946,-151.27604645949458,,,
15,346,62,-3608.2774830098087,-2404.3735846054687,-3351.0673698018054,-2242.465485308716,-257.2101132080032,-161.9080992967531,flu_2021,-2576.5876909900526,-2799.890244312133,-2411.777761649454,-2643.7158578359313,-164.80992934059864,-156.17438647620165,-2511.835021823079,-3072.726039253708,-2352.3518994188184,-2906.296805765736,-159.48312240426057,-166.4292334879726,-2521.6597489477363,-3122.196546279148,-2360.5648249851415,-2973.0143088932255,-161.09492396259475,-149.18223738592286,-2537.6600169257545,-2379.5433598688255,-158.11665705692891,-2873.8588994510174,-2718.912051817102,-154.94684763391513,-2522.85005810709,-2982.572526524044,-2362.079672815801,-2833.659964237272,-160.77038529128876,-148.91256228677182,-2520.478836161283,-2910.78402099794,-2365.5090319155997,-2762.1793783563994,-154.96980424568338,-148.6046426415407,-2553.7002834158184,-3076.444495543805,-2392.2267829111775,-2924.117927282689,-161.473500504641,-152.32656826111585,-2444.429245582227,-2293.237781667652,-151.19146391457468,-2398.9194361978316,-2540.6014812854537,-2254.629507068929,-2390.350498352092,-144.2899291289027,-150.25098293336188,-2407.876779562905,-2263.41070275823,-144.46607680467505,-2992.8408803747147,-2836.855092834381,-155.98578754033352,,,
16,364,65,-3793.0404024376758,-2519.944705669722,-3525.143598222314,-2351.450329152161,-267.8968042153622,-168.49437651756128,flu_2021,-2707.7435183569883,-2940.4885552075502,-2536.906477805897,-2777.5298829830203,-170.83704055109138,-162.9586722245297,-2641.330802182992,-3224.753948728017,-2474.6054870154635,-3052.2389288957997,-166.72531516752866,-172.51501983221704,-2653.4205143053086,-3278.147459152406,-2485.548583885666,-3122.2994941878524,-167.8719304196423,-155.8479649645538,-2668.8544462650484,-2504.5097604996145,-164.34468576543384,-3018.801760608542,-2857.666346559573,-161.13541404896887,-2654.0887753510265,-3132.5767357665136,-2487.3794764862887,-2977.304061668386,-166.70929886473778,-155.27267409812768,-2651.1290456195416,-3057.0826986231787,-2489.9241892128907,-2902.1817372721434,-161.20485640665092,-154.90096135103522,-2688.0838711098477,-3231.299372485932,-2520.321948612508,-3073.123179877366,-167.76192249733978,-158.17619260856588,-2570.449394693883,-2412.8943632342566,-157.55503145962624,-2525.6849623219996,-2666.1018856805704,-2375.3627092161146,-2509.5800496782003,-150.3222531058852,-156.52183600237004,-2534.5613350963745,-2384.0197034217013,-150.5416316746734,-3135.74258130267,-2974.3545763820525,-161.38800492061728,,,
17,385,67,-4003.9834026731533,-2662.4318551223514,-3724.352781391863,-2488.4763883745477,-279.6306212812899,-173.9554667478037,flu_2021,-2862.4172443047646,-3099.552313547948,-2685.924346534744,-2931.8361739423804,-176.4928977700206,-167.71613960556766,-2792.766030331149,-3399.186358667718,-2620.042822109993,-3219.8119223186563,-172.7232082211562,-179.37443634906194,-2805.382587506985,-3453.7153669148506,-2631.600774111208,-3293.106337422201,-173.78181339577705,-160.60902949264968,-2822.73370649948,-2652.779345021912,-169.95436147756783,-3182.640991884231,-3016.04528698163,-166.59570490260126,-2803.9735760030226,-3300.583103041569,-2631.7678756069904,-3140.1815553568676,-172.20570039603217,-160.4015476847011,-2800.942508083506,-3221.135167509276,-2634.5177982100795,-3061.013012662983,-166.42470987342642,-160.122154846293,-2839.6639026337643,-3403.4022685469117,-2666.221618769086,-3239.9800356524647,-173.44228386467807,-163.42223289444712,-2712.9911422386076,-2550.6399726533855,-162.35116958522224,-2691.654089754028,-2810.0438300787787,-2536.62973067721,-2647.8845796112687,-155.02435907681837,-162.15925046751016,-2704.7451339086183,-2549.6877612635117,-155.05737264510682,-3299.6350526078236,-3133.553380144593,-166.0816724632306,,,
18,399,68,-4158.638195808408,-2754.857503645504,-3869.7137750995644,-2576.269534243863,-288.9244207088437,-178.587969401641,flu_2021,-2967.6137716909825,-3217.4580538734795,-2786.106601328992,-3043.1470771621243,-181.50717036199046,-174.31097671135532,-2897.1422944537107,-3527.301983444537,-2719.4974375822526,-3341.713920705156,-177.64485687145822,-185.58806273938106,-2909.183588653923,-3583.271606249273,-2730.9197764166993,-3417.5684818731384,-178.26381223722382,-165.70312437613478,-2926.7272597505053,-2752.2496141360975,-174.47764561440755,-3302.4345330346428,-3130.6957962328906,-171.73873680175203,-2907.5227577560036,-3424.0107641551317,-2730.656947661128,-3258.535479374211,-176.86581009487557,-165.47528478092084,-2904.4997197081843,-3341.228670079503,-2733.690005051293,-3175.813174916214,-170.80971465689103,-165.41549516328885,-2944.881914056858,-3531.472830057714,-2766.6607052860404,-3361.8412287284423,-178.22120877081764,-169.63160132927177,-2813.122636967404,-2645.7179079484054,-167.40472901899878,-2789.56283916512,-2913.3769777299312,-2629.4106859099015,-2746.315967635833,-160.15215325521828,-167.06101009409792,-2803.3659467291673,-2643.461224469294,-159.90472225987318,-3421.202819185848,-3248.496171664742,-172.7066475211057,,,
19,414,69,-4340.315554117921,-2860.6544136248926,-4037.6955520501433,-2677.927090986987,-302.6200020677781,-182.72732263790562,flu_2021,-3093.352677330535,-3354.89833828761,-2906.4546605802243,-3174.936264690145,-186.8980167503107,-179.96207359746492,-3018.625331918166,-3677.4878620775353,-2836.291937858902,-3484.8541287859343,-182.33339405926372,-192.63373329160112,-3031.500086989732,-3735.3712142142763,-2847.8637800531747,-3564.5665379323355,-183.63630693655753,-170.80467628194086,-3050.4530403688827,-2871.348688195569,-179.10435217331354,-3443.241704316691,-3266.450097846133,-176.79160647055843,-3028.171267462976,-3569.4437256013625,-2846.173225383313,-3398.7933977725124,-181.99804207966343,-170.65032782885007,-3026.053146427637,-3483.2456702210948,-2850.9819494921235,-3313.1677231203716,-175.07119693551334,-170.0779471007232,-3068.989319497829,-3682.8654102965234,-2885.6764472916125,-3508.183974870709,-183.3128722062166,-174.68143542581458,-2928.931940918282,-2757.112110156295,-171.81983076198722,-2900.5067448118043,-3031.974357566081,-2736.3863901872055,-2860.720783836242,-164.1203546245989,-171.25357372983916,-2915.207614456435,-2751.315268517288,-163.8923459391466,-3562.752108503178,-3384.8151081819865,-177.9370003211915,,,
20,431,71,-4523.136188363195,-2968.920897355466,-4212.474714766428,-2780.6330542342703,-310.66147359676665,-188.2878431211957,flu_2021,-3223.035234338417,-3480.8412262297015,-3030.301335893275,-3294.6469679343727,-192.7338984451423,-186.19425829532864,-3141.9268090423557,-3813.4382060235616,-2953.773157754306,-3613.6108187949894,-188.1536512880498,-199.82738722857206,-3151.662168716668,-3870.013974924253,-2961.5677132715177,-3693.4528048559027,-190.0944554451501,-176.56117006835038,-3178.3646318380033,-2993.737822292456,-184.62680954554773,-3570.3569365833487,-3388.063673268698,-182.2932633146507,-3149.1015628813298,-3699.2028642610494,-2961.286240784194,-3522.3977113745245,-187.8153220971357,-176.8051528865247,-3148.753649168926,-3611.184712214629,-2968.385915078693,-3435.2683076681487,-180.3677340902331,-175.91640454648038,-3194.2605140328583,-3819.0412592794373,-3005.3933771429015,-3638.600017028143,-188.86713688995687,-180.44124225129406,-3048.9114256184184,-2871.935560117315,-176.97586550110321,-3020.485015201004,-3143.9579138710797,-2850.593044911439,-2967.2442693206312,-169.89197028956525,-176.71364455044832,-3035.2579082088087,-2865.713514176533,-169.54439403227593,-3688.2075671274165,-3504.3927407704205,-183.81482635699587,,,
21,441,72,-4657.25869933729,-3037.675508331286,-4341.582750618,-2847.240443012234,-315.67594871928986,-190.43506531905194,flu_2021,-3309.9834211174493,-3574.1303074976036,-3115.033598955166,-3384.9488094680783,-194.94982216228362,-189.1814980295253,-3226.981448819985,-3913.4955219317376,-3036.2458971193614,-3710.469776423424,-190.7355517006234,-203.02574550831366,-3236.315371622576,-3971.5531497769557,-3043.742292045778,-3792.7698195717235,-192.57307957679836,-178.7833302052324,-3263.6622693382988,-3076.8734976613378,-186.7887716769609,-3664.8039085310193,-3479.977940515322,-184.82596801569701,-3232.4867074225263,-3796.1067005956843,-3042.4253839956627,-3616.722209614525,-190.06132342686368,-179.38449098115896,-3232.796600604169,-3704.975401697052,-3050.3041700225194,-3526.7504713608478,-182.49243058164924,-178.22493033620418,-3281.251839363615,-3920.6152296292225,-3089.9155254022894,-3737.2350594875993,-191.3363139613256,-183.38017014162324,-3128.7980112460277,-2949.6881213021943,-179.1098899438334,-3092.622695622478,-3222.037765136576,-2920.9604969677102,-3043.4518523250917,-171.66219865476774,-178.58591281148415,-3107.91865240932,-2936.4147911892096,-171.5038612201106,-3779.0194056043347,-3592.1795980832344,-186.8398075211003,,,
22,452,75,-4777.348768641894,-3112.519286475771,-4454.377690893495,-2917.0673010907435,-322.9710777483992,-195.45198538502729,flu_2021,-3396.831899390576,-3665.2584985320595,-3197.0938357675313,-3471.442925929198,-199.73806362304435,-193.81557260286152,-3311.131987400039,-4013.039383663209,-3116.034353845678,-3804.151339207491,-195.09763355436118,-208.8880444557175,-3321.08847324991,-4072.2831196157995,-3123.8753984663604,-3887.8947648297813,-197.21307478354933,-184.38835478601823,-3350.536037120092,-3159.051627339033,-191.48440978105862,-3758.357700195985,-3569.097353052036,-189.26034714394945,-3317.7764016080005,-3892.7315700012227,-3123.1192036290613,-3708.4691329679267,-194.65719797893905,-184.2624370332959,-3317.4041140717577,-3800.023437647777,-3130.8181112134203,-3617.2477582422266,-186.58600285833748,-182.77567940555022,-3367.918532629131,-4022.0349961384513,-3172.3985632376066,-3832.9729009131847,-195.51996939152437,-189.0620952252666,-3211.505628707487,-3027.5612701720697,-183.94435853541728,-3174.9030662851646,-3304.228287400944,-2998.4146243311975,-3119.8664147257964,-176.4884419539669,-184.3618726751476,-3190.859746110282,-3014.5687026053365,-176.2910435049452,-3873.1299148903345,-3680.2848654211016,-192.84504946923306,,,
23,461,77,-4861.940435661473,-3167.5022086357253,-4533.9474405824785,-2967.8356817547206,-327.99299507899474,-199.6665268810046,flu_2021,-3458.8650107111885,-3725.57658874861,-3255.6110553370677,-3527.328538058855,-203.2539553741209,-198.24805068975496,-3371.9589257215002,-4076.7318695585373,-3172.9578164065933,-3863.398564609008,-199.00110931490693,-213.3333049495292,-3381.024163047973,-4137.056633509886,-3179.4580143778917,-3947.869108443897,-201.56614867008133,-189.18752506598855,-3411.963650131356,-3216.8830035264077,-195.08064660494864,-3818.98452603186,-3626.3620974963474,-192.62242853551237,-3377.915797437171,-3955.430104131631,-3179.376168676606,-3766.4347235026244,-198.53962876056514,-188.99538062900703,-3376.9021934343996,-3861.458060746956,-3186.831100302505,-3674.1454717792117,-190.07109313189468,-187.31258896774435,-3427.9925123609296,-4086.5822644790255,-3229.3127445784335,-3892.772254070821,-198.679767782496,-193.81001040820456,-3270.361221558429,-3082.392926539067,-187.96829501936168,-3240.628592198851,-3359.5422825463506,-3059.4462488655136,-3170.394903039968,-181.1823433333376,-189.1473795063826,-3256.9675960169093,-3076.288010428994,-180.67958558791526,-3932.7897724952772,-3735.913913827768,-196.87585866750945,,,
24,474,78,-5006.156906588596,-3263.332698750158,-4675.491043203491,-3060.311827197762,-330.66586338510433,-203.0208715523965,flu_2021,-3562.410032523621,-3834.201265928416,-3355.5663543975975,-3632.416521061232,-206.84367812602326,-201.7847448671842,-3471.7024196594252,-4193.777462071934,-3269.903818100099,-3977.015155098272,-201.79860155932596,-216.76230697366165,-3480.270835996152,-4257.173645552272,-3275.6625825031306,-4064.519488053821,-204.60825349302144,-192.6541574984511,-3513.7013167566015,-3315.3905007306157,-198.31081602598584,-3928.7609623795065,-3732.77155288338,-195.98940949612637,-3475.74830314118,-4069.5535160722684,-3273.7626704312215,-3877.072362896935,-201.98563270995822,-192.4811531753337,-3476.8731133840065,-3972.92945361402,-3283.352731515268,-3782.3380160677766,-193.52038186873878,-190.5914375462435,-3530.7055653632888,-4206.636030146859,-3329.0033975593064,-4008.7226350705687,-201.70216780398246,-197.91339507629098,-3368.516361924664,-3177.3183677044053,-191.19799422025878,-3344.965953988023,-3457.578774920718,-3159.9302657538233,-3265.08722992365,-185.03568823419988,-192.49154499706805,-3363.486685380973,-3179.0410093508317,-184.44567603014147,-4046.8046037732674,-3845.9432584017227,-200.86134537154464,,,
25,485,81,-5129.087722454398,-3339.8739672986367,-4785.732396747971,-3128.558922884911,-343.35532570642766,-211.3150444137256,flu_2021,-3646.476519250713,-3921.6505301044263,-3433.268803106328,-3712.6328600665097,-213.20771614438502,-209.0176700379165,-3552.5344622481357,-4286.841005824197,-3344.588980357766,-4063.5782274836165,-207.94548189036954,-223.26277834058016,-3560.4067690643606,-4351.108429550039,-3349.635991620019,-4151.497819515378,-210.77077744434172,-199.61061003466102,-3596.1810214239686,-3391.3854383405433,-204.79558308342524,-4016.163288978488,-3813.495923561169,-202.6673654173188,-3556.280248263833,-4159.951520524446,-3347.1775338952098,-3960.2660919836117,-209.10271436862345,-199.6854285408343,-3557.8806384694262,-4061.1308214463197,-3357.4073649539646,-3863.7895177630003,-200.47327351546159,-197.34130368331935,-3613.975848942973,-4299.826723112042,-3405.366434751898,-4094.838834763524,-208.60941419107493,-204.98788834851726,-3448.684064326514,-3250.014406581661,-198.66965774485266,-3430.1340350746013,-3536.5095795725233,-3235.7668455347357,-3336.966765983176,-194.36718953986576,-199.54281358934713,-3449.5600627057183,-3256.3700002311425,-193.19006247457565,-4137.498476182777,-3928.477403584773,-209.02107259800383,,,
0,917,194,-12495.980582801723,-9270.435008163762,-11168.45099950961,-8634.819043590292,-1327.529583292112,-635.6159645734698,covid_2022,-8059.039010404942,-8719.346636201612,-7620.61313687055,-8294.250766022538,-438.42587353439217,-425.09587017907404,-7756.495271700972,-9528.633115746015,-7312.647875907249,-9049.68807521823,-443.8473957937231,-478.94504052778484,-7626.9039924077015,-9652.949086285267,-7180.88794210744,-9234.252146677043,-446.0160503002615,-418.69693960822417,-7936.889288069288,-7504.023415611887,-432.86587245740117,-8816.644762589636,-8387.112111212999,-429.5326513766378,-7503.56469350177,-9146.629198932702,-7068.069547334482,-8716.84832720386,-435.49514616728845,-429.7808717288428,-7716.736406685772,-8930.329953968327,-7291.704203668589,-8520.525309316561,-425.03220301718284,-409.80464465176624,-7922.5949638714,-9542.642528149574,-7448.782245395609,-9109.650451114305,-473.8127184757917,-432.9920770352686,-7414.230005204989,-7002.08982427307,-412.1401809319183,-6754.8775674320195,-7620.356686966894,-6314.443608228508,-7201.37449583081,-440.433959203511,-418.98219113608394,-6856.507896100121,-6404.517094786585,-451.99080131353566,-8715.19437470234,-8294.232543932063,-420.9618307702767,-6575.373483062551,-6163.8948150118595,-411.478668050691
1,6235,1439,-81807.2179822592,-46942.167165132625,-75530.69834798852,-43744.29512811616,-6276.51963427067,-3197.8720370164647,covid_2022,-55071.0768972219,-60058.6287856739,-51882.568814307815,-56931.820165725985,-3188.508082914087,-3126.8086199479158,-53058.86062084853,-65599.4646616963,-49837.03033099136,-62175.99013305252,-3221.830289857173,-3423.474528643789,-52096.41362336971,-66626.83210964019,-48838.95972462192,-63563.05086887549,-3257.453898747791,-3063.781240764706,-54137.905570525894,-51005.395020130534,-3132.5105503953578,-60688.933747644514,-57556.65147527256,-3132.2822723719482,-51216.60699093934,-63055.185551169896,-48044.50660413953,-59947.81516839338,-3172.1003867998043,-3107.3703827765094,-52718.1129939836,-61632.652272416315,-49619.93671869638,-58615.80531561722,-3098.1762752872246,-3016.846956799097,-53939.84935309817,-65704.03583030486,-50602.72722090085,-62563.304050921506,-3337.122132197323,-3140.7317793833436,-50767.76346760449,-47754.62711015724,-3013.1363574472475,-45538.43551772003,-52540.70759176649,-42536.83379283885,-49501.3696514319,-3001.6017248811786,-3039.337940334589,-46176.02985702369,-43168.42806758368,-3007.6017894400156,-60477.66440294184,-57452.324600579035,-3025.3398023627997,-45185.39587805603,-42215.11078601989,-2970.2850920361366
2,17562,4638,-233831.96114056933,-127638.13539914342,-215932.6722923958,-118467.65628428815,-17899.288848173554,-9170.479114855254,covid_2022,-158053.86474996048,-171815.373798672,-148387.17989945665,-162369.8331943686,-9666.68485050385,-9445.540604303373,-151836.89862086042,-187268.54487029387,-142132.42727572913,-176902.19989229762,-9704.471345131287,-10366.344977996258,-148396.51245459606,-190002.74827352632,-138526.0469584838,-180666.57827701926,-9870.465496112236,-9336.169996507066,-155025.663503495,-145531.8358155418,-9493.827687953206,-173122.9876393968,-163620.80273191817,-9502.184907478644,-145880.39108392273,-179802.82719100924,-136230.83292641776,-170314.89690723433,-9649.55815750498,-9487.930283774906,-150498.902056126,-175940.55782328732,-141116.17990755048,-166772.29531771576,-9382.72214857554,-9168.262505571562,-154090.3440049111,-187440.36994066596,-143986.10055304895,-177894.61914765718,-10104.243451862167,-9545.750793008781,-145302.4021174337,-136151.97285428506,-9150.429263148628,-128637.81019190316,-149970.64065060273,-119597.65410154592,-140753.7562801324,-9040.156090357237,-9216.884370470336,-130881.09093115204,-121839.66274869064,-9041.428182461397,-172786.13292429634,-163605.44361844426,-9180.689305852084,-128506.59946513579,-119490.28778232075,-9016.311682815043
3,33458,9843,-451751.7353492342,-241103.14645946308,-416328.68011914747,-223019.11341481312,-35423.055230086706,-18084.03304464996,covid_2022,-305561.0151043939,-331404.5638521235,-286162.110803948,-312506.8628454162,-19398.904300445865,-18897.701006707353,-292992.2175176247,-360694.7151135419,-273498.98631498683,-339974.97241650627,-19493.231202637908,-20719.74269703565,-285395.1141289898,-365508.49467598076,-265674.17197095574,-346934.78573398245,-19720.942158034053,-18573.708941998302,-299396.06821200985,-280326.7270231512,-19069.341188858692,-333438.8322885731,-314354.8387312074,-19083.993557365684,-280604.79737324355,-345918.0765827961,-261262.03622107056,-326995.22134155023,-19342.761152172978,-18922.85524124588,-290018.3911871555,-338844.6709271507,-271182.9744512836,-320517.4306435273,-18835.416735871942,-18327.240283623385,-297135.27928003564,-360921.8869836934,-276823.08902195905,-341875.2009315737,-20312.190258076593,-19046.686052119723,-280231.61417485785,-261905.33668072382,-18326.277494134054,-245514.40568772642,-288553.8261557226,-227479.00475720537,-270174.91485970933,-18035.400930521053,-18378.91129601329,-250293.8109466378,-232270.1035876915,-18023.707358946307,-332744.1583258412,-314399.62690595933,-18344.531419881867,-246609.2586885808,-228575.18828680884,-18034.07040177196
4,49919,15356,-677890.2430021609,-359363.9222976285,-624759.2668041498,-331909.0986928626,-53130.97619801112,-27454.823604765847,covid_2022,-459163.43171180465,-497531.3801454072,-429548.0337126977,-468711.7194877708,-29615.397999106965,-28819.660657636425,-439956.2212243595,-541107.7712032032,-410301.20409213623,-509567.92389127513,-29655.01713222329,-31539.847311928115,-427998.93662275927,-548172.8298428259,-397996.06403533055,-519890.905006911,-30002.872587428737,-28281.92483591492,-449662.4492702129,-420587.8111102682,-29074.63815994475,-500229.5200778577,-471134.518375664,-29095.001702193702,-420912.329367985,-518756.8417954774,-391388.24259187945,-489927.3134319094,-29524.08677610559,-28829.52836356794,-435270.4401973805,-508350.1285561241,-406531.7734879367,-480397.28903577547,-28738.66670944378,-27952.839520348636,-446024.9271984141,-541562.8884717337,-415096.5369640131,-512497.72254753544,-30928.390234400955,-29065.165924198194,-420916.43504749803,-392973.80717102485,-27942.627876473176,-367568.96115459915,-432910.52011180134,-340039.9198149729,-404891.9003397282,-27529.041339626237,-28018.619772073103,-375033.37041469506,-347540.6129650231,-27492.757449671986,-499282.05336664733,-471306.7204091798,-27975.332957467515,-369961.97159315937,-342449.3498654013,-27512.621727758065
5,66086,20869,-904474.9425635289,-475307.903638114,-833616.173235629,-438555.78687938146,-70858.76932789994,-36752.11675873254,covid_2022,-612343.0627622394,-662899.1161482173,-572653.2044872631,-624250.979716668,-39689.858274976286,-38648.13643154927,-586232.2898703744,-720528.363584408,-546527.370770006,-678302.634742689,-39704.91910036845,-42225.72884171903,-569630.390124721,-729664.6072776313,-529490.5954255818,-691783.1730459864,-40139.794699139195,-37881.4342316449,-599441.7450479099,-560492.8277379893,-38948.9173099207,-666032.3530654878,-627060.1193936005,-38972.23367188728,-560208.3211014392,-690447.608829901,-520661.3468049032,-651824.2342266307,-39546.97429653605,-38623.37460327032,-579760.3977189705,-676862.2226478735,-541260.2575668364,-639378.4737885226,-38500.14015213413,-37483.74885935076,-594321.9329768907,-721313.54282265,-552916.0596267342,-682367.4665755916,-41405.873350156486,-38946.07624705845,-560934.0370771914,-523455.72035299777,-37478.3167241936,-487581.1581436853,-576143.2925217232,-450616.29497222614,-538550.0379131819,-36964.86317145915,-37593.25460854129,-497833.4183777954,-460939.5151977373,-36893.903180058085,-664387.1064325608,-626868.6571189563,-37518.44931360448,-491708.73146523535,-454805.1213343879,-36903.61013084745
6,78407,25006,-1076760.8773712898,-563492.0280805889,-992513.6147670017,-519737.9916967135,-84247.26260428796,-43754.03638387543,covid_2022,-728883.1898744241,-788515.0627088216,-681585.9823589819,-742478.3919893398,-47297.20751544224,-46036.670719481765,-697522.711179409,-856767.0415365251,-650229.8575857348,-806500.1201430002,-47292.85359367418,-50266.92139352498,-677434.42501273,-867551.9150481427,-629633.8794834794,-822423.1875195468,-47800.545529250485,-45128.72752859588,-713431.5748870531,-667024.9322523612,-46406.64263469196,-792083.454404838,-745645.5451012113,-46437.90930362676,-666271.6586355325,-820917.7775389658,-619149.4596458167,-774912.7221241206,-47122.198989715835,-46005.055414845185,-689741.7035165404,-804927.4249703961,-643869.9304232891,-760254.502301801,-45871.77309325128,-44672.92266859504,-707255.9947505934,-857984.6624040854,-657912.9352601343,-811580.3294525892,-49343.059490459105,-46404.33295149625,-667492.7101943952,-622812.9857098092,-44679.72448458596,-578949.2180706587,-684952.9875941293,-534890.1075141785,-640139.0669264565,-44059.11055648026,-44813.92066767282,-591261.7745251453,-547292.3970401784,-43969.37748496687,-789765.3768167684,-745054.1576047052,-44711.21921206328,-584338.7951987146,-540355.7542981387,-43983.040900575885
7,87695,28105,-1206544.207378204,-630086.3693576826,-1112168.1976383459,-580997.318308914,-94376.009739858,-49089.05104876863,covid_2022,-816740.7084522672,-883182.0349801012,-763699.2791860863,-831482.2059045566,-53041.42926618101,-51699.82907554457,-781440.7234368053,-959245.6672034187,-728405.2845304125,-902895.0997005345,-53035.438906392774,-56350.56750288417,-758706.2987351123,-971304.3003301957,-705114.1966441047,-920653.8906478195,-53592.10209100768,-50650.409682376165,-799337.4489658556,-747297.9662318262,-52039.48273402945,-886958.8450586671,-834886.530349833,-52072.31470883413,-746243.058319993,-919113.6588929013,-693391.7395765764,-867495.1720086976,-52851.31874341659,-51618.48688420364,-772617.7011921823,-901309.7308658108,-721182.6794127498,-851177.2996023039,-51435.02177943247,-50132.43126350684,-792377.7179163767,-960836.229750321,-737054.4470067578,-908767.1980436116,-55323.27090961879,-52069.031706709386,-747877.0155591497,-697702.2339136985,-50174.78164545116,-648043.4261901716,-766881.2281144978,-598558.2305755228,-716583.8787722648,-49485.19561464887,-50297.34934223299,-661904.7299885722,-612544.0704272424,-49360.65956132978,-884129.628391142,-833934.8985522176,-50194.72983892435,-654248.4368481837,-604880.5469649843,-49367.88988319944
8,92365,29664,-1271466.088959847,-663762.0232985463,-1172286.6620577378,-611982.6872548905,-99179.4269021092,-51779.33604365583,covid_2022,-861065.4079169169,-930986.0782459071,-805123.2252450831,-876449.7481917256,-55942.18267183383,-54536.33005418152,-823731.1919719313,-1010940.2287314088,-767828.4716653656,-951578.9885841059,-55902.72030656567,-59361.240147303004,-799623.5609124338,-1023701.957793408,-743119.179039708,-970268.5937404612,-56504.38187272574,-53433.36405294677,-842656.7692176101,-787776.9829439099,-54879.78627370015,-934811.7050361523,-879922.6715721563,-54889.03346399605,-786537.075023758,-968685.2187517731,-730784.4904171254,-914254.5538210478,-55752.58460663253,-54430.66493072534,-814397.8290104967,-950020.3026174303,-760150.9297351517,-897142.9748292028,-54246.89927534498,-52877.327788227594,-835235.3916951388,-1012768.3825266352,-776927.1917699241,-957847.2190252226,-58308.19992521467,-54921.163501412564,-788485.9022752881,-735536.9941469013,-52948.90812838682,-682955.9557356625,-808349.1545587988,-630736.6081088104,-755276.5840159876,-52219.3476268521,-53072.5705428112,-697652.987425595,-645575.1395511805,-52077.84787441447,-931953.329536078,-879015.0522664499,-52938.277269628146,-689604.0663428055,-637522.6404355727,-52081.42590723279
9,97039,31205,-1337447.2919680472,-697320.9075798162,-1233310.0670581413,-642900.0298463773,-104137.22490990578,-54420.877733438894,covid_2022,-905525.5020244557,-978609.8769208968,-846695.7284145349,-921264.9555785203,-58829.77360992073,-57344.92134237652,-866134.9211650717,-1062498.18199584,-807387.8438006676,-1000102.9782374768,-58747.077364404104,-62395.20375836335,-840772.1307940661,-1075797.5069625883,-781363.7752185345,-1019612.2480697662,-59408.355575531554,-56185.258892822036,-886181.4728362282,-828481.6576292336,-57699.8152069947,-982532.0314228572,-924840.7232854522,-57691.30813740497,-827076.5594779133,-1017999.7207140838,-768434.1268274237,-960768.1764174489,-58642.4326504896,-57231.544296634806,-856351.2058464168,-998402.0407526591,-799313.5971907523,-942808.6263879514,-57037.60865566443,-55593.414364707605,-878372.1519253328,-1064493.2184710016,-817085.0744139685,-1006735.4913594502,-61287.07751136432,-57757.72711155153,-829100.0109369905,-773422.5512490411,-55677.45968794943,-718063.6507280235,-849489.4490737026,-663165.1856477692,-793695.6934909103,-54898.465080254246,-55793.75558279228,-733545.7763152372,-678800.8767618291,-54744.89955340801,-979008.220246409,-923363.6235659611,-55644.59668044781,-724795.452344754,-670035.7624581268,-54759.68988662725
10,100462,32279,-1384283.00217555,-721811.6857456374,-1276695.1768611802,-665479.9391429644,-107587.82531436977,-56331.746602672945,covid_2022,-937362.1196065773,-1012655.4285968222,-876428.0354618705,-953282.5804083088,-60934.08414470688,-59372.848188513395,-896525.8830418099,-1099335.066842041,-835722.5150155921,-1034790.2379458799,-60803.368026217766,-64544.828896161074,-870326.3667558336,-1113068.6590584395,-808821.1076475403,-1054918.5666087915,-61505.25910829335,-58150.0924496481,-917354.9079839409,-857608.6069898512,-59746.300994089645,-1016704.1317575257,-956995.9045065697,-59708.22725095598,-856226.1641524336,-1053301.2334203096,-795479.8165890417,-994078.3972019455,-60746.34756339196,-59222.836218363955,-886452.5657146666,-1033034.3926199292,-827388.2031365517,-975492.6622154531,-59064.36257811496,-57541.73040447606,-909281.9244554198,-1101492.108635806,-845854.1671891892,-1041704.8523820116,-63427.75726623058,-59787.2562537944,-858245.9676041455,-800594.8449511494,-57651.12265299611,-743620.7834503966,-879020.0088958181,-686781.2112342025,-821268.6319867062,-56839.57221619416,-57751.37690911192,-759604.7157372872,-702938.6351094983,-56666.08062778889,-1012799.7532350546,-955217.6096640135,-57582.14357104103,-750276.1711880568,-693584.4187773056,-56691.75241075116
11,103035,33027,-1419089.3749586642,-740691.1161922584,-1308884.7615111903,-682973.5272469611,-110204.61344747384,-57717.5889452973,covid_2022,-961179.702303106,-1038192.4728737405,-898710.6173560546,-977334.4356980252,-62469.084947051306,-60858.03717571532,-919340.5120261001,-1126951.5438710963,-857032.5025662698,-1060818.5417021296,-62308.00945983025,-66133.00216896663,-892512.0600039229,-1141024.0597710907,-829478.7305651476,-1081443.0528062554,-63033.32943877526,-59581.00696483524,-940659.1230721743,-879422.0766491541,-61237.04642302017,-1042334.3086336802,-981147.1863475249,-61187.12228615533,-878127.7698128677,-1079783.2929899704,-815849.2328954472,-1019105.1989477848,-62278.5369174206,-60678.09404218559,-909009.1646190585,-1059027.882202167,-848473.320271924,-1000063.2262552173,-60535.84434713447,-58964.65594694962,-932444.8570644584,-1129198.1980285414,-867440.720796836,-1067935.2901020288,-65004.13626762247,-61262.907926512635,-880176.6203409107,-821082.7361177731,-59093.884223137684,-763328.5075437629,-901282.7274835936,-705078.3000153305,-842106.4004749279,-58250.20752843233,-59176.32700866581,-779739.4437581346,-721677.219985854,-58062.22377228058,-1038326.528400302,-979324.02164534,-59002.50675496203,-769706.9355211786,-711607.9988416604,-58098.93667951826
12,105226,33690,-1449904.3840371163,-756875.8498336186,-1337384.3913634517,-697957.8775010087,-112519.99267366467,-58917.97233260996,covid_2022,-981954.8406634838,-1060517.9224408155,-918197.969235177,-998379.0430409267,-63756.87142830678,-62138.87939988872,-939256.7056471107,-1151094.5818304594,-875664.6946697251,-1083578.4517780067,-63592.01097738555,-67516.13005245278,-911906.0896074922,-1165439.1524670767,-847578.8466491502,-1104618.18480895,-64327.24295834194,-60820.96765812678,-961003.9735476928,-898513.2708574188,-62490.70269027394,-1064721.858370797,-1002277.5994740498,-62444.25889674715,-897247.6170044271,-1102903.0494463728,-833691.7834326286,-1040962.6179218,-63555.83357179852,-61940.431524572734,-928703.5628841908,-1081699.4049480327,-866930.1956456347,-1021499.7539426374,-61773.3672385562,-60199.65100539539,-952708.3781731077,-1153431.3899047067,-886378.5443041231,-1090893.1506253053,-66329.83386898456,-62538.23927940148,-899276.2620441354,-838952.066155676,-60324.195888459355,-780329.0755632356,-920619.7654011324,-720852.0224585972,-860211.4380193419,-59477.053104638406,-60408.32738179048,-797100.1362533857,-737824.7878080497,-59275.34844533598,-1060395.243179093,-1000153.7677219384,-60241.47545715466,-786473.9818751805,-727165.3990349498,-59308.582840230636
13,106887,34134,-1472564.0653054104,-768722.568428464,-1358492.1353680196,-708939.0312047021,-114071.92993739086,-59783.537223761916,covid_2022,-997303.7669634881,-1076901.5149534626,-932619.4942476501,-1013857.4789486408,-64684.272715837964,-63044.03600482182,-953931.4550465014,-1168797.3793948472,-889430.4547093874,-1100322.67822596,-64501.00033711401,-68474.70116888736,-926172.5644689258,-1183375.3089862394,-860932.3457787576,-1121668.4667574328,-65240.21869016826,-61706.842228806665,-976017.0960866378,-912627.6893844693,-63389.40670216849,-1081182.5243807484,-1017835.7166323668,-63346.80774838163,-911327.4687989678,-1119892.1752814834,-846856.8013666016,-1057056.082028175,-64470.667432366114,-62836.09325330849,-943226.1684697224,-1098353.7196093856,-880561.9347377484,-1037279.4834404706,-62664.23373197407,-61074.236168914955,-967623.5587979964,-1171216.1999258795,-900354.5351668709,-1107782.619220851,-67269.02363112546,-63433.58070502852,-913333.258493082,-852128.7107620782,-61204.54773100379,-792723.1649074622,-934799.8913203101,-732358.8089609807,-873514.2747521978,-60364.35594648142,-61285.61656811233,-809717.5717708495,-749563.596178798,-60153.97559205156,-1076580.6446853399,-1015461.9313255355,-61118.71335980439,-798755.4509128736,-738583.6513456731,-60171.7995672005
14,108063,34418,-1488536.5749729334,-777284.506588049,-1373325.2582036024,-716895.8114642275,-115211.3167693311,-60388.695123821555,covid_2022,-1008142.6661408399,-1088514.7133957737,-942820.7039781344,-1024820.9248827945,-65321.96216270553,-63693.78851297914,-964328.4579804426,-1181340.4404413882,-899195.289401579,-1112168.90728615,-65133.168578863646,-69171.53315523827,-936303.9017713554,-1196099.0852929389,-870421.0826470058,-1133760.5697824273,-65882.81912434964,-62338.51551051149,-986621.8423293125,-922609.5937889573,-64012.24854035509,-1092844.4182454825,-1028865.8209879376,-63978.59725754484,-921334.2371639734,-1131951.235112082,-856225.3046577827,-1068472.2920961014,-65108.93250619076,-63478.94301598058,-953514.0679322965,-1110167.7547892781,-890232.3933360473,-1048474.1500807628,-63281.67459624927,-61693.604708515304,-978192.7788787425,-1183846.665348098,-910260.0663988644,-1119755.6321041628,-67932.7124798781,-64091.03324393513,-923309.9967867625,-861488.822786037,-61821.174000725514,-801676.1615366478,-944883.8097179923,-740689.0725588952,-882977.8949935769,-60987.08897775263,-61905.91472441534,-818836.2657161809,-758064.0991627126,-60772.16655346837,-1088113.557544675,-1026365.7728927786,-61747.784651896334,-807569.5283574614,-746784.7564687657,-60784.77188869579
15,109113,34643,-1502466.8619320402,-784935.4130469577,-1386323.954080524,-724045.038685684,-116142.90785151633,-60890.374361273774,covid_2022,-1017665.2740997092,-1098645.3077483815,-951787.8689816758,-1034418.8332527478,-65877.40511803339,-64226.47449563383,-973461.745086966,-1192310.7949733993,-907781.4057190685,-1122568.1333282792,-65680.33936789748,-69742.66164511991,-945227.4507290823,-1207214.9139210067,-878788.4721368164,-1144362.280336292,-66438.97859226595,-62852.63358471467,-995959.1706227834,-931406.2030382499,-64552.967584533515,-1103043.0827361094,-1038534.9944516713,-64508.0882844381,-930147.5334352388,-1142482.9023767381,-864487.0520995293,-1078484.0649346292,-65660.48133570942,-63998.837442108954,-962567.2182860798,-1120500.4093875722,-898753.1630629282,-1058292.276958338,-63814.055223151554,-62208.13242923414,-987489.6156564913,-1194883.8338247803,-918991.7040068703,-1130256.634111729,-68497.91164962102,-64627.19971305127,-932091.2810271642,-869748.5624474441,-62342.718579720145,-809716.7086084285,-953741.8369586769,-748221.7556083706,-891313.7594481356,-61494.95300005786,-62428.07751054131,-827015.8494135798,-765739.1562188895,-61276.69319469032,-1098191.8824938557,-1035934.4039255476,-62257.478568308055,-815358.7468078656,-754065.6621146639,-61293.08469320176
16,110675,35095,-1523471.5234720435,-796152.4830897814,-1405862.0429800537,-734407.614757609,-117609.48049198969,-61744.868332172395,covid_2022,-1031989.2873504666,-1113990.4386925807,-965205.0988280541,-1048867.091798657,-66784.18852241246,-65123.3468939236,-987165.2480842994,-1208907.3159835595,-920588.4326577312,-1138230.9168118143,-66576.81542656817,-70676.39917174524,-958543.4479058174,-1224051.818145199,-891196.7127762451,-1160324.1635975635,-67346.73512957233,-63727.65454763555,-1009984.0648786474,-944544.2344546986,-65439.83042394887,-1118428.4642722628,-1053047.6902302434,-65380.774042019286,-943272.9956770249,-1158416.6215566788,-876705.0914301659,-1093540.1004699487,-66567.90424685906,-64876.52108673006,-976130.7748746818,-1136137.216672859,-911438.8061872872,-1073067.2558526916,-64691.96868739464,-63069.96082016742,-1001394.861198894,-1211574.2331744314,-931984.1278199813,-1146053.7060562961,-69410.73337891261,-65520.5271181353,-945278.4714497839,-882061.721236283,-63216.75021350096,-821431.53832353,-967126.9430476022,-759061.5533424303,-903823.2471838323,-62369.98498109968,-63303.695863769804,-838956.7013834002,-776816.4089221917,-62140.29246120851,-1113511.0412198238,-1050393.0821490833,-63117.95907074049,-826930.0399690564,-764782.1009151819,-62147.93905387448
17,112042,35398,-1541103.6117907162,-805867.9067274097,-1422328.897041482,-743460.1430175895,-118774.7147492343,-62407.76370982024,covid_2022,-1044079.2753025949,-1126826.4264231902,-976585.5425104654,-1061011.6757257564,-67493.73279212952,-65814.75069743364,-998749.4331858959,-1222804.0381372995,-931471.4384600889,-1151393.4988609974,-67277.99472580693,-71410.53927630215,-969847.2263228605,-1238131.0929448125,-901788.8272311139,-1173724.0892541218,-68058.39909174657,-64407.00369069066,-1021849.0151924756,-955710.6378070511,-66138.37738542452,-1131353.4671880384,-1065282.0136490003,-66071.45353903803,-954434.2057247213,-1171771.8345183982,-887155.3672785867,-1106205.8420334398,-67278.83844613457,-65565.99248495845,-987613.6835714608,-1149225.8811818007,-922229.6240775615,-1085483.8535372803,-65384.05949389925,-63742.027644520305,-1013173.0133387729,-1225534.1182188326,-943026.2892977984,-1159323.3679563378,-70146.72404097447,-66210.75026249496,-956410.2921969761,-892514.5581771644,-63895.73401981174,-831614.0655567256,-978355.4489525422,-768561.9711435616,-914373.9908977288,-63052.09441316394,-63981.45805481327,-849300.2365416302,-786484.7206981499,-62815.51584348036,-1126301.7837133626,-1062509.9417529905,-63791.841960372236,-836831.1949298015,-774013.3978045598,-62817.79712524173
18,113490,35706,-1560233.5192442976,-816186.2147889748,-1440257.3638254115,-753083.0637023717,-119976.15541888605,-63103.15108660315,covid_2022,-1057139.0714714916,-1140752.9025144519,-988915.1882494666,-1074221.1159787066,-68223.88322202506,-66531.78653574518,-1011261.3219689311,-1237868.970875051,-943252.4664665828,-1165704.4173906913,-68008.85550234823,-72164.55348435986,-982013.0324439146,-1253423.3692197192,-913221.8712459689,-1188304.7907584934,-68791.16119794568,-65118.578461225756,-1034660.8000001122,-967800.4293013079,-66860.37069880422,-1145353.1708611748,-1078567.0327213637,-66786.13813981108,-966409.3788958674,-1186253.0623474563,-898403.8626082957,-1119970.007196104,-68005.51628757168,-66283.05515135243,-999991.8961075696,-1163433.0688713826,-933892.2605553212,-1098987.4446345333,-66099.63555224836,-64445.62423684937,-1025873.1107588887,-1240684.4714065131,-954975.7439498942,-1173758.6846695861,-70897.3668089944,-66925.78673692698,-968416.0643046736,-903814.2230381363,-64601.841266537376,-842444.2478091652,-990495.8206656312,-778682.8538026921,-925805.3693335389,-63761.39400647298,-64690.45133209225,-860340.9933997273,-796821.5901440214,-63519.4032557058,-1140164.3107049651,-1075668.8829863102,-64495.42771865488,-847389.3357976628,-783876.4224362762,-63512.913361386585
19,115432,36071,-1586089.6888769048,-830093.2258086738,-1464619.794411096,-766108.3465941226,-121469.89446580874,-63984.879214551154,covid_2022,-1074785.7714353967,-1159662.5311370264,-1005659.2860398625,-1092213.2608277532,-69126.48539553417,-67449.2703092732,-1028169.934010256,-1258341.3471685105,-959255.32652071,-1185215.755885186,-68914.60748954599,-73125.59128332454,-998426.5738009057,-1274203.3914761653,-928728.6971806454,-1208185.8303448416,-69697.87662026033,-66017.56113132372,-1051962.0689533374,-984213.5629588587,-67748.50599447862,-1164326.9571486374,-1096645.1005652007,-67681.85658343663,-982547.1701227607,-1205899.1093779884,-913645.5196306928,-1138711.5822447594,-68901.65049206793,-67187.527133229,-1016704.9006586039,-1182702.569060286,-949722.4061415914,-1117375.2472899752,-66982.49451701246,-65327.32177031077,-1042997.4536496185,-1261246.8172554306,-971176.4164279028,-1193410.324404787,-71821.03722171579,-67836.49285064358,-984639.1532468976,-919154.4080423292,-65484.745204568375,-857081.6736476752,-1006945.5796401933,-792405.791200033,-941369.8011815883,-64675.88244764218,-65575.77845860494,-875289.4993603227,-810862.4128757366,-64427.08648458618,-1158986.7784733884,-1093607.0017433702,-65379.77673001829,-861647.1406318549,-797257.3418933982,-64389.798738456724
20,118118,36633,-1622868.2362535615,-849249.424096719,-1499059.9206995706,-783995.6629335767,-123808.31555399083,-65253.761163142306,covid_2022,-1099683.8080585278,-1186438.1491289902,-1029200.1794528565,-1117636.7352409612,-70483.62860567133,-68801.41388802908,-1052016.696127083,-1287374.1178837174,-981728.6894612839,-1212795.9094854654,-70288.00666579901,-74578.20839825194,-1021496.9511894825,-1303614.5719843386,-950426.7081637509,-1236291.9093307557,-71070.24302573154,-67322.6626535829,-1076335.7715916883,-1007244.6813746337,-69091.09021705449,-1191170.375500086,-1122142.6963088496,-69027.67919123646,-1005172.7432706321,-1233683.3961393796,-934916.3815013717,-1165163.9411009438,-70256.36176926037,-68519.45503843573,-1040215.0175149624,-1209954.6874077856,-971905.4172595192,-1143328.2827987499,-68309.60025544313,-66626.40460903579,-1067116.7563410432,-1290329.4835015482,-993875.2713612263,-1221142.2668278874,-73241.48497981673,-69187.2166736607,-1007421.1060693018,-940632.2181880376,-66788.88788126425,-877167.9143680593,-1030139.6170932809,-811206.2381865921,-963258.6283629445,-65961.67618146708,-66880.98873033636,-895872.1940016755,-830158.1358740161,-65714.05812765942,-1185612.9959610384,-1118928.4011846443,-66684.59477639402,-881491.3287684235,-815817.6769135668,-65673.65185485675
21,121665,37366,-1671899.3915840534,-874598.3847868175,-1545129.728742211,-807635.0017499829,-126769.66284184261,-66963.3830368345,covid_2022,-1132917.8990928319,-1222141.9742982325,-1060651.2219742176,-1151553.0318266635,-72266.6771186143,-70588.94247156888,-1083780.4131885085,-1326057.8570414155,-1011693.4254633122,-1249570.7926635514,-72086.98772519639,-76487.06437786421,-1052189.1078051354,-1342800.9680290816,-979315.694736679,-1273722.9105372105,-72873.41306845646,-69078.05749187112,-1108867.248765525,-1038017.8144564416,-70849.43430908327,-1226903.101944595,-1156105.6396760542,-70797.46226854097,-1035264.4702030516,-1270683.828245251,-963228.7643486747,-1200385.3064503332,-72035.70585437687,-70298.52179491769,-1071525.5101433792,-1246270.53352718,-1001474.517356819,-1177907.3089486323,-70050.99278656024,-68363.22457854784,-1099244.0566474716,-1329090.234618924,-1024158.1526196094,-1258120.613987666,-75085.90402786218,-70969.62063125792,-1037812.1880846799,-969293.1161228067,-68519.07196187327,-903856.2250644102,-1061052.9795494466,-836137.716851071,-992421.3331058372,-67718.50821333926,-68631.64644360938,-923252.460491457,-855791.6849819592,-67460.7755094979,-1221081.360747012,-1152644.3506707724,-68437.01007623969,-907856.7764033794,-840468.7291164367,-67388.04728694267
22,125938,38303,-1730602.6036161229,-905048.562184796,-1600202.3649759095,-835991.1600810405,-130400.23864021349,-69057.40210375552,covid_2022,-1172707.2337431249,-1264846.815734243,-1098228.9039759997,-1192042.9384586143,-74478.3297671252,-72803.87727562875,-1121792.8266285155,-1372296.8162892326,-1047516.0189562555,-1293472.3737640097,-74276.80767226005,-78824.44252522287,-1088971.5810611534,-1389674.7205791704,-1013887.8336751324,-1318437.8287261426,-75083.74738602116,-71236.89185302776,-1147778.064088065,-1074764.4046322186,-73013.65945584637,-1269636.9356430063,-1196669.3677632492,-72967.56787975716,-1071352.426253396,-1314943.0847765317,-997113.7976123773,-1242459.9748598423,-74238.62864101879,-72483.10991668937,-1109025.071897333,-1289666.9386390902,-1036830.3257990073,-1219178.9259622577,-72194.74609832568,-70488.0126768326,-1137715.8364398328,-1375448.798662073,-1060358.3073640026,-1302260.9772892813,-77357.52907583019,-73187.82137279156,-1074191.468309715,-1003536.6199790817,-70654.84833063322,-935892.3141284788,-1098031.073684265,-866023.3844815921,-1027259.2703893587,-69868.92964688665,-70771.80329490628,-956077.2168619696,-886474.604203079,-69602.61265889059,-1263484.4844500902,-1192911.1392213805,-70573.34522870976,-939486.164632761,-869994.2663225996,-69491.89831016146
23,129772,39173,-1783614.8327664356,-932190.3814350722,-1650017.8744613498,-861263.9585703606,-133596.95830508572,-70926.42286471158,covid_2022,-1208456.4298499199,-1302988.749142704,-1132047.9709423336,-1228245.8755666364,-76408.45890758626,-74742.8735760675,-1155920.5125788883,-1413567.247138473,-1079714.6151518354,-1332699.2361541654,-76205.89742705299,-80868.01098430755,-1121946.5409389683,-1431479.690038388,-1044928.1810595107,-1358323.2363506083,-77018.35987945773,-73156.45368777962,-1182782.0305483923,-1107864.7263865566,-74917.30416183574,-1307820.1582988058,-1232936.664589193,-74883.49370961297,-1103744.3881918807,-1354424.1525603614,-1027583.5384725264,-1280009.305346814,-76160.8497193544,-74414.84721354752,-1142705.2804868522,-1328396.1200981122,-1068623.8434866476,-1256025.0143079408,-74081.4370002046,-72371.10579017134,-1172318.4117161364,-1416866.535507333,-1092968.7982374683,-1341745.0032564553,-79349.61347866806,-75121.53225087766,-1106908.616462904,-1034362.8000937768,-72545.81636912716,-964586.451152889,-1131050.6081846082,-892784.8026007042,-1058364.7926514556,-71801.64855218476,-72685.81553315262,-985457.4029068181,-913932.3738484478,-71525.02905837033,-1301152.9213618478,-1228675.3490411348,-72477.57232071302,-967777.4418400488,-896415.99109283,-71361.45074721875
24,135660,40569,-1865231.5005693808,-973867.841490926,-1726482.7997471318,-899976.4855172149,-138748.70082224908,-73891.35597371108,covid_2022,-1263527.7663456122,-1361855.0792011435,-1184021.6533899168,-1283971.503039808,-79506.1129556955,-77883.57616133551,-1208425.1846560857,-1477250.6759755802,-1129138.9817195728,-1393077.7563872728,-79286.20293651281,-84172.91958830737,-1172761.8898120783,-1495923.2470019665,-1092612.3795640902,-1419673.3180916524,-80149.51024798828,-76249.92891031402,-1236701.2700718618,-1158753.544354762,-77947.72571709991,-1366657.440733338,-1288724.5543350668,-77932.88639827126,-1153639.6811504762,-1415321.9452343446,-1074383.1947411099,-1337789.1880587277,-79256.48640936645,-77532.75717561692,-1194551.4778643209,-1388131.7155180913,-1117469.2124832484,-1312739.6490390496,-77082.26538107246,-75392.06647904168,-1225598.8049604788,-1480723.488079187,-1143064.0509250702,-1402485.670789733,-82534.75403540858,-78237.81728945395,-1157251.9389742585,-1081681.4367348047,-75570.5022394538,-1008670.2759613934,-1181941.767188025,-933789.1221359671,-1106212.0340003048,-74881.15382542623,-75729.7331877202,-1030594.0166921146,-956010.8470072382,-74583.16968487645,-1359246.5069073348,-1283726.1656186646,-75520.34128867017,-1011267.9029305831,-936925.1989746747,-74342.70395590844
25,141962,42008,-1953152.140606754,-1018589.5039102009,-1808931.541256008,-941589.2637600593,-144220.59935074594,-77000.24015014163,covid_2022,-1322681.4412846365,-1424881.3236704296,-1239889.931412913,-1343744.169164173,-82791.50987172355,-81137.15450625647,-1264831.23103208,-1545414.6751495476,-1182321.915121482,-1457769.328096291,-82509.31591059809,-87645.34705325651,-1227322.1116044037,-1564899.8256321202,-1143917.9359734727,-1485452.304017231,-83404.17563093104,-79447.52161488915,-1294552.625867776,-1213407.0123657691,-81145.61350200695,-1429706.9386983109,-1348554.7340666282,-81152.2046316827,-1207232.8678506787,-1480457.4834504654,-1124722.8357316107,-1399708.501278611,-82510.03211906806,-80748.98217185446,-1250204.1613330632,-1452014.2548803547,-1169964.3512073327,-1373471.0954889555,-80239.81012573045,-78543.15939139914,-1282803.6802862724,-1549036.2722253925,-1196918.660281008,-1467554.6050402534,-85885.02000526442,-81481.66718513909,-1211208.0959017102,-1132483.9374989858,-78724.15840272441,-1056115.3890251217,-1236379.631256297,-978029.8415545756,-1157449.3512282905,-78085.547470546,-78930.2800280065,-1079203.012106964,-1001436.0736485849,-77766.9384583789,-1421236.1842283548,-1342531.8406389374,-78704.34358941735,-1057878.0291223181,-980417.4944447421,-77460.53467757606
0,705,102,-7861.651375675806,-7127.215573342914,-7266.230051425011,-6638.546811048152,-595.4213242507951,-488.66876229476145,flu_2022,-5637.994584239211,-6143.815519719303,-5358.935199888967,-5866.253256571415,-279.05938435024404,-277.56226314788785,-5468.270364521174,-6646.5847313601225,-5193.6334677073655,-6353.936001977251,-274.6368968138088,-292.6487293828713,-5333.670180822643,-6808.370004733582,-5058.117312212513,-6531.045926911907,-275.55286861012934,-277.32407782167473,-5541.171200701445,-5265.831390796153,-275.33980990529165,-6165.787931366704,-5903.346908514735,-262.441022851968,-5213.019139338629,-6461.4951639643805,-4941.3567381236335,-6178.982879184273,-271.6624012149963,-282.51228478010796,-5370.961173255862,-6334.020335325552,-5101.561516484347,-6067.249922665449,-269.39965677151605,-266.77041266010275,-5439.793138751281,-6635.655852802771,-5156.70135719666,-6351.140571149738,-283.0917815546212,-284.5152816530325,-5242.372182761182,-4977.999040792904,-264.37314196827754,-5363.534828908282,-5503.491408719111,-5034.1814095138525,-5232.721462660129,-329.3534193944299,-270.76994605898176,-5511.008022262093,-5171.849098662806,-339.1589235992867,-6398.939654553695,-6136.35715153896,-262.58250301473424,-4915.292462946975,-4657.2149424376275,-258.0775205093478
1,2293,364,-25192.45296801081,-17944.698914216326,-23622.05465207049,-16806.768697000472,-1570.398315940321,-1137.9302172158523,flu_2022,-18187.423847347418,-19560.863165005383,-17251.421430100447,-18612.19566646741,-936.00241724697,-948.6674985379726,-17566.525209501462,-21106.329943577897,-16641.61437389807,-20121.621085694598,-924.9108356033912,-984.7088578832997,-17089.798233011665,-21555.48635606353,-16157.98912571687,-20620.238324155056,-931.8091072947971,-935.2480319084736,-17855.78724070321,-16935.01181294851,-920.7754277546992,-19627.902090545984,-18714.73031597807,-913.1717745679114,-16764.59948872911,-20493.77696912747,-15833.539046191347,-19544.15671802342,-931.0604425377609,-949.6202511040497,-17275.39602565941,-20129.702227614063,-16360.744540126758,-19209.168400500555,-914.6514855326534,-920.5338271135081,-17536.57242162803,-21132.847610437628,-16586.82472467491,-20169.80608624263,-949.7476969531182,-963.0415241949978,-16932.301724728168,-16019.506684100248,-912.7950406279215,-16954.413391061717,-17542.437512837965,-15948.699409608153,-16606.782995358753,-1005.7139814535637,-935.6545174792118,-17360.111385137407,-16352.187736204487,-1007.9236489329179,-20294.18655134159,-19369.5670598602,-924.6194914813886,-15725.839837721272,-14817.204816667938,-908.6350210533337
2,3330,553,-36543.54881016364,-25126.103546662907,-34297.27423180376,-23549.64297807437,-2246.2745783598743,-1576.4605685885372,flu_2022,-26456.210986384624,-28471.077849771213,-25078.9600288113,-27088.23411186651,-1377.2509575733252,-1382.8437379047014,-25584.38558260287,-30724.883436987697,-24214.235340859435,-29286.9564741115,-1370.1502417434333,-1437.9269628761967,-24870.39095786042,-31395.844695350846,-23498.06671038045,-30028.758614977683,-1372.3242474799708,-1367.0860803731632,-25957.902541516574,-24599.770639494338,-1358.1319020222352,-28596.991488775766,-27244.764472215487,-1352.2270165602797,-24389.272713620485,-29837.892014275247,-23021.089156433824,-28451.686008590917,-1368.1835571866623,-1386.2060056843281,-25130.292613241872,-29310.52294137223,-23778.080649022828,-27959.487408807105,-1352.2119642190464,-1351.0355325651267,-25505.567453185515,-30757.411409646196,-24100.89546794133,-29356.398732623253,-1404.6719852441845,-1401.0126770229426,-24649.75307824405,-23309.62079583743,-1340.1322824066242,-24660.072605771697,-25554.224156527405,-23217.918768793217,-24185.088307439717,-1442.153836978479,-1369.1358490876878,-25261.040932471933,-23818.112373687392,-1442.9285587845404,-29590.873286877322,-28237.068346897206,-1353.8049399801182,-22938.773659616367,-21605.338661670517,-1333.434997945851
3,3806,645,-41967.25100623625,-28434.868186965883,-39401.68987649691,-26657.349372805373,-2565.561129739341,-1777.518814160509,flu_2022,-30346.468988262677,-32604.673088846328,-28767.511109248404,-31016.493247117527,-1578.9578790142718,-1588.179841728802,-29336.3242076121,-35173.740659363124,-27761.489141367478,-33527.14243491647,-1574.8350662446212,-1646.5982244466536,-28511.02141326427,-35939.15957135999,-26934.774032595615,-34368.80015803493,-1576.2473806686535,-1570.359413325061,-29775.681373632244,-28216.747470176168,-1558.9339034560767,-32743.142338007245,-31189.554245542993,-1553.5880924642524,-27961.77838274798,-34154.973793699915,-26389.44430669744,-32560.190620997564,-1572.334076050539,-1594.783172702355,-28816.069186146466,-33549.82403270948,-27262.105615923098,-31998.33445901984,-1553.9635702233688,-1551.489573689644,-29259.81499416262,-35226.38355389326,-27647.076768357252,-33619.459374642836,-1612.738225805368,-1606.9241792504222,-28270.78061969453,-26729.62402776997,-1541.156591924561,-28265.279603456776,-29247.966278693697,-26611.985919899398,-27680.071402993548,-1653.2936835573787,-1567.8948757001508,-28954.99556321907,-27303.388545292008,-1651.60701792706,-33837.87337912069,-32283.378921704512,-1554.4944574161761,-26269.24673341615,-24735.37181401819,-1533.8749193979581
4,4150,723,-45971.33822268166,-30875.431200745003,-43163.12236041143,-28934.309773753004,-2808.2158622702345,-1941.121426991999,flu_2022,-33214.22696970708,-35691.43440767279,-31467.899414491523,-33933.697549143406,-1746.3275552155596,-1757.7368585293825,-32099.54241975439,-38506.7714590966,-30362.018083411927,-36686.03700997389,-1737.5243363424643,-1820.734449122712,-31211.095120033136,-39347.166420289665,-29467.083849731112,-37601.674263047666,-1744.0112703020231,-1745.4921572420021,-32594.596414098854,-30872.810508332317,-1721.7859057665387,-35843.32672472684,-34128.90557234878,-1714.4211523780546,-30609.354079063134,-37388.17331135594,-28869.76314304471,-35622.449086776185,-1739.5909360184241,-1765.7242245797563,-31542.524422767,-36724.82003636583,-29827.393572695695,-35007.3495753164,-1715.130850071307,-1717.47046104943,-32040.132772632158,-38587.1494760176,-30265.351223057973,-36806.77100263976,-1774.781549574186,-1780.378473377834,-30951.10512935355,-29243.63247012661,-1707.4726592269394,-30870.283014430737,-32010.61650368173,-29043.99130135347,-30266.997998906896,-1826.2917130772666,-1743.6185047748331,-31615.635808674488,-29793.347905202543,-1822.2879034719444,-37015.165462157136,-35291.907830708486,-1723.2576314486537,-28719.95108351871,-27021.249909343664,-1698.701174175046
5,4419,765,-49176.31577546191,-32786.509914098766,-46173.52735209385,-30736.30826508155,-3002.78842336806,-2050.2016490172177,flu_2022,-35467.42068889676,-38094.10839554458,-33607.12295076932,-36225.417683785025,-1860.2977381274368,-1868.6907117595513,-34266.30984657043,-41095.907675983035,-32420.454025891282,-39159.58700665753,-1845.8558206791513,-1936.320669325503,-33329.56672819652,-41987.0842294896,-31475.729098823205,-40131.88537525216,-1853.837629373318,-1855.1988542374406,-34798.79409029524,-32965.71527433812,-1833.0788159571189,-38260.51605494162,-36435.14870274264,-1825.3673521989758,-32697.556534044084,-39892.82141705258,-30845.370455052303,-38020.05750747255,-1852.1860789917803,-1872.7639095800337,-33684.02984374124,-39182.0686417012,-31857.833909600384,-37360.998844139365,-1826.1959341408551,-1821.0697975618323,-34233.983733930305,-41190.32577670628,-32342.64419871493,-39303.62749841994,-1891.339535215372,-1886.6982782863406,-33047.643790719594,-31231.178627477657,-1816.465163241936,-32903.47916902192,-34142.71205319934,-30967.989699918653,-32291.876825152103,-1935.4894691032675,-1850.83522804724,-33688.32439780106,-31759.056447970343,-1929.267949830712,-39456.95743098198,-37628.860226089215,-1828.0972048927654,-30630.63794989646,-28825.517440403004,-1805.1205094934573
6,4621,807,-51440.772885565115,-34196.05023079724,-48271.3926863001,-32056.25978405734,-3169.380199265009,-2139.7904467399007,flu_2022,-37090.49716764018,-39834.55266423442,-35131.58561099064,-37878.03810236333,-1958.9115566495352,-1956.5145618710849,-35840.30052478737,-42990.7328855411,-33898.94949486597,-40950.99406422895,-1941.351029921401,-2039.7388213121544,-34875.12600124872,-43910.33797555414,-32923.96952888844,-41968.22371056003,-1951.1564723602758,-1942.1142649941137,-36391.937892876056,-34463.05350010356,-1928.884392772494,-40023.825233515585,-38103.7750323879,-1920.0502011276835,-34207.306106576965,-41721.83432793542,-32258.563392352087,-39759.61352938732,-1948.742714224879,-1962.2207985480982,-35229.855908787424,-40974.36996088688,-33311.48460058117,-39064.77268206837,-1918.3713082062563,-1909.5972788185095,-35812.047710751154,-43074.86813756889,-33818.192546563114,-41097.270720529814,-1993.8551641880372,-1977.5974170390755,-34552.86256533136,-32646.99894534575,-1905.8636199856094,-34432.02532353004,-35703.17294921682,-32413.833261104348,-33761.937077597075,-2018.1920624256961,-1941.2358716197498,-35249.93953121873,-33237.5924344578,-2012.347096760931,-41247.76215327215,-39332.57531309865,-1915.186840173505,-32038.871515500643,-30146.787746177597,-1892.0837693230449
7,4782,840,-53383.350471812075,-35329.63374840813,-50096.38527706002,-33121.36805518154,-3286.965194752051,-2208.265693226587,flu_2022,-38469.57959623827,-41295.947552496764,-36432.29058064546,-39272.605912558894,-2037.2890155928085,-2023.3416399378718,-37160.18607680219,-44572.29719582267,-35145.6823418628,-42455.58713572666,-2014.5037349393897,-2116.7100600960125,-36153.27408396143,-45513.81325413899,-34128.96179340555,-43505.52120308032,-2024.3122905558805,-2008.29205105867,-37737.16685975783,-35733.45920498683,-2003.707654771001,-41494.73203589376,-39501.893538483106,-1992.8384974106527,-35458.77294433415,-43243.028625160856,-33435.737162964,-41213.58977700504,-2023.035781370154,-2029.4388481558115,-36525.023991713235,-42472.18853068437,-34534.09949854513,-40495.04406434853,-1990.9244931681023,-1977.1444663358418,-37135.84138636009,-44655.065352162994,-35065.17305897222,-42611.5255554493,-2070.6683273878675,-2043.539796713697,-35817.83040604395,-33843.649746216426,-1974.1806598275246,-35640.031136771846,-36997.71088583763,-33557.50580421822,-34987.974287823075,-2082.5253325536264,-2009.7365980145569,-36492.02548714051,-34415.338761525476,-2076.686725615035,-42738.74933191639,-40758.67459994575,-1980.0747319706393,-33179.83909028476,-31221.350230427743,-1958.488859857018
8,4873,855,-54471.830138907426,-35982.79142383232,-51123.3402451331,-33737.07396037192,-3348.4898937743283,-2245.7174634604016,flu_2022,-39244.58860619738,-42105.65280124915,-37169.43883175422,-40041.38693179377,-2075.149774443164,-2064.265869455374,-37903.20774769341,-45438.56283373087,-35851.982267964304,-43281.88603620065,-2051.225479729102,-2156.6767975302228,-36878.24650782386,-46393.22310648576,-34815.99144461922,-44346.22059171176,-2062.255063204644,-2047.0025147740018,-38497.596852853836,-36457.497906843666,-2040.098946010168,-42305.69304371159,-40275.65755686094,-2030.035486850646,-36175.586319306276,-44080.41299210518,-34114.48053135876,-42012.821111736994,-2061.1057879475215,-2067.5918803681866,-37258.3990680236,-43297.329174153165,-35231.4156719823,-41283.506346399605,-2026.9833960413052,-2013.8228277535611,-37889.11358650129,-45530.543006528314,-35779.91378802016,-43448.92349561259,-2109.1997984811323,-2081.6195109157256,-36538.816700251075,-34527.15025063996,-2011.6664496111116,-36354.019957194345,-37710.65799395391,-34231.9964651777,-35665.46431231327,-2122.0234920166477,-2045.1936816406342,-37218.41791729328,-35103.37347538494,-2115.0444419083383,-43548.94303059115,-41531.69985888473,-2017.2431717064255,-33834.300281648975,-31838.91565061179,-1995.3846310371837
9,4978,873,-55751.94788134949,-36722.34547067166,-52329.258272882915,-34434.542873918064,-3422.6896084665777,-2287.802596753595,flu_2022,-40141.917478770345,-43036.4305689691,-38020.93253680778,-40931.99004519578,-2120.984941962567,-2104.440523773322,-38760.00122268489,-46436.97463004265,-36667.27829427501,-44237.6703461407,-2092.722928409883,-2199.3042839019486,-37706.81794637773,-47408.937544200824,-35602.81985191279,-45320.84947766736,-2103.9980944649337,-2088.0880665334644,-39374.48807037035,-37290.311487226325,-2084.176583144026,-43240.6168184057,-41167.15932145142,-2073.4574969542778,-36993.576971195886,-45044.06826138292,-34887.87774071559,-42935.81008920944,-2105.6992304803,-2108.2581721734828,-38102.58213276878,-44246.13238297117,-36032.009157462395,-42192.39322071278,-2070.5729753063883,-2053.7391622583914,-38757.53902161865,-46535.03516061645,-36602.51410137991,-44414.67165665523,-2155.0249202387395,-2120.3635039612195,-37368.22241135673,-35315.194658040404,-2053.0277533163217,-37163.224994082215,-38535.013724006734,-34998.58260312626,-36450.057415471136,-2164.64239095595,-2084.956308535598,-38048.35219456297,-35891.724614886894,-2156.627579676074,-44485.27064347366,-42428.394993178044,-2056.8756502956135,-34578.73149853635,-32542.140828699772,-2036.590669836574
10,5054,887,-56687.981004453126,-37261.476445820925,-53218.96354867935,-34944.020500547755,-3469.01745577378,-2317.455945273168,flu_2022,-40788.50518703959,-43706.28654327518,-38640.754295851744,-41571.43981465949,-2147.7508911878476,-2134.8467286156892,-39382.19171127014,-47150.88806868565,-37259.51849749876,-44921.418404255404,-2122.673213771386,-2229.4696644302476,-38311.012504454295,-48134.98944211896,-36177.52161443016,-46016.86278430126,-2133.490890024135,-2118.1266578177015,-40008.74210729209,-37896.7361727303,-2112.005934561793,-43909.22555811634,-41807.955016928674,-2101.270541187666,-37593.20851986164,-45735.50702588032,-35459.49375522074,-43596.49526809835,-2133.7147646408985,-2139.01175778197,-38716.560505371366,-44925.435261791405,-36617.902222516175,-42841.61057450477,-2098.6582828551873,-2083.824687286637,-39386.44584935481,-47258.25546241963,-37203.49874814614,-45107.52560297807,-2182.9471012086647,-2150.729859441553,-37969.60133042733,-35887.72405633879,-2081.87727408854,-37746.55985419779,-39124.77023032206,-35548.48498638646,-37010.5166402132,-2198.0748678113305,-2114.2535901088545,-38640.696536144904,-36451.69077239742,-2189.005763747483,-45146.48423531439,-43059.55124643383,-2086.932988880556,-35118.60261051232,-33051.959253193425,-2066.643357318895
11,5128,895,-57517.03530579152,-37771.48084541931,-53999.442569286024,-35433.716245081625,-3517.592736505494,-2337.764600337683,flu_2022,-41366.83215314836,-44292.113184984264,-39197.40486009038,-42137.02716458815,-2169.427293057983,-2155.086020396114,-39943.8190387063,-47778.08754395274,-37798.70451823402,-45525.45460449239,-2145.114520472277,-2252.632939460342,-38860.273630619326,-48769.31884256986,-36705.58408595595,-46631.63423833906,-2154.6895446633794,-2137.6846042308002,-40574.1117473759,-38440.63734578302,-2133.4744015928836,-44501.16145594695,-42377.89174690293,-2123.269709044019,-38137.44117744068,-46339.81749216793,-35983.433767002796,-44181.40659064343,-2154.0074104378873,-2158.410901524499,-39266.37364284717,-45516.76709792635,-37147.39135991443,-43413.73809942618,-2118.9822829327404,-2103.0289985001705,-39953.003766486894,-47884.518371936036,-37746.299742175346,-45714.903836386155,-2206.7040243115484,-2169.614535549878,-38509.69869715578,-36407.547609671245,-2102.1510874845308,-38325.61014755616,-39649.125841374116,-36108.77500077341,-37515.25304414394,-2216.835146782754,-2133.8727972301754,-39229.54874167219,-37021.671448476445,-2207.8772931957405,-45725.975490946665,-43619.48819486991,-2106.48729607675,-35627.159969137494,-33541.28799551936,-2085.871973618137
12,5192,903,-58226.78065485703,-38234.050925142416,-54677.80227957128,-35878.54137524086,-3548.9783752857443,-2355.5095499015592,flu_2022,-41874.80096836172,-44799.73826729466,-39686.316724081036,-42625.07952314328,-2188.4842442806826,-2174.6587441513825,-40436.82150487932,-48314.465805959255,-38273.016503243845,-46040.643896115886,-2163.805001635476,-2273.8219098433688,-39344.63430194064,-49310.88556223759,-37170.175988008115,-47154.35841414544,-2174.4583139325277,-2156.527148092148,-41069.895428420634,-38918.16967983423,-2151.725748586402,-45006.043495896076,-42864.48237973383,-2141.5611161622433,-38622.403214574035,-46857.72468470984,-36448.90878966158,-44679.08106611094,-2173.4944249124496,-2178.643618598899,-39749.77937096269,-46021.81565508097,-37612.938843912925,-43899.88384393884,-2136.8405270497706,-2121.931811142133,-40447.59501261304,-48416.359033239794,-38221.7401113242,-46226.74435039151,-2225.8549012888398,-2189.614682848281,-38983.80250199789,-36863.00173103295,-2120.8007709649364,-38872.81231073932,-40105.01121212379,-36636.42383650503,-37952.758099020924,-2236.388474234282,-2152.2531131028672,-39788.30981030268,-37561.35060715205,-2226.9592031506227,-46219.089248085904,-44093.985400061065,-2125.1038480248426,-36086.382754610284,-33982.00184165284,-2104.3809129574447
13,5260,911,-59076.79617356599,-38723.64927622949,-55480.065186859465,-36346.30961137289,-3596.7309867065246,-2377.3396648565963,flu_2022,-42466.96112654796,-45421.09508892737,-40255.062626390245,-43221.60241671878,-2211.8985001577175,-2199.4926722085934,-41008.23768615557,-48981.36132836956,-38819.813757814496,-46680.69356092757,-2188.423928341074,-2300.667767441988,-39897.010517445546,-49983.542580761685,-37698.68564869546,-47805.85878931555,-2198.324868750091,-2177.683791446132,-41648.26247800184,-39473.48229021191,-2174.780187789927,-45628.27785792508,-43462.366605171235,-2165.9112527538423,-39163.44325923712,-47497.15287785575,-36966.25713010324,-45295.152169298075,-2197.1861291338855,-2202.0007085576717,-40306.539925436904,-46650.09163021207,-38146.72158287064,-44505.70001786441,-2159.8183425662646,-2144.3916123476574,-41021.13658436347,-49084.32293947903,-38769.11605815865,-46870.305159142146,-2252.0205262048153,-2214.017780336887,-39529.318294370816,-37386.23974675389,-2143.0785476169262,-39416.475517292965,-40647.141042025105,-37159.08959638947,-38474.265750211096,-2257.385920903492,-2172.8752918140067,-40349.07020052371,-38101.10522306557,-2247.9649774581376,-46835.83164161566,-44687.920546482164,-2147.9110951334983,-36581.171255097994,-34454.691131714615,-2126.480123383377
14,5313,918,-59579.95945696532,-39078.97852017499,-55954.68519539488,-36680.63722614498,-3625.2742615704433,-2398.3412940300145,flu_2022,-42856.50693368755,-45813.48892214935,-40620.629715429044,-43592.676664253704,-2235.877218258511,-2220.812257895645,-41386.359026789716,-49393.18689625381,-39176.16860902662,-47073.04560936846,-2210.190417763095,-2320.141286885346,-40261.993630803896,-50407.44874896397,-38042.41487890112,-48209.96361141425,-2219.5787519027713,-2197.4851375497237,-42028.345022245645,-39830.99647653369,-2197.348545711951,-46022.408649010715,-43834.56427180709,-2187.844377203625,-39525.66757691582,-47901.72028523479,-37305.047353076945,-45680.31592035876,-2220.6202238388755,-2221.4043648760367,-40673.898980898775,-47048.43510018346,-38491.084659449814,-44884.20046208681,-2182.8143214489614,-2164.234638096651,-41390.6855432782,-49497.24976130545,-39115.9682539994,-47263.01389005888,-2274.7172892788026,-2234.235871246574,-39892.70291735579,-37728.67144948083,-2164.031467874955,-39836.082499241405,-41005.98154780365,-37559.84140059592,-38814.70850079717,-2276.241098645486,-2191.2730470064776,-40781.08337520052,-38514.460783909846,-2266.6225912906734,-47239.43169588977,-45072.56495679366,-2166.866739096105,-36937.116164364656,-34791.141938930574,-2145.9742254340813
15,5373,924,-60191.20815358229,-39487.407080089964,-56540.946199227496,-37067.4126124788,-3650.261954354791,-2419.9944676111613,flu_2022,-43314.93269909412,-46278.10259347799,-41056.37361158638,-44033.224917357606,-2258.559087507736,-2244.8776761203867,-41829.14160309685,-49887.06935395267,-39596.980763787615,-47543.97068142362,-2232.160839309235,-2343.098672529051,-40696.168622333906,-50911.64402755509,-38454.41929663378,-48690.80741798481,-2241.749325700125,-2220.836609570282,-42479.042644318484,-40260.016576191905,-2219.026068126577,-46490.42611611273,-44280.688440416634,-2209.7376756960925,-39957.831065192695,-48383.59320955249,-37714.31914512413,-46139.68484445848,-2243.5119200685685,-2243.9083650940115,-41111.08305738149,-47522.90369849061,-38906.542536389235,-45336.10926987883,-2204.5405209922546,-2186.794428611782,-41835.609413527825,-49997.098111050705,-39539.66796420363,-47739.67726870057,-2295.9414493241934,-2257.4208423501354,-40322.39847089242,-38136.6101978789,-2185.788273013517,-40308.02328528533,-41425.93488354793,-38008.58947616932,-39212.41775821813,-2299.4338091160066,-2213.517125329801,-41259.85624192952,-38970.0226506193,-2289.833591310219,-47710.3830232488,-45520.259845701046,-2190.12317754776,-37346.542951941585,-35178.76611500591,-2167.776836935676
16,5468,936,-61191.14750644625,-40151.8313514094,-57497.82536908881,-37700.654664661684,-3693.3221373574393,-2451.176686747714,flu_2022,-44065.758111279254,-47061.76934104269,-41773.13297476795,-44781.27564363958,-2292.6251365113094,-2280.4936974031066,-42551.644954560936,-50727.04668038165,-40288.4460657516,-48346.97084559986,-2263.198888809333,-2380.0758347817905,-41402.62785449704,-51763.915690410846,-39127.04363679572,-49509.0738279591,-2275.584217701319,-2254.8418624517417,-43215.05394712679,-40964.34770336595,-2250.706243760839,-47276.736040963755,-45033.288891586126,-2243.4471493776264,-40659.451785342055,-49198.940382044326,-38381.730506253145,-46919.240126033365,-2277.721279088912,-2279.700256010965,-41825.35609934485,-48327.21085957135,-39588.313374152276,-46106.30416691204,-2237.0427251925694,-2220.9066926593114,-42561.54854484825,-50839.91774069658,-40232.079950171465,-48546.07441744361,-2329.468594676783,-2293.843323252971,-41026.14779819865,-38808.539605987746,-2217.6081922109065,-41056.49551511754,-42132.286718637,-38721.98460723892,-39885.82529019878,-2334.5109078786177,-2246.4614284382187,-42023.40704706283,-39698.42050550002,-2324.9865415628105,-48517.22157865952,-46293.138136693655,-2224.0834419658627,-38013.39689357495,-35812.58542108305,-2200.8114724919
17,5561,945,-62164.002713397815,-40784.585629008376,-58432.180602664484,-38302.75761964453,-3731.822110733334,-2481.828009363847,flu_2022,-44789.55503811495,-47797.41077120046,-42464.16290288002,-45484.48136632305,-2325.3921352349303,-2312.929404877411,-43247.189335124574,-51510.726985863075,-40954.127690864334,-49098.20277359622,-2293.0616442602386,-2412.524212266854,-42077.995710211304,-52565.466096903925,-39771.84986205249,-50277.308986195254,-2306.1458481588147,-2288.1571107086697,-43923.242225000446,-41641.21257908889,-2282.0296459115552,-48016.71476688183,-45741.34309595776,-2275.3716709240716,-41332.57150588611,-49962.83328074504,-39022.27383331798,-47651.29695925833,-2310.29767256813,-2311.5363214867107,-42511.071982517045,-49079.93990143744,-40242.6142379718,-46828.345683780564,-2268.4577445452483,-2251.594217656876,-43258.818004266795,-51633.4238900755,-40897.43029991041,-49306.49669429267,-2361.3877043563816,-2326.9271957828337,-41704.6235158654,-39455.5999693213,-2249.0235465440983,-41776.95443017824,-42797.45002733297,-39410.85085335041,-40520.638414468565,-2366.103576827832,-2276.8116128644033,-42757.5329914535,-40400.66135244788,-2356.871639005624,-49268.05670359317,-47012.16983801337,-2255.886865579797,-38650.09544704437,-36418.81939713562,-2231.276049908746
18,5650,957,-63099.53204524843,-41419.33580758295,-59320.130867089974,-38908.27707462377,-3779.401178158456,-2511.058732959183,flu_2022,-45497.38981984158,-48535.63954037106,-43142.204278486584,-46190.2541218956,-2355.185541354992,-2345.3854184754564,-43933.871915303826,-52298.24406106377,-41609.463416895065,-49852.25144025368,-2324.40849840876,-2445.9926208100906,-42740.08323909606,-53369.08767326263,-40404.09151960218,-51050.31973603998,-2335.991719493877,-2318.7679372226453,-44618.08330443307,-42306.70958827273,-2311.3737161603412,-48755.6172425371,-46450.77848782289,-2304.8387547142033,-41986.32546159846,-50729.08577663842,-39646.63040827951,-48387.173694108875,-2339.695053318955,-2341.9120825295495,-43180.61462634686,-49839.36637851767,-40883.678867643626,-47557.752973580835,-2296.9357587032323,-2281.6134049368316,-43942.772370566316,-52432.42091081984,-41552.499257295225,-50073.23732085639,-2390.2731132710883,-2359.183589963451,-42379.81832268085,-40100.6714566633,-2279.1468660175456,-42501.26929805346,-43472.582931042125,-40104.742386392405,-41165.33364152163,-2396.5269116610557,-2307.2492895204937,-43502.55682575422,-41116.2996821853,-2386.2571435689197,-50045.672772461694,-47758.636498243846,-2287.036274217844,-39292.2567242877,-37031.30510059131,-2260.9516236963877
19,5805,967,-64727.88549750853,-42463.44267146373,-60892.49590629778,-39914.92732853002,-3835.3895912107464,-2548.5153429337056,flu_2022,-46674.503460453714,-49746.23372122093,-44280.90243892986,-47362.77336277367,-2393.6010215238557,-2383.460358447263,-45075.50932650617,-53595.91695147066,-42713.478756651624,-51110.03604320017,-2362.030569854548,-2485.880908270489,-43862.529148148,-54691.5815169865,-41489.008779730575,-52334.67401877073,-2373.520368417426,-2356.90749821577,-45780.88709793196,-43432.002393173716,-2348.884704758243,-49980.38838960399,-47637.19818699054,-2343.19020261345,-43091.217237478355,-51993.30347537351,-40714.929060825205,-49614.37585934458,-2376.288176653152,-2378.927616028929,-44307.418220225256,-51084.31806199833,-41973.2543159996,-48765.613326534876,-2334.163904225656,-2318.704735463455,-45105.75294852892,-53752.689595943026,-42676.114429780755,-51356.511993003565,-2429.638518748168,-2396.1776029394637,-43498.89472558417,-41182.98897967407,-2315.905745910105,-43708.4562666792,-44573.49181460945,-41273.569865567304,-42228.265450481784,-2434.886401111891,-2345.226364127665,-44729.6324043065,-42305.33249281557,-2424.29991149093,-51275.60625532809,-48950.64498214389,-2324.9612731842026,-40334.21641417852,-38036.39087613353,-2297.825538044983
20,5964,984,-66371.59212358367,-43547.803081088095,-62460.606363904524,-40946.93269364755,-3910.9857596791544,-2600.8703874405505,flu_2022,-47891.863181702975,-50993.003904855104,-45440.59585624634,-48552.93842281735,-2451.267325456631,-2440.0654820377545,-46252.10881311055,-54925.464402146354,-43836.79825291757,-52379.63571472854,-2415.3105601929788,-2545.828687417819,-45006.05092390805,-56046.583582036765,-42577.11495947062,-53634.599422017236,-2428.935964437426,-2411.984160019525,-46974.81050891959,-44570.29543267594,-2404.515076243649,-51234.35771895464,-48834.61260391054,-2399.7451150441057,-44226.563119555496,-53287.964729895895,-41791.80908626183,-50854.68094988683,-2434.754033293669,-2433.283780009064,-45461.434777188886,-52362.66186367489,-43072.1129173462,-49990.13220070922,-2389.3218598426815,-2372.5296629656746,-46288.50896261479,-55104.33012019683,-43802.05910612391,-52648.08342035339,-2486.4498564908768,-2456.2466998434375,-44657.060187844116,-42287.54971759839,-2369.5104702457247,-44951.80677720914,-45718.836292695174,-42464.843021969034,-43318.337288674156,-2486.9637552401064,-2400.49900402102,-46003.85014836633,-43527.533875839996,-2476.3162725263337,-52568.85529377722,-50188.50723441243,-2380.348059364789,-41428.117403928954,-39076.018688379285,-2352.0987155496705
21,6143,1003,-68421.90590736538,-44832.90814605611,-64425.281246780796,-42180.429218997844,-3996.624660584577,-2652.4789270582633,flu_2022,-49364.79104340529,-52547.170442111856,-46856.21609631687,-50056.6265873653,-2508.5749470884193,-2490.543854746555,-47681.51287151644,-56599.26058982146,-45211.974677955746,-53998.325787576774,-2469.538193560694,-2600.934802244684,-46404.435460788794,-57751.39277712094,-43921.7079465416,-55291.54552317234,-2482.7275142471894,-2459.8472539485992,-48420.23020373511,-45960.12669654785,-2460.103507187258,-52805.855096679945,-50351.68980291182,-2454.165293768127,-45605.45675853116,-54909.57249217567,-43114.43092426114,-52424.898541373565,-2491.025834270019,-2484.673950802105,-46867.25399167616,-53954.545763073154,-44422.794133087926,-51530.855493384355,-2444.4598585882363,-2423.6902696888005,-47727.08773559166,-56788.40370117391,-45183.62151319175,-54279.17977036717,-2543.4662223999103,-2509.223930806744,-46035.62493767093,-43614.046667159,-2421.5782705119323,-46384.00284880967,-47109.799296976766,-43843.537807451365,-44656.725791740595,-2540.46504135831,-2453.073505236173,-47469.85041689421,-44941.04104227407,-2528.809374620142,-54147.303478501926,-51716.18551217617,-2431.1179663257535,-42716.67038250665,-40312.32151574178,-2404.348866764869
22,6301,1018,-69949.02894587579,-45905.158463726424,-65900.27350471097,-43208.18323267988,-4048.755441164818,-2696.9752310465383,flu_2022,-50521.30711288479,-53759.268190709205,-47971.00277494554,-51223.545531512595,-2550.304337939246,-2535.7226591966087,-48812.40719528383,-57900.444343167146,-46299.71846432326,-55256.44734200656,-2512.688730960568,-2643.9970011605856,-47518.725855622804,-59091.52841453643,-44993.15486150702,-56586.18595665873,-2525.570994115786,-2505.342457877698,-49564.36743909251,-47062.39708502697,-2501.9703540655387,-54034.55236909171,-51539.68096571626,-2494.8714033754536,-46706.45566296214,-56189.141633372645,-44173.3448045426,-53659.846649799525,-2533.1108584195367,-2529.2949835731224,-47983.32222300687,-55212.298644472765,-45497.45543781582,-52744.438630957775,-2485.866785191051,-2467.860013514989,-48857.56074465948,-58108.9212302363,-46273.43847118869,-55554.08816374312,-2584.122273470793,-2554.833066493178,-47139.779570563194,-44673.46877921294,-2466.3107913502536,-47615.636960057585,-48225.54858326615,-45027.42422275109,-45726.90043846417,-2588.2127373064977,-2498.6481448019817,-48719.233148128755,-46144.334277993315,-2574.8988701354424,-55416.9467442405,-52941.22272269283,-2475.72402154767,-43787.232403134796,-41338.780818118445,-2448.451585016355
23,6475,1039,-71858.2955002548,-47129.51201265905,-67716.03953877685,-44378.32932649698,-4142.255961477947,-2751.1826861620684,flu_2022,-51910.22819581164,-55184.25198338358,-49301.06400280917,-52593.89390994748,-2609.164193002465,-2590.358073436104,-50159.44619763605,-59418.68960761058,-47588.54092580051,-56715.075880326985,-2570.9052718355415,-2703.6137272835895,-48833.58829822348,-60634.9192350115,-46249.99085940548,-58076.584080948436,-2583.597438818004,-2558.335154063058,-50927.78540678491,-48367.916799066305,-2559.8686077186085,-55468.98997882882,-52916.89853500195,-2552.0914438268655,-48006.2612321573,-57663.59167641972,-45414.124306505895,-55079.45471512416,-2592.1369256514095,-2584.1369612955577,-49301.573141620276,-56661.57442981627,-46758.25463900393,-54140.6636240437,-2543.318502616351,-2520.910805772571,-50212.928321613756,-59640.889615160006,-47568.16018039755,-57031.2866160874,-2644.7681412162033,-2609.60299907261,-48446.380477694955,-45926.09692004546,-2520.2835576494945,-49027.613245755354,-49509.95593374023,-46384.915537532084,-46959.91113499392,-2642.6977082232715,-2550.0447987463144,-50167.0955868505,-47538.46432743841,-2628.631259412088,-56857.93603371559,-54328.6735597227,-2529.2624739928838,-45020.153506528724,-42518.21203568542,-2501.941470843304
24,6680,1057,-74065.48125390976,-48536.71683456364,-69839.92610504151,-45725.93376365447,-4225.555148868258,-2810.7830709091677,flu_2022,-53528.20945052831,-56878.64313166257,-50858.620633996055,-54227.47911680735,-2669.588816532256,-2651.1640148552156,-51721.609540783444,-61234.53058315467,-49090.88644968974,-58468.80204509071,-2630.723091093709,-2765.7285380639587,-50359.99790064951,-62489.94979590539,-47716.71465814252,-59871.55057620533,-2643.283242506996,-2618.3992197000625,-52515.63376410548,-49896.147855415926,-2619.48590868955,-57177.22526085827,-54565.537727385636,-2611.6875334726346,-49511.82667122855,-59433.145483660424,-46859.513452198684,-56789.17844710592,-2652.3132190298625,-2643.9670365545016,-50839.8192443004,-58405.838242454905,-48237.7966237746,-55825.00155709982,-2602.0226205258023,-2580.836685355082,-51792.390415547954,-61485.93609925328,-49086.739372406926,-58814.70498165169,-2705.6510431410265,-2671.2311176015933,-49973.20182564613,-47392.31744053547,-2580.8843851106594,-50595.56631363265,-51039.53641441421,-47889.43559222776,-48427.31623475027,-2706.1307214048848,-2612.2201796639374,-51765.546033284925,-49073.96550771413,-2691.580525570797,-58605.926160882285,-56015.537507979956,-2590.388652902329,-46439.09984906882,-43877.50383119842,-2561.596017870401
25,6834,1077,-75726.1408090746,-49617.81982305899,-71426.29761108595,-46754.66545129427,-4299.843197988654,-2863.1543717647214,flu_2022,-54741.74799277957,-58131.11558170875,-52018.157136215195,-55424.27699103456,-2723.5908565643763,-2706.838590674187,-52902.91090158541,-62566.55066907695,-50220.06126862557,-59746.7676496961,-2682.8496329598415,-2819.7830193808477,-51519.45442599906,-63855.76839394878,-48823.15819227299,-61182.36098229319,-2696.2962337260683,-2673.407411655596,-53706.65884482415,-51035.353250970154,-2671.3055938539974,-58438.68051301229,-55775.5854535041,-2663.0950595081913,-50658.73646562971,-60734.03447590527,-47952.91293946272,-58035.76721662047,-2705.8235261669806,-2698.267259284799,-51998.094466822426,-59680.893468276474,-49345.161632052674,-57045.61104308492,-2652.9328347697497,-2635.2824251915526,-52972.44449981277,-62831.34579176824,-50215.68679584826,-60105.55513905063,-2756.757703964508,-2725.790652717607,-51113.51856647406,-48478.00647567485,-2635.5120907992077,-51840.37992507635,-52168.390646604166,-49077.382821240695,-49500.08174958396,-2762.997103835652,-2668.30889702021,-53034.07393035894,-50286.73465649047,-2747.33927386847,-59868.18705752848,-57223.27369171592,-2644.9133658125556,-47526.79216857462,-44911.881759729426,-2614.9104088451954
0,87,1,-818.3962416452378,-879.5287303274232,-758.5515492247641,-819.224925618708,-59.84469242047363,-60.303804708715255,othervirus_2022,-573.3670951264663,-464.1599908924568,-561.6498099097386,-456.39492164826,-11.717285216727804,-7.765069244196802,-555.3321433308738,-468.5286520144999,-543.0858095411456,-460.46813545107693,-12.246333789728128,-8.060516563422997,-538.439652511282,-465.5765961085375,-528.9770540401555,-459.51007969786207,-9.462598471126507,-6.066516410675409,-565.2770074376166,-552.8945269186218,-12.382480518994859,-463.9679806983772,-456.51381748650596,-7.454163211871198,-557.3875553292092,-455.26804035485327,-547.686293305981,-447.7185275855214,-9.701262023228248,-7.549512769331886,-541.8859393737373,-445.4471144215004,-531.4065598350115,-438.7401990229023,-10.479379538725746,-6.706915398598095,-554.9842192881379,-468.6123685233558,-542.726904960111,-461.8934007120964,-12.257314328026824,-6.7189678112594065,-538.537800036112,-529.5713431220709,-8.96645691404119,-749.712140092352,-437.7329186680613,-736.2712704945852,-432.36884863135714,-13.44086959776683,-5.364070036704149,-763.5099018682099,-749.322782333516,-14.187119534693938,-412.05735881335727,-407.7753542950768,-4.282004518280481,-542.674593518564,-536.6014177892934,-6.073175729270688
1,386,14,-3392.8478646254766,-2384.948132089385,-3287.0636254379524,-2264.5899702522315,-105.78423918752432,-120.35816183715352,othervirus_2022,-2508.9553527527723,-2036.6372848124824,-2460.385587789525,-1990.5203396292247,-48.569764963247636,-46.11694518325779,-2413.0189221923515,-2053.6911291901865,-2364.342452267033,-2010.2611773314836,-48.67646992531865,-43.42995185870288,-2332.81589409677,-2049.1922799336885,-2286.808321392094,-2006.6069398078314,-46.0075727046758,-42.58534012585692,-2462.51342133809,-2413.579195387276,-48.934225950814415,-2019.4470439720835,-1976.2515419645415,-43.19550200754193,-2430.3825534069288,-1995.3402001876686,-2383.7168740606503,-1951.3251365022052,-46.66567934627845,-44.01506368546347,-2362.9798871480884,-1961.9246295918517,-2315.8567248979402,-1919.2754575075414,-47.12316225014828,-42.64917208431038,-2402.4287286353883,-2054.2204842415535,-2353.643670058245,-2008.530971811569,-48.78505857714357,-45.68951242998424,-2372.9524570475096,-2326.355848104562,-46.5966089429475,-3275.079245492765,-1961.2665285005496,-3221.4129603099163,-1919.6400826222248,-53.66628518284881,-41.6264458783249,-3340.5934814078164,-3286.325473824331,-54.26800758348563,-1884.8343339053145,-1843.6931069024747,-41.141227002839734,-2417.2541626590587,-2373.1370550365996,-44.1171076224589
2,640,30,-5565.08369446046,-3595.8162657696266,-5369.331520085874,-3417.0838041175975,-195.7521743745856,-178.7324616520289,othervirus_2022,-4134.774893637618,-3348.199951163308,-4027.078910628391,-3244.5065216849043,-107.69598300922706,-103.69342947840352,-3984.4763412517586,-3375.9281811525266,-3876.547655766574,-3272.2551750451557,-107.92868548518503,-103.67300610737078,-3857.029984838962,-3359.8756330983033,-3752.0442001861675,-3261.3275741367315,-104.98578465279431,-98.54805896157177,-4057.6382794957026,-3949.438381798467,-108.19989769723546,-3317.6233345988094,-3215.302686800835,-102.32064779797415,-4019.516059167994,-3272.600618924609,-3912.374154501851,-3171.962089897379,-107.14190466614329,-100.63852902722988,-3896.955169675595,-3213.9223108625347,-3791.0598001816443,-3115.884609328719,-105.8953694939503,-98.0377015338158,-3958.081058310133,-3353.3444126256054,-3846.4499289419145,-3248.7790285938454,-111.63112936821858,-104.56538403176009,-3909.450276924783,-3806.6510533512555,-102.79922357352757,-5473.0824109200175,-3238.371442134984,-5361.26551060565,-3142.1081572800167,-111.81690031436796,-96.26328485496728,-5586.711385546765,-5474.4849844590735,-112.22640108769173,-3100.9761462641427,-3000.705482795359,-100.27066346878377,-4021.319655184482,-3920.517184436065,-100.80247074841726
3,791,40,-6834.022339544179,-4298.244021411966,-6604.8581236115715,-4089.0132662343726,-229.16421593260753,-209.2307551775932,othervirus_2022,-5099.109943213089,-4115.734106174803,-4961.215876950238,-3983.5100948151967,-137.89406626284978,-132.2240113596067,-4909.434846894139,-4143.917195052707,-4771.429968914437,-4012.2452908839005,-138.00487797970152,-131.67190416880695,-4748.270796339209,-4124.334443424892,-4612.508063986617,-3995.640371810947,-135.7627323525908,-128.69407161394477,-5004.073072902762,-4864.654678312471,-139.41839459029097,-4077.27987868697,-3945.8291745393117,-131.45070414765826,-4956.261187944455,-4019.3792266081414,-4817.996368719887,-3888.9411395173174,-138.26481922456824,-130.4380870908238,-4804.230301955284,-3950.243063994212,-4666.51300509678,-3822.2740742171472,-137.71729685850363,-127.96898977706502,-4872.570389307266,-4117.071081060491,-4730.136019135722,-3980.4764058350397,-142.43437017154463,-136.59467522545154,-4818.446476089545,-4684.651300060235,-133.7951760293103,-6737.370631930401,-3988.796161456033,-6594.155448476433,-3859.842135994353,-143.21518345396854,-128.95402546168003,-6878.466761614572,-6733.90654309467,-144.5602185199013,-3815.1001462165095,-3684.92864476592,-130.17150145058918,-4960.589132462348,-4828.65503946437,-131.93409299797824
4,986,49,-8538.804443423265,-5295.520508213891,-8263.962910695362,-5056.420291602681,-274.8415327279031,-239.10021661121027,othervirus_2022,-6384.305698491154,-5186.633013234288,-6216.108005132179,-5024.6539416523065,-168.1976933589747,-161.97907158198188,-6145.93300084101,-5228.966222626471,-5978.09494664727,-5066.359746756449,-167.8380541937397,-162.60647587002217,-5940.749084491892,-5207.826801436081,-5774.646458700473,-5050.284242865175,-166.10262579141886,-157.54255857090598,-6263.562290657429,-6094.02337850062,-169.5389121568091,-5135.941149833601,-4974.642264540151,-161.29888529345035,-6196.622270691619,-5072.767267148882,-6028.049393845791,-4912.152615984366,-168.5728768458277,-160.61465116451552,-6013.410979345994,-4987.6200781462685,-5845.817562346348,-4830.493905022213,-167.59341699964617,-157.12617312405524,-6101.900014042887,-5199.017422684564,-5926.789545719493,-5031.461989159658,-175.11046832339417,-167.55543352490582,-6040.947992801475,-5876.436570304724,-164.51142249675127,-8401.035375193365,-5027.082761865557,-8227.455185596169,-4867.335355285373,-173.58018959719718,-159.74740658018317,-8583.617050543578,-8407.030309068297,-176.58674147528106,-4836.428305221671,-4676.48253655033,-159.94576867134015,-6212.503674532915,-6050.933842059207,-161.56983247370886
5,1187,53,-10139.211824381959,-6233.892946022113,-9840.08272123135,-5977.855940780204,-299.1291031506088,-256.0370052419091,othervirus_2022,-7634.402338434424,-6177.946321024789,-7449.397411975453,-5998.988711139924,-185.0049264589702,-178.9576098848651,-7349.363713155134,-6220.142560300652,-7164.183392908102,-6040.7768695940495,-185.180320247032,-179.36569070660272,-7104.49461858899,-6195.191473372764,-6921.393506039218,-6021.9593333975745,-183.10111254977215,-173.2321399751895,-7491.443953964075,-7304.5537569083235,-186.8901970557519,-6118.577074587167,-5941.6022825152195,-176.9747920719477,-7415.15173340201,-6040.179391242087,-7229.90452405927,-5863.73629538101,-185.24720934273938,-176.44309586107767,-7189.811890869383,-5944.4860187560735,-7004.856316702297,-5771.405408973662,-184.9555741670864,-173.08060978241164,-7292.1737997524115,-6189.751857772858,-7100.184096116248,-6004.673046107293,-191.98970363616397,-185.0788116655648,-7231.6887303854255,-7049.998766566039,-181.68996381938643,-10122.844829333464,-6007.612028718039,-9930.714216232624,-5829.670799744093,-192.13061310084007,-177.9412289739467,-10344.253201244717,-10148.42948967708,-195.82371156763702,-5778.963557387145,-5602.570358999269,-176.39319838787603,-7465.27698262348,-7286.313608488773,-178.96337413470732
6,1456,60,-12304.15301223184,-7429.206549961965,-11962.380444512055,-7141.060373107748,-341.7725677197845,-288.1461768542167,othervirus_2022,-9284.641685058183,-7466.443600657284,-9072.417006760312,-7259.546922093408,-212.22467829787004,-206.89667856387615,-8939.155079566182,-7507.106952617967,-8726.265371023928,-7300.3196758093245,-212.88970854225468,-206.7872768086427,-8645.631648754748,-7476.484382762261,-8433.444257825751,-7274.792622652123,-212.18739092899628,-201.6917601101378,-9112.092046937329,-8897.909397987145,-214.18264895018402,-7392.97912222066,-7189.87214208046,-203.1069801402002,-9036.253762559118,-7293.052235823756,-8822.65042331731,-7088.564868219039,-213.60333924180904,-204.48736760471627,-8746.153040899993,-7174.6015096074425,-8534.4677513946,-6974.99107210318,-211.68528950539178,-199.61043750426225,-8863.071534753633,-7460.860781295105,-8643.830754432922,-7249.3772161971665,-219.24078032071128,-211.4835650979385,-8797.354664594113,-8588.002865802218,-209.35179879189468,-12404.523499064899,-7280.859834167862,-12183.838292150336,-7076.287567740423,-220.68520691456294,-204.57226642743862,-12670.316213643686,-12446.596588345423,-223.7196252982622,-6972.515464739073,-6769.7468622259,-202.76860251317288,-9116.080094246456,-8909.985979518497,-206.09411472795912
7,1799,68,-15025.035818248682,-8893.726705951241,-14640.002578902497,-8576.870265705951,-385.033239346184,-316.85644024529057,othervirus_2022,-11385.018207623018,-9072.359914859435,-11143.10920419663,-8836.931830101503,-241.90900342638892,-235.42808475793177,-10962.071975008008,-9098.847703919064,-10719.599198622407,-8864.384549914888,-242.4727763856012,-234.4631540041759,-10610.135200631796,-9053.055537060316,-10368.05771714611,-8823.30696091403,-242.07748348568524,-229.74857614628678,-11174.889556513708,-10930.518614657592,-244.37094185611525,-8988.34329361177,-8756.830467271568,-231.51282634020203,-11090.01971008255,-8847.271078456386,-10845.975688167187,-8614.143887185372,-244.0440219153617,-233.12719127101366,-10720.7729838779,-8707.31124625029,-10479.62703988499,-8479.737916337212,-241.1459439929087,-227.5733299130788,-10868.824098155688,-9047.743511198325,-10619.48527260763,-8807.558599739832,-249.33882554805945,-240.18491145849288,-10784.77503580299,-10544.851756526165,-239.92327927682555,-15344.991070475997,-8856.90282954842,-15094.128593004498,-8623.61110733477,-250.86247747149943,-233.29172221365062,-15662.425433838212,-15408.724631043206,-253.70080279500715,-8420.40268137786,-8189.857845451725,-230.54483592613616,-11197.342009158096,-10961.697557716298,-235.64445144179794
8,2153,81,-17817.74446875816,-10437.34947777324,-17374.4510165471,-10077.384960109692,-443.29345221105865,-359.9645176635473,othervirus_2022,-13542.701663748769,-10749.053185301824,-13257.213518091372,-10473.350390288855,-285.48814565739593,-275.7027950129683,-13053.101456337492,-10765.285340532331,-12768.402436413728,-10490.920262477644,-284.69901992376526,-274.3650780546862,-12649.267685073053,-10705.923220770712,-12366.128416146645,-10437.567838414476,-283.1392689264085,-268.3553823562353,-13291.590058218653,-13004.186587307846,-287.40347091080764,-10653.341689143108,-10380.508084967694,-272.83360417541303,-13223.71447750853,-10471.308017450181,-12936.92581104949,-10199.400772709532,-286.7886664590403,-271.9072447406488,-12758.666078939159,-10302.334304283497,-12475.307528149697,-10035.777502041132,-283.358550789463,-266.55680224236505,-12935.224658477517,-10690.691223951937,-12643.52383936062,-10411.756243428224,-291.7008191168978,-278.9349805237118,-12833.294580081118,-12551.061501626413,-282.2330784547043,-18424.866153373576,-10512.402886674437,-18130.015829810713,-10238.735193415729,-294.85032356286234,-273.66769325870854,-18802.684502708657,-18505.46233351979,-297.2221691888646,-9953.301165069855,-9683.549243721809,-269.75192134804576,-13387.757406009972,-13111.023708157962,-276.73369785201083
9,2666,91,-21890.893759223967,-12770.66945378246,-21387.95196073084,-12363.97178971564,-502.941798493128,-406.6976640668192,othervirus_2022,-16708.607886138092,-13274.3711235195,-16375.596676921845,-12952.66809484262,-333.0112092162467,-321.7030286768798,-16133.65524873928,-13286.00463035881,-15802.551401281671,-12964.549660820236,-331.10384745760814,-321.45496953857327,-15661.069449435056,-13219.57064902432,-15331.646809994952,-12908.07662647439,-329.4226394401022,-311.49402254992816,-16407.905170314993,-16074.259497823343,-333.6456724916504,-13173.196062913512,-12854.916848343182,-318.27921457032915,-16346.402664736694,-12939.087840362094,-16012.315823387926,-12622.384775324557,-334.08684134876813,-316.7030650375372,-15754.695930976952,-12725.375336480809,-15425.543871112828,-12413.87651050015,-329.1520598641244,-311.4988259806588,-15976.329665421996,-13195.42075982999,-15639.250914308468,-12870.690549618834,-337.0787511135276,-324.73021021115665,-15835.190520044984,-15507.884852791947,-327.3056672530366,-22903.924596023284,-12973.660365496795,-22565.242510967964,-12654.992118534417,-338.68208505531993,-318.6682469623768,-23376.934975915832,-23035.688485767914,-341.2464901479185,-12267.424693467197,-11953.647179289752,-313.7775141774446,-16574.979029486647,-16253.697208717233,-321.281820769413
10,3253,104,-26701.306279790264,-15378.536331122305,-26130.68711157619,-14918.598497569006,-570.6191682140735,-459.9378335532982,othervirus_2022,-20394.615670492036,-16180.382780477748,-20002.53935009235,-15806.525567355,-392.0763203996874,-373.8572131227491,-19698.449011691922,-16180.814590852919,-19314.808668345657,-15807.133099049337,-383.6403433462647,-373.68149180358233,-19141.66492949972,-16098.752975392477,-18758.297871682444,-15734.444501213275,-383.36705781727494,-364.3084741792021,-20023.590201150168,-19633.321849109743,-390.26835204042584,-16062.56808857436,-15689.243707490361,-373.32438108399936,-19959.698872389054,-15760.672192151367,-19566.685626285853,-15392.103042195777,-393.01324610319955,-368.5691499555914,-19226.86394198508,-15495.597483962925,-18841.23292787438,-15132.089756226109,-385.6310141107019,-363.50772773681626,-19507.204122495048,-16066.407399386968,-19114.511095560763,-15688.234048678145,-392.693026934283,-378.1733507088229,-19306.721852978044,-18924.385404485325,-382.3364484927206,-28037.07873454865,-15785.419484932036,-27643.44270139371,-15413.656644605458,-393.6360331549409,-371.76284032657765,-28613.363896873667,-28218.864663242177,-394.49923363148883,-14873.584269855082,-14508.390027513666,-365.1942423414174,-20211.857764464283,-19836.694230141136,-375.1635343231478
11,3952,115,-32318.38793591397,-18441.014210133853,-31684.238304841052,-17927.21398241385,-634.1496310729153,-513.8002277200037,othervirus_2022,-24723.20402933214,-19576.506796047765,-24278.58762396104,-19151.554661574864,-444.6164053710998,-424.9521344728989,-23887.477884463566,-19566.126379339083,-23451.438935317023,-19139.597992410243,-436.03894914654256,-426.5283869288396,-23230.9241647036,-19464.561950830728,-22796.223697744816,-19048.398696625707,-434.70046695878364,-416.16325420502045,-24276.64893494645,-23833.712547975432,-442.9363869710184,-19450.12835207328,-19024.771058460283,-425.35729361299803,-24216.262479171353,-19070.66514830564,-23770.749225601674,-18648.424104054106,-445.5132535696788,-422.24104425153706,-23312.193126407823,-18750.37576209184,-22874.446055098633,-18332.909884896835,-437.7470713091898,-417.4658771950053,-23656.705640215874,-19436.049673151174,-23213.27628482708,-19004.276338694643,-443.42935538879385,-431.77333445653215,-23389.843362029653,-22955.00274340385,-434.84061862580273,-34059.47787745549,-19081.4294204963,-33611.55001729578,-18655.525544878095,-447.9278601597031,-425.90387561820523,-34743.62656950602,-34295.712455083405,-447.91411442261864,-17937.48560253998,-17519.111314911526,-418.37428762845116,-24500.795672963905,-24072.330957434886,-428.4647155290199
12,4789,141,-39260.6255549759,-22146.791597179174,-38500.791370182465,-21530.417718711968,-759.8341847934317,-616.3738784672064,othervirus_2022,-29987.09033425519,-23719.512210374935,-29434.836660028526,-23194.44952191127,-552.2536742266651,-525.0626884636669,-28985.537913129334,-23708.692749417347,-28447.928720673804,-23179.013017082016,-537.6091924555286,-529.6797323353298,-28207.194807690463,-23584.889037278845,-27671.116795551046,-23067.284095857554,-536.0780121394173,-517.6049414212889,-29441.3227687207,-28893.529894422263,-547.792874298437,-23572.231878052666,-23042.459417508493,-529.7724605441738,-29387.47250758057,-23099.617941137007,-28835.15157527139,-22575.169850280246,-552.3209323091794,-524.4480908567604,-28281.442079718567,-22692.6079669498,-27738.91131858369,-22174.305360119928,-542.5307611348744,-518.302606829873,-28700.31271410162,-23532.01391243905,-28153.049065430918,-22996.81391023977,-547.2636486707028,-535.2000021992809,-28348.963201051985,-27813.476784905222,-535.486416146762,-41394.524985413635,-23101.81909158143,-40840.6367302829,-22576.216379168178,-553.8882551307338,-525.6027124132507,-42222.69285148509,-41669.7913981244,-552.9014533606912,-21650.07721129921,-21129.47678089812,-520.6004304010892,-29704.785432181226,-29174.962896939753,-529.8225352414729
13,5633,159,-46002.35860091937,-25755.55904891151,-45126.56203957138,-25061.889506521973,-875.7965613479876,-693.6695423895362,othervirus_2022,-35171.96631182982,-27733.60774261262,-34536.80742457539,-27129.617948751496,-635.1588872544271,-603.9897938611261,-33995.49022411606,-27698.230468377144,-33377.6331901413,-27086.900480480217,-617.8570339747577,-611.3299878969269,-33084.16415807264,-27545.976832669865,-32466.27087407851,-26948.888375510774,-617.8932839941369,-597.0884571590899,-34526.28938681448,-33896.37807024787,-629.9113165666109,-27560.013011651117,-26948.145149308773,-611.8678623423448,-34480.625520373134,-26990.491841959,-33843.478086975665,-26385.216648855887,-637.1474333974681,-605.2751931031136,-33164.45333047947,-26513.24498699767,-32540.11550571966,-25916.256853104358,-624.3378247598087,-596.9881338933124,-33646.98778799767,-27479.76418535972,-33015.200015870185,-26863.585618233352,-631.7877721274837,-616.1785671263685,-33243.25108449919,-32626.869501995672,-616.3815825035176,-48702.07264301328,-27036.58755437016,-48069.28816042269,-26433.021848075994,-632.7844825905828,-603.5657062941654,-49674.61589661646,-49043.34239693092,-631.2734996855366,-25280.92060399583,-24681.97487544869,-598.9457285471397,-34877.71762697092,-34268.75304898154,-608.9645779893852
14,6499,173,-52744.78879087637,-29292.666215867226,-51790.28808030491,-28533.152547089907,-954.5007105714602,-759.5136687773199,othervirus_2022,-40387.046517820774,-31680.954080557593,-39685.16048701234,-31012.591420275214,-701.8860308084332,-668.3626602823783,-39026.20955323443,-31586.216046939557,-38342.408623706084,-30912.082180036545,-683.8009295283512,-674.1338669030135,-37969.23475327289,-31398.585438498947,-37284.4825717469,-30736.979238581534,-684.7521815259906,-661.6061999174142,-39636.19764473342,-38939.77487067898,-696.4227740544366,-31459.42590578184,-30784.332464907508,-675.0934408743349,-39610.58255758361,-30784.26786004694,-38906.847358173705,-30116.03964795914,-703.7351994099052,-668.2282120877996,-38068.64882673898,-30245.774724228333,-37378.01270049333,-29585.486205773377,-690.6361262456453,-660.2885184549558,-38612.99464696876,-31325.695506733002,-37916.26693608025,-30645.197861552686,-696.7277108885137,-680.4976451803169,-38185.37503454503,-37503.42577682052,-681.9492577245134,-56171.34749921636,-30956.09349635663,-55470.7616141163,-30286.61535040645,-700.5858851000613,-669.4781459501803,-57292.40433825329,-56592.61500458318,-699.7893336701125,-28845.59850852522,-28183.206645674705,-662.3918628505161,-40130.80141623335,-39456.80464025299,-673.9967759803639
15,7414,196,-60012.75563657129,-33271.91896868509,-58917.46416279115,-32411.60489843819,-1095.291473780143,-860.3140702468988,othervirus_2022,-45992.63518593501,-36042.06973909699,-45191.868160117716,-35277.51292237267,-800.7670258172967,-764.5568167243185,-44451.38298623942,-35919.771004800685,-43667.81084986399,-35148.3058538364,-783.5721363754243,-771.4651509642878,-43264.71809752086,-35713.59942263514,-42479.10344616749,-34955.13781963987,-785.6146513533685,-758.4616029952663,-45139.70428300987,-44343.057749712025,-796.6465332978487,-35788.7120078093,-35017.73936417405,-770.9726436352483,-45141.61196979444,-35021.61537424151,-44339.05683013529,-34257.99729847198,-802.5551396591509,-763.6180757695347,-43365.67947235835,-34408.425218047414,-42575.93224265033,-33652.968202606724,-789.7472297080268,-755.4570154406879,-43988.89612782301,-35624.25833742059,-43189.55792028615,-34851.00276153069,-799.3382075368623,-773.2555758899066,-43507.623386005995,-42727.427290805106,-780.1960952008909,-64120.66784129798,-35258.4216621515,-63319.40918067183,-34490.361523477484,-801.258660626157,-768.0601386740176,-65395.7517004283,-64592.672327850945,-803.0793725773565,-32834.56754931012,-32077.235248625566,-757.3323006845596,-45778.159102216196,-45006.75807400018,-771.4010282160156
16,8712,234,-70468.2670025011,-38730.05672362388,-69179.54819053464,-37726.33186063944,-1288.7188119664681,-1003.7248629844378,othervirus_2022,-53978.162406833115,-42100.68342417707,-53022.77505754103,-41192.15376088953,-955.3873492920808,-908.5296632875366,-52130.58976097162,-41922.412947745244,-51199.79689367689,-41009.36344650798,-930.7928672947342,-913.0495012372633,-50719.69802992525,-41659.247234870476,-49791.70265379378,-40762.483263806964,-927.9953761314705,-896.7639710635093,-52987.656655571474,-52039.395552153124,-948.2611034183485,-41807.52193182367,-40890.15895905751,-917.3629727661613,-52981.98854936174,-40872.80369704365,-52030.16187328805,-39971.09940458346,-951.8266760736892,-901.7042924601885,-50891.716271258236,-40170.64811560751,-49951.56523267136,-39274.64101158105,-940.1510385868748,-896.0071040264603,-51633.20540973469,-41620.1480653391,-50683.177879891606,-40706.780814511585,-950.0275298430855,-913.3672508275145,-51092.79365686816,-50164.62434105769,-928.1693158104699,-75306.16522619086,-41257.58279068218,-74354.48617718308,-40346.14566421418,-951.6790490077776,-911.437126467999,-76777.67890143217,-75823.4423861193,-954.23651531286,-38306.35783218057,-37408.27351418978,-898.0843179907879,-53720.2666821239,-52804.71174102155,-915.5549411023503
17,9791,260,-79113.76475551462,-43338.35672232509,-77664.72283983379,-42229.960900967846,-1449.0419156808382,-1108.395821357237,othervirus_2022,-60589.73831509739,-47196.221792950775,-59526.83541489128,-46182.887246827384,-1062.9029002061143,-1013.3345461233882,-58517.837044783744,-46984.703457157404,-57480.850355896844,-45962.36600141348,-1036.9866888869017,-1022.3374557439258,-56937.57195101675,-46681.6329549156,-55902.81750914734,-45682.60609212839,-1034.754441869406,-999.026862787209,-59477.293893428934,-58422.93961303596,-1054.354280392974,-46862.512524823,-45840.70717714991,-1021.8053476730963,-59492.58834526603,-45808.667815447596,-58433.604971929984,-44802.489744228216,-1058.9833733360451,-1006.1780712193821,-57128.650574072206,-45018.19852816105,-56085.5913437108,-44020.76911849043,-1043.0592303614048,-997.4294096706175,-57965.27751660626,-46644.4802368813,-56907.15417432217,-45628.534783144394,-1058.1233422840853,-1015.9454537369081,-57375.14032338399,-56340.76998189172,-1034.370341492268,-84660.89616930934,-46289.98392915966,-83604.66597993167,-45276.56169685643,-1056.230189377674,-1013.4222323032324,-86311.80350505313,-85252.59498773649,-1059.2085173166358,-42936.15969419775,-41936.70828009863,-999.4514140991168,-60350.8297624986,-59333.31856821419,-1017.5111942844055
18,10857,288,-87430.34348499669,-47869.06070808958,-85817.42859994325,-46648.09123003298,-1612.9148850534448,-1220.9694780565956,othervirus_2022,-67045.06910102285,-52134.279017973866,-65869.42157342588,-51006.617419421396,-1175.647527596968,-1127.6615985524659,-64734.80196532331,-51880.185482761444,-63586.38741214432,-50742.95302815096,-1148.4145531789893,-1137.2324546104837,-62976.87180820148,-51542.36861821266,-61829.085943235244,-50428.99229296502,-1147.7858649662405,-1113.3763252476392,-65823.09874740703,-64657.166743695154,-1165.932003711873,-51763.66033279237,-50631.75233171272,-1131.9080010796526,-65839.03580104145,-50592.75546746058,-64669.57393496434,-49477.23723385476,-1169.4618660771016,-1115.5182336058215,-63215.015477868925,-49734.27327113498,-62061.33493472623,-48628.395140311535,-1153.6805431426988,-1105.8781308234431,-64130.036153296576,-51522.25680415694,-62958.91786432759,-50396.01148837479,-1171.1182889689878,-1126.2453157821524,-63522.82970475431,-62376.540913633304,-1146.2887911210084,-93801.08244423845,-51211.429128915785,-92628.80654781326,-50081.97954139631,-1172.2758964251914,-1129.449587519476,-95623.55308599783,-94444.5360096394,-1179.0170763584317,-47490.037092817256,-46378.88970689166,-1111.1473859255914,-66857.92984078349,-65729.62805226032,-1128.3017885231743
19,11956,313,-96031.85988431655,-52566.27931566605,-94280.40829693625,-51237.520887732295,-1751.451587380302,-1328.7584279337568,othervirus_2022,-73720.61363134226,-57276.301590017014,-72434.51452054165,-56040.24910964816,-1286.0991108006094,-1236.0524803688559,-71174.46557598843,-56974.67925756488,-69917.2979721859,-55728.25560380894,-1257.1676038025294,-1246.4236537559375,-69219.23106862695,-56596.244126607824,-67962.29201917106,-55375.538604354326,-1256.9390494558886,-1220.7055222534982,-72376.63666186825,-71101.82462316705,-1274.8120387011977,-56857.31059655816,-55617.81084797012,-1239.499748588042,-72384.32812646139,-55568.632028104126,-71104.18925813028,-54345.63593695444,-1280.1388683311056,-1222.9960911496858,-69494.82000718819,-54642.397587266016,-68233.03805750313,-53429.156410345284,-1261.781949685055,-1213.241176920731,-70496.85759801314,-56588.28107438172,-69217.72660061003,-55351.82099767585,-1279.1309974031155,-1236.4600767058623,-69872.87191808264,-68620.20676811319,-1252.6651499694517,-103225.37455942083,-56311.015350226604,-101944.35312752656,-55075.05523845548,-1281.0214318942742,-1235.9601117711204,-105238.76925582983,-103952.45239222248,-1286.316863607357,-52224.7514652649,-51005.19759078795,-1219.5538744769435,-73567.2060694472,-72332.27507107213,-1234.9309983750757
20,13006,343,-104453.67826535212,-57243.5999196839,-102553.8394840137,-55814.706373566,-1899.8387813384181,-1428.8935461179015,othervirus_2022,-80211.74240782877,-62311.469431579884,-78821.22443800817,-60980.52302133124,-1390.5179698206057,-1330.9464102486475,-77415.97456365531,-61999.50378914752,-76051.64094381592,-60654.244208788725,-1364.3336198393954,-1345.259580358801,-75260.83452389626,-61590.47153946967,-73898.55404541806,-60273.86531188892,-1362.2804784782072,-1316.6062275807458,-78759.24642399304,-77378.91169259745,-1380.334731395588,-61859.33687537907,-60524.09216614088,-1335.2447092381904,-78722.92547521391,-60475.35090417977,-77339.46152402084,-59153.114679117694,-1383.4639511930793,-1322.236225062079,-75605.69028560341,-59485.407368150314,-74242.18765526474,-58174.5657956997,-1363.5026303386653,-1310.8415724506115,-76695.65098698356,-61618.36733530148,-75312.392140811,-60285.98778055742,-1383.2588461725568,-1332.3795547440623,-76057.71647599421,-74702.21329226838,-1355.5031837258346,-112176.75328292657,-61301.012997568956,-110791.26788661855,-59965.144735607384,-1385.4853963080225,-1335.868261961572,-114360.68217834368,-112969.6370946602,-1391.0450836834802,-56912.65085703209,-55597.224486588406,-1315.426370443681,-80024.54504763235,-78689.29169470874,-1335.2533529236089
21,13960,378,-112429.51850023273,-61652.62477649026,-110343.68023036237,-60094.28526762679,-2085.8382698703695,-1558.3395088634709,othervirus_2022,-86263.3852699326,-67117.89979766092,-84734.02506374539,-65654.3734015995,-1529.3602061872098,-1463.5263960614286,-83248.57950581089,-66816.24320730443,-81749.05885762715,-65336.80905173646,-1499.520648183734,-1479.4341555679644,-80928.26576435655,-66386.77142145086,-79430.24750511136,-64940.31731504505,-1498.0182592451865,-1446.4541064058103,-84698.46362233003,-83181.64945681771,-1516.8141655123231,-66630.00514462544,-65161.43189717504,-1468.5732474503898,-84633.88134403499,-65162.747025855155,-83111.64096229948,-63709.743675337246,-1522.240381735509,-1453.0033505179056,-81310.98790532768,-64089.61691435766,-79811.13552293164,-62649.6004075043,-1499.8523823960454,-1440.0165068533636,-82484.90687154065,-66409.84760279498,-80963.13305886702,-64944.6418920419,-1521.7738126736294,-1465.2057107530713,-81783.07100937952,-80296.28872875216,-1486.7822806273552,-120421.88321418178,-65988.43631111282,-118900.26584440631,-64524.5232286021,-1521.617369775468,-1463.9130825107165,-122773.96080888294,-121246.52377700477,-1527.4370318781748,-61331.52786386534,-59885.34265281529,-1446.1852110500504,-85979.27869334823,-84513.08977288185,-1466.188920466372
22,14839,408,-119861.26257148276,-65784.84483634826,-117634.60740303119,-64128.094160261564,-2226.65516845157,-1656.7506760867004,othervirus_2022,-91879.7336200252,-71610.07882086698,-90252.4532806759,-70050.25105930166,-1627.280339349305,-1559.8277615653137,-88664.2924579416,-71332.65694443794,-87063.78416263284,-69755.42178980121,-1600.5082953087538,-1577.2351546367333,-86181.08056547033,-70889.61489322352,-84583.36967152556,-69344.98386855194,-1597.7108939447617,-1544.6310246715916,-90213.26182385108,-88597.89693321663,-1615.3648906344454,-71091.70461647457,-69529.77013460567,-1561.9344818689008,-90102.32378138734,-69552.56926146532,-88484.70708763109,-68004.48152814806,-1617.6166937562582,-1548.0877333172753,-86602.93163977205,-68407.85921636545,-85006.83693450257,-66871.91489403021,-1596.0947052694862,-1535.9443223352398,-87854.98475198842,-70908.08645322206,-86236.81936442964,-69345.96567148065,-1618.1653875587829,-1562.120781741415,-87089.72708799619,-85504.02998228997,-1585.697105706212,-127949.01024847971,-70346.91365168725,-126325.61946523539,-68779.98043167141,-1623.390783244319,-1566.9332200158353,-130451.78733131228,-128820.79103800237,-1630.9962933099164,-65465.92518120767,-63923.22774792579,-1542.6974332818786,-91466.17028265381,-89902.78274028427,-1563.3875423695388
23,15494,440,-125275.80553425044,-68748.98913458626,-122889.10339567797,-66975.66921931166,-2386.7021385724724,-1773.3199152745979,othervirus_2022,-96017.25034024104,-74840.64186248742,-94270.92864796137,-73164.38069283913,-1746.321692279666,-1676.2611696482893,-92649.54661739901,-74564.51412584097,-90934.5041484018,-72867.28199220625,-1715.0424689972197,-1697.232133634729,-90057.89058892895,-74102.37105161574,-88343.85997499723,-72439.70751434645,-1714.0306139317072,-1662.6635372692986,-94282.81783959153,-92550.65252454203,-1732.165315049491,-74314.42166349643,-72633.62778727293,-1680.7938762235033,-94156.90389890395,-72703.89206539349,-92421.15084805034,-71038.49555099878,-1735.7530508536156,-1665.396514394712,-90509.95306444124,-71511.09219442241,-88797.62164717427,-69858.45961949787,-1712.3314172669798,-1652.6325749245418,-91823.49113614486,-74141.55374823544,-90086.85449092144,-72463.5414574469,-1736.6366452234245,-1678.0122907885407,-91023.30949113585,-89321.68613599094,-1701.623355144909,-133648.3145069438,-73524.40473857657,-131906.4300667057,-71840.91089676862,-1741.8844402380987,-1683.493841807955,-136253.8645385128,-134504.39049620592,-1749.4740423068931,-68435.15787887797,-66775.84200467449,-1659.3158742034823,-95568.92584018728,-93889.85451210332,-1679.0713280839575
24,16434,463,-132994.8233542485,-73045.67367693038,-130497.32530666092,-71189.43600190511,-2497.498047587581,-1856.2376750252715,othervirus_2022,-101939.74559549398,-79503.25536297866,-100108.20689292457,-77746.74938507388,-1831.5387025694054,-1756.5059779047679,-98359.48808295795,-79233.75251004787,-96559.08495068976,-77454.40248878728,-1800.4031322681888,-1779.3500212605838,-95614.30779042281,-78755.03315731487,-93815.4253554307,-77009.41636221838,-1798.8824349921038,-1745.6167950964814,-100104.98046838236,-98287.49414329733,-1817.4863250850312,-78967.6477734824,-77202.7165493901,-1764.931224092302,-99962.06270239163,-77263.38360307408,-98142.7848017337,-75515.06900396499,-1819.277900657939,-1748.3145991090796,-96104.49558654078,-76003.07319817493,-94306.82978725538,-74267.48859294625,-1797.6657992853964,-1735.5846052286831,-97510.2553178192,-78821.66527671434,-95688.80208136352,-77063.94007193574,-1821.453236455673,-1757.725204778606,-96649.24587942654,-94864.78590827278,-1784.4599711537535,-141755.66385520148,-78084.29529529376,-139927.59530026594,-76317.33144847513,-1828.0685549355508,-1766.9638468186265,-144506.65497330672,-142670.24093922117,-1836.4140340855643,-72733.76739067696,-70993.24427803565,-1740.5231126413153,-101434.51922746302,-99672.03259874333,-1762.4866287196867
25,17335,492,-140411.21665392327,-77090.0140052416,-137776.61122385747,-75140.03681788669,-2634.60543006581,-1949.9771873549018,othervirus_2022,-107596.78777062272,-83939.22806925121,-105662.08402722423,-82090.18408694076,-1934.703743398482,-1849.0439823104543,-103828.51626309325,-83678.49647890916,-101930.67770219826,-81804.19717134188,-1897.8385608949902,-1874.299307567281,-100945.6633681306,-83190.5734471543,-99050.6088026639,-81351.36243458158,-1895.0545654666996,-1839.2110125727168,-105664.1481751985,-103746.12150159644,-1918.0266736020587,-83401.66356221079,-81539.01649135113,-1862.647070859662,-105516.38497427329,-81601.15121368223,-103597.33288660676,-79759.63437353048,-1919.0520876665314,-1841.5168401517426,-101449.88804365671,-80259.34690895907,-99553.48891098706,-78429.92022643154,-1896.399132669663,-1829.4266825275315,-102939.38212481177,-83258.18356571106,-101019.09287686442,-81410.11466223077,-1920.2892479473478,-1848.068903480295,-102012.88945198405,-100130.6275842588,-1882.2618677252613,-149600.548651667,-82423.82273266523,-147669.8657096079,-80562.06247118696,-1930.6829420590932,-1861.7602614782706,-152492.76172112816,-150555.11836069307,-1937.6433604350814,-76781.98268042602,-74949.09073971344,-1832.8919407125757,-107051.9648363042,-105192.82053284366,-1859.1443034605406
