fob,week,n_so_far,top_kin,top_share,best_share,top_is_best,top_same_family,group_testable,top_group,top_group_share,true_group_share,top_group_right,stranger,novelty_gap,nll,tau
covid_2020,0,2,othervirus_2013,0.07129800808657279,0.055781167101478665,False,,False,flu,0.5038624544010021,,,0.0533529123189778,1.1034119031022867,,0.01
covid_2020,1,8,othervirus_2013,0.07060305436913418,0.05796230600873788,False,,False,flu,0.5190108413616935,,,0.052187181456539805,1.1034119031022867,,0.01
covid_2020,2,39,flu_2019,0.07702812522845878,0.07444533409068406,False,,False,flu,0.6373370194436315,,,0.058440878414190864,1.1034119031022867,,0.01
covid_2020,3,749,flu_2017,0.3930310258401387,0.3930310258401387,True,,False,flu,0.9999970589498546,,,0.3157356782106017,1.1034119031022867,,0.01
covid_2020,4,3538,flu_2017,0.8548997815423897,0.8548997815423897,True,,False,flu,1.0000000000000129,,,0.9999995725550893,1.1034119031022867,,0.01
covid_2020,5,7670,flu_2017,0.9819644651741608,0.9819644651741608,True,,False,flu,1.0000000000000162,,,1.0,1.1034119031022867,,0.01
covid_2020,6,11660,flu_2017,0.9974686088000139,0.9974686088000139,True,,False,flu,1.0000000000000557,,,1.0,1.1034119031022867,,0.01
covid_2020,7,16833,flu_2017,0.9998090883081217,0.9998090883081217,True,,False,flu,1.0000000000000417,,,1.0,1.1034119031022867,,0.01
covid_2020,8,25622,flu_2017,0.9999974339458457,0.9999974339458457,True,,False,flu,0.9999999999999045,,,1.0,1.1034119031022867,,0.01
covid_2020,9,36488,flu_2017,0.9999999956294232,0.9999999956294232,True,,False,flu,0.99999999999987,,,1.0,1.1034119031022867,,0.01
covid_2020,10,49955,flu_2017,0.9999999999990905,0.9999999999990905,True,,False,flu,1.0000000000000397,,,1.0,1.1034119031022867,,0.01
covid_2020,11,64280,flu_2017,1.0,1.0,True,,False,flu,1.0,,,1.0,1.1034119031022867,,0.01
covid_2020,12,79851,flu_2017,1.0,1.0,True,,False,flu,1.0,,,1.0,1.1034119031022867,,0.01
covid_2020,13,96235,flu_2017,1.0,1.0,True,,False,flu,1.0,,,1.0,1.1034119031022867,,0.01
covid_2020,14,112317,flu_2017,1.0,1.0,True,,False,flu,1.0,,,1.0,1.1034119031022867,,0.01
covid_2020,15,131858,flu_2017,1.0,1.0,True,,False,flu,1.0,,,1.0,1.1034119031022867,,0.01
covid_2020,16,151080,flu_2017,1.0,1.0,True,,False,flu,1.0,,,1.0,1.1034119031022867,,0.01
covid_2020,17,169299,flu_2017,1.0,1.0,True,,False,flu,1.0,,,1.0,1.1034119031022867,,0.01
covid_2020,18,189339,flu_2017,1.0,1.0,True,,False,flu,1.0,,,1.0,1.1034119031022867,,0.01
covid_2020,19,210012,flu_2017,1.0,1.0,True,,False,flu,1.0,,,1.0,1.1034119031022867,,0.01
covid_2020,20,231168,flu_2017,1.0,1.0,True,,False,flu,1.0,,,1.0,1.1034119031022867,,0.01
covid_2020,21,252038,flu_2017,1.0,1.0,True,,False,flu,1.0,,,1.0,1.1034119031022867,,0.01
covid_2020,22,271902,flu_2017,1.0,1.0,True,,False,flu,1.0,,,1.0,1.1034119031022867,,0.01
covid_2020,23,290466,flu_2017,1.0,1.0,True,,False,flu,1.0,,,1.0,1.1034119031022867,,0.01
covid_2020,24,307438,flu_2017,1.0,1.0,True,,False,flu,1.0,,,1.0,1.1034119031022867,,0.01
covid_2020,25,324315,flu_2017,1.0,1.0,True,,False,flu,1.0,,,1.0,1.1034119031022867,,0.01
covid_2021,0,737,covid_2020,0.9999959814432371,0.9999959814432371,True,True,True,covid,0.9999959814432371,0.9999959814432371,True,1.2174225807775943e-10,0.06460394696058014,4.018564837328937e-06,0.01
covid_2021,1,7554,covid_2020,1.0,1.0,True,True,True,covid,1.0,1.0,True,3.4970786356600403e-11,0.06460394696058014,-0.0,0.01
covid_2021,2,21023,covid_2020,1.0,1.0,True,True,True,covid,1.0,1.0,True,2.0157542242329592e-11,0.06460394696058014,-0.0,0.01
covid_2021,3,36793,covid_2020,1.0,1.0,True,True,True,covid,1.0,1.0,True,1.812469779723515e-10,0.06460394696058014,-0.0,0.01
covid_2021,4,53613,covid_2020,1.0,1.0,True,True,True,covid,1.0,1.0,True,1.2028272136552837e-09,0.06460394696058014,-0.0,0.01
covid_2021,5,72155,covid_2020,1.0,1.0,True,True,True,covid,1.0,1.0,True,9.249093917547327e-09,0.06460394696058014,-0.0,0.01
covid_2021,6,90936,covid_2020,1.0,1.0,True,True,True,covid,1.0,1.0,True,3.398110045267754e-08,0.06460394696058014,-0.0,0.01
covid_2021,7,116927,covid_2020,1.0,1.0,True,True,True,covid,1.0,1.0,True,7.16515702958619e-07,0.06460394696058014,-0.0,0.01
covid_2021,8,147145,covid_2020,1.0,1.0,True,True,True,covid,1.0,1.0,True,0.00017002198156504324,0.06460394696058014,-0.0,0.01
covid_2021,9,183742,covid_2020,1.0,1.0,True,True,True,covid,1.0,1.0,True,0.509639605050153,0.06460394696058014,-0.0,0.01
covid_2021,10,227552,covid_2020,1.0,1.0,True,True,True,covid,1.0,1.0,True,0.9999993535422889,0.06460394696058014,-0.0,0.01
covid_2021,11,271289,covid_2020,1.0,1.0,True,True,True,covid,1.0,1.0,True,1.0,0.06460394696058014,-0.0,0.01
covid_2021,12,320277,covid_2020,1.0,1.0,True,True,True,covid,1.0,1.0,True,1.0,0.06460394696058014,-0.0,0.01
covid_2021,13,363522,covid_2020,1.0,1.0,True,True,True,covid,1.0,1.0,True,1.0,0.06460394696058014,-0.0,0.01
covid_2021,14,408700,covid_2020,1.0,1.0,True,True,True,covid,1.0,1.0,True,1.0,0.06460394696058014,-0.0,0.01
covid_2021,15,446619,covid_2020,1.0,1.0,True,True,True,covid,1.0,1.0,True,1.0,0.06460394696058014,-0.0,0.01
covid_2021,16,486350,covid_2020,1.0,1.0,True,True,True,covid,1.0,1.0,True,1.0,0.06460394696058014,-0.0,0.01
covid_2021,17,522712,covid_2020,1.0,1.0,True,True,True,covid,1.0,1.0,True,1.0,0.06460394696058014,-0.0,0.01
covid_2021,18,558642,covid_2020,1.0,1.0,True,True,True,covid,1.0,1.0,True,1.0,0.06460394696058014,-0.0,0.01
covid_2021,19,595907,covid_2020,1.0,1.0,True,True,True,covid,1.0,1.0,True,1.0,0.06460394696058014,-0.0,0.01
covid_2021,20,635497,covid_2020,1.0,1.0,True,True,True,covid,1.0,1.0,True,1.0,0.06460394696058014,-0.0,0.01
covid_2021,21,671078,covid_2020,1.0,1.0,True,True,True,covid,1.0,1.0,True,1.0,0.06460394696058014,-0.0,0.01
covid_2021,22,713386,covid_2020,1.0,1.0,True,True,True,covid,1.0,1.0,True,1.0,0.06460394696058014,-0.0,0.01
covid_2021,23,754007,covid_2020,1.0,1.0,True,True,True,covid,1.0,1.0,True,1.0,0.06460394696058014,-0.0,0.01
covid_2021,24,791175,covid_2020,1.0,1.0,True,True,True,covid,1.0,1.0,True,1.0,0.06460394696058014,-0.0,0.01
covid_2021,25,822924,covid_2020,1.0,1.0,True,True,True,covid,1.0,1.0,True,1.0,0.06460394696058014,-0.0,0.01
covid_2022,0,917,covid_2020,0.45162672277918803,0.45162672277918803,True,True,True,covid,0.6300660043706977,0.6300660043706977,True,4.154900577202445e-12,0.3351954644879793,0.46193069624205324,0.01
covid_2022,1,6235,covid_2020,0.5608846872012585,0.5608846872012585,True,True,True,covid,0.5619186672736697,0.5619186672736697,True,3.7442701571543105e-07,0.3351954644879793,0.5763981597150305,0.01
covid_2022,2,17562,covid_2020,0.9997458682929433,0.9997458682929433,True,True,True,covid,0.9997458685035105,0.9997458685035105,True,0.9999463419420922,0.3351954644879793,0.00025416379337009104,0.01
covid_2022,3,33458,covid_2020,1.0,1.0,True,True,True,covid,1.0,1.0,True,1.0,0.3351954644879793,-0.0,0.01
covid_2022,4,49919,covid_2020,1.0,1.0,True,True,True,covid,1.0,1.0,True,1.0,0.3351954644879793,-0.0,0.01
covid_2022,5,66086,covid_2020,1.0,1.0,True,True,True,covid,1.0,1.0,True,1.0,0.3351954644879793,-0.0,0.01
covid_2022,6,78407,covid_2020,1.0,1.0,True,True,True,covid,1.0,1.0,True,1.0,0.3351954644879793,-0.0,0.01
covid_2022,7,87695,covid_2020,1.0,1.0,True,True,True,covid,1.0,1.0,True,1.0,0.3351954644879793,-0.0,0.01
covid_2022,8,92365,covid_2020,1.0,1.0,True,True,True,covid,1.0,1.0,True,1.0,0.3351954644879793,-0.0,0.01
covid_2022,9,97039,covid_2020,1.0,1.0,True,True,True,covid,1.0,1.0,True,1.0,0.3351954644879793,-0.0,0.01
covid_2022,10,100462,covid_2020,1.0,1.0,True,True,True,covid,1.0,1.0,True,1.0,0.3351954644879793,-0.0,0.01
covid_2022,11,103035,covid_2020,1.0,1.0,True,True,True,covid,1.0,1.0,True,1.0,0.3351954644879793,-0.0,0.01
covid_2022,12,105226,covid_2020,1.0,1.0,True,True,True,covid,1.0,1.0,True,1.0,0.3351954644879793,-0.0,0.01
covid_2022,13,106887,covid_2020,1.0,1.0,True,True,True,covid,1.0,1.0,True,1.0,0.3351954644879793,-0.0,0.01
covid_2022,14,108063,covid_2020,1.0,1.0,True,True,True,covid,1.0,1.0,True,1.0,0.3351954644879793,-0.0,0.01
covid_2022,15,109113,covid_2020,1.0,1.0,True,True,True,covid,1.0,1.0,True,1.0,0.3351954644879793,-0.0,0.01
covid_2022,16,110675,covid_2020,1.0,1.0,True,True,True,covid,1.0,1.0,True,1.0,0.3351954644879793,-0.0,0.01
covid_2022,17,112042,covid_2020,1.0,1.0,True,True,True,covid,1.0,1.0,True,1.0,0.3351954644879793,-0.0,0.01
covid_2022,18,113490,covid_2020,1.0,1.0,True,True,True,covid,1.0,1.0,True,1.0,0.3351954644879793,-0.0,0.01
covid_2022,19,115432,covid_2020,1.0,1.0,True,True,True,covid,1.0,1.0,True,1.0,0.3351954644879793,-0.0,0.01
covid_2022,20,118118,covid_2020,1.0,1.0,True,True,True,covid,1.0,1.0,True,1.0,0.3351954644879793,-0.0,0.01
covid_2022,21,121665,covid_2020,1.0,1.0,True,True,True,covid,1.0,1.0,True,1.0,0.3351954644879793,-0.0,0.01
covid_2022,22,125938,covid_2020,1.0,1.0,True,True,True,covid,1.0,1.0,True,1.0,0.3351954644879793,-0.0,0.01
covid_2022,23,129772,covid_2020,1.0,1.0,True,True,True,covid,1.0,1.0,True,1.0,0.3351954644879793,-0.0,0.01
covid_2022,24,135660,covid_2020,1.0,1.0,True,True,True,covid,1.0,1.0,True,1.0,0.3351954644879793,-0.0,0.01
covid_2022,25,141962,covid_2020,1.0,1.0,True,True,True,covid,1.0,1.0,True,1.0,0.3351954644879793,-0.0,0.01
flu_2013,0,39,h1n1_2009,1.0,1.0,True,True,True,flu,1.0,1.0,True,0.19021593612148757,0.9879520413327967,-0.0,0.01
flu_2013,1,83,h1n1_2009,1.0,1.0,True,True,True,flu,1.0,1.0,True,0.23208127153291547,0.9879520413327967,-0.0,0.01
flu_2013,2,152,h1n1_2009,1.0,1.0,True,True,True,flu,1.0,1.0,True,0.36314505132302666,0.9879520413327967,-0.0,0.01
flu_2013,3,296,h1n1_2009,1.0,1.0,True,True,True,flu,1.0,1.0,True,0.6045462152474533,0.9879520413327967,-0.0,0.01
flu_2013,4,518,h1n1_2009,1.0,1.0,True,True,True,flu,1.0,1.0,True,0.9090517255817533,0.9879520413327967,-0.0,0.01
flu_2013,5,771,h1n1_2009,1.0,1.0,True,True,True,flu,1.0,1.0,True,0.9944900231678501,0.9879520413327967,-0.0,0.01
flu_2013,6,1001,h1n1_2009,1.0,1.0,True,True,True,flu,1.0,1.0,True,0.9994735202807172,0.9879520413327967,-0.0,0.01
flu_2013,7,1322,h1n1_2009,1.0,1.0,True,True,True,flu,1.0,1.0,True,0.9999887280499343,0.9879520413327967,-0.0,0.01
flu_2013,8,1579,h1n1_2009,1.0,1.0,True,True,True,flu,1.0,1.0,True,0.999998648156297,0.9879520413327967,-0.0,0.01
flu_2013,9,2011,h1n1_2009,1.0,1.0,True,True,True,flu,1.0,1.0,True,0.999999981494952,0.9879520413327967,-0.0,0.01
flu_2013,10,2421,h1n1_2009,1.0,1.0,True,True,True,flu,1.0,1.0,True,0.9999999995969517,0.9879520413327967,-0.0,0.01
flu_2013,11,2793,h1n1_2009,1.0,1.0,True,True,True,flu,1.0,1.0,True,0.9999999999928946,0.9879520413327967,-0.0,0.01
flu_2013,12,3210,h1n1_2009,1.0,1.0,True,True,True,flu,1.0,1.0,True,0.9999999999998295,0.9879520413327967,-0.0,0.01
flu_2013,13,3561,h1n1_2009,1.0,1.0,True,True,True,flu,1.0,1.0,True,1.0,0.9879520413327967,-0.0,0.01
flu_2013,14,3881,h1n1_2009,1.0,1.0,True,True,True,flu,1.0,1.0,True,1.0,0.9879520413327967,-0.0,0.01
flu_2013,15,4202,h1n1_2009,1.0,1.0,True,True,True,flu,1.0,1.0,True,1.0,0.9879520413327967,-0.0,0.01
flu_2013,16,4499,h1n1_2009,1.0,1.0,True,True,True,flu,1.0,1.0,True,1.0,0.9879520413327967,-0.0,0.01
flu_2013,17,4736,h1n1_2009,1.0,1.0,True,True,True,flu,1.0,1.0,True,1.0,0.9879520413327967,-0.0,0.01
flu_2013,18,4935,h1n1_2009,1.0,1.0,True,True,True,flu,1.0,1.0,True,1.0,0.9879520413327967,-0.0,0.01
flu_2013,19,5084,h1n1_2009,1.0,1.0,True,True,True,flu,1.0,1.0,True,1.0,0.9879520413327967,-0.0,0.01
flu_2013,20,5223,h1n1_2009,1.0,1.0,True,True,True,flu,1.0,1.0,True,1.0,0.9879520413327967,-0.0,0.01
flu_2013,21,5350,h1n1_2009,1.0,1.0,True,True,True,flu,1.0,1.0,True,1.0,0.9879520413327967,-0.0,0.01
flu_2013,22,5463,h1n1_2009,1.0,1.0,True,True,True,flu,1.0,1.0,True,1.0,0.9879520413327967,-0.0,0.01
flu_2013,23,5540,h1n1_2009,1.0,1.0,True,True,True,flu,1.0,1.0,True,1.0,0.9879520413327967,-0.0,0.01
flu_2013,24,5616,h1n1_2009,1.0,1.0,True,True,True,flu,1.0,1.0,True,1.0,0.9879520413327967,-0.0,0.01
flu_2013,25,5680,h1n1_2009,1.0,1.0,True,True,True,flu,1.0,1.0,True,1.0,0.9879520413327967,-0.0,0.01
flu_2014,0,29,othervirus_2013,0.4774077134474816,0.2994051224051471,False,False,True,flu,0.5225922865525183,0.5225922865525183,True,0.1124968855863927,0.03540450651951055,0.6489536857586301,0.01
flu_2014,1,61,othervirus_2013,0.4600486044925709,0.33602388156393304,False,False,True,flu,0.5399513955074289,0.5399513955074289,True,0.11421317468204889,0.03540450651951055,0.616276151794385,0.01
flu_2014,2,73,othervirus_2013,0.46179345295867164,0.35350702424870495,False,False,True,flu,0.5382065470413284,0.5382065470413284,True,0.11730741070672007,0.03540450651951055,0.6195128760637141,0.01
flu_2014,3,99,othervirus_2013,0.4380889983590677,0.4064930510197935,False,False,True,flu,0.561911001640932,0.561911001640932,True,0.1274259942042379,0.03540450651951055,0.5764118016982418,0.01
flu_2014,4,141,flu_2013,0.5076952082265968,0.5076952082265968,True,True,True,flu,0.6167624237495788,0.6167624237495788,True,0.15446066620805235,0.03540450651951055,0.4832713798767665,0.01
flu_2014,5,187,flu_2013,0.5890479806902562,0.5890479806902562,True,True,True,flu,0.6553785067803082,0.6553785067803082,True,0.1694124285353984,0.03540450651951055,0.42254233730412466,0.01
flu_2014,6,256,flu_2013,0.7046010670990879,0.7046010670990879,True,True,True,flu,0.7539845844905245,0.7539845844905245,True,0.18614901711868337,0.03540450651951055,0.28238335615596144,0.01
flu_2014,7,317,flu_2013,0.7924463317760327,0.7924463317760327,True,True,True,flu,0.8253860810151182,0.8253860810151182,True,0.20369798511190274,0.03540450651951055,0.19190402512651392,0.01
flu_2014,8,412,flu_2013,0.9052469727467546,0.9052469727467546,True,True,True,flu,0.9150028169624203,0.9150028169624203,True,0.23128672772284523,0.03540450651951055,0.08882813506390094,0.01
flu_2014,9,476,flu_2013,0.9371856544362877,0.9371856544362877,True,True,True,flu,0.9432153932285285,0.9432153932285285,True,0.2360410744567391,0.03540450651951055,0.05846060967530381,0.01
flu_2014,10,550,flu_2013,0.9623703727790828,0.9623703727790828,True,True,True,flu,0.9643720798419891,0.9643720798419891,True,0.2317082797725393,0.03540450651951055,0.036278083900934226,0.01
flu_2014,11,584,flu_2013,0.9692458145486764,0.9692458145486764,True,True,True,flu,0.9711156971489704,0.9711156971489704,True,0.22842726080213382,0.03540450651951055,0.02930966521531127,0.01
flu_2014,12,661,flu_2013,0.9837063592965789,0.9837063592965789,True,True,True,flu,0.9844573854680918,0.9844573854680918,True,0.24397336026253644,0.03540450651951055,0.01566466729628292,0.01
flu_2014,13,731,flu_2013,0.991538798536105,0.991538798536105,True,True,True,flu,0.9918687641956033,0.9918687641956033,True,0.24141356855742704,0.03540450651951055,0.008164474606566142,0.01
flu_2014,14,795,flu_2013,0.9949163962271472,0.9949163962271472,True,True,True,flu,0.9950891596768515,0.9950891596768515,True,0.2349255965691609,0.03540450651951055,0.00492293812264713,0.01
flu_2014,15,877,flu_2013,0.996953401255803,0.996953401255803,True,True,True,flu,0.9970164829972705,0.9970164829972705,True,0.23016427319667968,0.03540450651951055,0.0029879765619048723,0.01
flu_2014,16,938,flu_2013,0.9979555607275703,0.9979555607275703,True,True,True,flu,0.9979941589649851,0.9979941589649851,True,0.2328982170448021,0.03540450651951055,0.0020078554282963097,0.01
flu_2014,17,1001,flu_2013,0.998393959740727,0.998393959740727,True,True,True,flu,0.9984173445812508,0.9984173445812508,True,0.24472588287120373,0.03540450651951055,0.0015839091408177872,0.01
flu_2014,18,1040,flu_2013,0.9986341226344335,0.9986341226344335,True,True,True,flu,0.9986486796975738,0.9986486796975738,True,0.24203745897988907,0.03540450651951055,0.0013522341590742517,0.01
flu_2014,19,1100,flu_2013,0.998834484866111,0.998834484866111,True,True,True,flu,0.9988415621035148,0.9988415621035148,True,0.24833473243290743,0.03540450651951055,0.0011591094043153561,0.01
flu_2014,20,1151,flu_2013,0.9990967979635964,0.9990967979635964,True,True,True,flu,0.999100395660417,0.999100395660417,True,0.2490594355579504,0.03540450651951055,0.0009000092264104355,0.01
flu_2014,21,1202,flu_2013,0.9992126527840097,0.9992126527840097,True,True,True,flu,0.9992146005460015,0.9992146005460015,True,0.2528540262892334,0.03540450651951055,0.0007857080417366474,0.01
flu_2014,22,1261,flu_2013,0.9994656544319799,0.9994656544319799,True,True,True,flu,0.9994666375668644,0.9994666375668644,True,0.2514792073073871,0.03540450651951055,0.0005335047214745795,0.01
flu_2014,23,1311,flu_2013,0.9995947851327428,0.9995947851327428,True,True,True,flu,0.9995952636390225,0.9995952636390225,True,0.2595081858387486,0.03540450651951055,0.0004048182888453059,0.01
flu_2014,24,1334,flu_2013,0.9996458829689833,0.9996458829689833,True,True,True,flu,0.9996462414993126,0.9996462414993126,True,0.2644213673290227,0.03540450651951055,0.0003538210879867834,0.01
flu_2014,25,1396,flu_2013,0.9997793953043826,0.9997793953043826,True,True,True,flu,0.9997795602204687,0.9997795602204687,True,0.2641167076490049,0.03540450651951055,0.00022046407995079668,0.01
flu_2015,0,22,othervirus_2013,0.27170700565405614,0.17814325968948216,False,False,True,othervirus,0.5219996091046408,0.47800039089535934,False,0.08239643539792224,0.0553964030932228,0.7381437287182971,0.01
flu_2015,1,35,othervirus_2013,0.27959902417816906,0.1870919398762745,False,False,True,othervirus,0.5226271529243947,0.4773728470756056,False,0.08349147994474641,0.0553964030932228,0.7394574433694218,0.01
flu_2015,2,47,othervirus_2013,0.2778507665982822,0.21119338613772132,False,False,True,othervirus,0.5042666735354433,0.4957333264645564,False,0.09277209683886302,0.0553964030932228,0.7017171450988025,0.01
flu_2015,3,60,othervirus_2013,0.2969451015887904,0.20954621355360714,False,False,True,othervirus,0.5315091374116497,0.46849086258835015,False,0.09147625649002375,0.0553964030932228,0.7582386810406014,0.01
flu_2015,4,80,othervirus_2013,0.31063759961322096,0.20514666680206706,False,False,True,othervirus,0.5497395414833275,0.45026045851667224,False,0.08725025231913892,0.0553964030932228,0.7979290669522623,0.01
flu_2015,5,105,othervirus_2013,0.31241970044992656,0.22335247614034764,False,False,True,othervirus,0.5268099913126492,0.47319000868735095,False,0.09012368282229244,0.0553964030932228,0.7482582614555271,0.01
flu_2015,6,119,othervirus_2013,0.33267770887535003,0.22080855496965932,False,False,True,othervirus,0.5567885822767953,0.44321141772320477,False,0.0944006638203438,0.0553964030932228,0.8137083818700568,0.01
flu_2015,7,129,othervirus_2013,0.32527517710054,0.23328412473195576,False,False,True,othervirus,0.5313377650386797,0.4686622349613206,False,0.09643190512073944,0.0553964030932228,0.7578729513101471,0.01
flu_2015,8,158,othervirus_2013,0.31314669881796625,0.27218961862257884,False,False,True,flu,0.5214986338956807,0.5214986338956807,True,0.10701440732171165,0.0553964030932228,0.6510486241119879,0.01
flu_2015,9,208,flu_2014,0.3450621294068882,0.3450621294068882,True,True,True,flu,0.6279147148687234,0.6279147148687234,True,0.1263135139396975,0.0553964030932228,0.4653509260853505,0.01
flu_2015,10,271,flu_2014,0.4169168021561734,0.4169168021561734,True,True,True,flu,0.7120130321044817,0.7120130321044817,True,0.15035730650139156,0.0553964030932228,0.3396590642201381,0.01
flu_2015,11,331,flu_2014,0.4831880087070567,0.4831880087070567,True,True,True,flu,0.8117165300829955,0.8117165300829955,True,0.1593823106159363,0.0553964030932228,0.20860410065336837,0.01
flu_2015,12,386,flu_2014,0.5409564900293797,0.5409564900293797,True,True,True,flu,0.8660687661514581,0.8660687661514581,True,0.18378518229811083,0.0553964030932228,0.14379096693083576,0.01
flu_2015,13,416,flu_2014,0.5633531224315043,0.5633531224315043,True,True,True,flu,0.892459955944575,0.892459955944575,True,0.18891740442286045,0.0553964030932228,0.11377363362390149,0.01
flu_2015,14,497,flu_2014,0.624875786791318,0.624875786791318,True,True,True,flu,0.9307667008151719,0.9307667008151719,True,0.22305272627939024,0.0553964030932228,0.07174662299499543,0.01
flu_2015,15,558,flu_2014,0.659668886538371,0.659668886538371,True,True,True,flu,0.9456156153954873,0.9456156153954873,True,0.2569788695505091,0.0553964030932228,0.055919118723540995,0.01
flu_2015,16,628,flu_2014,0.7041194720258852,0.7041194720258852,True,True,True,flu,0.9601953645473229,0.9601953645473229,True,0.3142923392038221,0.0553964030932228,0.04061851048774049,0.01
flu_2015,17,671,flu_2014,0.7149103206174838,0.7149103206174838,True,True,True,flu,0.9692810971752952,0.9692810971752952,True,0.31165110835872717,0.0553964030932228,0.03120061919514408,0.01
flu_2015,18,728,flu_2014,0.7218130539208634,0.7218130539208634,True,True,True,flu,0.9803070678884999,0.9803070678884999,True,0.29253697875033574,0.0553964030932228,0.019889421816445256,0.01
flu_2015,19,769,flu_2014,0.73504347890723,0.73504347890723,True,True,True,flu,0.985592533940566,0.985592533940566,True,0.31024306538795227,0.0553964030932228,0.014512261373044429,0.01
flu_2015,20,815,flu_2014,0.75139890078744,0.75139890078744,True,True,True,flu,0.9886122745096421,0.9886122745096421,True,0.33182914901839083,0.0553964030932228,0.011453062133714489,0.01
flu_2015,21,863,flu_2014,0.7533139163959219,0.7533139163959219,True,True,True,flu,0.9919636668117329,0.9919636668117329,True,0.32142081654184634,0.0553964030932228,0.008068798565869752,0.01
flu_2015,22,894,flu_2014,0.7492561472853981,0.7492561472853981,True,True,True,flu,0.9936823084074503,0.9936823084074503,True,0.31424911715953197,0.0553964030932228,0.006337732659521961,0.01
flu_2015,23,918,flu_2014,0.7513932524029889,0.7513932524029889,True,True,True,flu,0.9941966889424054,0.9941966889424054,True,0.32038433832881646,0.0553964030932228,0.005820215700872926,0.01
flu_2015,24,940,flu_2014,0.7579832686627672,0.7579832686627672,True,True,True,flu,0.9950367017966438,0.9950367017966438,True,0.3283648166149016,0.0553964030932228,0.00497565627604171,0.01
flu_2015,25,965,flu_2014,0.7586534415484502,0.7586534415484502,True,True,True,flu,0.9958795880421281,0.9958795880421281,True,0.32467989172614936,0.0553964030932228,0.004128924246025731,0.01
flu_2016,0,28,othervirus_2013,0.16479987447159042,0.14989774116259597,False,False,True,flu,0.562911919449387,0.562911919449387,True,0.05700050660119327,0.041757524923439426,0.574632111661932,0.01
flu_2016,1,66,flu_2013,0.19252392172891644,0.19252392172891644,True,True,True,flu,0.6372324677960924,0.6372324677960924,True,0.061415417911844156,0.041757524923439426,0.45062074838983923,0.01
flu_2016,2,124,flu_2013,0.26191882049526993,0.26191882049526993,True,True,True,flu,0.7895507362855465,0.7895507362855465,True,0.07738960373786392,0.041757524923439426,0.23629118353170614,0.01
flu_2016,3,246,flu_2013,0.33984440198178456,0.33984440198178456,True,True,True,flu,0.9088264943734671,0.9088264943734671,True,0.09560230610628868,0.041757524923439426,0.09560107830037615,0.01
flu_2016,4,443,flu_2013,0.4164331880827061,0.4164331880827061,True,True,True,flu,0.9793655540289113,0.9793655540289113,True,0.11571840040804374,0.041757524923439426,0.020850310815455256,0.01
flu_2016,5,700,flu_2013,0.4307604444490667,0.4307604444490667,True,True,True,flu,0.9960787326538163,0.9960787326538163,True,0.14509100520648302,0.041757524923439426,0.003928975672521304,0.01
flu_2016,6,1299,flu_2013,0.5039101978253914,0.5039101978253914,True,True,True,flu,0.9999329422328007,0.9999329422328007,True,0.1723171923143206,0.041757524923439426,6.706001567187539e-05,0.01
flu_2016,7,2421,flu_2013,0.5573343760221339,0.5573343760221339,True,True,True,flu,0.9999999844760928,0.9999999844760928,True,0.22643684460475058,0.041757524923439426,1.5523907280249338e-08,0.01
flu_2016,8,3662,flu_2013,0.6023059820452012,0.6023059820452012,True,True,True,flu,0.9999999999975017,0.9999999999975017,True,0.3541724580684743,0.041757524923439426,2.4983348723171107e-12,0.01
flu_2016,9,4634,flu_2013,0.6286023122056094,0.6286023122056094,True,True,True,flu,0.9999999999999915,0.9999999999999915,True,0.46729028597356537,0.041757524923439426,8.548717289613742e-15,0.01
flu_2016,10,5534,flu_2013,0.6031380986788216,0.6031380986788216,True,True,True,flu,1.0000000000000282,1.0000000000000282,True,0.6023844846426851,0.041757524923439426,-2.819966482547858e-14,0.01
flu_2016,11,6293,flu_2013,0.6425286159610111,0.6425286159610111,True,True,True,flu,0.9999999999999952,0.9999999999999952,True,0.6818757595213794,0.041757524923439426,4.773959005888184e-15,0.01
flu_2016,12,7124,flu_2013,0.669907889649667,0.669907889649667,True,True,True,flu,1.0000000000000129,1.0000000000000129,True,0.755916333443726,0.041757524923439426,-1.2878587085651732e-14,0.01
flu_2016,13,7862,flu_2013,0.6971821033710355,0.6971821033710355,True,True,True,flu,0.9999999999999751,0.9999999999999751,True,0.7931889752938188,0.041757524923439426,2.4868995751603816e-14,0.01
flu_2016,14,8402,flu_2013,0.7216832517877934,0.7216832517877934,True,True,True,flu,1.0000000000000482,1.0000000000000482,True,0.812602439566504,0.041757524923439426,-4.818367926873063e-14,0.01
flu_2016,15,8923,flu_2013,0.7622266050164425,0.7622266050164425,True,True,True,flu,1.000000000000012,1.000000000000012,True,0.8255147055401942,0.041757524923439426,-1.1990408665951618e-14,0.01
flu_2016,16,9295,flu_2013,0.7740825894930375,0.7740825894930375,True,True,True,flu,1.0000000000000322,1.0000000000000322,True,0.840714890728467,0.041757524923439426,-3.219646771412902e-14,0.01
flu_2016,17,9600,flu_2013,0.781824238791545,0.781824238791545,True,True,True,flu,0.9999999999999873,0.9999999999999873,True,0.8512148057521567,0.041757524923439426,1.2656542480726865e-14,0.01
flu_2016,18,9863,flu_2013,0.7895319327206339,0.7895319327206339,True,True,True,flu,0.9999999999999732,0.9999999999999732,True,0.8549499765627518,0.041757524923439426,2.675637489346663e-14,0.01
flu_2016,19,10183,flu_2013,0.7765330448313954,0.7765330448313954,True,True,True,flu,0.9999999999999853,0.9999999999999853,True,0.8692692931306724,0.041757524923439426,1.4654943925052174e-14,0.01
flu_2016,20,10412,flu_2013,0.7911892110274386,0.7911892110274386,True,True,True,flu,0.9999999999999933,0.9999999999999933,True,0.8778612857016309,0.041757524923439426,6.661338147750961e-15,0.01
flu_2016,21,10607,flu_2013,0.7955508030965287,0.7955508030965287,True,True,True,flu,1.0000000000000355,1.0000000000000355,True,0.8870966912069037,0.041757524923439426,-3.552713678800438e-14,0.01
flu_2016,22,10730,flu_2013,0.7900178564522341,0.7900178564522341,True,True,True,flu,1.0000000000000329,1.0000000000000329,True,0.8954654621078609,0.041757524923439426,-3.286260152890409e-14,0.01
flu_2016,23,10846,flu_2013,0.7857436431571942,0.7857436431571942,True,True,True,flu,1.0000000000000007,1.0000000000000007,True,0.9038040953632321,0.041757524923439426,-6.661338147750937e-16,0.01
flu_2016,24,10932,flu_2013,0.7843065834211375,0.7843065834211375,True,True,True,flu,0.9999999999999757,0.9999999999999757,True,0.9077631843421219,0.041757524923439426,2.4313884239291225e-14,0.01
flu_2016,25,11009,flu_2013,0.766657079551917,0.766657079551917,True,True,True,flu,1.000000000000043,1.000000000000043,True,0.9102819880042811,0.041757524923439426,-4.3076653355455146e-14,0.01
flu_2017,0,22,flu_2015,0.1241715309640429,0.1241715309640429,True,True,True,flu,0.5473255202234681,0.5473255202234681,True,0.07030255550506269,0.052793538774849935,0.6027115526055308,0.01
flu_2017,1,53,flu_2015,0.1593988495087528,0.1593988495087528,True,True,True,flu,0.6365026001888813,0.6365026001888813,True,0.08506931155498476,0.052793538774849935,0.45176677585730707,0.01
flu_2017,2,88,flu_2015,0.1779546899091429,0.1779546899091429,True,True,True,flu,0.6864738859103576,0.6864738859103576,True,0.08727481271038631,0.052793538774849935,0.3761870939581432,0.01
flu_2017,3,110,flu_2015,0.1871461795891383,0.1871461795891383,True,True,True,flu,0.71272483650189,0.71272483650189,True,0.08952764912047756,0.052793538774849935,0.33865985661526465,0.01
flu_2017,4,164,flu_2015,0.2408960940474029,0.2408960940474029,True,True,True,flu,0.8183023457095568,0.8183023457095568,True,0.10963043636856053,0.052793538774849935,0.20052339488862164,0.01
flu_2017,5,220,flu_2015,0.2640549813936459,0.2640549813936459,True,True,True,flu,0.8851482423885997,0.8851482423885997,True,0.11386658358435961,0.052793538774849935,0.12200014247784992,0.01
flu_2017,6,300,flu_2015,0.3123411931395015,0.3123411931395015,True,True,True,flu,0.9477979892486345,0.9477979892486345,True,0.13653660949936255,0.052793538774849935,0.053613890944216175,0.01
flu_2017,7,365,flu_2015,0.3170625346105227,0.3170625346105227,True,True,True,flu,0.9673358590809913,0.9673358590809913,True,0.1378507049385611,0.052793538774849935,0.03320952316783597,0.01
flu_2017,8,441,flu_2015,0.3227123773766068,0.3227123773766068,True,True,True,flu,0.9829429216881416,0.9829429216881416,True,0.14316228210974968,0.052793538774849935,0.01720422594490008,0.01
flu_2017,9,509,flu_2015,0.3514967820293982,0.3514967820293982,True,True,True,flu,0.9918959692621797,0.9918959692621797,True,0.16242136136865554,0.052793538774849935,0.00813704689185859,0.01
flu_2017,10,575,flu_2015,0.3667281179681662,0.3667281179681662,True,True,True,flu,0.9957006897946459,0.9957006897946459,True,0.18516578692712624,0.052793538774849935,0.004308578814766163,0.01
flu_2017,11,690,flu_2015,0.4014688471083345,0.4014688471083345,True,True,True,flu,0.9982257028967282,0.9982257028967282,True,0.2083471574372251,0.052793538774849935,0.0017758730327644627,0.01
flu_2017,12,774,flu_2015,0.4207871907138217,0.4207871907138217,True,True,True,flu,0.9989509356520072,0.9989509356520072,True,0.2105230311621297,0.052793538774849935,0.0010496150011433162,0.01
flu_2017,13,908,flu_2015,0.4689064711870496,0.4689064711870496,True,True,True,flu,0.9996082464317484,0.9996082464317484,True,0.22691489951947014,0.052793538774849935,0.000391830323727535,0.01
flu_2017,14,1045,flu_2015,0.5005558069427284,0.5005558069427284,True,True,True,flu,0.9998719080628051,0.9998719080628051,True,0.2504025834367764,0.052793538774849935,0.00012810014166768664,0.01
flu_2017,15,1214,flu_2015,0.5623082220166231,0.5623082220166231,True,True,True,flu,0.9999692352883772,0.9999692352883772,True,0.29107549030356583,0.052793538774849935,3.076518486622393e-05,0.01
flu_2017,16,1355,flu_2015,0.6318566674311897,0.6318566674311897,True,True,True,flu,0.9999895554899826,0.9999895554899826,True,0.3137887290960757,0.052793538774849935,1.0444564561690076e-05,0.01
flu_2017,17,1509,flu_2015,0.6550459826575525,0.6550459826575525,True,True,True,flu,0.9999965760534436,0.9999965760534436,True,0.3231694572488937,0.052793538774849935,3.4239524181096126e-06,0.01
flu_2017,18,1648,flu_2015,0.6896937930768925,0.6896937930768925,True,True,True,flu,0.9999990754127419,0.9999990754127419,True,0.35485390877487355,0.052793538774849935,9.245876855198116e-07,0.01
flu_2017,19,1794,flu_2015,0.7196920177084254,0.7196920177084254,True,True,True,flu,0.9999996667179568,0.9999996667179568,True,0.3700542217361803,0.052793538774849935,3.3328209872408454e-07,0.01
flu_2017,20,1934,flu_2015,0.7587828633069007,0.7587828633069007,True,True,True,flu,0.9999998958775363,0.9999998958775363,True,0.3925273405012225,0.052793538774849935,1.0412246907184588e-07,0.01
flu_2017,21,2058,flu_2015,0.7930978329751428,0.7930978329751428,True,True,True,flu,0.9999999663407809,0.9999999663407809,True,0.4148833232461832,0.052793538774849935,3.365921964507933e-08,0.01
flu_2017,22,2155,flu_2015,0.8206180749299623,0.8206180749299623,True,True,True,flu,0.9999999831445667,0.9999999831445667,True,0.44125814288450665,0.052793538774849935,1.685543341339835e-08,0.01
flu_2017,23,2216,flu_2015,0.8352285546746989,0.8352285546746989,True,True,True,flu,0.9999999912890496,0.9999999912890496,True,0.46834178349812017,0.052793538774849935,8.710950443384224e-09,0.01
flu_2017,24,2286,flu_2015,0.8556287843622294,0.8556287843622294,True,True,True,flu,0.9999999960260473,0.9999999960260473,True,0.491225132105545,0.052793538774849935,3.973952730343089e-09,0.01
flu_2017,25,2346,flu_2015,0.864899620111313,0.864899620111313,True,True,True,flu,0.9999999975191304,0.9999999975191304,True,0.5050215836038578,0.052793538774849935,2.480869623924061e-09,0.01
flu_2018,0,31,flu_2015,0.10328422464309257,0.09920648931624498,False,True,True,flu,0.5700971662672992,0.5700971662672992,True,0.03971838852096251,0.046562656942731095,0.5619484655457997,0.01
flu_2018,1,67,flu_2015,0.11359905187066899,0.10804672875992569,False,True,True,flu,0.5982327383528161,0.5982327383528161,True,0.039862110586906606,0.046562656942731095,0.5137754061781403,0.01
flu_2018,2,132,flu_2015,0.14818970401497802,0.13648162519566379,False,True,True,flu,0.7379156108408111,0.7379156108408111,True,0.0460190538849642,0.046562656942731095,0.30392580937413294,0.01
flu_2018,3,210,flu_2015,0.1667386239639828,0.1589957242623795,False,True,True,flu,0.8268565326934237,0.8268565326934237,True,0.05359876407592332,0.046562656942731095,0.19012407821759103,0.01
flu_2018,4,321,flu_2014,0.19181088097334675,0.19054099307573946,False,True,True,flu,0.9297212594527313,0.9297212594527313,True,0.06459209838362741,0.046562656942731095,0.07287045877872532,0.01
flu_2018,5,459,flu_2016,0.2114216113315481,0.2114216113315481,True,True,True,flu,0.970746759588112,0.970746759588112,True,0.0666292405595365,0.046562656942731095,0.029689648425777693,0.01
flu_2018,6,679,flu_2016,0.22658868339532945,0.22658868339532945,True,True,True,flu,0.9924654609571031,0.9924654609571031,True,0.07364792676008884,0.046562656942731095,0.007563067069548199,0.01
flu_2018,7,1016,flu_2016,0.2486896078430797,0.2486896078430797,True,True,True,flu,0.9987847217248196,0.9987847217248196,True,0.09086148855173447,0.046562656942731095,0.001216017324651339,0.01
flu_2018,8,1319,flu_2016,0.2684316742212643,0.2684316742212643,True,True,True,flu,0.9998658228402348,0.9998658228402348,True,0.1034020925244793,0.046562656942731095,0.00013418616232556096,0.01
flu_2018,9,1735,flu_2016,0.296179667717397,0.296179667717397,True,True,True,flu,0.9999894583767543,0.9999894583767543,True,0.13227248273455086,0.046562656942731095,1.0541678808953144e-05,0.01
flu_2018,10,2177,flu_2016,0.34655199227944045,0.34655199227944045,True,True,True,flu,0.9999991342338165,0.9999991342338165,True,0.1671226841361375,0.046562656942731095,8.657665582978351e-07,0.01
flu_2018,11,2662,flu_2016,0.36411299248377704,0.36411299248377704,True,True,True,flu,0.9999999101191456,0.9999999101191456,True,0.19940747133899484,0.046562656942731095,8.988085846513427e-08,0.01
flu_2018,12,3187,flu_2016,0.39858644426066686,0.39858644426066686,True,True,True,flu,0.9999999956955783,0.9999999956955783,True,0.24183461319057986,0.046562656942731095,4.304421717220886e-09,0.01
flu_2018,13,3543,flu_2016,0.4239502858515098,0.4239502858515098,True,True,True,flu,0.9999999994552728,0.9999999994552728,True,0.26961614202973744,0.046562656942731095,5.447271524224132e-10,0.01
flu_2018,14,4003,flu_2016,0.44595356047646173,0.44595356047646173,True,True,True,flu,0.9999999999661987,0.9999999999661987,True,0.31656236488020423,0.046562656942731095,3.380129509679647e-11,0.01
flu_2018,15,4482,flu_2016,0.451345258710046,0.451345258710046,True,True,True,flu,0.9999999999974553,0.9999999999974553,True,0.3428687115075685,0.046562656942731095,2.5447421947465593e-12,0.01
flu_2018,16,4971,flu_2016,0.4525236583126215,0.4525236583126215,True,True,True,flu,0.9999999999998695,0.9999999999998695,True,0.3853474511160803,0.046562656942731095,1.304512053934644e-13,0.01
flu_2018,17,5475,flu_2016,0.46874563733237345,0.46874563733237345,True,True,True,flu,0.9999999999999811,0.9999999999999811,True,0.440653074434996,0.046562656942731095,1.8873791418627838e-14,0.01
flu_2018,18,5845,flu_2016,0.47319475162258895,0.47319475162258895,True,True,True,flu,0.9999999999999916,0.9999999999999916,True,0.47158099103828666,0.046562656942731095,8.437694987151226e-15,0.01
flu_2018,19,6208,flu_2016,0.4375413167899517,0.4375413167899517,True,True,True,flu,0.9999999999999788,0.9999999999999788,True,0.49581574077820073,0.046562656942731095,2.1205259770340714e-14,0.01
flu_2018,20,6520,flu_2016,0.4734060692489779,0.4734060692489779,True,True,True,flu,1.0000000000000033,1.0000000000000033,True,0.5099207450912687,0.046562656942731095,-3.330669073875464e-15,0.01
flu_2018,21,6721,flu_2016,0.4487497789100001,0.4487497789100001,True,True,True,flu,1.0000000000000047,1.0000000000000047,True,0.5379390013690365,0.046562656942731095,-4.6629367034256464e-15,0.01
flu_2018,22,6871,flu_2016,0.41193092411565746,0.41193092411565746,True,True,True,flu,0.9999999999999905,0.9999999999999905,True,0.5626826521960148,0.046562656942731095,9.547918011776392e-15,0.01
flu_2018,23,6977,flu_2016,0.4112071204408185,0.4112071204408185,True,True,True,flu,0.9999999999999787,0.9999999999999787,True,0.5791716252293675,0.046562656942731095,2.1316282072803233e-14,0.01
flu_2018,24,7070,flu_2016,0.39428559487687237,0.39428559487687237,True,True,True,flu,0.9999999999999956,0.9999999999999956,True,0.58702988806019,0.046562656942731095,4.440892098500636e-15,0.01
flu_2018,25,7144,flu_2016,0.392536221029066,0.392536221029066,True,True,True,flu,0.9999999999999944,0.9999999999999944,True,0.6001550966466495,0.046562656942731095,5.5511151231257985e-15,0.01
flu_2019,0,43,othervirus_2013,0.08608564004906903,0.07945548821106635,False,False,True,flu,0.540264473333752,0.540264473333752,True,0.012523508874065207,0.03792438942589982,0.6156964938868867,0.01
flu_2019,1,61,othervirus_2013,0.0864958774910554,0.08639907622068976,False,False,True,flu,0.567992255090124,0.567992255090124,True,0.013276534597518028,0.03792438942589982,0.56564749575866,0.01
flu_2019,2,73,othervirus_2013,0.0886378698948427,0.08788480441499033,False,False,True,flu,0.5694793587777321,0.5694793587777321,True,0.012966068637203745,0.03792438942589982,0.5630327412157815,0.01
flu_2019,3,75,flu_2018,0.08948776989311559,0.08948776989311559,True,True,True,flu,0.579054530142045,0.579054530142045,True,0.013163579039923946,0.03792438942589982,0.5463586259784242,0.01
flu_2019,4,84,othervirus_2013,0.0903646317426549,0.0893010362580733,False,False,True,flu,0.5708845700370212,0.5708845700370212,True,0.0131981280935121,0.03792438942589982,0.560568243812762,0.01
flu_2019,5,98,othervirus_2013,0.09257873683615217,0.09100898564093793,False,False,True,flu,0.5737119600211986,0.5737119600211986,True,0.013546180579985835,0.03792438942589982,0.5556278204220124,0.01
flu_2019,6,109,flu_2018,0.0980207736037821,0.0980207736037821,True,True,True,flu,0.5953510763252859,0.5953510763252859,True,0.014192068064723534,0.03792438942589982,0.5186040031999894,0.01
flu_2019,7,127,flu_2018,0.10051536226810781,0.10051536226810781,True,True,True,flu,0.5926246244456954,0.5926246244456954,True,0.015254543484366091,0.03792438942589982,0.5231940914732882,0.01
flu_2019,8,151,flu_2018,0.11360482018174373,0.11360482018174373,True,True,True,flu,0.6240491572247643,0.6240491572247643,True,0.01547691987198837,0.03792438942589982,0.47152613611171296,0.01
flu_2019,9,199,flu_2018,0.1293274027372259,0.1293274027372259,True,True,True,flu,0.6891120931751188,0.6891120931751188,True,0.017970092056471494,0.03792438942589982,0.3723513315419075,0.01
flu_2019,10,258,flu_2018,0.1596514429519737,0.1596514429519737,True,True,True,flu,0.7941761361721903,0.7941761361721903,True,0.0207968722582554,0.03792438942589982,0.23045000836650525,0.01
flu_2019,11,347,flu_2018,0.1842190266720908,0.1842190266720908,True,True,True,flu,0.8653511162003124,0.8653511162003124,True,0.023601855686989207,0.03792438942589982,0.14461993972889345,0.01
flu_2019,12,454,flu_2018,0.20153409892313726,0.20153409892313726,True,True,True,flu,0.929481382940153,0.929481382940153,True,0.025197366653132044,0.03792438942589982,0.07312850113348508,0.01
flu_2019,13,649,flu_2018,0.2336305151540782,0.2336305151540782,True,True,True,flu,0.984095035668791,0.984095035668791,True,0.029072515360359003,0.03792438942589982,0.01603280562930621,0.01
flu_2019,14,876,flu_2018,0.2681774302091528,0.2681774302091528,True,True,True,flu,0.9958885592290706,0.9958885592290706,True,0.03746734174714918,0.03792438942589982,0.00411991598173062,0.01
flu_2019,15,1209,flu_2018,0.30602146662756713,0.30602146662756713,True,True,True,flu,0.9996694438049041,0.9996694438049041,True,0.042274423225959666,0.03792438942589982,0.00033061084083763683,0.01
flu_2019,16,1512,flu_2018,0.3528717772898166,0.3528717772898166,True,True,True,flu,0.9999575950863168,0.9999575950863168,True,0.05039627604904154,0.03792438942589982,4.240581279700629e-05,0.01
flu_2019,17,1766,flu_2018,0.3845214080783603,0.3845214080783603,True,True,True,flu,0.9999920653088793,0.9999920653088793,True,0.053468820068639726,0.03792438942589982,7.934722600531554e-06,0.01
flu_2019,18,2056,flu_2018,0.40238953134930894,0.40238953134930894,True,True,True,flu,0.9999990797674885,0.9999990797674885,True,0.05821567654952757,0.03792438942589982,9.202329349395958e-07,0.01
flu_2019,19,2301,flu_2018,0.4186718388378921,0.4186718388378921,True,True,True,flu,0.9999998774383128,0.9999998774383128,True,0.061536882806259796,0.03792438942589982,1.2256169475424508e-07,0.01
flu_2019,20,2475,flu_2018,0.44450350311308334,0.44450350311308334,True,True,True,flu,0.9999999756699467,0.9999999756699467,True,0.06633436913799787,0.03792438942589982,2.4330053601352716e-08,0.01
flu_2019,21,2637,flu_2018,0.4594787182275667,0.4594787182275667,True,True,True,flu,0.9999999945731626,0.9999999945731626,True,0.07027065905729311,0.03792438942589982,5.42683743860834e-09,0.01
flu_2019,22,2772,flu_2018,0.4674605359529618,0.4674605359529618,True,True,True,flu,0.9999999980917257,0.9999999980917257,True,0.07765313541349288,0.03792438942589982,1.9082743181630844e-09,0.01
flu_2019,23,2911,flu_2018,0.48558565117202984,0.48558565117202984,True,True,True,flu,0.9999999993348871,0.9999999993348871,True,0.08533692893638997,0.03792438942589982,6.651128539028362e-10,0.01
flu_2019,24,3036,flu_2018,0.4900337050456915,0.4900337050456915,True,True,True,flu,0.9999999997491023,0.9999999997491023,True,0.09208516665223253,0.03792438942589982,2.508977470542795e-10,0.01
flu_2019,25,3158,flu_2018,0.505857329077658,0.505857329077658,True,True,True,flu,0.9999999998909564,0.9999999998909564,True,0.09835727546881201,0.03792438942589982,1.0904355197167148e-10,0.01
flu_2020,0,32,flu_2019,0.07304222660834998,0.07304222660834998,True,True,True,flu,0.5481197380664323,0.5481197380664323,True,0.021663595325735283,0.07876200033708258,0.6012615157805695,0.01
flu_2020,1,71,flu_2019,0.07908253804909617,0.07908253804909617,True,True,True,flu,0.5512025996067544,0.5512025996067544,True,0.023451055921597363,0.07876200033708258,0.5956528430261131,0.01
flu_2020,2,109,flu_2019,0.09341964488023886,0.09341964488023886,True,True,True,flu,0.6143243069051403,0.6143243069051403,True,0.026369944489809023,0.07876200033708258,0.48723230313480204,0.01
flu_2020,3,148,flu_2019,0.10929770641799567,0.10929770641799567,True,True,True,flu,0.6939718838526475,0.6939718838526475,True,0.02869794224278318,0.07876200033708258,0.3653238324766368,0.01
flu_2020,4,191,flu_2019,0.123585958346313,0.123585958346313,True,True,True,flu,0.7330573347214496,0.7330573347214496,True,0.03318735499125043,0.07876200033708258,0.3105313608891736,0.01
flu_2020,5,253,flu_2019,0.14528230052275035,0.14528230052275035,True,True,True,flu,0.7975851137063007,0.7975851137063007,True,0.0381990310505865,0.07876200033708258,0.2261667243673807,0.01
flu_2020,6,300,flu_2019,0.1581697833372107,0.1581697833372107,True,True,True,flu,0.8451979930339506,0.8451979930339506,True,0.04486667722637989,0.07876200033708258,0.16818436778878276,0.01
flu_2020,7,458,flu_2019,0.20403489826333182,0.20403489826333182,True,True,True,flu,0.9574270978621897,0.9574270978621897,True,0.05673408015658976,0.07876200033708258,0.043505698828915904,0.01
flu_2020,8,591,flu_2019,0.23883401907446994,0.23883401907446994,True,True,True,flu,0.9805994583200431,0.9805994583200431,True,0.08416742718543306,0.07876200033708258,0.019591202161604697,0.01
flu_2020,9,775,flu_2019,0.26511085641523213,0.26511085641523213,True,True,True,flu,0.9947214249663984,0.9947214249663984,True,0.11094299674384737,0.07876200033708258,0.0052925559319781205,0.01
flu_2020,10,1038,flu_2019,0.32663502814539114,0.32663502814539114,True,True,True,flu,0.9992463042828992,0.9992463042828992,True,0.11443989604379795,0.07876200033708258,0.0007539798885126323,0.01
flu_2020,11,1334,flu_2019,0.3853609754435331,0.3853609754435331,True,True,True,flu,0.9999406104654054,0.9999406104654054,True,0.11616933714537561,0.07876200033708258,5.9391298222849005e-05,0.01
flu_2020,12,1542,flu_2019,0.4107969625398336,0.4107969625398336,True,True,True,flu,0.9999797626473074,0.9999797626473074,True,0.14728872454082653,0.07876200033708258,2.0237557470616167e-05,0.01
flu_2020,13,1619,flu_2019,0.43303192737351176,0.43303192737351176,True,True,True,flu,0.9999904740974952,0.9999904740974952,True,0.12575100164148068,0.07876200033708258,9.525947876500744e-06,0.01
flu_2020,14,1675,flu_2019,0.4266866039178973,0.4266866039178973,True,True,True,flu,0.9999937014549815,0.9999937014549815,True,0.12236808850958886,0.07876200033708258,6.298564854463954e-06,0.01
flu_2020,15,1726,flu_2019,0.44292170669952297,0.44292170669952297,True,True,True,flu,0.9999954788085285,0.9999954788085285,True,0.1295212513044342,0.07876200033708258,4.521201692157365e-06,0.01
flu_2020,16,1749,flu_2019,0.4412821495400576,0.4412821495400576,True,True,True,flu,0.9999965939179614,0.9999965939179614,True,0.1258097942566776,0.07876200033708258,3.4060878393478357e-06,0.01
flu_2020,17,1783,flu_2019,0.44657385928752713,0.44657385928752713,True,True,True,flu,0.999997650634518,0.999997650634518,True,0.12358080356788483,0.07876200033708258,2.349368241809524e-06,0.01
flu_2020,18,1818,flu_2019,0.44521151258429614,0.44521151258429614,True,True,True,flu,0.9999982932858362,0.9999982932858362,True,0.12154693686085057,0.07876200033708258,1.706715620212157e-06,0.01
flu_2020,19,1836,flu_2019,0.4469668327832368,0.4469668327832368,True,True,True,flu,0.9999985291752466,0.9999985291752466,True,0.12244198301052021,0.07876200033708258,1.4708258350994173e-06,0.01
flu_2020,20,1857,flu_2019,0.4489638414584579,0.4489638414584579,True,True,True,flu,0.9999986496063837,0.9999986496063837,True,0.1234485564086061,0.07876200033708258,1.3503945280440494e-06,0.01
flu_2020,21,1871,flu_2019,0.4444751905601247,0.4444751905601247,True,True,True,flu,0.9999988049040015,0.9999988049040015,True,0.12411324637535168,0.07876200033708258,1.1950967126241122e-06,0.01
flu_2020,22,1897,flu_2019,0.4501253027360683,0.4501253027360683,True,True,True,flu,0.9999991838352055,0.9999991838352055,True,0.12544844258415166,0.07876200033708258,8.161651275886203e-07,0.01
flu_2020,23,1910,flu_2019,0.4517181351589921,0.4517181351589921,True,True,True,flu,0.9999992807150812,0.9999992807150812,True,0.12636246023756387,0.07876200033708258,7.192851775341719e-07,0.01
flu_2020,24,1924,flu_2019,0.45086350454627333,0.45086350454627333,True,True,True,flu,0.9999993671698276,0.9999993671698276,True,0.12757975414589934,0.07876200033708258,6.32830372612796e-07,0.01
flu_2020,25,1939,flu_2019,0.44721614341439414,0.44721614341439414,True,True,True,flu,0.9999993832745124,0.9999993832745124,True,0.12920964495878395,0.07876200033708258,6.167256777429903e-07,0.01
flu_2021,0,24,covid_2020,0.2637647245699905,0.04185997616119325,False,False,True,covid,0.5235159772515805,0.34577013697951187,False,0.007713664293968117,0.48642095545897757,1.0619810686885167,0.03
flu_2021,1,47,covid_2020,0.3328543547991291,0.03664404190734809,False,False,True,covid,0.664457208769542,0.2779897826270313,False,0.008270472726010348,0.48642095545897757,1.2801709191070885,0.03
flu_2021,2,75,covid_2020,0.405119348116419,0.02168380156633944,False,False,True,covid,0.8043248989754781,0.17844755904157306,False,0.007753902141114252,0.48642095545897757,1.723460507808207,0.03
flu_2021,3,93,covid_2020,0.431971773574839,0.015847564932012507,False,False,True,covid,0.8595549876634105,0.12847321463129965,False,0.009115140600474277,0.48642095545897757,2.052034842823873,0.03
flu_2021,4,109,covid_2021,0.44060840708036314,0.013490821689426292,False,False,True,covid,0.8750945538565793,0.11628117611949047,False,0.00938913188877034,0.48642095545897757,2.151744088795912,0.03
flu_2021,5,127,covid_2021,0.4687110604372672,0.0077891284438145825,False,False,True,covid,0.9317592343540995,0.06405676477095822,False,0.008598035704927438,0.48642095545897757,2.7479856391835646,0.03
flu_2021,6,141,covid_2020,0.4834364739539597,0.0045109407192493595,False,False,True,covid,0.963487916217598,0.03390072678340474,False,0.008484056388656198,0.48642095545897757,3.3843188257870573,0.03
flu_2021,7,170,covid_2020,0.4948992884393595,0.002994701045943246,False,False,True,covid,0.9738695026127389,0.024449506004504316,False,0.010926581409851187,0.48642095545897757,3.7111452675801178,0.03
flu_2021,8,193,covid_2020,0.5080087380216224,0.0035517026420807452,False,False,True,covid,0.9705612306539619,0.02798097874925798,False,0.012847837498844309,0.48642095545897757,3.5762303300400164,0.03
flu_2021,9,218,covid_2020,0.5006978945879669,0.0019700190951057774,False,False,True,covid,0.9824143396689764,0.016853990674111297,False,0.014117247905816054,0.48642095545897757,4.083167814965978,0.03
flu_2021,10,235,covid_2020,0.5093778883992203,0.002280857035523631,False,False,True,covid,0.9786990954089695,0.020654441791456646,False,0.01692522256314534,0.48642095545897757,3.8798248838456524,0.03
flu_2021,11,263,covid_2020,0.5052474614992393,0.0009653552057413109,False,False,True,covid,0.9894563628765678,0.01024842158158548,False,0.019716861458769584,0.48642095545897757,4.580631577296153,0.03
flu_2021,12,285,covid_2020,0.49852314421638005,0.0007382653396439212,False,False,True,covid,0.9907546259806068,0.009012052041520488,False,0.026147216725166837,0.48642095545897757,4.709192481737236,0.03
flu_2021,13,308,covid_2020,0.5100369089637611,0.0009788550045469468,False,False,True,covid,0.9870967985563875,0.012591286950389158,False,0.04013561341096014,0.48642095545897757,4.374750216103198,0.03
flu_2021,14,332,covid_2020,0.5141824301787952,0.0030912107776418607,False,False,True,covid,0.9535225741120241,0.045003636820584884,False,0.10039232795224418,0.48642095545897757,3.101011974242215,0.03
flu_2021,15,346,covid_2020,0.534075201550944,0.0030632099692796413,False,False,True,covid,0.9498470089771718,0.048392645511165185,False,0.13063259008247277,0.48642095545897757,3.0284074290541168,0.03
flu_2021,16,364,covid_2020,0.5343334395239975,0.0025429799532461056,False,False,True,covid,0.9530247669678034,0.04520188568546501,False,0.17381723995119655,0.48642095545897757,3.0966164743091746,0.03
flu_2021,17,385,covid_2020,0.5362140162693363,0.004282017042504577,False,False,True,covid,0.9103775411655666,0.08601314278490495,False,0.29967966199502494,0.48642095545897757,2.4532551713245967,0.03
flu_2021,18,399,covid_2020,0.5471304723525173,0.003656645631910458,False,False,True,covid,0.918363312175362,0.0785595232531328,False,0.3369342552694848,0.48642095545897757,2.5438986835244424,0.03
flu_2021,19,414,covid_2020,0.5603637537150723,0.0028592327470992533,False,False,True,covid,0.9308808736109148,0.06662973806397732,False,0.37955629994517454,0.48642095545897757,2.70860428361792,0.03
flu_2021,20,431,covid_2020,0.5632377390247485,0.0027468135838549946,False,False,True,covid,0.9318365453003172,0.06499096747609183,False,0.4640916804584894,0.48642095545897757,2.7335069806488796,0.03
flu_2021,21,441,covid_2020,0.5747911653730011,0.00202265043557764,False,False,True,covid,0.9456427142047712,0.05165562523816679,False,0.49833577431387654,0.48642095545897757,2.9631561786369214,0.03
flu_2021,22,452,covid_2020,0.5815849512191916,0.0018441731286387413,False,False,True,covid,0.9463966663403676,0.050833402306623844,False,0.5567562590399789,0.48642095545897757,2.9792016147520846,0.03
flu_2021,23,461,covid_2020,0.5777504069902126,0.002134658318072143,False,False,True,covid,0.9347172086582165,0.06148842928509742,False,0.6327902808976917,0.48642095545897757,2.7889062635762687,0.03
flu_2021,24,474,covid_2020,0.5843956511630999,0.002524203347204369,False,False,True,covid,0.9231165176139149,0.07234639084348904,False,0.690226549645713,0.48642095545897757,2.6262897118277233,0.03
flu_2021,25,485,covid_2020,0.5815707055593683,0.002943359009296117,False,False,True,covid,0.9104839339494464,0.08406168569616757,False,0.7429417637183134,0.48642095545897757,2.476204396118636,0.03
flu_2022,0,705,flu_2021,0.7529007862329109,0.7529007862329109,True,True,True,flu,0.8852719362840149,0.8852719362840149,True,1.3051842602293739e-09,0.07521780909333131,0.12186040853547107,0.01
flu_2022,1,2293,flu_2021,0.9998167335160982,0.9998167335160982,True,True,True,flu,0.9999124210441351,0.9999124210441351,True,2.3907348266812388e-09,0.07521780909333131,8.758279112554655e-05,0.01
flu_2022,2,3330,flu_2021,0.9999970594320791,0.9999970594320791,True,True,True,flu,0.9999991397744813,0.9999991397744813,True,4.817707029165142e-09,0.07521780909333131,8.602258887004206e-07,0.01
flu_2022,3,3806,flu_2021,0.9999997271223523,0.9999997271223523,True,True,True,flu,0.9999999332245815,0.9999999332245815,True,7.062977142028039e-09,0.07521780909333131,6.677542075743179e-08,0.01
flu_2022,4,4150,flu_2021,0.9999999509208249,0.9999999509208249,True,True,True,flu,0.9999999845285472,0.9999999845285472,True,9.123279276142579e-09,0.07521780909333131,1.547145290525886e-08,0.01
flu_2022,5,4419,flu_2021,0.9999999887403987,0.9999999887403987,True,True,True,flu,0.9999999950058258,0.9999999950058258,True,1.003588786983864e-08,0.07521780909333131,4.994174197784115e-09,0.01
flu_2022,6,4621,flu_2021,0.9999999960989499,0.9999999960989499,True,True,True,flu,0.9999999984772093,0.9999999984772093,True,1.015847852877896e-08,0.07521780909333131,1.5227906724972049e-09,0.01
flu_2022,7,4782,flu_2021,0.9999999983012344,0.9999999983012344,True,True,True,flu,0.9999999991287639,0.9999999991287639,True,1.2073672666050525e-08,0.07521780909333131,8.712360836569641e-10,0.01
flu_2022,8,4873,flu_2021,0.9999999990499759,0.9999999990499759,True,True,True,flu,0.999999999507296,0.999999999507296,True,1.2491601999555431e-08,0.07521780909333131,4.92703988840635e-10,0.01
flu_2022,9,4978,flu_2021,0.9999999995027338,0.9999999995027338,True,True,True,flu,0.9999999997264657,0.9999999997264657,True,1.3615224635157651e-08,0.07521780909333131,2.735343063539024e-10,0.01
flu_2022,10,5054,flu_2021,0.9999999996913971,0.9999999996913971,True,True,True,flu,0.9999999998158742,0.9999999998158742,True,1.4087141164322788e-08,0.07521780909333131,1.8412582571432994e-10,0.01
flu_2022,11,5128,flu_2021,0.9999999998232738,0.9999999998232738,True,True,True,flu,0.9999999999083269,0.9999999999083269,True,1.3836814849517047e-08,0.07521780909333131,9.167311354894547e-11,0.01
flu_2022,12,5192,flu_2021,0.9999999998990461,0.9999999998990461,True,True,True,flu,0.9999999999634335,0.9999999999634335,True,1.3006223316266511e-08,0.07521780909333131,3.6566527584327637e-11,0.01
flu_2022,13,5260,flu_2021,0.9999999999352553,0.9999999999352553,True,True,True,flu,0.9999999999771738,0.9999999999771738,True,1.4107980604000444e-08,0.07521780909333131,2.2826185386553735e-11,0.01
flu_2022,14,5313,flu_2021,0.9999999999482725,0.9999999999482725,True,True,True,flu,0.9999999999878665,0.9999999999878665,True,1.4276831244805351e-08,0.07521780909333131,1.2133516413899484e-11,0.01
flu_2022,15,5373,flu_2021,0.9999999999621991,0.9999999999621991,True,True,True,flu,0.999999999993585,0.999999999993585,True,1.4294990855831672e-08,0.07521780909333131,6.414979658607193e-12,0.01
flu_2022,16,5468,flu_2021,0.9999999999744205,0.9999999999744205,True,True,True,flu,0.9999999999971749,0.9999999999971749,True,1.4831960724955646e-08,0.07521780909333131,2.825073508465164e-12,0.01
flu_2022,17,5561,flu_2021,0.9999999999828901,0.9999999999828901,True,True,True,flu,0.9999999999987018,0.9999999999987018,True,1.5704630322656676e-08,0.07521780909333131,1.2981837826950383e-12,0.01
flu_2022,18,5650,flu_2021,0.9999999999850502,0.9999999999850502,True,True,True,flu,0.9999999999994271,0.9999999999994271,True,1.7733394617542073e-08,0.07521780909333131,5.728750807067449e-13,0.01
flu_2022,19,5805,flu_2021,0.9999999999923261,0.9999999999923261,True,True,True,flu,0.9999999999999093,0.9999999999999093,True,1.7417240501729445e-08,0.07521780909333131,9.07052211118794e-14,0.01
flu_2022,20,5964,flu_2021,0.9999999999947704,0.9999999999947704,True,True,True,flu,0.9999999999999981,0.9999999999999981,True,1.9509146577264153e-08,0.07521780909333131,1.887379141862768e-15,0.01
flu_2022,21,6143,flu_2021,0.9999999999977831,0.9999999999977831,True,True,True,flu,0.9999999999999732,0.9999999999999732,True,2.0966278756238605e-08,0.07521780909333131,2.675637489346663e-14,0.01
flu_2022,22,6301,flu_2021,0.9999999999984652,0.9999999999984652,True,True,True,flu,0.9999999999999994,0.9999999999999994,True,2.0303882704127782e-08,0.07521780909333131,5.551115123125785e-16,0.01
flu_2022,23,6475,flu_2021,0.9999999999991473,0.9999999999991473,True,True,True,flu,0.9999999999999863,0.9999999999999863,True,2.2971193898531713e-08,0.07521780909333131,1.3655743202889519e-14,0.01
flu_2022,24,6680,flu_2021,0.9999999999996021,0.9999999999996021,True,True,True,flu,0.9999999999999741,0.9999999999999741,True,2.7047345279452737e-08,0.07521780909333131,2.5868196473766482e-14,0.01
flu_2022,25,6834,flu_2021,0.9999999999997726,0.9999999999997726,True,True,True,flu,0.9999999999999778,0.9999999999999778,True,2.8753501442368764e-08,0.07521780909333131,2.2204460492503377e-14,0.01
othervirus_2013,0,36,h1n1_2009,1.0,1.0,True,,False,flu,1.0,,,0.17891120333411079,1.771984365677512,,0.01
othervirus_2013,1,88,h1n1_2009,1.0,1.0,True,,False,flu,1.0,,,0.2782308757463182,1.771984365677512,,0.01
othervirus_2013,2,188,h1n1_2009,1.0,1.0,True,,False,flu,1.0,,,0.7297527379525893,1.771984365677512,,0.01
othervirus_2013,3,268,h1n1_2009,1.0,1.0,True,,False,flu,1.0,,,0.935439256024131,1.771984365677512,,0.01
othervirus_2013,4,388,h1n1_2009,1.0,1.0,True,,False,flu,1.0,,,0.9929142705832782,1.771984365677512,,0.01
othervirus_2013,5,501,h1n1_2009,1.0,1.0,True,,False,flu,1.0,,,0.9991479613265869,1.771984365677512,,0.01
othervirus_2013,6,666,h1n1_2009,1.0,1.0,True,,False,flu,1.0,,,0.9999432657643198,1.771984365677512,,0.01
othervirus_2013,7,782,h1n1_2009,1.0,1.0,True,,False,flu,1.0,,,0.99999385485854,1.771984365677512,,0.01
othervirus_2013,8,986,h1n1_2009,1.0,1.0,True,,False,flu,1.0,,,0.9999998648952391,1.771984365677512,,0.01
othervirus_2013,9,1172,h1n1_2009,1.0,1.0,True,,False,flu,1.0,,,0.999999997020403,1.771984365677512,,0.01
othervirus_2013,10,1346,h1n1_2009,1.0,1.0,True,,False,flu,1.0,,,0.9999999998771898,1.771984365677512,,0.01
othervirus_2013,11,1529,h1n1_2009,1.0,1.0,True,,False,flu,1.0,,,0.9999999999942872,1.771984365677512,,0.01
othervirus_2013,12,1700,h1n1_2009,1.0,1.0,True,,False,flu,1.0,,,0.9999999999996732,1.771984365677512,,0.01
othervirus_2013,13,1892,h1n1_2009,1.0,1.0,True,,False,flu,1.0,,,0.9999999999999858,1.771984365677512,,0.01
othervirus_2013,14,2031,h1n1_2009,1.0,1.0,True,,False,flu,1.0,,,1.0,1.771984365677512,,0.01
othervirus_2013,15,2141,h1n1_2009,1.0,1.0,True,,False,flu,1.0,,,1.0,1.771984365677512,,0.01
othervirus_2013,16,2252,h1n1_2009,1.0,1.0,True,,False,flu,1.0,,,1.0,1.771984365677512,,0.01
othervirus_2013,17,2334,h1n1_2009,1.0,1.0,True,,False,flu,1.0,,,1.0,1.771984365677512,,0.01
othervirus_2013,18,2390,h1n1_2009,1.0,1.0,True,,False,flu,1.0,,,1.0,1.771984365677512,,0.01
othervirus_2013,19,2454,h1n1_2009,1.0,1.0,True,,False,flu,1.0,,,1.0,1.771984365677512,,0.01
othervirus_2013,20,2516,h1n1_2009,1.0,1.0,True,,False,flu,1.0,,,1.0,1.771984365677512,,0.01
othervirus_2013,21,2579,h1n1_2009,1.0,1.0,True,,False,flu,1.0,,,1.0,1.771984365677512,,0.01
othervirus_2013,22,2622,h1n1_2009,1.0,1.0,True,,False,flu,1.0,,,1.0,1.771984365677512,,0.01
othervirus_2013,23,2672,h1n1_2009,1.0,1.0,True,,False,flu,1.0,,,1.0,1.771984365677512,,0.01
othervirus_2013,24,2710,h1n1_2009,1.0,1.0,True,,False,flu,1.0,,,1.0,1.771984365677512,,0.01
othervirus_2013,25,2739,h1n1_2009,1.0,1.0,True,,False,flu,1.0,,,1.0,1.771984365677512,,0.01
othervirus_2014,0,24,othervirus_2013,0.5881774719685992,0.5881774719685992,True,True,True,othervirus,0.5881774719685992,0.5881774719685992,True,0.0911296082375887,0.06805282260268974,0.5307265535470828,0.01
othervirus_2014,1,59,othervirus_2013,0.7049687925626887,0.7049687925626887,True,True,True,othervirus,0.7049687925626887,0.7049687925626887,True,0.10381574588225082,0.06805282260268974,0.3496017430181575,0.01
othervirus_2014,2,99,othervirus_2013,0.8085445177903088,0.8085445177903088,True,True,True,othervirus,0.8085445177903088,0.8085445177903088,True,0.11129629337040398,0.06805282260268974,0.2125195392788531,0.01
othervirus_2014,3,113,othervirus_2013,0.8318475523731911,0.8318475523731911,True,True,True,othervirus,0.8318475523731911,0.8318475523731911,True,0.11487847394327998,0.06805282260268974,0.1841060852703383,0.01
othervirus_2014,4,172,othervirus_2013,0.9213998934535621,0.9213998934535621,True,True,True,othervirus,0.9213998934535621,0.9213998934535621,True,0.1255535037642636,0.06805282260268974,0.08186114211570579,0.01
othervirus_2014,5,225,othervirus_2013,0.9605649779957847,0.9605649779957847,True,True,True,othervirus,0.9605649779957847,0.9605649779957847,True,0.13048117330613743,0.06805282260268974,0.04023364888388771,0.01
othervirus_2014,6,314,othervirus_2013,0.986150931912879,0.986150931912879,True,True,True,othervirus,0.986150931912879,0.986150931912879,True,0.13910322399939584,0.06805282260268974,0.013945861131926333,0.01
othervirus_2014,7,410,othervirus_2013,0.9970628472624047,0.9970628472624047,True,True,True,othervirus,0.9970628472624047,0.9970628472624047,True,0.1369489851122794,0.06805282260268974,0.0029414746354880584,0.01
othervirus_2014,8,484,othervirus_2013,0.998818344398009,0.998818344398009,True,True,True,othervirus,0.998818344398009,0.998818344398009,True,0.14025821735048025,0.06805282260268974,0.0011823543074455857,0.01
othervirus_2014,9,591,othervirus_2013,0.9997063373187374,0.9997063373187374,True,True,True,othervirus,0.9997063373187374,0.9997063373187374,True,0.13750081948348167,0.06805282260268974,0.00029370580859127755,0.01
othervirus_2014,10,697,othervirus_2013,0.9999206169998297,0.9999206169998297,True,True,True,othervirus,0.9999206169998297,0.9999206169998297,True,0.13840332902891095,0.06805282260268974,7.938615116741284e-05,0.01
othervirus_2014,11,823,othervirus_2013,0.9999883909479598,0.9999883909479598,True,True,True,othervirus,0.9999883909479598,0.9999883909479598,True,0.15441240329415906,0.06805282260268974,1.1609119425795154e-05,0.01
othervirus_2014,12,908,othervirus_2013,0.9999966796902966,0.9999966796902966,True,True,True,othervirus,0.9999966796902966,0.9999966796902966,True,0.16982079414173118,0.06805282260268974,3.3203152156433775e-06,0.01
othervirus_2014,13,1050,othervirus_2013,0.9999994518627143,0.9999994518627143,True,True,True,othervirus,0.9999994518627143,0.9999994518627143,True,0.1732305059686686,0.06805282260268974,5.481374358992315e-07,0.01
othervirus_2014,14,1141,othervirus_2013,0.9999998605731361,0.9999998605731361,True,True,True,othervirus,0.9999998605731361,0.9999998605731361,True,0.1926595377593256,0.06805282260268974,1.3942687366311892e-07,0.01
othervirus_2014,15,1234,othervirus_2013,0.9999999590394361,0.9999999590394361,True,True,True,othervirus,0.9999999590394361,0.9999999590394361,True,0.20520743316406373,0.06805282260268974,4.096056477953465e-08,0.01
othervirus_2014,16,1317,othervirus_2013,0.9999999882578409,0.9999999882578409,True,True,True,othervirus,0.9999999882578409,0.9999999882578409,True,0.22145093741998956,0.06805282260268974,1.1742159202848676e-08,0.01
othervirus_2014,17,1371,othervirus_2013,0.9999999952547043,0.9999999952547043,True,True,True,othervirus,0.9999999952547043,0.9999999952547043,True,0.23726782875316052,0.06805282260268974,4.7452957231865265e-09,0.01
othervirus_2014,18,1446,othervirus_2013,0.9999999984125694,0.9999999984125694,True,True,True,othervirus,0.9999999984125694,0.9999999984125694,True,0.24372147876419284,0.06805282260268974,1.5874306326489653e-09,0.01
othervirus_2014,19,1481,othervirus_2013,0.9999999990153299,0.9999999990153299,True,True,True,othervirus,0.9999999990153299,0.9999999990153299,True,0.25089263832943764,0.06805282260268974,9.846701237011344e-10,0.01
othervirus_2014,20,1531,othervirus_2013,0.9999999993888338,0.9999999993888338,True,True,True,othervirus,0.9999999993888338,0.9999999993888338,True,0.24721825342736908,0.06805282260268974,6.111662289234547e-10,0.01
othervirus_2014,21,1589,othervirus_2013,0.9999999996869775,0.9999999996869775,True,True,True,othervirus,0.9999999996869775,0.9999999996869775,True,0.24763290816031344,0.06805282260268974,3.1302249686074607e-10,0.01
othervirus_2014,22,1618,othervirus_2013,0.999999999782375,0.999999999782375,True,True,True,othervirus,0.999999999782375,0.999999999782375,True,0.2534863989758505,0.06805282260268974,2.176250291322838e-10,0.01
othervirus_2014,23,1658,othervirus_2013,0.9999999998481286,0.9999999998481286,True,True,True,othervirus,0.9999999998481286,0.9999999998481286,True,0.2538463760142799,0.06805282260268974,1.518714043528963e-10,0.01
othervirus_2014,24,1673,othervirus_2013,0.9999999998791367,0.9999999998791367,True,True,True,othervirus,0.9999999998791367,0.9999999998791367,True,0.2596689630893398,0.06805282260268974,1.2086331936009702e-10,0.01
othervirus_2014,25,1700,othervirus_2013,0.9999999999120348,0.9999999999120348,True,True,True,othervirus,0.9999999999120348,0.9999999999120348,True,0.25621768400946754,0.06805282260268974,8.796519069096935e-11,0.01
othervirus_2015,0,24,othervirus_2014,0.2983584750117171,0.2983584750117171,True,True,True,othervirus,0.5852992679869443,0.5852992679869443,True,0.052269252842819164,0.01396976832786434,0.535631993348747,0.01
othervirus_2015,1,35,othervirus_2014,0.3130649932630001,0.3130649932630001,True,True,True,othervirus,0.6157227829748116,0.6157227829748116,True,0.052537397021810206,0.01396976832786434,0.4849584443797385,0.01
othervirus_2015,2,59,othervirus_2014,0.34899856874150287,0.34899856874150287,True,True,True,othervirus,0.6784642086791377,0.6784642086791377,True,0.05557862240659743,0.01396976832786434,0.3879235517557075,0.01
othervirus_2015,3,100,othervirus_2014,0.4329212721200787,0.4329212721200787,True,True,True,othervirus,0.8076625333751537,0.8076625333751537,True,0.064954624714506,0.01396976832786434,0.21361096441781827,0.01
othervirus_2015,4,150,othervirus_2014,0.5073582524138512,0.5073582524138512,True,True,True,othervirus,0.902665685552781,0.902665685552781,True,0.0718316356478806,0.01396976832786434,0.10240302052474895,0.01
othervirus_2015,5,186,othervirus_2014,0.5513051048216294,0.5513051048216294,True,True,True,othervirus,0.942485970759076,0.942485970759076,True,0.08133260524920442,0.01396976832786434,0.059234244907014816,0.01
othervirus_2015,6,254,othervirus_2014,0.594423387094697,0.594423387094697,True,True,True,othervirus,0.9787088070903671,0.9787088070903671,True,0.08590873249190295,0.01396976832786434,0.02152111982681067,0.01
othervirus_2015,7,312,othervirus_2014,0.6185208222982808,0.6185208222982808,True,True,True,othervirus,0.9907300099949512,0.9907300099949512,True,0.08049293622885378,0.01396976832786434,0.009313223754102951,0.01
othervirus_2015,8,372,othervirus_2014,0.6450784335465616,0.6450784335465616,True,True,True,othervirus,0.9963170647570996,0.9963170647570996,True,0.08594604357278048,0.01396976832786434,0.003689733946826275,0.01
othervirus_2015,9,442,othervirus_2014,0.6634904084368236,0.6634904084368236,True,True,True,othervirus,0.998737709348837,0.998737709348837,True,0.08085636318182365,0.01396976832786434,0.0012630880110776263,0.01
othervirus_2015,10,554,othervirus_2014,0.7053359711023734,0.7053359711023734,True,True,True,othervirus,0.999759124393923,0.999759124393923,True,0.08123822371497204,0.01396976832786434,0.00024090462126525805,0.01
othervirus_2015,11,638,othervirus_2014,0.7312533310746602,0.7312533310746602,True,True,True,othervirus,0.9999224418945045,0.9999224418945045,True,0.08098109520035754,0.01396976832786434,7.75611132808626e-05,0.01
othervirus_2015,12,775,othervirus_2014,0.7801912798517285,0.7801912798517285,True,True,True,othervirus,0.9999900473511584,0.9999900473511584,True,0.08949099309115492,0.01396976832786434,9.952698369564937e-06,0.01
othervirus_2015,13,894,othervirus_2014,0.8002426264464191,0.8002426264464191,True,True,True,othervirus,0.9999980205157598,0.9999980205157598,True,0.08558568726634472,0.01396976832786434,1.979486199370303e-06,0.01
othervirus_2015,14,976,othervirus_2014,0.8253505616678846,0.8253505616678846,True,True,True,othervirus,0.9999994303489831,0.9999994303489831,True,0.08973294220304436,0.01396976832786434,5.696511791640665e-07,0.01
othervirus_2015,15,1016,othervirus_2014,0.8327517837003889,0.8327517837003889,True,True,True,othervirus,0.9999996724386324,0.9999996724386324,True,0.09087362850358544,0.01396976832786434,3.275614212339523e-07,0.01
othervirus_2015,16,1169,othervirus_2014,0.8508160837573739,0.8508160837573739,True,True,True,othervirus,0.9999999658317478,0.9999999658317478,True,0.09636671030037165,0.01396976832786434,3.416825281130799e-08,0.01
othervirus_2015,17,1274,othervirus_2014,0.875076215350993,0.875076215350993,True,True,True,othervirus,0.9999999931842964,0.9999999931842964,True,0.10236915344073469,0.01396976832786434,6.815703580321728e-09,0.01
othervirus_2015,18,1384,othervirus_2014,0.8898720169520756,0.8898720169520756,True,True,True,othervirus,0.9999999982531342,0.9999999982531342,True,0.10028647850131542,0.01396976832786434,1.7468657646782975e-09,0.01
othervirus_2015,19,1485,othervirus_2014,0.9016735111482372,0.9016735111482372,True,True,True,othervirus,0.999999999541143,0.999999999541143,True,0.10167364318370425,0.01396976832786434,4.5885695253969146e-10,0.01
othervirus_2015,20,1572,othervirus_2014,0.9126847030859612,0.9126847030859612,True,True,True,othervirus,0.9999999998676765,0.9999999998676765,True,0.10540187602169235,0.01396976832786434,1.323234855109385e-10,0.01
othervirus_2015,21,1645,othervirus_2014,0.9162025969354992,0.9162025969354992,True,True,True,othervirus,0.9999999999544611,0.9999999999544611,True,0.10839507734774967,0.01396976832786434,4.553890598050664e-11,0.01
othervirus_2015,22,1718,othervirus_2014,0.9217422842116627,0.9217422842116627,True,True,True,othervirus,0.9999999999821422,0.9999999999821422,True,0.11093359154796187,0.01396976832786434,1.7857826328952632e-11,0.01
othervirus_2015,23,1772,othervirus_2014,0.9228245389925079,0.9228245389925079,True,True,True,othervirus,0.9999999999905226,0.9999999999905226,True,0.11010820928739642,0.01396976832786434,9.477418849757559e-12,0.01
othervirus_2015,24,1833,othervirus_2014,0.9263180598534463,0.9263180598534463,True,True,True,othervirus,0.9999999999951588,0.9999999999951588,True,0.10885081650063375,0.01396976832786434,4.841238521192176e-12,0.01
othervirus_2015,25,1886,othervirus_2014,0.92718367191146,0.92718367191146,True,True,True,othervirus,0.9999999999970819,0.9999999999970819,True,0.10541067222002982,0.01396976832786434,2.9181101979290193e-12,0.01
othervirus_2016,0,24,othervirus_2013,0.1850705013067982,0.1850705013067982,True,True,True,othervirus,0.5333455151936302,0.5333455151936302,True,0.049720592792418264,0.03189666605252128,0.6285858186951689,0.01
othervirus_2016,1,44,othervirus_2013,0.20219948189316236,0.20219948189316236,True,True,True,othervirus,0.5745026052964121,0.5745026052964121,True,0.051815615563226745,0.03189666605252128,0.5542506468099416,0.01
othervirus_2016,2,66,othervirus_2013,0.21943798338360984,0.21943798338360984,True,True,True,othervirus,0.6063485391537038,0.6063485391537038,True,0.055053634131649126,0.03189666605252128,0.5003003111282123,0.01
othervirus_2016,3,145,othervirus_2013,0.2744533134704257,0.2744533134704257,True,True,True,othervirus,0.7321427143875601,0.7321427143875601,True,0.05938884392884538,0.03189666605252128,0.3117798190137052,0.01
othervirus_2016,4,256,othervirus_2013,0.34580670046348844,0.34580670046348844,True,True,True,othervirus,0.8510810732781006,0.8510810732781006,True,0.06786062735264206,0.03189666605252128,0.16124788669960746,0.01
othervirus_2016,5,392,othervirus_2013,0.4253702443336762,0.4253702443336762,True,True,True,othervirus,0.9183147892195099,0.9183147892195099,True,0.07723721601696976,0.03189666605252128,0.08521503949451174,0.01
othervirus_2016,6,518,othervirus_2013,0.482289390371447,0.482289390371447,True,True,True,othervirus,0.9490338998783902,0.9490338998783902,True,0.0906830004049505,0.03189666605252128,0.05231075932592447,0.01
othervirus_2016,7,668,othervirus_2013,0.5151003894626947,0.5151003894626947,True,True,True,othervirus,0.9830319830418501,0.9830319830418501,True,0.0984446816554815,0.03189666605252128,0.017113623207748944,0.01
othervirus_2016,8,792,othervirus_2013,0.4885319334330434,0.4885319334330434,True,True,True,othervirus,0.9952146955785913,0.9952146955785913,True,0.09392476541360102,0.03189666605252128,0.004796790648657371,0.01
othervirus_2016,9,925,othervirus_2013,0.49598482487364937,0.49598482487364937,True,True,True,othervirus,0.9980682812374606,0.9980682812374606,True,0.0942070481670061,0.03189666605252128,0.0019335869374749013,0.01
othervirus_2016,10,1086,othervirus_2013,0.48154147091505956,0.48154147091505956,True,True,True,othervirus,0.9994898962774806,0.9994898962774806,True,0.09151921034012479,0.03189666605252128,0.0005102338696841431,0.01
othervirus_2016,11,1192,othervirus_2013,0.5000133413559242,0.5000133413559242,True,True,True,othervirus,0.9997703158945077,0.9997703158945077,True,0.09706512073683184,0.03189666605252128,0.00022971048692612192,0.01
othervirus_2016,12,1386,othervirus_2013,0.5292997427381058,0.5292997427381058,True,True,True,othervirus,0.9999071323705171,0.9999071323705171,True,0.09779525743233611,0.03189666605252128,9.287194194820396e-05,0.01
othervirus_2016,13,1601,othervirus_2013,0.5147797681574147,0.5147797681574147,True,True,True,othervirus,0.9999818520523953,0.9999818520523953,True,0.10166488574464505,0.03189666605252128,1.8148112280678786e-05,0.01
othervirus_2016,14,1856,othervirus_2013,0.510549295675411,0.510549295675411,True,True,True,othervirus,0.9999977180176268,0.9999977180176268,True,0.10786790306504886,0.03189666605252128,2.2819849769014096e-06,0.01
othervirus_2016,15,2065,othervirus_2013,0.5272447434665587,0.5272447434665587,True,True,True,othervirus,0.9999993876319317,0.9999993876319317,True,0.11686352796124556,0.03189666605252128,6.123682557508903e-07,0.01
othervirus_2016,16,2331,othervirus_2013,0.5582894217396467,0.5582894217396467,True,True,True,othervirus,0.9999998705436143,0.9999998705436143,True,0.133560964401008,0.03189666605252128,1.2945639410184935e-07,0.01
othervirus_2016,17,2602,othervirus_2013,0.4926614499578065,0.4926614499578065,True,True,True,othervirus,0.9999999887951608,0.9999999887951608,True,0.14012118484585523,0.03189666605252128,1.120483923038538e-08,0.01
othervirus_2016,18,2862,othervirus_2013,0.49261550249277103,0.49261550249277103,True,True,True,othervirus,0.9999999983504425,0.9999999983504425,True,0.15254912482741306,0.03189666605252128,1.649557491962214e-09,0.01
othervirus_2016,19,3051,othervirus_2013,0.492485940644481,0.492485940644481,True,True,True,othervirus,0.9999999995556568,0.9999999995556568,True,0.16198787554129598,0.03189666605252128,4.443432289768173e-10,0.01
othervirus_2016,20,3222,othervirus_2013,0.4717378731110771,0.4717378731110771,True,True,True,othervirus,0.9999999998811746,0.9999999998811746,True,0.17151623238313712,0.03189666605252128,1.1882539397585083e-10,0.01
othervirus_2016,21,3367,othervirus_2013,0.529003429139189,0.529003429139189,True,True,True,othervirus,0.999999999918378,0.999999999918378,True,0.18809128465907785,0.03189666605252128,8.162204246153812e-11,0.01
othervirus_2016,22,3480,othervirus_2013,0.5224393649781109,0.5224393649781109,True,True,True,othervirus,0.9999999999608469,0.9999999999608469,True,0.19831914132420744,0.03189666605252128,3.915312518719726e-11,0.01
othervirus_2016,23,3587,othervirus_2013,0.5101322787883844,0.5101322787883844,True,True,True,othervirus,0.9999999999832349,0.9999999999832349,True,0.20613135508122038,0.03189666605252128,1.6765144828097635e-11,0.01
othervirus_2016,24,3691,othervirus_2013,0.5044192625484961,0.5044192625484961,True,True,True,othervirus,0.9999999999930403,0.9999999999930403,True,0.20376523793373683,0.03189666605252128,6.959655074491937e-12,0.01
othervirus_2016,25,3785,othervirus_2013,0.5033821492788666,0.5033821492788666,True,True,True,othervirus,0.9999999999967197,0.9999999999967197,True,0.20405295429876202,0.03189666605252128,3.2802649485628674e-12,0.01
othervirus_2017,0,30,othervirus_2016,0.1472821401494788,0.14567683179851112,False,True,True,othervirus,0.5825792097542887,0.5825792097542887,True,0.030846192803736485,0.018511916698101594,0.5402901203762553,0.01
othervirus_2017,1,67,othervirus_2016,0.17170579821168552,0.1711575547151226,False,True,True,othervirus,0.6801006265617084,0.6801006265617084,True,0.031473123780195456,0.018511916698101594,0.3855145115221735,0.01
othervirus_2017,2,86,othervirus_2016,0.18035102532304745,0.17293599271615764,False,True,True,othervirus,0.6922546748829456,0.6922546748829456,True,0.033019959766777615,0.018511916698101594,0.36780136378240497,0.01
othervirus_2017,3,123,othervirus_2016,0.19868089417384685,0.1916312193004638,False,True,True,othervirus,0.7552550241094614,0.7552550241094614,True,0.03601111265088592,0.018511916698101594,0.2806998064905947,0.01
othervirus_2017,4,178,othervirus_2016,0.22165571616366578,0.21542372444738334,False,True,True,othervirus,0.837894770752987,0.837894770752987,True,0.03729188009544584,0.018511916698101594,0.1768627582786746,0.01
othervirus_2017,5,246,othervirus_2014,0.2425222015896593,0.2425222015896593,True,True,True,othervirus,0.9214532849826449,0.9214532849826449,True,0.03817832747450635,0.018511916698101594,0.08180319769590884,0.01
othervirus_2017,6,313,othervirus_2016,0.25661940890841584,0.24883471003418706,False,True,True,othervirus,0.941624730675761,0.941624730675761,True,0.04040784885595338,0.018511916698101594,0.060148458857016356,0.01
othervirus_2017,7,385,othervirus_2014,0.2608490237792549,0.2608490237792549,True,True,True,othervirus,0.97384860923622,0.97384860923622,True,0.03816984644247686,0.018511916698101594,0.026499419416073824,0.01
othervirus_2017,8,489,othervirus_2014,0.2737493703442163,0.2737493703442163,True,True,True,othervirus,0.9905340487431853,0.9905340487431853,True,0.03907372495829263,0.018511916698101594,0.009511038125731659,0.01
othervirus_2017,9,621,othervirus_2014,0.2849455444780231,0.2849455444780231,True,True,True,othervirus,0.9980290577567659,0.9980290577567659,True,0.03785628221444048,0.018511916698101594,0.001972887105791894,0.01
othervirus_2017,10,758,othervirus_2014,0.2954748359326534,0.2954748359326534,True,True,True,othervirus,0.9996254170399319,0.9996254170399319,True,0.0375564357099799,0.018511916698101594,0.0003746531337895468,0.01
othervirus_2017,11,935,othervirus_2015,0.3094022393846311,0.3043796980558845,False,True,True,othervirus,0.999963623137316,0.999963623137316,True,0.03486288442016626,0.018511916698101594,3.637752433809978e-05,0.01
othervirus_2017,12,1136,othervirus_2014,0.3266872645539679,0.3266872645539679,True,True,True,othervirus,0.9999961791961556,0.9999961791961556,True,0.03640651201241354,0.018511916698101594,3.8208111437127835e-06,0.01
othervirus_2017,13,1308,othervirus_2014,0.3383065217899501,0.3383065217899501,True,True,True,othervirus,0.9999993900661703,0.9999993900661703,True,0.03687529595554711,0.018511916698101594,6.099340156747242e-07,0.01
othervirus_2017,14,1541,othervirus_2015,0.35771233356328397,0.3426666419796594,False,True,True,othervirus,0.9999999503748715,0.9999999503748715,True,0.03787632085902231,0.018511916698101594,4.9625129682296395e-08,0.01
othervirus_2017,15,1766,othervirus_2015,0.379494248444902,0.3539936810150021,False,True,True,othervirus,0.9999999956088291,0.9999999956088291,True,0.038954795728345176,0.018511916698101594,4.391170881006282e-09,0.01
othervirus_2017,16,1969,othervirus_2015,0.4099492545131175,0.35969564457630326,False,True,True,othervirus,0.9999999996044151,0.9999999996044151,True,0.040963429310760614,0.018511916698101594,3.9558489825006276e-10,0.01
othervirus_2017,17,2238,othervirus_2015,0.4227728804361137,0.36979825754945206,False,True,True,othervirus,0.9999999999772,0.9999999999772,True,0.043988390919181455,0.018511916698101594,2.2799984123171984e-11,0.01
othervirus_2017,18,2429,othervirus_2015,0.44910920360288725,0.371086317248951,False,True,True,othervirus,0.9999999999975014,0.9999999999975014,True,0.04358261228778656,0.018511916698101594,2.498556916922036e-12,0.01
othervirus_2017,19,2650,othervirus_2015,0.48196341284901767,0.36393487447179124,False,True,True,othervirus,0.9999999999997676,0.9999999999997676,True,0.042921973394502544,0.018511916698101594,2.3236967905407227e-13,0.01
othervirus_2017,20,2818,othervirus_2015,0.46385651186856525,0.37375929801767993,False,True,True,othervirus,0.9999999999999394,0.9999999999999394,True,0.042820406373851136,0.018511916698101594,6.061817714453539e-14,0.01
othervirus_2017,21,2988,othervirus_2015,0.4620664661418419,0.38248373165406924,False,True,True,othervirus,0.9999999999999956,0.9999999999999956,True,0.04567057182687624,0.018511916698101594,4.440892098500636e-15,0.01
othervirus_2017,22,3153,othervirus_2015,0.47873418959123737,0.385295161687161,False,True,True,othervirus,1.0000000000000022,1.0000000000000022,True,0.04712089007098369,0.018511916698101594,-2.2204460492503107e-15,0.01
othervirus_2017,23,3283,othervirus_2015,0.48113107371649055,0.3788756808562945,False,True,True,othervirus,1.0000000000000058,1.0000000000000058,True,0.04899457386261573,0.018511916698101594,-5.7731597280507974e-15,0.01
othervirus_2017,24,3392,othervirus_2015,0.4812077447607239,0.38652168635088047,False,True,True,othervirus,0.9999999999999925,0.9999999999999925,True,0.05007046487557979,0.018511916698101594,7.549516567451093e-15,0.01
othervirus_2017,25,3507,othervirus_2015,0.4761948740852783,0.38422484371619015,False,True,True,othervirus,1.0000000000000078,1.0000000000000078,True,0.050792948612532945,0.018511916698101594,-7.771561172376066e-15,0.01
othervirus_2018,0,25,othervirus_2013,0.11308330695948365,0.10861636079868481,False,True,True,othervirus,0.5508823070840225,0.5508823070840225,True,0.02904820731098798,0.015589375828715113,0.5962340914032662,0.01
othervirus_2018,1,36,othervirus_2013,0.11141342155471015,0.1024241430945793,False,True,True,othervirus,0.522298324646671,0.522298324646671,True,0.029439903971692903,0.015589375828715113,0.64951635119069,0.01
othervirus_2018,2,50,othervirus_2013,0.1150586611632874,0.10139249779921909,False,True,True,othervirus,0.5247297452431275,0.5247297452431275,True,0.029391282321069724,0.015589375828715113,0.6448719198960452,0.01
othervirus_2018,3,69,othervirus_2013,0.12611531049145086,0.10965468140698212,False,True,True,othervirus,0.5668397556720789,0.5668397556720789,True,0.029907177785704113,0.015589375828715113,0.5676786330606338,0.01
othervirus_2018,4,89,othervirus_2013,0.1373859580879367,0.1177716716382337,False,True,True,othervirus,0.6106580260321676,0.6106580260321676,True,0.03142895391139752,0.015589375828715113,0.4932181720269191,0.01
othervirus_2018,5,110,othervirus_2013,0.1425951926360915,0.11921107649333033,False,True,True,othervirus,0.6210509271376679,0.6210509271376679,True,0.033756144231405744,0.015589375828715113,0.4763421921379357,0.01
othervirus_2018,6,153,othervirus_2013,0.1658863434470667,0.1359359830426318,False,True,True,othervirus,0.7112518857938661,0.7112518857938661,True,0.036233828393230444,0.015589375828715113,0.34072864216533466,0.01
othervirus_2018,7,238,othervirus_2013,0.20009458377740913,0.1552377220651856,False,True,True,othervirus,0.8327727425322397,0.8327727425322397,True,0.04083976157500148,0.015589375828715113,0.1829944921254669,0.01
othervirus_2018,8,321,othervirus_2013,0.21895186452206983,0.17038360101505168,False,True,True,othervirus,0.9089498604190871,0.9089498604190871,True,0.0417539990549317,0.015589375828715113,0.09546534538088451,0.01
othervirus_2018,9,436,othervirus_2013,0.23851837653745173,0.1731264933362855,False,True,True,othervirus,0.9656871578914503,0.9656871578914503,True,0.04899489441803857,0.015589375828715113,0.03491535033580433,0.01
othervirus_2018,10,607,othervirus_2013,0.2433477530115616,0.1792070930003597,False,True,True,othervirus,0.9931888353631009,0.9931888353631009,True,0.051692920913355235,0.015589375828715113,0.006834466487524282,0.01
othervirus_2018,11,867,othervirus_2013,0.23928182869751938,0.18031624371912028,False,True,True,othervirus,0.9993936481996655,0.9993936481996655,True,0.057090661721143264,0.015589375828715113,0.0006065357059321614,0.01
othervirus_2018,12,1152,othervirus_2016,0.24540449320076874,0.19433458816697993,False,True,True,othervirus,0.9999603652731175,0.9999603652731175,True,0.058333608496319495,0.015589375828715113,3.96355123590516e-05,0.01
othervirus_2018,13,1506,othervirus_2016,0.2509277851002877,0.2099570725595654,False,True,True,othervirus,0.9999987425122849,0.9999987425122849,True,0.06151352612683661,0.015589375828715113,1.2574885057056243e-06,0.01
othervirus_2018,14,1769,othervirus_2016,0.2503322915213286,0.24270191211855408,False,True,True,othervirus,0.9999999096747201,0.9999999096747201,True,0.059569691994375694,0.015589375828715113,9.03252840015826e-08,0.01
othervirus_2018,15,2200,othervirus_2017,0.27841318882209903,0.27841318882209903,True,True,True,othervirus,0.9999999985055612,0.9999999985055612,True,0.0702418137077373,0.015589375828715113,1.4944387960522777e-09,0.01
othervirus_2018,16,2557,othervirus_2017,0.30966373447067147,0.30966373447067147,True,True,True,othervirus,0.9999999999481055,0.9999999999481055,True,0.07245040301870312,0.015589375828715113,5.189448870758544e-11,0.01
othervirus_2018,17,2907,othervirus_2017,0.3425738224875249,0.3425738224875249,True,True,True,othervirus,0.9999999999979455,0.9999999999979455,True,0.07661132334663359,0.015589375828715113,2.0544677070709625e-12,0.01
othervirus_2018,18,3208,othervirus_2017,0.38010843127347815,0.38010843127347815,True,True,True,othervirus,0.9999999999999041,0.9999999999999041,True,0.0761937789045558,0.015589375828715113,9.592326932761813e-14,0.01
othervirus_2018,19,3486,othervirus_2017,0.41907013019612077,0.41907013019612077,True,True,True,othervirus,0.999999999999986,0.999999999999986,True,0.07727880836714479,0.015589375828715113,1.398881011027707e-14,0.01
othervirus_2018,20,3779,othervirus_2017,0.4516111053366492,0.4516111053366492,True,True,True,othervirus,0.9999999999999925,0.9999999999999925,True,0.07702585946385979,0.015589375828715113,7.549516567451093e-15,0.01
othervirus_2018,21,4013,othervirus_2017,0.4718116789748339,0.4718116789748339,True,True,True,othervirus,1.0000000000000027,1.0000000000000027,True,0.07776033537649979,0.015589375828715113,-2.664535259100372e-15,0.01
othervirus_2018,22,4350,othervirus_2017,0.5104384881558944,0.5104384881558944,True,True,True,othervirus,1.0000000000000109,1.0000000000000109,True,0.08296546943637625,0.015589375828715113,-1.0880185641326474e-14,0.01
othervirus_2018,23,4646,othervirus_2017,0.5383378767510839,0.5383378767510839,True,True,True,othervirus,0.9999999999999863,0.9999999999999863,True,0.09508977541339035,0.015589375828715113,1.3655743202889519e-14,0.01
othervirus_2018,24,4932,othervirus_2017,0.5730002334824913,0.5730002334824913,True,True,True,othervirus,1.0000000000000064,1.0000000000000064,True,0.10101344294688264,0.015589375828715113,-6.4392935428258874e-15,0.01
othervirus_2018,25,5283,othervirus_2017,0.6274545522364933,0.6274545522364933,True,True,True,othervirus,0.9999999999999931,0.9999999999999931,True,0.1159081923680019,0.015589375828715113,6.883382752675994e-15,0.01
othervirus_2019,0,102,othervirus_2014,0.14089182298368885,0.13076509411124568,False,True,True,othervirus,0.7930269677392625,0.7930269677392625,True,0.0001507311326826117,0.05513880071791277,0.2318980506881166,0.01
othervirus_2019,1,166,othervirus_2015,0.16854422211914863,0.14827075104350437,False,True,True,othervirus,0.909299590497348,0.909299590497348,True,0.0001745740376429498,0.05513880071791277,0.09508065659970817,0.01
othervirus_2019,2,191,othervirus_2015,0.1770802016972767,0.1544236525885755,False,True,True,othervirus,0.9372212024494629,0.9372212024494629,True,0.00018664898294231758,0.05513880071791277,0.0648359494188837,0.01
othervirus_2019,3,234,othervirus_2015,0.18785428960954567,0.15960547995741434,False,True,True,othervirus,0.9656399783199037,0.9656399783199037,True,0.00020396121704990264,0.05513880071791277,0.03496420748762646,0.01
othervirus_2019,4,256,othervirus_2015,0.1904752530013375,0.16427208787233338,False,True,True,othervirus,0.9745404790901836,0.9745404790901836,True,0.00020663593350637275,0.05513880071791277,0.025789222579939475,0.01
othervirus_2019,5,308,othervirus_2015,0.19934484185446769,0.16691484787259447,False,True,True,othervirus,0.987847440244065,0.987847440244065,True,0.0002230346506594518,0.05513880071791277,0.012227005865575102,0.01
othervirus_2019,6,360,othervirus_2015,0.20838497063142652,0.16783503742537353,False,True,True,othervirus,0.9943118681910462,0.9943118681910462,True,0.00022238401844509496,0.05513880071791277,0.005704370839802132,0.01
othervirus_2019,7,415,othervirus_2015,0.2133729367747969,0.1702304874001856,False,True,True,othervirus,0.9971233183227592,0.9971233183227592,True,0.00023773421269357805,0.05513880071791277,0.002880827278268677,0.01
othervirus_2019,8,501,othervirus_2015,0.22442593257485113,0.17300782536175302,False,True,True,othervirus,0.9991799797356302,0.9991799797356302,True,0.00027258786351241703,0.05513880071791277,0.0008203566649028445,0.01
othervirus_2019,9,582,othervirus_2015,0.23361000947900207,0.17744527567809307,False,True,True,othervirus,0.9997365058728407,0.9997365058728407,True,0.0002741984540239631,0.05513880071791277,0.00026352884783610115,0.01
othervirus_2019,10,673,othervirus_2015,0.24154360653634613,0.176002398206329,False,True,True,othervirus,0.9999088264008611,0.9999088264008611,True,0.00025488578455770303,0.05513880071791277,9.1177755704143e-05,0.01
othervirus_2019,11,774,othervirus_2015,0.25528923066403586,0.1727602997458197,False,True,True,othervirus,0.9999766422495096,0.9999766422495096,True,0.0002525196628918738,0.05513880071791277,2.335802328695113e-05,0.01
othervirus_2019,12,890,othervirus_2015,0.23605872752980492,0.1835233852692423,False,True,True,othervirus,0.999990474062034,0.999990474062034,True,0.00022658601631648443,0.05513880071791277,9.525983338028088e-06,0.01
othervirus_2019,13,1085,othervirus_2015,0.26375136753443446,0.18030353481409797,False,True,True,othervirus,0.9999993285171616,0.9999993285171616,True,0.0002774903147227974,0.05513880071791277,6.7148306388824e-07,0.01
othervirus_2019,14,1285,othervirus_2015,0.2791601849795612,0.17525386473742072,False,True,True,othervirus,0.9999999161811008,0.9999999161811008,True,0.00032229702214798265,0.05513880071791277,8.381890266756805e-08,0.01
othervirus_2019,15,1617,othervirus_2015,0.2851015643751075,0.17656812285493342,False,True,True,othervirus,0.9999999969107795,0.9999999969107795,True,0.0003499411052736504,0.05513880071791277,3.089220550809194e-09,0.01
othervirus_2019,16,1936,othervirus_2015,0.2995961214642141,0.18790468047051828,False,True,True,othervirus,0.9999999999144633,0.9999999999144633,True,0.0004105872255605559,0.05513880071791277,8.55366888466936e-11,0.01
othervirus_2019,17,2130,othervirus_2015,0.2941432353957325,0.18795199514590252,False,True,True,othervirus,0.9999999999854532,0.9999999999854532,True,0.00040065327301681,0.05513880071791277,1.4546808202559381e-11,0.01
othervirus_2019,18,2317,othervirus_2015,0.2926371271894705,0.18846520759213792,False,True,True,othervirus,0.9999999999969241,0.9999999999969241,True,0.0004327856355311832,0.05513880071791277,3.0758728897287266e-12,0.01
othervirus_2019,19,2515,othervirus_2015,0.28298344494474253,0.19408901176580864,False,True,True,othervirus,0.9999999999993437,0.9999999999993437,True,0.00045217800150618777,0.05513880071791277,6.562528298561454e-13,0.01
othervirus_2019,20,2631,othervirus_2015,0.27822489604696954,0.2034384604916565,False,True,True,othervirus,0.9999999999997756,0.9999999999997756,True,0.00046541521553844815,0.05513880071791277,2.243760732767693e-13,0.01
othervirus_2019,21,2746,othervirus_2015,0.27105638237174606,0.20335355870414287,False,True,True,othervirus,0.9999999999999183,0.9999999999999183,True,0.0004745333504649388,0.05513880071791277,8.171241461241487e-14,0.01
othervirus_2019,22,2879,othervirus_2015,0.26797573009850245,0.2041768943169863,False,True,True,othervirus,0.9999999999999749,0.9999999999999749,True,0.0005074266269827095,0.05513880071791277,2.5091040356528853e-14,0.01
othervirus_2019,23,2970,othervirus_2015,0.2670734343144404,0.20406037635227806,False,True,True,othervirus,0.9999999999999917,0.9999999999999917,True,0.0004844792955204226,0.05513880071791277,8.326672684688709e-15,0.01
othervirus_2019,24,3055,othervirus_2015,0.26940333543355083,0.20737339896409604,False,True,True,othervirus,0.9999999999999887,0.9999999999999887,True,0.0005172692925731848,0.05513880071791277,1.1324274851176661e-14,0.01
othervirus_2019,25,3142,othervirus_2015,0.2562142042619514,0.21371524998054858,False,True,True,othervirus,0.9999999999999987,0.9999999999999987,True,0.0005542119985194566,0.05513880071791277,1.3322676295501886e-15,0.01
othervirus_2020,0,20,othervirus_2019,0.08350748633633119,0.07952723944501919,False,True,True,othervirus,0.5679735322554198,0.5679735322554198,True,0.020017546615640876,0.25894349152052865,0.5656804594885794,0.01
othervirus_2020,1,59,othervirus_2019,0.09933573013719979,0.09048953939649039,False,True,True,othervirus,0.6727012931271903,0.6727012931271903,True,0.021354970061445624,0.25894349152052865,0.3964538916584,0.01
othervirus_2020,2,94,othervirus_2019,0.10835720971492574,0.09908035887350983,False,True,True,othervirus,0.7362777833583061,0.7362777833583061,True,0.02179809761906078,0.25894349152052865,0.30614780841824407,0.01
othervirus_2020,3,133,othervirus_2019,0.11814871924833309,0.10399104411941697,False,True,True,othervirus,0.7852203558588458,0.7852203558588458,True,0.02336727713581792,0.25894349152052865,0.24179089249043556,0.01
othervirus_2020,4,171,othervirus_2019,0.12595904872310074,0.10774823282535556,False,True,True,othervirus,0.8083278310080705,0.8083278310080705,True,0.02742778637813042,0.25894349152052865,0.2127875713021561,0.01
othervirus_2020,5,209,othervirus_2019,0.12903911206421526,0.11533417505571973,False,True,True,othervirus,0.8318615548995617,0.8318615548995617,True,0.028060931455094893,0.25894349152052865,0.18408925236810827,0.01
othervirus_2020,6,260,othervirus_2019,0.1405220508604722,0.12229461971515053,False,True,True,othervirus,0.8829672654138344,0.8829672654138344,True,0.031011909211310286,0.25894349152052865,0.1244671510768736,0.01
othervirus_2020,7,297,othervirus_2019,0.15613823695280096,0.1209606228546401,False,True,True,othervirus,0.9284041016177246,0.9284041016177246,True,0.03206355489242768,0.25894349152052865,0.0742881866492137,0.01
othervirus_2020,8,422,othervirus_2019,0.17556202325479095,0.129977465796853,False,True,True,othervirus,0.9669420462789988,0.9669420462789988,True,0.04107313706281611,0.25894349152052865,0.03361671678395761,0.01
othervirus_2020,9,521,othervirus_2019,0.18940341855499496,0.1338620708917388,False,True,True,othervirus,0.981762247833904,0.981762247833904,True,0.04568000485445112,0.25894349152052865,0.01840611008983866,0.01
othervirus_2020,10,664,othervirus_2019,0.1764015639639472,0.15637761396543945,False,True,True,othervirus,0.9890596134343452,0.9890596134343452,True,0.05344088135319274,0.25894349152052865,0.011000672700402123,0.01
othervirus_2020,11,910,othervirus_2016,0.19157039702410264,0.18825488978421115,False,True,True,othervirus,0.9950462777290947,0.9950462777290947,True,0.05672541166894535,0.25894349152052865,0.004966032624616648,0.01
othervirus_2020,12,1260,othervirus_2013,0.2678953060716331,0.2678953060716331,True,True,True,othervirus,0.9974260673079678,0.9974260673079678,True,0.07563848748210693,0.25894349152052865,0.0025772509519919676,0.01
othervirus_2020,13,1590,othervirus_2013,0.32174323420816225,0.32174323420816225,True,True,True,othervirus,0.9993239376043361,0.9993239376043361,True,0.09737574102362298,0.25894349152052865,0.0006762910288979788,0.01
othervirus_2020,14,1787,othervirus_2013,0.3363143909295314,0.3363143909295314,True,True,True,othervirus,0.9996336826064665,0.9996336826064665,True,0.12302022292540837,0.25894349152052865,0.0003663845041396352,0.01
othervirus_2020,15,1882,othervirus_2013,0.36870126717497587,0.36870126717497587,True,True,True,othervirus,0.9996473752206954,0.9996473752206954,True,0.13065797605831497,0.25894349152052865,0.0003526869660416202,0.01
othervirus_2020,16,1997,othervirus_2013,0.3812429693748994,0.3812429693748994,True,True,True,othervirus,0.9997580359701794,0.9997580359701794,True,0.1492640915013143,0.25894349152052865,0.00024199330783935088,0.01
othervirus_2020,17,2044,othervirus_2013,0.3955108619122733,0.3955108619122733,True,True,True,othervirus,0.9997794377317981,0.9997794377317981,True,0.15835937517159238,0.25894349152052865,0.0002205865956361705,0.01
othervirus_2020,18,2114,othervirus_2013,0.4143911177051568,0.4143911177051568,True,True,True,othervirus,0.9997698501114569,0.9997698501114569,True,0.1755502853572603,0.25894349152052865,0.00023017637709298597,0.01
othervirus_2020,19,2156,othervirus_2013,0.43050797319396017,0.43050797319396017,True,True,True,othervirus,0.9997558748865598,0.9997558748865598,True,0.19475793129806068,0.25894349152052865,0.00024415491682629377,0.01
othervirus_2020,20,2191,othervirus_2013,0.4369476935836065,0.4369476935836065,True,True,True,othervirus,0.9997445683464716,0.9997445683464716,True,0.21336586334639435,0.25894349152052865,0.0002554642817494881,0.01
othervirus_2020,21,2242,othervirus_2013,0.4640123497999392,0.4640123497999392,True,True,True,othervirus,0.9997318036267847,0.9997318036267847,True,0.2362717275706542,0.25894349152052865,0.00026823234429427893,0.01
othervirus_2020,22,2271,othervirus_2013,0.4735244810429331,0.4735244810429331,True,True,True,othervirus,0.9996882244103009,0.9996882244103009,True,0.25476629637149983,0.25894349152052865,0.00031182420181255705,0.01
othervirus_2020,23,2310,othervirus_2013,0.4850501622478449,0.4850501622478449,True,True,True,othervirus,0.9996663582869387,0.9996663582869387,True,0.2817116143729325,0.25894349152052865,0.0003336973838406934,0.01
othervirus_2020,24,2349,othervirus_2013,0.503222635835316,0.503222635835316,True,True,True,othervirus,0.9996422399497281,0.9996422399497281,True,0.3104528599413561,0.25894349152052865,0.0003578240616662695,0.01
othervirus_2020,25,2377,othervirus_2013,0.5167231424901643,0.5167231424901643,True,True,True,othervirus,0.9996599016558403,0.9996599016558403,True,0.33476661238184835,0.25894349152052865,0.00034015619071761253,0.01
othervirus_2021,0,95,othervirus_2020,0.10868102526475855,0.08517178469472268,False,True,True,othervirus,0.6379879899522211,0.6379879899522211,True,0.002375108619387398,0.2802638570671725,0.4494358203408301,0.01
othervirus_2021,1,189,othervirus_2020,0.16760903605579944,0.11284207192218375,False,True,True,othervirus,0.8081757818757221,0.8081757818757221,True,0.0033910640544864796,0.2802638570671725,0.21297569229561986,0.01
othervirus_2021,2,311,othervirus_2020,0.22006641679966288,0.1394862641947186,False,True,True,othervirus,0.9192528863170637,0.9192528863170637,True,0.004738180001495209,0.2802638570671725,0.08419401894485967,0.01
othervirus_2021,3,486,othervirus_2020,0.2636495369993939,0.17154515487584313,False,True,True,othervirus,0.9844228273397195,0.9844228273397195,True,0.006984500240650068,0.2802638570671725,0.015699771644583055,0.01
othervirus_2021,4,730,othervirus_2020,0.3369063343320519,0.20506630930083095,False,True,True,othervirus,0.9982511178746274,0.9982511178746274,True,0.011952844185075735,0.2802638570671725,0.001750413205095879,0.01
othervirus_2021,5,970,othervirus_2020,0.3932652452530462,0.2306179553725064,False,True,True,othervirus,0.9998333852417366,0.9998333852417366,True,0.020918608091447747,0.2802638570671725,0.00016662864004420258,0.01
othervirus_2021,6,1279,othervirus_2020,0.3880885735951573,0.28463701231674404,False,True,True,othervirus,0.999994095837561,0.999994095837561,True,0.044380704364477504,0.2802638570671725,5.9041798685878565e-06,0.01
othervirus_2021,7,1595,othervirus_2018,0.4159321967911449,0.4159321967911449,True,True,True,othervirus,0.9999998809372403,0.9999998809372403,True,0.0928065608571084,0.2802638570671725,1.190627667394269e-07,0.01
othervirus_2021,8,1918,othervirus_2018,0.565398432773081,0.565398432773081,True,True,True,othervirus,0.9999999981406791,0.9999999981406791,True,0.17269694897716867,0.2802638570671725,1.8593209211791616e-09,0.01
othervirus_2021,9,2355,othervirus_2018,0.7346987242643829,0.7346987242643829,True,True,True,othervirus,0.9999999999966653,0.9999999999966653,True,0.33113280388789534,0.2802638570671725,3.3346658767696802e-12,0.01
othervirus_2021,10,2706,othervirus_2018,0.8024487326469474,0.8024487326469474,True,True,True,othervirus,0.999999999999983,0.999999999999983,True,0.515337159829453,0.2802638570671725,1.698641227676504e-14,0.01
othervirus_2021,11,3147,othervirus_2018,0.8582197426847643,0.8582197426847643,True,True,True,othervirus,1.000000000000008,1.000000000000008,True,0.7626700399458054,0.2802638570671725,-7.993605777301096e-15,0.01
othervirus_2021,12,3550,othervirus_2018,0.8878554048021933,0.8878554048021933,True,True,True,othervirus,0.9999999999999929,0.9999999999999929,True,0.8938397549465136,0.2802638570671725,7.105427357601027e-15,0.01
othervirus_2021,13,3907,othervirus_2018,0.9107926123966649,0.9107926123966649,True,True,True,othervirus,1.0000000000000022,1.0000000000000022,True,0.951809787462614,0.2802638570671725,-2.2204460492503107e-15,0.01
othervirus_2021,14,4219,othervirus_2018,0.930151990167475,0.930151990167475,True,True,True,othervirus,1.0000000000000122,1.0000000000000122,True,0.9806984560073417,0.2802638570671725,-1.2212453270876648e-14,0.01
othervirus_2021,15,4528,othervirus_2018,0.9469012352622701,0.9469012352622701,True,True,True,othervirus,1.0000000000000013,1.0000000000000013,True,0.9922865941583037,0.2802638570671725,-1.332267629550187e-15,0.01
othervirus_2021,16,4805,othervirus_2018,0.9548561325081075,0.9548561325081075,True,True,True,othervirus,1.000000000000001,1.000000000000001,True,0.9958658026637969,0.2802638570671725,-1.110223024625156e-15,0.01
othervirus_2021,17,5155,othervirus_2018,0.9667041808912125,0.9667041808912125,True,True,True,othervirus,1.0000000000000087,1.0000000000000087,True,0.9989131573897967,0.2802638570671725,-8.659739592076183e-15,0.01
othervirus_2021,18,5446,othervirus_2018,0.9746095365191484,0.9746095365191484,True,True,True,othervirus,0.9999999999999993,0.9999999999999993,True,0.999306724235196,0.2802638570671725,6.661338147750941e-16,0.01
othervirus_2021,19,5800,othervirus_2018,0.9805169182735859,0.9805169182735859,True,True,True,othervirus,1.0000000000000209,1.0000000000000209,True,0.9997279410502167,0.2802638570671725,-2.0872192862952725e-14,0.01
othervirus_2021,20,6068,othervirus_2018,0.9835777894557369,0.9835777894557369,True,True,True,othervirus,1.0000000000000138,1.0000000000000138,True,0.9998540422250992,0.2802638570671725,-1.3766765505351846e-14,0.01
othervirus_2021,21,6406,othervirus_2018,0.9874575823876791,0.9874575823876791,True,True,True,othervirus,1.0000000000000258,1.0000000000000258,True,0.9999502314923236,0.2802638570671725,-2.57571741713033e-14,0.01
othervirus_2021,22,6751,othervirus_2018,0.9903688136494198,0.9903688136494198,True,True,True,othervirus,1.0000000000000124,1.0000000000000124,True,0.9999832479037706,0.2802638570671725,-1.2434497875801676e-14,0.01
othervirus_2021,23,7126,othervirus_2018,0.9925549277024024,0.9925549277024024,True,True,True,othervirus,1.000000000000016,1.000000000000016,True,0.9999961815421018,0.2802638570671725,-1.5987211554602128e-14,0.01
othervirus_2021,24,7472,othervirus_2018,0.9946490712641151,0.9946490712641151,True,True,True,othervirus,0.999999999999974,0.999999999999974,True,0.9999985714456415,0.2802638570671725,2.5979218776229e-14,0.01
othervirus_2021,25,7827,othervirus_2018,0.9958573989876294,0.9958573989876294,True,True,True,othervirus,0.9999999999999757,0.9999999999999757,True,0.9999996068953783,0.2802638570671725,2.4313884239291225e-14,0.01
othervirus_2022,0,87,othervirus_2021,0.11592435419373162,0.11592435419373162,True,True,True,othervirus,0.7139935606533251,0.7139935606533251,True,0.0020854599116106954,0.020964003040575108,0.3368813353760433,0.01
othervirus_2022,1,386,othervirus_2021,0.2972162204620848,0.2972162204620848,True,True,True,othervirus,0.9852139355852514,0.9852139355852514,True,0.0044516173969739725,0.020964003040575108,0.014896467905574163,0.01
othervirus_2022,2,640,othervirus_2021,0.46072810446701845,0.46072810446701845,True,True,True,othervirus,0.9991895068018346,0.9991895068018346,True,0.00713302478578828,0.020964003040575108,0.000810821825356266,0.01
othervirus_2022,3,791,othervirus_2021,0.5475703693429966,0.5475703693429966,True,True,True,othervirus,0.9998637082272027,0.9998637082272027,True,0.009615639065445995,0.020964003040575108,0.00013630106136492716,0.01
othervirus_2022,4,986,othervirus_2021,0.6146991570763763,0.6146991570763763,True,True,True,othervirus,0.9999772591192484,0.9999772591192484,True,0.01354504881765512,0.020964003040575108,2.274113932935273e-05,0.01
othervirus_2022,5,1187,othervirus_2021,0.6791681121123454,0.6791681121123454,True,True,True,othervirus,0.9999976783315632,0.9999976783315632,True,0.015420454180250481,0.020964003040575108,2.321671131909572e-06,0.01
othervirus_2022,6,1456,othervirus_2021,0.7895954076608517,0.7895954076608517,True,True,True,othervirus,0.999999926482573,0.999999926482573,True,0.01812037535425044,0.020964003040575108,7.351742973739204e-08,0.01
othervirus_2022,7,1799,othervirus_2021,0.9127574187880175,0.9127574187880175,True,True,True,othervirus,0.9999999995609035,0.9999999995609035,True,0.017514669259301115,0.020964003040575108,4.3909653700472617e-10,0.01
othervirus_2022,8,2153,othervirus_2021,0.958275854224647,0.958275854224647,True,True,True,othervirus,0.9999999999972248,0.9999999999972248,True,0.01619570340946416,0.020964003040575108,2.7752244946593546e-12,0.01
othervirus_2022,9,2666,othervirus_2021,0.9871807617318173,0.9871807617318173,True,True,True,othervirus,0.9999999999999953,0.9999999999999953,True,0.013747970208463963,0.020964003040575108,4.6629367034256685e-15,0.01
othervirus_2022,10,3253,othervirus_2021,0.9976873895301505,0.9976873895301505,True,True,True,othervirus,0.9999999999999937,0.9999999999999937,True,0.01378911033973385,0.020964003040575108,6.328271240363412e-15,0.01
othervirus_2022,11,3952,othervirus_2021,0.999674123811453,0.999674123811453,True,True,True,othervirus,0.9999999999999937,0.9999999999999937,True,0.013676616583692236,0.020964003040575108,6.328271240363412e-15,0.01
othervirus_2022,12,4789,othervirus_2021,0.9999688323043429,0.9999688323043429,True,True,True,othervirus,1.000000000000003,1.000000000000003,True,0.01455283305971544,0.020964003040575108,-3.1086244689504336e-15,0.01
othervirus_2022,13,5633,othervirus_2021,0.9999954589087786,0.9999954589087786,True,True,True,othervirus,0.9999999999999881,0.9999999999999881,True,0.017500459682484572,0.020964003040575108,1.1879386363489246e-14,0.01
othervirus_2022,14,6499,othervirus_2021,0.9999991737712437,0.9999991737712437,True,True,True,othervirus,0.9999999999999934,0.9999999999999934,True,0.02372656315532971,0.020964003040575108,6.550315845288445e-15,0.01
othervirus_2022,15,7414,othervirus_2021,0.9999998521485731,0.9999998521485731,True,True,True,othervirus,0.9999999999999953,0.9999999999999953,True,0.02701817525942941,0.020964003040575108,4.6629367034256685e-15,0.01
othervirus_2022,16,8712,othervirus_2021,0.9999999918516664,0.9999999918516664,True,True,True,othervirus,1.0000000000000218,1.0000000000000218,True,0.030248187397743688,0.020964003040575108,-2.176037128265283e-14,0.01
othervirus_2022,17,9791,othervirus_2021,0.9999999990656079,0.9999999990656079,True,True,True,othervirus,1.0000000000000246,1.0000000000000246,True,0.03795997341929817,0.020964003040575108,-2.4646951146678172e-14,0.01
othervirus_2022,18,10857,othervirus_2021,0.9999999998169073,0.9999999998169073,True,True,True,othervirus,1.0000000000000002,1.0000000000000002,True,0.0489392565447558,0.020964003040575108,-2.2204460492503128e-16,0.01
othervirus_2022,19,11956,othervirus_2021,0.9999999999675993,0.9999999999675993,True,True,True,othervirus,1.0000000000000406,1.0000000000000406,True,0.06856864554928027,0.020964003040575108,-4.06341627012799e-14,0.01
othervirus_2022,20,13006,othervirus_2021,0.9999999999930651,0.9999999999930651,True,True,True,othervirus,1.0000000000000373,1.0000000000000373,True,0.077471896832735,0.020964003040575108,-3.7303493627404566e-14,0.01
othervirus_2022,21,13960,othervirus_2021,0.9999999999988631,0.9999999999988631,True,True,True,othervirus,0.9999999999999437,0.9999999999999437,True,0.08380022679555972,0.020964003040575108,5.628830734849702e-14,0.01
othervirus_2022,22,14839,othervirus_2021,0.9999999999997726,0.9999999999997726,True,True,True,othervirus,0.9999999999999448,0.9999999999999448,True,0.08560283605994065,0.020964003040575108,5.51780843238718e-14,0.01
othervirus_2022,23,15494,othervirus_2021,1.0,1.0,True,True,True,othervirus,1.0000000000000453,1.0000000000000453,True,0.08943922926297451,0.020964003040575108,-4.529709940470536e-14,0.01
othervirus_2022,24,16434,othervirus_2021,1.0,1.0,True,True,True,othervirus,1.0000000000000067,1.0000000000000067,True,0.09069824434777177,0.020964003040575108,-6.661338147750917e-15,0.01
othervirus_2022,25,17335,othervirus_2021,1.0,1.0,True,True,True,othervirus,1.0000000000000009,1.0000000000000009,True,0.0920601059617727,0.020964003040575108,-8.881784197001248e-16,0.01
