fob,week,n_so_far,top_kin,top_share,best_share,top_is_best,top_same_family,group_testable,top_group,top_group_share,true_group_share,top_group_right,stranger,novelty_gap,nll,tau
covid_2020,0,2,othervirus_2013,0.07131345585557956,0.05577176589920047,False,,False,flu,0.5038262535211128,,,0.053030539264686705,1.1034119031022867,,0.01
covid_2020,1,8,othervirus_2013,0.07081084042832665,0.05796978974424876,False,,False,flu,0.5176949165367816,,,0.05163114459179704,1.1034119031022867,,0.01
covid_2020,2,39,flu_2019,0.0764660051522846,0.07425671554529924,False,,False,flu,0.6326538049201627,,,0.05792673824373712,1.1034119031022867,,0.01
covid_2020,3,749,flu_2017,0.439797275589521,0.439797275589521,True,,False,flu,0.9999965746136752,,,0.34456653009894334,1.1034119031022867,,0.01
covid_2020,4,3538,flu_2017,0.8953606382919024,0.8953606382919024,True,,False,flu,1.000000000000006,,,0.9999998779781339,1.1034119031022867,,0.01
covid_2020,5,7670,flu_2017,0.9889383747493369,0.9889383747493369,True,,False,flu,1.0000000000000477,,,1.0,1.1034119031022867,,0.01
covid_2020,6,11660,flu_2017,0.998743906224039,0.998743906224039,True,,False,flu,1.0000000000000135,,,1.0,1.1034119031022867,,0.01
covid_2020,7,16833,flu_2017,0.9999217439957478,0.9999217439957478,True,,False,flu,1.000000000000113,,,1.0,1.1034119031022867,,0.01
covid_2020,8,25622,flu_2017,0.99999923384514,0.99999923384514,True,,False,flu,0.9999999999999046,,,1.0,1.1034119031022867,,0.01
covid_2020,9,36488,flu_2017,0.9999999980955181,0.9999999980955181,True,,False,flu,1.0000000000001186,,,1.0,1.1034119031022867,,0.01
covid_2020,10,49955,flu_2017,0.9999999999995453,0.9999999999995453,True,,False,flu,0.9999999999998265,,,1.0,1.1034119031022867,,0.01
covid_2020,11,64280,flu_2017,1.0,1.0,True,,False,flu,1.0,,,1.0,1.1034119031022867,,0.01
covid_2020,12,79851,flu_2017,1.0,1.0,True,,False,flu,1.0,,,1.0,1.1034119031022867,,0.01
covid_2020,13,96235,flu_2017,1.0,1.0,True,,False,flu,1.0,,,1.0,1.1034119031022867,,0.01
covid_2020,14,112317,flu_2017,1.0,1.0,True,,False,flu,1.0,,,1.0,1.1034119031022867,,0.01
covid_2020,15,131858,flu_2017,1.0,1.0,True,,False,flu,1.0,,,1.0,1.1034119031022867,,0.01
covid_2020,16,151080,flu_2017,1.0,1.0,True,,False,flu,1.0,,,1.0,1.1034119031022867,,0.01
covid_2020,17,169299,flu_2017,1.0,1.0,True,,False,flu,1.0,,,1.0,1.1034119031022867,,0.01
covid_2020,18,189339,flu_2017,1.0,1.0,True,,False,flu,1.0,,,1.0,1.1034119031022867,,0.01
covid_2020,19,210012,flu_2017,1.0,1.0,True,,False,flu,1.0,,,1.0,1.1034119031022867,,0.01
covid_2020,20,231168,flu_2017,1.0,1.0,True,,False,flu,1.0,,,1.0,1.1034119031022867,,0.01
covid_2020,21,252038,flu_2017,1.0,1.0,True,,False,flu,1.0,,,1.0,1.1034119031022867,,0.01
covid_2020,22,271902,flu_2017,1.0,1.0,True,,False,flu,1.0,,,1.0,1.1034119031022867,,0.01
covid_2020,23,290466,flu_2017,1.0,1.0,True,,False,flu,1.0,,,1.0,1.1034119031022867,,0.01
covid_2020,24,307438,flu_2017,1.0,1.0,True,,False,flu,1.0,,,1.0,1.1034119031022867,,0.01
covid_2020,25,324315,flu_2017,1.0,1.0,True,,False,flu,1.0,,,1.0,1.1034119031022867,,0.01
covid_2021,0,737,covid_2020,0.9999973393349759,0.9999973393349759,True,True,True,covid,0.9999973393349759,0.9999973393349759,True,7.100104555217256e-11,0.06336431028464773,2.6606685636544865e-06,0.01
covid_2021,1,7554,covid_2020,1.0,1.0,True,True,True,covid,1.0,1.0,True,2.3384918190732175e-11,0.06336431028464773,-0.0,0.01
covid_2021,2,21023,covid_2020,1.0,1.0,True,True,True,covid,1.0,1.0,True,1.6266825175715404e-11,0.06336431028464773,-0.0,0.01
covid_2021,3,36793,covid_2020,1.0,1.0,True,True,True,covid,1.0,1.0,True,1.3100007515141043e-10,0.06336431028464773,-0.0,0.01
covid_2021,4,53613,covid_2020,1.0,1.0,True,True,True,covid,1.0,1.0,True,8.286573855151734e-10,0.06336431028464773,-0.0,0.01
covid_2021,5,72155,covid_2020,1.0,1.0,True,True,True,covid,1.0,1.0,True,5.3716492966627265e-09,0.06336431028464773,-0.0,0.01
covid_2021,6,90936,covid_2020,1.0,1.0,True,True,True,covid,1.0,1.0,True,1.9354553614671034e-08,0.06336431028464773,-0.0,0.01
covid_2021,7,116927,covid_2020,1.0,1.0,True,True,True,covid,1.0,1.0,True,4.528444338508669e-07,0.06336431028464773,-0.0,0.01
covid_2021,8,147145,covid_2020,1.0,1.0,True,True,True,covid,1.0,1.0,True,8.374022868306209e-05,0.06336431028464773,-0.0,0.01
covid_2021,9,183742,covid_2020,1.0,1.0,True,True,True,covid,1.0,1.0,True,0.2931642298191461,0.06336431028464773,-0.0,0.01
covid_2021,10,227552,covid_2020,1.0,1.0,True,True,True,covid,1.0,1.0,True,0.9999985293899853,0.06336431028464773,-0.0,0.01
covid_2021,11,271289,covid_2020,1.0,1.0,True,True,True,covid,1.0,1.0,True,1.0,0.06336431028464773,-0.0,0.01
covid_2021,12,320277,covid_2020,1.0,1.0,True,True,True,covid,1.0,1.0,True,1.0,0.06336431028464773,-0.0,0.01
covid_2021,13,363522,covid_2020,1.0,1.0,True,True,True,covid,1.0,1.0,True,1.0,0.06336431028464773,-0.0,0.01
covid_2021,14,408700,covid_2020,1.0,1.0,True,True,True,covid,1.0,1.0,True,1.0,0.06336431028464773,-0.0,0.01
covid_2021,15,446619,covid_2020,1.0,1.0,True,True,True,covid,1.0,1.0,True,1.0,0.06336431028464773,-0.0,0.01
covid_2021,16,486350,covid_2020,1.0,1.0,True,True,True,covid,1.0,1.0,True,1.0,0.06336431028464773,-0.0,0.01
covid_2021,17,522712,covid_2020,1.0,1.0,True,True,True,covid,1.0,1.0,True,1.0,0.06336431028464773,-0.0,0.01
covid_2021,18,558642,covid_2020,1.0,1.0,True,True,True,covid,1.0,1.0,True,1.0,0.06336431028464773,-0.0,0.01
covid_2021,19,595907,covid_2020,1.0,1.0,True,True,True,covid,1.0,1.0,True,1.0,0.06336431028464773,-0.0,0.01
covid_2021,20,635497,covid_2020,1.0,1.0,True,True,True,covid,1.0,1.0,True,1.0,0.06336431028464773,-0.0,0.01
covid_2021,21,671078,covid_2020,1.0,1.0,True,True,True,covid,1.0,1.0,True,1.0,0.06336431028464773,-0.0,0.01
covid_2021,22,713386,covid_2020,1.0,1.0,True,True,True,covid,1.0,1.0,True,1.0,0.06336431028464773,-0.0,0.01
covid_2021,23,754007,covid_2020,1.0,1.0,True,True,True,covid,1.0,1.0,True,1.0,0.06336431028464773,-0.0,0.01
covid_2021,24,791175,covid_2020,1.0,1.0,True,True,True,covid,1.0,1.0,True,1.0,0.06336431028464773,-0.0,0.01
covid_2021,25,822924,covid_2020,1.0,1.0,True,True,True,covid,1.0,1.0,True,1.0,0.06336431028464773,-0.0,0.01
covid_2022,0,917,flu_2021,0.4691256129927711,0.4691256129927711,True,False,True,covid,0.5306861304329503,0.5306861304329503,True,1.3233892955937449e-12,0.3040155171358414,0.6335845239669985,0.01
covid_2022,1,6235,flu_2021,0.8720556590035231,0.8720556590035231,True,False,True,flu,0.8720556590035231,0.12794434099644844,False,2.9233808150764894e-08,0.3040155171358414,2.0561599455963404,0.01
covid_2022,2,17562,covid_2020,0.5737898413690912,0.4262101585271581,False,True,True,covid,0.5737898414729177,0.5737898414729177,True,0.9997222448736168,0.3040155171358414,0.5554920795425868,0.01
covid_2022,3,33458,covid_2020,0.9999964832434663,3.5167565150235524e-06,False,True,True,covid,0.9999964832434663,0.9999964832434663,True,1.0,0.3040155171358414,3.5167627174530014e-06,0.01
covid_2022,4,49919,covid_2020,0.9999999999918145,8.096880126263424e-12,False,True,True,covid,0.9999999999918145,0.9999999999918145,True,1.0,0.3040155171358414,8.185452315989855e-12,0.01
covid_2022,5,66086,covid_2020,1.0,2.3725032917275037e-19,False,True,True,covid,1.0,1.0,True,1.0,0.3040155171358414,-0.0,0.01
covid_2022,6,78407,covid_2020,1.0,7.841405818394312e-25,False,True,True,covid,1.0,1.0,True,1.0,0.3040155171358414,-0.0,0.01
covid_2022,7,87695,covid_2020,1.0,2.2542968615640966e-28,False,True,True,covid,1.0,1.0,True,1.0,0.3040155171358414,-0.0,0.01
covid_2022,8,92365,covid_2020,1.0,2.6831964953948823e-30,False,True,True,covid,1.0,1.0,True,1.0,0.3040155171358414,-0.0,0.01
covid_2022,9,97039,covid_2020,1.0,1.1619489331428789e-30,False,True,True,covid,1.0,1.0,True,1.0,0.3040155171358414,-0.0,0.01
covid_2022,10,100462,covid_2020,1.0,2.4948721883699083e-30,False,True,True,covid,1.0,1.0,True,1.0,0.3040155171358414,-0.0,0.01
covid_2022,11,103035,covid_2020,1.0,3.979873401954142e-29,False,True,True,covid,1.0,1.0,True,1.0,0.3040155171358414,-0.0,0.01
covid_2022,12,105226,covid_2020,1.0,4.111885045695288e-28,False,True,True,covid,1.0,1.0,True,1.0,0.3040155171358414,-0.0,0.01
covid_2022,13,106887,covid_2020,1.0,1.268074418918473e-27,False,True,True,covid,1.0,1.0,True,1.0,0.3040155171358414,-0.0,0.01
covid_2022,14,108063,covid_2020,1.0,5.087015893993281e-27,False,True,True,covid,1.0,1.0,True,1.0,0.3040155171358414,-0.0,0.01
covid_2022,15,109113,covid_2020,1.0,6.280141493512944e-26,False,True,True,covid,1.0,1.0,True,1.0,0.3040155171358414,-0.0,0.01
covid_2022,16,110675,covid_2020,1.0,2.6384007501766667e-25,False,True,True,covid,1.0,1.0,True,1.0,0.3040155171358414,-0.0,0.01
covid_2022,17,112042,covid_2020,1.0,4.398706800139767e-24,False,True,True,covid,1.0,1.0,True,1.0,0.3040155171358414,-0.0,0.01
covid_2022,18,113490,covid_2020,1.0,6.680142645605853e-23,False,True,True,covid,1.0,1.0,True,1.0,0.3040155171358414,-0.0,0.01
covid_2022,19,115432,covid_2020,1.0,2.974807106203797e-21,False,True,True,covid,1.0,1.0,True,1.0,0.3040155171358414,-0.0,0.01
covid_2022,20,118118,covid_2020,1.0,3.3471858358701715e-20,False,True,True,covid,1.0,1.0,True,1.0,0.3040155171358414,-0.0,0.01
covid_2022,21,121665,covid_2020,1.0,8.449991747676368e-19,False,True,True,covid,1.0,1.0,True,1.0,0.3040155171358414,-0.0,0.01
covid_2022,22,125938,covid_2020,1.0,4.933277752447423e-17,False,True,True,covid,1.0,1.0,True,1.0,0.3040155171358414,-0.0,0.01
covid_2022,23,129772,covid_2020,1.0,2.7716189581120914e-15,False,True,True,covid,1.0,1.0,True,1.0,0.3040155171358414,-0.0,0.01
covid_2022,24,135660,covid_2020,0.999999999998181,1.0463558531832344e-12,False,True,True,covid,0.999999999998181,0.999999999998181,True,1.0,0.3040155171358414,1.818989403547511e-12,0.01
covid_2022,25,141962,covid_2020,0.9999999955743988,4.425693317573221e-09,False,True,True,covid,0.9999999955743988,0.9999999955743988,True,1.0,0.3040155171358414,4.425601228620042e-09,0.01
flu_2013,0,39,h1n1_2009,1.0,1.0,True,True,True,flu,1.0,1.0,True,0.1945043359845903,0.9828317203884511,-0.0,0.01
flu_2013,1,83,h1n1_2009,1.0,1.0,True,True,True,flu,1.0,1.0,True,0.2493094521747717,0.9828317203884511,-0.0,0.01
flu_2013,2,152,h1n1_2009,1.0,1.0,True,True,True,flu,1.0,1.0,True,0.3665861083185507,0.9828317203884511,-0.0,0.01
flu_2013,3,296,h1n1_2009,1.0,1.0,True,True,True,flu,1.0,1.0,True,0.6081224349826799,0.9828317203884511,-0.0,0.01
flu_2013,4,518,h1n1_2009,1.0,1.0,True,True,True,flu,1.0,1.0,True,0.922312355803323,0.9828317203884511,-0.0,0.01
flu_2013,5,771,h1n1_2009,1.0,1.0,True,True,True,flu,1.0,1.0,True,0.9957699425404083,0.9828317203884511,-0.0,0.01
flu_2013,6,1001,h1n1_2009,1.0,1.0,True,True,True,flu,1.0,1.0,True,0.9995429225786346,0.9828317203884511,-0.0,0.01
flu_2013,7,1322,h1n1_2009,1.0,1.0,True,True,True,flu,1.0,1.0,True,0.9999911667457912,0.9828317203884511,-0.0,0.01
flu_2013,8,1579,h1n1_2009,1.0,1.0,True,True,True,flu,1.0,1.0,True,0.9999989758506858,0.9828317203884511,-0.0,0.01
flu_2013,9,2011,h1n1_2009,1.0,1.0,True,True,True,flu,1.0,1.0,True,0.9999999864508028,0.9828317203884511,-0.0,0.01
flu_2013,10,2421,h1n1_2009,1.0,1.0,True,True,True,flu,1.0,1.0,True,0.9999999997100417,0.9828317203884511,-0.0,0.01
flu_2013,11,2793,h1n1_2009,1.0,1.0,True,True,True,flu,1.0,1.0,True,0.9999999999948272,0.9828317203884511,-0.0,0.01
flu_2013,12,3210,h1n1_2009,1.0,1.0,True,True,True,flu,1.0,1.0,True,0.9999999999998579,0.9828317203884511,-0.0,0.01
flu_2013,13,3561,h1n1_2009,1.0,1.0,True,True,True,flu,1.0,1.0,True,1.0,0.9828317203884511,-0.0,0.01
flu_2013,14,3881,h1n1_2009,1.0,1.0,True,True,True,flu,1.0,1.0,True,1.0,0.9828317203884511,-0.0,0.01
flu_2013,15,4202,h1n1_2009,1.0,1.0,True,True,True,flu,1.0,1.0,True,1.0,0.9828317203884511,-0.0,0.01
flu_2013,16,4499,h1n1_2009,1.0,1.0,True,True,True,flu,1.0,1.0,True,1.0,0.9828317203884511,-0.0,0.01
flu_2013,17,4736,h1n1_2009,1.0,1.0,True,True,True,flu,1.0,1.0,True,1.0,0.9828317203884511,-0.0,0.01
flu_2013,18,4935,h1n1_2009,1.0,1.0,True,True,True,flu,1.0,1.0,True,1.0,0.9828317203884511,-0.0,0.01
flu_2013,19,5084,h1n1_2009,1.0,1.0,True,True,True,flu,1.0,1.0,True,1.0,0.9828317203884511,-0.0,0.01
flu_2013,20,5223,h1n1_2009,1.0,1.0,True,True,True,flu,1.0,1.0,True,1.0,0.9828317203884511,-0.0,0.01
flu_2013,21,5350,h1n1_2009,1.0,1.0,True,True,True,flu,1.0,1.0,True,1.0,0.9828317203884511,-0.0,0.01
flu_2013,22,5463,h1n1_2009,1.0,1.0,True,True,True,flu,1.0,1.0,True,1.0,0.9828317203884511,-0.0,0.01
flu_2013,23,5540,h1n1_2009,1.0,1.0,True,True,True,flu,1.0,1.0,True,1.0,0.9828317203884511,-0.0,0.01
flu_2013,24,5616,h1n1_2009,1.0,1.0,True,True,True,flu,1.0,1.0,True,1.0,0.9828317203884511,-0.0,0.01
flu_2013,25,5680,h1n1_2009,1.0,1.0,True,True,True,flu,1.0,1.0,True,1.0,0.9828317203884511,-0.0,0.01
flu_2014,0,29,othervirus_2013,0.48322852675821765,0.3015456351927847,False,False,True,flu,0.5167714732417824,0.5167714732417824,True,0.11224106680237027,0.03627044460628337,0.6601545268728171,0.01
flu_2014,1,61,othervirus_2013,0.464038070756943,0.33949471054199426,False,False,True,flu,0.5359619292430575,0.5359619292430575,True,0.11369257306671815,0.03627044460628337,0.6236921479655188,0.01
flu_2014,2,73,othervirus_2013,0.4660853693339642,0.3567167221281049,False,False,True,flu,0.5339146306660361,0.5339146306660361,True,0.11519155996357665,0.03627044460628337,0.6275193204687389,0.01
flu_2014,3,99,othervirus_2013,0.4419176216225079,0.4089867969832614,False,False,True,flu,0.5580823783774919,0.5580823783774919,True,0.12592638479776597,0.03627044460628337,0.5832486959964023,0.01
flu_2014,4,141,flu_2013,0.5081421996161585,0.5081421996161585,True,True,True,flu,0.6133288855693282,0.6133288855693282,True,0.15547415535247197,0.03627044460628337,0.4888539688626486,0.01
flu_2014,5,187,flu_2013,0.5842476792166031,0.5842476792166031,True,True,True,flu,0.6488214847778457,0.6488214847778457,True,0.1668965231481984,0.03627044460628337,0.4325976620901151,0.01
flu_2014,6,256,flu_2013,0.7002972802800312,0.7002972802800312,True,True,True,flu,0.7439916046355098,0.7439916046355098,True,0.18526326242727947,0.03627044460628337,0.2957255283047677,0.01
flu_2014,7,317,flu_2013,0.7884685420452168,0.7884685420452168,True,True,True,flu,0.8188664912317797,0.8188664912317797,True,0.20282269447193316,0.03627044460628337,0.1998342227863654,0.01
flu_2014,8,412,flu_2013,0.9017662361888285,0.9017662361888285,True,True,True,flu,0.9108943188835666,0.9108943188835666,True,0.22968477364367096,0.03627044460628337,0.09332839406763316,0.01
flu_2014,9,476,flu_2013,0.9340132239439604,0.9340132239439604,True,True,True,flu,0.9396453058765789,0.9396453058765789,True,0.23369064363890554,0.03627044460628337,0.06225280910039256,0.01
flu_2014,10,550,flu_2013,0.9596163642526264,0.9596163642526264,True,True,True,flu,0.9615249396169299,0.9615249396169299,True,0.23470617533069135,0.03627044460628337,0.039234776050556315,0.01
flu_2014,11,584,flu_2013,0.9677192676581011,0.9677192676581011,True,True,True,flu,0.9695565640721481,0.9695565640721481,True,0.2294926494513324,0.03627044460628337,0.030916462450912913,0.01
flu_2014,12,661,flu_2013,0.9829208988426359,0.9829208988426359,True,True,True,flu,0.9836379416836756,0.9836379416836756,True,0.24229446411117772,0.03627044460628337,0.016497395081836633,0.01
flu_2014,13,731,flu_2013,0.9910532714530706,0.9910532714530706,True,True,True,flu,0.9913691594278553,0.9913691594278553,True,0.23921781881807527,0.03627044460628337,0.008668301981350919,0.01
flu_2014,14,795,flu_2013,0.9945321180713226,0.9945321180713226,True,True,True,flu,0.9946927645718285,0.9946927645718285,True,0.2325299739524569,0.03627044460628337,0.005321368830491195,0.01
flu_2014,15,877,flu_2013,0.9966027362429133,0.9966027362429133,True,True,True,flu,0.9966596539226746,0.9966596539226746,True,0.23192839098401008,0.03627044460628337,0.003345937488254103,0.01
flu_2014,16,938,flu_2013,0.997693624646261,0.997693624646261,True,True,True,flu,0.9977317436150595,0.9977317436150595,True,0.23725669348534514,0.03627044460628337,0.002270832775134106,0.01
flu_2014,17,1001,flu_2013,0.9981919111026419,0.9981919111026419,True,True,True,flu,0.9982140125263982,0.9982140125263982,True,0.2491618418757942,0.03627044460628337,0.0017875842507289416,0.01
flu_2014,18,1040,flu_2013,0.9984867807396746,0.9984867807396746,True,True,True,flu,0.9984988245735572,0.9984988245735572,True,0.24551039991697698,0.03627044460628337,0.001502303319191175,0.01
flu_2014,19,1100,flu_2013,0.9986771289580648,0.9986771289580648,True,True,True,flu,0.9986836191279544,0.9986836191279544,True,0.2519571965077335,0.03627044460628337,0.0013172480624644928,0.01
flu_2014,20,1151,flu_2013,0.9989987007072838,0.9989987007072838,True,True,True,flu,0.9990020801174738,0.9990020801174738,True,0.24995490314701554,0.03627044460628337,0.0009984181360778118,0.01
flu_2014,21,1202,flu_2013,0.9991413362521926,0.9991413362521926,True,True,True,flu,0.9991430367171791,0.9991430367171791,True,0.2532882476225319,0.03627044460628337,0.0008573306857705285,0.01
flu_2014,22,1261,flu_2013,0.9994015746143678,0.9994015746143678,True,True,True,flu,0.9994024697641924,0.9994024697641924,True,0.25760511634033123,0.03627044460628337,0.0005977088281453298,0.01
flu_2014,23,1311,flu_2013,0.9995475776981683,0.9995475776981683,True,True,True,flu,0.9995480240689308,0.9995480240689308,True,0.26551492662080084,0.03627044460628337,0.0004520781029776146,0.01
flu_2014,24,1334,flu_2013,0.99960491641477,0.99960491641477,True,True,True,flu,0.9996052685951691,0.9996052685951691,True,0.26882113736451035,0.03627044460628337,0.00039480933177939186,0.01
flu_2014,25,1396,flu_2013,0.9997566234268821,0.9997566234268821,True,True,True,flu,0.9997567809649374,0.9997567809649374,True,0.2660832261782261,0.03627044460628337,0.00024324861760893407,0.01
flu_2015,0,22,othervirus_2013,0.27272911604652605,0.17814757407970083,False,False,True,othervirus,0.5225169706745808,0.47748302932541925,False,0.08194683134409216,0.055799053149798716,0.7392266603726872,0.01
flu_2015,1,35,othervirus_2013,0.2801818332007378,0.1869207521509818,False,False,True,othervirus,0.5223418884441375,0.4776581115558626,False,0.08286252010316685,0.055799053149798716,0.738860050193499,0.01
flu_2015,2,47,othervirus_2013,0.2778411289486596,0.21151534146676498,False,False,True,othervirus,0.5040833644652307,0.49591663553476917,False,0.09269073294074587,0.055799053149798716,0.7013474399017567,0.01
flu_2015,3,60,othervirus_2013,0.2955707495201669,0.20865634521549142,False,False,True,othervirus,0.531341884964355,0.46865811503564525,False,0.09051479623817882,0.055799053149798716,0.7578817421694843,0.01
flu_2015,4,80,othervirus_2013,0.30898074487968596,0.2057248411091835,False,False,True,othervirus,0.548140679107223,0.4518593208927768,False,0.0868177089476248,0.055799053149798716,0.7943843845570646,0.01
flu_2015,5,105,othervirus_2013,0.31053509541960767,0.2248403378694926,False,False,True,othervirus,0.5249563314162942,0.47504366858370545,False,0.09042188023127926,0.055799053149798716,0.7443485453127217,0.01
flu_2015,6,119,othervirus_2013,0.3297843042659327,0.22307589402316244,False,False,True,othervirus,0.5541833579956493,0.44581664200435017,False,0.09455318046936248,0.055799053149798716,0.8078475280758386,0.01
flu_2015,7,129,othervirus_2013,0.32472218888455645,0.23637517616491005,False,False,True,othervirus,0.5300143416172229,0.46998565838277684,False,0.09646215184174282,0.055799053149798716,0.755053098822795,0.01
flu_2015,8,158,othervirus_2013,0.3094210475206547,0.2792239063177639,False,False,True,flu,0.5276252950782223,0.5276252950782223,True,0.10805782495909,0.055799053149798716,0.6393689156221611,0.01
flu_2015,9,208,flu_2014,0.34750382999984436,0.34750382999984436,True,True,True,flu,0.627430922857922,0.627430922857922,True,0.1252598115154724,0.055799053149798716,0.4661216971307317,0.01
flu_2015,10,271,flu_2014,0.41953159884002944,0.41953159884002944,True,True,True,flu,0.7148330088448581,0.7148330088448581,True,0.15144342939188077,0.055799053149798716,0.33570631762926245,0.01
flu_2015,11,331,flu_2014,0.4811526001413907,0.4811526001413907,True,True,True,flu,0.810594933460673,0.810594933460673,True,0.1614900514246618,0.055799053149798716,0.20998681516439185,0.01
flu_2015,12,386,flu_2014,0.5379121437492043,0.5379121437492043,True,True,True,flu,0.8647825232527317,0.8647825232527317,True,0.18488329739395787,0.055799053149798716,0.1452772218660475,0.01
flu_2015,13,416,flu_2014,0.5629743306964943,0.5629743306964943,True,True,True,flu,0.8915064187829685,0.8915064187829685,True,0.1920937414083262,0.055799053149798716,0.11484264172396595,0.01
flu_2015,14,497,flu_2014,0.6211599700204322,0.6211599700204322,True,True,True,flu,0.9290487679527011,0.9290487679527011,True,0.2278645598845176,0.055799053149798716,0.07359404644095034,0.01
flu_2015,15,558,flu_2014,0.6563321661604595,0.6563321661604595,True,True,True,flu,0.9450717606222634,0.9450717606222634,True,0.25906544773084333,0.055799053149798716,0.05649441720505868,0.01
flu_2015,16,628,flu_2014,0.7023975797454084,0.7023975797454084,True,True,True,flu,0.9595848402355849,0.9595848402355849,True,0.31465954701285515,0.055799053149798716,0.04125454614515464,0.01
flu_2015,17,671,flu_2014,0.7161759378335453,0.7161759378335453,True,True,True,flu,0.9695000757969886,0.9695000757969886,True,0.3135934040965324,0.055799053149798716,0.030974726117908493,0.01
flu_2015,18,728,flu_2014,0.7231756260274876,0.7231756260274876,True,True,True,flu,0.9803648074732421,0.9803648074732421,True,0.29667569850932907,0.055799053149798716,0.01983052406258398,0.01
flu_2015,19,769,flu_2014,0.7337269867674034,0.7337269867674034,True,True,True,flu,0.9853331744965173,0.9853331744965173,True,0.3129239261981096,0.055799053149798716,0.01477544678326621,0.01
flu_2015,20,815,flu_2014,0.7525421678080496,0.7525421678080496,True,True,True,flu,0.9885869800132657,0.9885869800132657,True,0.3332538296863294,0.055799053149798716,0.011478648322177647,0.01
flu_2015,21,863,flu_2014,0.7533093659428275,0.7533093659428275,True,True,True,flu,0.9919225973685474,0.9919225973685474,True,0.32313590572575973,0.055799053149798716,0.008110201587739384,0.01
flu_2015,22,894,flu_2014,0.7490445878291639,0.7490445878291639,True,True,True,flu,0.993614742063046,0.993614742063046,True,0.316101331037935,0.055799053149798716,0.006405730893016385,0.01
flu_2015,23,918,flu_2014,0.7518015746375087,0.7518015746375087,True,True,True,flu,0.9941651857620842,0.9941651857620842,True,0.32199795924914887,0.055799053149798716,0.005851903273165076,0.01
flu_2015,24,940,flu_2014,0.7568740030033824,0.7568740030033824,True,True,True,flu,0.9949759029097339,0.9949759029097339,True,0.33163904040270176,0.055799053149798716,0.005036760297981104,0.01
flu_2015,25,965,flu_2014,0.7586255096073621,0.7586255096073621,True,True,True,flu,0.9958182315828462,0.9958182315828462,True,0.3291481294415062,0.055799053149798716,0.004190536463197119,0.01
flu_2016,0,28,othervirus_2013,0.16332501675827907,0.1507385005753138,False,False,True,flu,0.5680913652215307,0.5680913652215307,True,0.05722088631381734,0.041757524923439426,0.5654730189333873,0.01
flu_2016,1,66,flu_2014,0.19612002487898078,0.19561482295749538,False,True,True,flu,0.6441121811344283,0.6441121811344283,True,0.061753922995822455,0.041757524923439426,0.4398823737397319,0.01
flu_2016,2,124,flu_2013,0.26587288481015503,0.26587288481015503,True,True,True,flu,0.7902374656493217,0.7902374656493217,True,0.07524152441418344,0.041757524923439426,0.23542178925950014,0.01
flu_2016,3,246,flu_2013,0.34261307259586726,0.34261307259586726,True,True,True,flu,0.9095324465264152,0.9095324465264152,True,0.09224075690696538,0.041757524923439426,0.09482460653505191,0.01
flu_2016,4,443,flu_2013,0.4229168375293803,0.4229168375293803,True,True,True,flu,0.980280647862364,0.980280647862364,True,0.11595056204829512,0.041757524923439426,0.0199163729453595,0.01
flu_2016,5,700,flu_2013,0.4286405167065921,0.4286405167065921,True,True,True,flu,0.9964048216328689,0.9964048216328689,True,0.13904701131182898,0.041757524923439426,0.0036016565523584966,0.01
flu_2016,6,1299,flu_2013,0.5109713292676049,0.5109713292676049,True,True,True,flu,0.9999382478892468,0.9999382478892468,True,0.16501207714088773,0.041757524923439426,6.175401749329887e-05,0.01
flu_2016,7,2421,flu_2013,0.5520884146329629,0.5520884146329629,True,True,True,flu,0.99999998588179,0.99999998588179,True,0.22695121696332254,0.041757524923439426,1.4118210145150339e-08,0.01
flu_2016,8,3662,flu_2013,0.6061455377275907,0.6061455377275907,True,True,True,flu,0.9999999999976842,0.9999999999976842,True,0.36107690972871653,0.041757524923439426,2.3158142070682955e-12,0.01
flu_2016,9,4634,flu_2013,0.6436026939757392,0.6436026939757392,True,True,True,flu,1.0000000000000198,1.0000000000000198,True,0.47431405468654125,0.041757524923439426,-1.976196983832759e-14,0.01
flu_2016,10,5534,flu_2013,0.6144636312842006,0.6144636312842006,True,True,True,flu,0.9999999999999768,0.9999999999999768,True,0.6111979970338841,0.041757524923439426,2.320366121466604e-14,0.01
flu_2016,11,6293,flu_2013,0.649157357209141,0.649157357209141,True,True,True,flu,1.0000000000000249,1.0000000000000249,True,0.6914747550958666,0.041757524923439426,-2.4868995751603197e-14,0.01
flu_2016,12,7124,flu_2013,0.6702816478627183,0.6702816478627183,True,True,True,flu,1.000000000000002,1.000000000000002,True,0.7655072687302684,0.041757524923439426,-1.9984014443252798e-15,0.01
flu_2016,13,7862,flu_2013,0.6912756930266437,0.6912756930266437,True,True,True,flu,1.0000000000000009,1.0000000000000009,True,0.8057015462790944,0.041757524923439426,-8.881784197001248e-16,0.01
flu_2016,14,8402,flu_2013,0.7219359210021121,0.7219359210021121,True,True,True,flu,1.0000000000000155,1.0000000000000155,True,0.8218123585829316,0.041757524923439426,-1.5543122344752072e-14,0.01
flu_2016,15,8923,flu_2013,0.758248925824007,0.758248925824007,True,True,True,flu,1.0000000000000449,1.0000000000000449,True,0.8351191875755173,0.041757524923439426,-4.485301019485532e-14,0.01
flu_2016,16,9295,flu_2013,0.764517286205235,0.764517286205235,True,True,True,flu,0.9999999999999545,0.9999999999999545,True,0.8507078715578654,0.041757524923439426,4.551914400963245e-14,0.01
flu_2016,17,9600,flu_2013,0.7699011888260539,0.7699011888260539,True,True,True,flu,1.0000000000000342,1.0000000000000342,True,0.8589602030068528,0.041757524923439426,-3.4194869158454235e-14,0.01
flu_2016,18,9863,flu_2013,0.7741443060029367,0.7741443060029367,True,True,True,flu,0.9999999999999737,0.9999999999999737,True,0.8630128796034331,0.041757524923439426,2.6312285683616557e-14,0.01
flu_2016,19,10183,flu_2013,0.764247960503184,0.764247960503184,True,True,True,flu,1.0000000000000022,1.0000000000000022,True,0.876170102337781,0.041757524923439426,-2.2204460492503107e-15,0.01
flu_2016,20,10412,flu_2013,0.7826020096740421,0.7826020096740421,True,True,True,flu,1.0000000000000537,1.0000000000000537,True,0.8841447630169981,0.041757524923439426,-5.373479439185613e-14,0.01
flu_2016,21,10607,flu_2013,0.7871690382711323,0.7871690382711323,True,True,True,flu,1.0000000000000524,1.0000000000000524,True,0.8918916745994923,0.041757524923439426,-5.240252676230601e-14,0.01
flu_2016,22,10730,flu_2013,0.7785120628870791,0.7785120628870791,True,True,True,flu,0.999999999999964,0.999999999999964,True,0.8999461577203256,0.041757524923439426,3.597122599785572e-14,0.01
flu_2016,23,10846,flu_2013,0.7730243743107826,0.7730243743107826,True,True,True,flu,1.0000000000000444,1.0000000000000444,True,0.9087182901954335,0.041757524923439426,-4.440892098500528e-14,0.01
flu_2016,24,10932,flu_2013,0.7723379685060346,0.7723379685060346,True,True,True,flu,0.99999999999997,0.99999999999997,True,0.9118901943068216,0.041757524923439426,2.9976021664879675e-14,0.01
flu_2016,25,11009,flu_2013,0.7537480992434287,0.7537480992434287,True,True,True,flu,1.0000000000000084,1.0000000000000084,True,0.914323559294661,0.041757524923439426,-8.437694987151153e-15,0.01
flu_2017,0,22,flu_2015,0.12469613903067316,0.12469613903067316,True,True,True,flu,0.5468198492359406,0.5468198492359406,True,0.07135183083721154,0.052793538774849935,0.6036358740670928,0.01
flu_2017,1,53,flu_2015,0.15941856024118278,0.15941856024118278,True,True,True,flu,0.6358467659865479,0.6358467659865479,True,0.08601784801108078,0.052793538774849935,0.45279767865468523,0.01
flu_2017,2,88,flu_2015,0.1778591092239356,0.1778591092239356,True,True,True,flu,0.6877996229083962,0.6877996229083962,True,0.08604462085363983,0.052793538774849935,0.37425772924176,0.01
flu_2017,3,110,flu_2015,0.18733911446418153,0.18733911446418153,True,True,True,flu,0.714284129146056,0.714284129146056,True,0.08813448151438324,0.052793538774849935,0.33647445581919694,0.01
flu_2017,4,164,flu_2015,0.24034596449316598,0.24034596449316598,True,True,True,flu,0.8214367623542378,0.8214367623542378,True,0.11017864397304628,0.052793538774849935,0.19670032273408913,0.01
flu_2017,5,220,flu_2015,0.26061101439506834,0.26061101439506834,True,True,True,flu,0.886867051230787,0.886867051230787,True,0.11621494896923443,0.052793538774849935,0.12006019377941196,0.01
flu_2017,6,300,flu_2015,0.307920043069131,0.307920043069131,True,True,True,flu,0.9483627242640311,0.9483627242640311,True,0.1378050909940288,0.052793538774849935,0.05301822937600615,0.01
flu_2017,7,365,flu_2015,0.3130181098025652,0.3130181098025652,True,True,True,flu,0.9681944642498723,0.9681944642498723,True,0.1391103850901864,0.052793538774849935,0.032322319061704456,0.01
flu_2017,8,441,flu_2015,0.31893637171960393,0.31893637171960393,True,True,True,flu,0.9832990336128814,0.9832990336128814,True,0.14662652834255352,0.052793538774849935,0.016841999996385994,0.01
flu_2017,9,509,flu_2015,0.34795342330183515,0.34795342330183515,True,True,True,flu,0.992017488550391,0.992017488550391,True,0.16493117403932028,0.052793538774849935,0.008014542265575944,0.01
flu_2017,10,575,flu_2015,0.36346768346204844,0.36346768346204844,True,True,True,flu,0.9957475006130224,0.9957475006130224,True,0.18948109743782687,0.052793538774849935,0.004261566978243737,0.01
flu_2017,11,690,flu_2015,0.40076746576514516,0.40076746576514516,True,True,True,flu,0.9982474867528492,0.9982474867528492,True,0.20587241157219896,0.052793538774849935,0.0017540506950192228,0.01
flu_2017,12,774,flu_2015,0.4205554222660835,0.4205554222660835,True,True,True,flu,0.9989576431136443,0.9989576431136443,True,0.2093434587309771,0.052793538774849935,0.0010429005180999718,0.01
flu_2017,13,908,flu_2015,0.46925794249226727,0.46925794249226727,True,True,True,flu,0.9996005979958718,0.9996005979958718,True,0.22757249695530749,0.052793538774849935,0.0003994817863528581,0.01
flu_2017,14,1045,flu_2015,0.49999165068769663,0.49999165068769663,True,True,True,flu,0.9998694533367501,0.9998694533367501,True,0.24963807612243122,0.052793538774849935,0.0001305551852071794,0.01
flu_2017,15,1214,flu_2015,0.5665764968781656,0.5665764968781656,True,True,True,flu,0.9999695235431109,0.9999695235431109,True,0.28912192832958494,0.052793538774849935,3.0476921305787266e-05,0.01
flu_2017,16,1355,flu_2015,0.6339600402687589,0.6339600402687589,True,True,True,flu,0.9999897073528533,0.9999897073528533,True,0.31229268382487724,0.052793538774849935,1.0292700116348533e-05,0.01
flu_2017,17,1509,flu_2015,0.653357629138474,0.653357629138474,True,True,True,flu,0.9999965312186355,0.9999965312186355,True,0.32189631474983904,0.052793538774849935,3.4687873807155795e-06,0.01
flu_2017,18,1648,flu_2015,0.6900859262643013,0.6900859262643013,True,True,True,flu,0.9999990596056181,0.9999990596056181,True,0.35635711721070606,0.052793538774849935,9.403948240919133e-07,0.01
flu_2017,19,1794,flu_2015,0.7176878953043674,0.7176878953043674,True,True,True,flu,0.9999996710137562,0.9999996710137562,True,0.370824111008414,0.052793538774849935,3.289862979187175e-07,0.01
flu_2017,20,1934,flu_2015,0.755961540968022,0.755961540968022,True,True,True,flu,0.9999998945733423,0.9999998945733423,True,0.396066058608378,0.052793538774849935,1.0542666329455256e-07,0.01
flu_2017,21,2058,flu_2015,0.7919898872294646,0.7919898872294646,True,True,True,flu,0.999999965699756,0.999999965699756,True,0.4171672472230435,0.052793538774849935,3.430024456668906e-08,0.01
flu_2017,22,2155,flu_2015,0.8209752468253215,0.8209752468253215,True,True,True,flu,0.9999999825526917,0.9999999825526917,True,0.4471930633757779,0.052793538774849935,1.744730841701062e-08,0.01
flu_2017,23,2216,flu_2015,0.836571117240136,0.836571117240136,True,True,True,flu,0.9999999910916213,0.9999999910916213,True,0.4741158034004174,0.052793538774849935,8.908378741057334e-09,0.01
flu_2017,24,2286,flu_2015,0.8533373607215166,0.8533373607215166,True,True,True,flu,0.9999999958329692,0.9999999958329692,True,0.4935280651441497,0.052793538774849935,4.167030840185455e-09,0.01
flu_2017,25,2346,flu_2015,0.8635478037556495,0.8635478037556495,True,True,True,flu,0.9999999974189596,0.9999999974189596,True,0.5082341079222683,0.052793538774849935,2.581040384752813e-09,0.01
flu_2018,0,31,flu_2015,0.10383075789181721,0.10050994743257277,False,True,True,flu,0.5699054422862314,0.5699054422862314,True,0.04025838268965165,0.046562656942731095,0.5622848226408395,0.01
flu_2018,1,67,flu_2015,0.1144358669771819,0.10951507700978459,False,True,True,flu,0.5989351804325813,0.5989351804325813,True,0.0400574623358354,0.046562656942731095,0.5126018996894433,0.01
flu_2018,2,132,flu_2015,0.1502209414229921,0.1381231125238671,False,True,True,flu,0.7419478545439251,0.7419478545439251,True,0.04684898139128243,0.046562656942731095,0.298476315179273,0.01
flu_2018,3,210,flu_2015,0.167669156764461,0.16090593350237428,False,True,True,flu,0.8305544929205103,0.8305544929205103,True,0.05414220258431289,0.046562656942731095,0.18566173748709805,0.01
flu_2018,4,321,flu_2016,0.19326118515599494,0.19326118515599494,True,True,True,flu,0.9316064529403779,0.9316064529403779,True,0.06322986050075044,0.046562656942731095,0.0708448142673256,0.01
flu_2018,5,459,flu_2016,0.21350065018000086,0.21350065018000086,True,True,True,flu,0.9714738243833414,0.9714738243833414,True,0.0655447706994446,0.046562656942731095,0.028940954034221672,0.01
flu_2018,6,679,flu_2016,0.22995795291302543,0.22995795291302543,True,True,True,flu,0.9926381644229665,0.9926381644229665,True,0.0728128351553019,0.046562656942731095,0.007389067622777695,0.01
flu_2018,7,1016,flu_2016,0.25185275245908995,0.25185275245908995,True,True,True,flu,0.9988128270153489,0.9988128270153489,True,0.08995160292665146,0.046562656942731095,0.0011878782327217328,0.01
flu_2018,8,1319,flu_2016,0.2729290842463767,0.2729290842463767,True,True,True,flu,0.9998675005055354,0.9998675005055354,True,0.10168717692471684,0.046562656942731095,0.00013250827329807445,0.01
flu_2018,9,1735,flu_2016,0.30261781026894796,0.30261781026894796,True,True,True,flu,0.9999899102510749,0.9999899102510749,True,0.1325601450570162,0.046562656942731095,1.0089799826994111e-05,0.01
flu_2018,10,2177,flu_2016,0.3501964871891538,0.3501964871891538,True,True,True,flu,0.9999991655380773,0.9999991655380773,True,0.1641345140260987,0.046562656942731095,8.344622708354357e-07,0.01
flu_2018,11,2662,flu_2016,0.3713013466029759,0.3713013466029759,True,True,True,flu,0.9999999131716633,0.9999999131716633,True,0.20202038658355856,0.046562656942731095,8.682834051236382e-08,0.01
flu_2018,12,3187,flu_2016,0.40897608052823814,0.40897608052823814,True,True,True,flu,0.9999999958463915,0.9999999958463915,True,0.24538021846564997,0.046562656942731095,4.1536084658065005e-09,0.01
flu_2018,13,3543,flu_2016,0.4337185911085483,0.4337185911085483,True,True,True,flu,0.9999999994644835,0.9999999994644835,True,0.27272408208601,0.046562656942731095,5.355165201605431e-10,0.01
flu_2018,14,4003,flu_2016,0.4459237484281793,0.4459237484281793,True,True,True,flu,0.9999999999658207,0.9999999999658207,True,0.3117207432575454,0.046562656942731095,3.417932603669418e-11,0.01
flu_2018,15,4482,flu_2016,0.450803642524737,0.450803642524737,True,True,True,flu,0.9999999999974805,0.9999999999974805,True,0.33908099488712584,0.046562656942731095,2.5195401320875045e-12,0.01
flu_2018,16,4971,flu_2016,0.46259851154553033,0.46259851154553033,True,True,True,flu,0.9999999999998672,0.9999999999998672,True,0.38355290690215893,0.046562656942731095,1.3278267374517753e-13,0.01
flu_2018,17,5475,flu_2016,0.47616260797937554,0.47616260797937554,True,True,True,flu,0.9999999999999784,0.9999999999999784,True,0.43564500822821733,0.046562656942731095,2.1649348980190786e-14,0.01
flu_2018,18,5845,flu_2016,0.4746024819550841,0.4746024819550841,True,True,True,flu,1.000000000000015,1.000000000000015,True,0.4603936714290522,0.046562656942731095,-1.5099033134902015e-14,0.01
flu_2018,19,6208,flu_2016,0.4439049232835161,0.4439049232835161,True,True,True,flu,1.0000000000000167,1.0000000000000167,True,0.4918768102511933,0.046562656942731095,-1.665334536937721e-14,0.01
flu_2018,20,6520,flu_2016,0.4812570118296988,0.4812570118296988,True,True,True,flu,1.000000000000008,1.000000000000008,True,0.5030995814599419,0.046562656942731095,-7.993605777301096e-15,0.01
flu_2018,21,6721,flu_2016,0.4531442904467124,0.4531442904467124,True,True,True,flu,0.9999999999999807,0.9999999999999807,True,0.5343195454887821,0.046562656942731095,1.931788062847791e-14,0.01
flu_2018,22,6871,flu_2016,0.4148880278168507,0.4148880278168507,True,True,True,flu,0.999999999999978,0.999999999999978,True,0.5580279745086626,0.046562656942731095,2.1982415887578342e-14,0.01
flu_2018,23,6977,flu_2016,0.41576951346352636,0.41576951346352636,True,True,True,flu,1.0000000000000138,1.0000000000000138,True,0.5768673542318975,0.046562656942731095,-1.3766765505351846e-14,0.01
flu_2018,24,7070,flu_2016,0.39835657337100355,0.39835657337100355,True,True,True,flu,0.9999999999999774,0.9999999999999774,True,0.5872609755669174,0.046562656942731095,2.264854970235345e-14,0.01
flu_2018,25,7144,flu_2016,0.3923300716350675,0.3923300716350675,True,True,True,flu,0.9999999999999807,0.9999999999999807,True,0.5974439251302481,0.046562656942731095,1.931788062847791e-14,0.01
flu_2019,0,43,othervirus_2013,0.08608786959833054,0.0794575460446953,False,False,True,flu,0.5402984458027152,0.5402984458027152,True,0.012523829160844106,0.03792438942589982,0.6156336146812935,0.01
flu_2019,1,61,othervirus_2013,0.08648896738196402,0.08643406340359631,False,False,True,flu,0.5684158476128252,0.5684158476128252,True,0.013271827641092764,0.03792438942589982,0.564902002055629,0.01
flu_2019,2,73,othervirus_2013,0.0886502721113274,0.0878947274850972,False,False,True,flu,0.5694914545274449,0.5694914545274449,True,0.012941599831408928,0.03792438942589982,0.5630115014270672,0.01
flu_2019,3,75,flu_2018,0.08940448795489435,0.08940448795489435,True,True,True,flu,0.5788859042909108,0.5788859042909108,True,0.013161532407897341,0.03792438942589982,0.5466498773197055,0.01
flu_2019,4,84,othervirus_2013,0.0904508044732109,0.08922485564738213,False,False,True,flu,0.5705255836294427,0.5705255836294427,True,0.01318884710053689,0.03792438942589982,0.5611972664620911,0.01
flu_2019,5,98,othervirus_2013,0.09262695675777632,0.09094054182218869,False,False,True,flu,0.5735900064915204,0.5735900064915204,True,0.013537671206511908,0.03792438942589982,0.5558404122830868,0.01
flu_2019,6,109,flu_2018,0.09792139387951733,0.09792139387951733,True,True,True,flu,0.59540430296251,0.59540430296251,True,0.014212945985128744,0.03792438942589982,0.518514603415306,0.01
flu_2019,7,127,flu_2018,0.10038814290429302,0.10038814290429302,True,True,True,flu,0.5926449036127245,0.5926449036127245,True,0.015253423580366176,0.03792438942589982,0.5231598728140703,0.01
flu_2019,8,151,flu_2018,0.11382106840150197,0.11382106840150197,True,True,True,flu,0.6257438916186145,0.6257438916186145,True,0.015557310182079022,0.03792438942589982,0.46881411041408044,0.01
flu_2019,9,199,flu_2018,0.1292102978000708,0.1292102978000708,True,True,True,flu,0.6902257571716945,0.6902257571716945,True,0.018198270789282496,0.03792438942589982,0.3707365505971415,0.01
flu_2019,10,258,flu_2018,0.1594679266829982,0.1594679266829982,True,True,True,flu,0.7962520565959229,0.7962520565959229,True,0.020676449978958417,0.03792438942589982,0.227839489247077,0.01
flu_2019,11,347,flu_2018,0.18338575595573806,0.18338575595573806,True,True,True,flu,0.8672925881921165,0.8672925881921165,True,0.023663773138216593,0.03792438942589982,0.14237888716922464,0.01
flu_2019,12,454,flu_2018,0.20092107433539605,0.20092107433539605,True,True,True,flu,0.9304900785745288,0.9304900785745288,True,0.02503313854299893,0.03792438942589982,0.07204386542359839,0.01
flu_2019,13,649,flu_2018,0.23339242374334182,0.23339242374334182,True,True,True,flu,0.9846036270668567,0.9846036270668567,True,0.028748901799469782,0.03792438942589982,0.015516127867486367,0.01
flu_2019,14,876,flu_2018,0.26950401061586393,0.26950401061586393,True,True,True,flu,0.995976846232526,0.995976846232526,True,0.03712112903911462,0.03792438942589982,0.004031268422240746,0.01
flu_2019,15,1209,flu_2018,0.30661594847991847,0.30661594847991847,True,True,True,flu,0.9996727486967435,0.9996727486967435,True,0.04101727704062374,0.03792438942589982,0.0003273048616492667,0.01
flu_2019,16,1512,flu_2018,0.35514073827700815,0.35514073827700815,True,True,True,flu,0.9999575959966646,0.9999575959966646,True,0.04779477607125102,0.03792438942589982,4.2404902410604707e-05,0.01
flu_2019,17,1766,flu_2018,0.3847193723507833,0.3847193723507833,True,True,True,flu,0.9999922099139551,0.9999922099139551,True,0.051428717794801466,0.03792438942589982,7.790116387778821e-06,0.01
flu_2019,18,2056,flu_2018,0.40979360979018364,0.40979360979018364,True,True,True,flu,0.999999125088297,0.999999125088297,True,0.055814587480131045,0.03792438942589982,8.749120857104015e-07,0.01
flu_2019,19,2301,flu_2018,0.4247491999111281,0.4247491999111281,True,True,True,flu,0.9999998876506964,0.9999998876506964,True,0.05940279755670495,0.03792438942589982,1.1234930994930972e-07,0.01
flu_2019,20,2475,flu_2018,0.4494918725731147,0.4494918725731147,True,True,True,flu,0.9999999768554892,0.9999999768554892,True,0.06556305459233815,0.03792438942589982,2.3144511020193986e-08,0.01
flu_2019,21,2637,flu_2018,0.4589508162746616,0.4589508162746616,True,True,True,flu,0.9999999948336507,0.9999999948336507,True,0.06923614241214689,0.03792438942589982,5.166349361674519e-09,0.01
flu_2019,22,2772,flu_2018,0.465239717274337,0.465239717274337,True,True,True,flu,0.9999999981627493,0.9999999981627493,True,0.07649795601444606,0.03792438942589982,1.8372506866095434e-09,0.01
flu_2019,23,2911,flu_2018,0.48190452611935086,0.48190452611935086,True,True,True,flu,0.9999999993480784,0.9999999993480784,True,0.08295754984839167,0.03792438942589982,6.519216280047633e-10,0.01
flu_2019,24,3036,flu_2018,0.48973830782200667,0.48973830782200667,True,True,True,flu,0.9999999997577048,0.9999999997577048,True,0.08979679464852106,0.03792438942589982,2.422951839458501e-10,0.01
flu_2019,25,3158,flu_2018,0.5064107036203673,0.5064107036203673,True,True,True,flu,0.9999999998937998,0.9999999998937998,True,0.09678072164514488,0.03792438942589982,1.0620015978299799e-10,0.01
flu_2020,0,32,flu_2019,0.07302563785490478,0.07302563785490478,True,True,True,flu,0.5470482999482591,0.5470482999482591,True,0.01960815304548153,0.0781085630398719,0.6032181807357525,0.01
flu_2020,1,71,flu_2019,0.07877758261124086,0.07877758261124086,True,True,True,flu,0.5490568429325995,0.5490568429325995,True,0.020737630082631728,0.0781085630398719,0.5995533037930595,0.01
flu_2020,2,109,flu_2019,0.0932381263360688,0.0932381263360688,True,True,True,flu,0.612898246593736,0.612898246593736,True,0.023025370501920033,0.0781085630398719,0.4895563493303467,0.01
flu_2020,3,148,flu_2019,0.10909128708857416,0.10909128708857416,True,True,True,flu,0.6922548553096706,0.6922548553096706,True,0.025774042494198467,0.0781085630398719,0.36780110314609865,0.01
flu_2020,4,191,flu_2019,0.12365128045672666,0.12365128045672666,True,True,True,flu,0.7325677333015734,0.7325677333015734,True,0.029731449516008153,0.0781085630398719,0.31119947369478873,0.01
flu_2020,5,253,flu_2019,0.1442951696116405,0.1442951696116405,True,True,True,flu,0.7965079085939379,0.7965079085939379,True,0.034413393947416104,0.0781085630398719,0.22751822049873155,0.01
flu_2020,6,300,flu_2019,0.15774776110001223,0.15774776110001223,True,True,True,flu,0.8453276073887154,0.8453276073887154,True,0.04059324219176463,0.0781085630398719,0.16803102570986206,0.01
flu_2020,7,458,flu_2019,0.2042515594664559,0.2042515594664559,True,True,True,flu,0.9572604118095236,0.9572604118095236,True,0.05198931641828414,0.0781085630398719,0.043679811891486404,0.01
flu_2020,8,591,flu_2019,0.23725422985949873,0.23725422985949873,True,True,True,flu,0.9807286751523482,0.9807286751523482,True,0.07672436233728648,0.0781085630398719,0.019459437537127273,0.01
flu_2020,9,775,flu_2019,0.2633066835170332,0.2633066835170332,True,True,True,flu,0.9946861208537868,0.9946861208537868,True,0.10472201846674992,0.0781085630398719,0.005328048018744782,0.01
flu_2020,10,1038,flu_2019,0.324783297295466,0.324783297295466,True,True,True,flu,0.999254550551375,0.999254550551375,True,0.10548909444705415,0.0781085630398719,0.0007457274342232667,0.01
flu_2020,11,1334,flu_2019,0.38609864025421514,0.38609864025421514,True,True,True,flu,0.9999402431196065,0.9999402431196065,True,0.10322395277425048,0.0781085630398719,5.975866590701092e-05,0.01
flu_2020,12,1542,flu_2019,0.4099832105801358,0.4099832105801358,True,True,True,flu,0.9999797554885288,0.9999797554885288,True,0.13316711577223025,0.0781085630398719,2.0244716394089387e-05,0.01
flu_2020,13,1619,flu_2019,0.4333798028758021,0.4333798028758021,True,True,True,flu,0.9999903241872373,0.9999903241872373,True,0.11310852420518822,0.0781085630398719,9.675859573655526e-06,0.01
flu_2020,14,1675,flu_2019,0.42557703486782844,0.42557703486782844,True,True,True,flu,0.9999935417849342,0.9999935417849342,True,0.11234965996687167,0.0781085630398719,6.458235920201695e-06,0.01
flu_2020,15,1726,flu_2019,0.4418485052310861,0.4418485052310861,True,True,True,flu,0.9999953453378839,0.9999953453378839,True,0.11928268574321095,0.0781085630398719,4.654672949050336e-06,0.01
flu_2020,16,1749,flu_2019,0.44014000352386246,0.44014000352386246,True,True,True,flu,0.9999965691951446,0.9999965691951446,True,0.11579284451194838,0.0781085630398719,3.430810740655452e-06,0.01
flu_2020,17,1783,flu_2019,0.4454064332420301,0.4454064332420301,True,True,True,flu,0.999997628027263,0.999997628027263,True,0.11384348824412206,0.0781085630398719,2.3719755501348505e-06,0.01
flu_2020,18,1818,flu_2019,0.4441935371967337,0.4441935371967337,True,True,True,flu,0.999998300174889,0.999998300174889,True,0.11182152235808245,0.0781085630398719,1.6998265557055375e-06,0.01
flu_2020,19,1836,flu_2019,0.44631431933928356,0.44631431933928356,True,True,True,flu,0.999998530777249,0.999998530777249,True,0.11272657579944889,0.0781085630398719,1.4692238303248226e-06,0.01
flu_2020,20,1857,flu_2019,0.44822344270972914,0.44822344270972914,True,True,True,flu,0.9999986525389509,0.9999986525389509,True,0.11389896871965509,0.0781085630398719,1.3474619568991395e-06,0.01
flu_2020,21,1871,flu_2019,0.4450820676326299,0.4450820676326299,True,True,True,flu,0.9999988124545363,0.9999988124545363,True,0.11387889581631391,0.0781085630398719,1.187546168876006e-06,0.01
flu_2020,22,1897,flu_2019,0.44629369386491785,0.44629369386491785,True,True,True,flu,0.9999991745060977,0.9999991745060977,True,0.1160744340617167,0.0781085630398719,8.25494243065821e-07,0.01
flu_2020,23,1910,flu_2019,0.449745057025707,0.449745057025707,True,True,True,flu,0.9999992778501844,0.9999992778501844,True,0.11620029416207507,0.0781085630398719,7.221500763632195e-07,0.01
flu_2020,24,1924,flu_2019,0.44774724852801695,0.44774724852801695,True,True,True,flu,0.9999993561497895,0.9999993561497895,True,0.11802963651355801,0.0781085630398719,6.438504177516039e-07,0.01
flu_2020,25,1939,flu_2019,0.44446340888024144,0.44446340888024144,True,True,True,flu,0.9999993790794411,0.9999993790794411,True,0.11916108329426862,0.0781085630398719,6.209207516293457e-07,0.01
flu_2021,0,24,covid_2020,0.26473191491739884,0.04191927820653811,False,False,True,covid,0.5235729590930471,0.34364883661067736,False,0.007299757435569088,0.48642095545897757,1.0681349668103963,0.03
flu_2021,1,47,covid_2020,0.33895393887441644,0.035958829128344943,False,False,True,covid,0.6713292912175279,0.2714451801702286,False,0.007668329451414516,0.48642095545897757,1.303995074654114,0.03
flu_2021,2,75,covid_2020,0.40810841737886855,0.020901467907888195,False,False,True,covid,0.8097346265449566,0.17314434570691384,False,0.007356748150509928,0.48642095545897757,1.7536296641279883,0.03
flu_2021,3,93,covid_2021,0.4288600196785368,0.01606808201463547,False,False,True,covid,0.8573069944399583,0.1306019311394858,False,0.00868460131595646,0.48642095545897757,2.0356012755761896,0.03
flu_2021,4,109,covid_2021,0.4421037245703834,0.013403841094538337,False,False,True,covid,0.8755109813101829,0.11584790113779565,False,0.00900030044536241,0.48642095545897757,2.1554771453348023,0.03
flu_2021,5,127,covid_2021,0.4691389013724576,0.007925089923514383,False,False,True,covid,0.9303827377807454,0.06537274423220757,False,0.008445392027721352,0.48642095545897757,2.7276498622446375,0.03
flu_2021,6,141,covid_2021,0.4820347318517705,0.004754039711611205,False,False,True,covid,0.961482785765881,0.03588561064932291,False,0.008030255156388957,0.48642095545897757,3.327418881404343,0.03
flu_2021,7,170,covid_2020,0.49105410639778263,0.0031890021450905483,False,False,True,covid,0.9726449008690448,0.025653902191739016,False,0.009925460428855958,0.48642095545897757,3.6630595867047524,0.03
flu_2021,8,193,covid_2020,0.5035081568899096,0.0037401441160922846,False,False,True,covid,0.9692058146247595,0.029296836918125436,False,0.011786180610636517,0.48642095545897757,3.530275723799461,0.03
flu_2021,9,218,covid_2020,0.4969544034709975,0.0019685939156825426,False,False,True,covid,0.982337478548849,0.01694072967471707,False,0.01290757759907438,0.48642095545897757,4.078034516617586,0.03
flu_2021,10,235,covid_2020,0.5103717290973707,0.00228966423147533,False,False,True,covid,0.9786525982528039,0.02072306556217256,False,0.015583208902319012,0.48642095545897757,3.8765079206923443,0.03
flu_2021,11,263,covid_2020,0.5065471122905373,0.0009743967113921434,False,False,True,covid,0.9892356996473733,0.010477354058967527,False,0.01855521452438492,0.48642095545897757,4.558539107255851,0.03
flu_2021,12,285,covid_2020,0.5017089076714603,0.0007818999752604571,False,False,True,covid,0.9902224144423518,0.009539056579452532,False,0.02466295457514778,0.48642095545897757,4.652360689454695,0.03
flu_2021,13,308,covid_2020,0.5134195094592754,0.0009501742816030439,False,False,True,covid,0.9872589208385192,0.012437773781764059,False,0.0368734136986496,0.48642095545897757,4.387017164135554,0.03
flu_2021,14,332,covid_2020,0.5163985891899857,0.0029589254345573947,False,False,True,covid,0.9544758719487489,0.04408989255471678,False,0.09238301859823862,0.48642095545897757,3.1215247165688376,0.03
flu_2021,15,346,covid_2020,0.539016470196245,0.0029088274834538548,False,False,True,covid,0.9510174907589171,0.04727388306786493,False,0.1207224592445273,0.48642095545897757,3.0517972909913915,0.03
flu_2021,16,364,covid_2020,0.5391386660691871,0.002544110336007075,False,False,True,covid,0.9522353305572889,0.0459898673470352,False,0.16117010474166926,0.48642095545897757,3.0793341818216096,0.03
flu_2021,17,385,covid_2020,0.543155172338934,0.004152593436198051,False,False,True,covid,0.9098990498761965,0.08663906339899506,False,0.281372041383399,0.48642095545897757,2.44600448660874,0.03
flu_2021,18,399,covid_2020,0.552109301384685,0.003563955708021015,False,False,True,covid,0.917020053710865,0.07998967132272644,False,0.3193366457857418,0.48642095545897757,2.5258577611093904,0.03
flu_2021,19,414,covid_2020,0.5656972016855699,0.0027293019468742218,False,False,True,covid,0.9296531598845861,0.06791165897253842,False,0.35937008673863463,0.48642095545897757,2.6895475511673594,0.03
flu_2021,20,431,covid_2020,0.5664349591413614,0.0026559128934528367,False,False,True,covid,0.9300789972532163,0.06682180755680162,False,0.4438769284037124,0.48642095545897757,2.705725791284987,0.03
flu_2021,21,441,covid_2020,0.578822415058515,0.001936724162914118,False,False,True,covid,0.9446334920973865,0.05271668077449815,False,0.47444310581959903,0.48642095545897757,2.9428233502824725,0.03
flu_2021,22,452,covid_2020,0.5837544898045305,0.0017846156034010937,False,False,True,covid,0.945441818429778,0.051878580663438645,False,0.5322715281584796,0.48642095545897757,2.958849277976008,0.03
flu_2021,23,461,covid_2020,0.5789537932863603,0.002092854902901522,False,False,True,covid,0.9335758365688969,0.06279227421569403,False,0.6090417619186177,0.48642095545897757,2.767923235118905,0.03
flu_2021,24,474,covid_2020,0.58447147569278,0.0025680840297057144,False,False,True,covid,0.9197917228080146,0.07577889863187222,False,0.669954118896765,0.48642095545897757,2.579935407254593,0.03
flu_2021,25,485,covid_2020,0.5822101802760604,0.0029398769436692835,False,False,True,covid,0.907283477915447,0.08739639009752298,False,0.7237031507442148,0.48642095545897757,2.4373013004056516,0.03
flu_2022,0,705,flu_2021,0.833957028941665,0.833957028941665,True,True,True,flu,0.9394746924047012,0.9394746924047012,True,2.9497527923095526e-10,0.07071940430495793,0.06243439779350702,0.01
flu_2022,1,2293,flu_2021,0.999938529189297,0.999938529189297,True,True,True,flu,0.99997650201056,0.99997650201056,True,3.299838856440838e-10,0.07071940430495793,2.349826552209214e-05,0.01
flu_2022,2,3330,flu_2021,0.9999992889676973,0.9999992889676973,True,True,True,flu,0.9999998322970242,0.9999998322970242,True,4.5232297807189786e-10,0.07071940430495793,1.6770298990171323e-07,0.01
flu_2022,3,3806,flu_2021,0.9999999424342735,0.9999999424342735,True,True,True,flu,0.9999999892662028,0.9999999892662028,True,5.619885445045966e-10,0.07071940430495793,1.0733797242021786e-08,0.01
flu_2022,4,4150,flu_2021,0.9999999912576527,0.9999999912576527,True,True,True,flu,0.999999997706787,0.999999997706787,True,6.21971877217263e-10,0.07071940430495793,2.2932129554935226e-09,0.01
flu_2022,5,4419,flu_2021,0.9999999982371719,0.9999999982371719,True,True,True,flu,0.9999999993265436,0.9999999993265436,True,6.195394723236936e-10,0.07071940430495793,6.734564019830834e-10,0.01
flu_2022,6,4621,flu_2021,0.9999999994027462,0.9999999994027462,True,True,True,flu,0.9999999997977955,0.9999999997977955,True,6.114963007818566e-10,0.07071940430495793,2.0220447540621324e-10,0.01
flu_2022,7,4782,flu_2021,0.9999999997662599,0.9999999997662599,True,True,True,flu,0.9999999998965614,0.9999999998965614,True,6.583584091181163e-10,0.07071940430495793,1.034385910312559e-10,0.01
flu_2022,8,4873,flu_2021,0.9999999998732392,0.9999999998732392,True,True,True,flu,0.9999999999430058,0.9999999999430058,True,6.669963924231427e-10,0.07071940430495793,5.699418714917628e-11,0.01
flu_2022,9,4978,flu_2021,0.999999999936847,0.999999999936847,True,True,True,flu,0.9999999999701846,0.9999999999701846,True,7.003332812101116e-10,0.07071940430495793,2.981537239366045e-11,0.01
flu_2022,10,5054,flu_2021,0.9999999999623697,0.9999999999623697,True,True,True,flu,0.9999999999807017,0.9999999999807017,True,7.055359353778433e-10,0.07071940430495793,1.9298340703430534e-11,0.01
flu_2022,11,5128,flu_2021,0.9999999999776037,0.9999999999776037,True,True,True,flu,0.9999999999904469,0.9999999999904469,True,6.954000533771837e-10,0.07071940430495793,9.553136060037715e-12,0.01
flu_2022,12,5192,flu_2021,0.9999999999860734,0.9999999999860734,True,True,True,flu,0.9999999999960288,0.9999999999960288,True,6.72508233053329e-10,0.07071940430495793,3.971156736789607e-12,0.01
flu_2022,13,5260,flu_2021,0.999999999991303,0.999999999991303,True,True,True,flu,0.9999999999975643,0.9999999999975643,True,7.083340807280769e-10,0.07071940430495793,2.435718293728097e-12,0.01
flu_2022,14,5313,flu_2021,0.9999999999928377,0.9999999999928377,True,True,True,flu,0.9999999999987161,0.9999999999987161,True,7.127085000930546e-10,0.07071940430495793,1.2838619056773552e-12,0.01
flu_2022,15,5373,flu_2021,0.9999999999945999,0.9999999999945999,True,True,True,flu,0.9999999999992856,0.9999999999992856,True,7.198585811569281e-10,0.07071940430495793,7.144285163465434e-13,0.01
flu_2022,16,5468,flu_2021,0.999999999996362,0.999999999996362,True,True,True,flu,0.9999999999996698,0.9999999999996698,True,7.375629797075942e-10,0.07071940430495793,3.301803275235761e-13,0.01
flu_2022,17,5561,flu_2021,0.9999999999975557,0.9999999999975557,True,True,True,flu,0.9999999999998508,0.9999999999998508,True,7.672358412666445e-10,0.07071940430495793,1.4921397450963217e-13,0.01
flu_2022,18,5650,flu_2021,0.9999999999978968,0.9999999999978968,True,True,True,flu,0.9999999999999313,0.9999999999999313,True,8.262564736283774e-10,0.07071940430495793,6.872280522429955e-14,0.01
flu_2022,19,5805,flu_2021,0.99999999999892,0.99999999999892,True,True,True,flu,1.0000000000000013,1.0000000000000013,True,8.08704420450027e-10,0.07071940430495793,-1.332267629550187e-15,0.01
flu_2022,20,5964,flu_2021,0.999999999999261,0.999999999999261,True,True,True,flu,0.9999999999999731,0.9999999999999731,True,8.896599289343131e-10,0.07071940430495793,2.6867397195929148e-14,0.01
flu_2022,21,6143,flu_2021,0.9999999999997158,0.9999999999997158,True,True,True,flu,1.0000000000000042,1.0000000000000042,True,9.208695838422172e-10,0.07071940430495793,-4.218847493575586e-15,0.01
flu_2022,22,6301,flu_2021,0.9999999999997726,0.9999999999997726,True,True,True,flu,0.9999999999999853,0.9999999999999853,True,9.054530743321953e-10,0.07071940430495793,1.4654943925052174e-14,0.01
flu_2022,23,6475,flu_2021,0.9999999999998863,0.9999999999998863,True,True,True,flu,0.9999999999999952,0.9999999999999952,True,9.86448379891723e-10,0.07071940430495793,4.773959005888184e-15,0.01
flu_2022,24,6680,flu_2021,0.9999999999999432,0.9999999999999432,True,True,True,flu,0.9999999999999888,0.9999999999999888,True,1.1093463021111285e-09,0.07071940430495793,1.1213252548714144e-14,0.01
flu_2022,25,6834,flu_2021,1.0,1.0,True,True,True,flu,1.0000000000000253,1.0000000000000253,True,1.1849069340738769e-09,0.07071940430495793,-2.5313084961453247e-14,0.01
othervirus_2013,0,36,h1n1_2009,1.0,1.0,True,,False,flu,1.0,,,0.16922700536752544,1.7670821926561064,,0.01
othervirus_2013,1,88,h1n1_2009,1.0,1.0,True,,False,flu,1.0,,,0.26658982404700005,1.7670821926561064,,0.01
othervirus_2013,2,188,h1n1_2009,1.0,1.0,True,,False,flu,1.0,,,0.7313764408004638,1.7670821926561064,,0.01
othervirus_2013,3,268,h1n1_2009,1.0,1.0,True,,False,flu,1.0,,,0.9333232510030032,1.7670821926561064,,0.01
othervirus_2013,4,388,h1n1_2009,1.0,1.0,True,,False,flu,1.0,,,0.9925649528219288,1.7670821926561064,,0.01
othervirus_2013,5,501,h1n1_2009,1.0,1.0,True,,False,flu,1.0,,,0.9991487225072943,1.7670821926561064,,0.01
othervirus_2013,6,666,h1n1_2009,1.0,1.0,True,,False,flu,1.0,,,0.9999444710265288,1.7670821926561064,,0.01
othervirus_2013,7,782,h1n1_2009,1.0,1.0,True,,False,flu,1.0,,,0.9999939191535462,1.7670821926561064,,0.01
othervirus_2013,8,986,h1n1_2009,1.0,1.0,True,,False,flu,1.0,,,0.9999998722839375,1.7670821926561064,,0.01
othervirus_2013,9,1172,h1n1_2009,1.0,1.0,True,,False,flu,1.0,,,0.9999999972107574,1.7670821926561064,,0.01
othervirus_2013,10,1346,h1n1_2009,1.0,1.0,True,,False,flu,1.0,,,0.9999999998740776,1.7670821926561064,,0.01
othervirus_2013,11,1529,h1n1_2009,1.0,1.0,True,,False,flu,1.0,,,0.9999999999945999,1.7670821926561064,,0.01
othervirus_2013,12,1700,h1n1_2009,1.0,1.0,True,,False,flu,1.0,,,0.9999999999997016,1.7670821926561064,,0.01
othervirus_2013,13,1892,h1n1_2009,1.0,1.0,True,,False,flu,1.0,,,0.9999999999999858,1.7670821926561064,,0.01
othervirus_2013,14,2031,h1n1_2009,1.0,1.0,True,,False,flu,1.0,,,1.0,1.7670821926561064,,0.01
othervirus_2013,15,2141,h1n1_2009,1.0,1.0,True,,False,flu,1.0,,,1.0,1.7670821926561064,,0.01
othervirus_2013,16,2252,h1n1_2009,1.0,1.0,True,,False,flu,1.0,,,1.0,1.7670821926561064,,0.01
othervirus_2013,17,2334,h1n1_2009,1.0,1.0,True,,False,flu,1.0,,,1.0,1.7670821926561064,,0.01
othervirus_2013,18,2390,h1n1_2009,1.0,1.0,True,,False,flu,1.0,,,1.0,1.7670821926561064,,0.01
othervirus_2013,19,2454,h1n1_2009,1.0,1.0,True,,False,flu,1.0,,,1.0,1.7670821926561064,,0.01
othervirus_2013,20,2516,h1n1_2009,1.0,1.0,True,,False,flu,1.0,,,1.0,1.7670821926561064,,0.01
othervirus_2013,21,2579,h1n1_2009,1.0,1.0,True,,False,flu,1.0,,,1.0,1.7670821926561064,,0.01
othervirus_2013,22,2622,h1n1_2009,1.0,1.0,True,,False,flu,1.0,,,1.0,1.7670821926561064,,0.01
othervirus_2013,23,2672,h1n1_2009,1.0,1.0,True,,False,flu,1.0,,,1.0,1.7670821926561064,,0.01
othervirus_2013,24,2710,h1n1_2009,1.0,1.0,True,,False,flu,1.0,,,1.0,1.7670821926561064,,0.01
othervirus_2013,25,2739,h1n1_2009,1.0,1.0,True,,False,flu,1.0,,,1.0,1.7670821926561064,,0.01
othervirus_2014,0,24,othervirus_2013,0.5875985487043164,0.5875985487043164,True,True,True,othervirus,0.5875985487043164,0.5875985487043164,True,0.08809296238191945,0.07161639478977211,0.5317113045555868,0.01
othervirus_2014,1,59,othervirus_2013,0.7062189868125213,0.7062189868125213,True,True,True,othervirus,0.7062189868125213,0.7062189868125213,True,0.10058740518571234,0.07161639478977211,0.34782990996351343,0.01
othervirus_2014,2,99,othervirus_2013,0.8090213217151537,0.8090213217151537,True,True,True,othervirus,0.8090213217151537,0.8090213217151537,True,0.1076681259468148,0.07161639478977211,0.21193000662799033,0.01
othervirus_2014,3,113,othervirus_2013,0.8317298199915001,0.8317298199915001,True,True,True,othervirus,0.8317298199915001,0.8317298199915001,True,0.11156295161272393,0.07161639478977211,0.18424762648608614,0.01
othervirus_2014,4,172,othervirus_2013,0.9222127095359673,0.9222127095359673,True,True,True,othervirus,0.9222127095359673,0.9222127095359673,True,0.11897010359411218,0.07161639478977211,0.08097937754786598,0.01
othervirus_2014,5,225,othervirus_2013,0.9607771426528602,0.9607771426528602,True,True,True,othervirus,0.9607771426528602,0.9607771426528602,True,0.12611700935033476,0.07161639478977211,0.04001279841102528,0.01
othervirus_2014,6,314,othervirus_2013,0.9862171420509926,0.9862171420509926,True,True,True,othervirus,0.9862171420509926,0.9862171420509926,True,0.13611871662860242,0.07161639478977211,0.013878723421665688,0.01
othervirus_2014,7,410,othervirus_2013,0.9970400207050385,0.9970400207050385,True,True,True,othervirus,0.9970400207050385,0.9970400207050385,True,0.13179251650006601,0.07161639478977211,0.002964368697508488,0.01
othervirus_2014,8,484,othervirus_2013,0.9988140860564034,0.9988140860564034,True,True,True,othervirus,0.9988140860564034,0.9988140860564034,True,0.13510375165952682,0.07161639478977211,0.0011866176959855826,0.01
othervirus_2014,9,591,othervirus_2013,0.9997077452010857,0.9997077452010857,True,True,True,othervirus,0.9997077452010857,0.9997077452010857,True,0.13407019266079037,0.07161639478977211,0.00029229751367060183,0.01
othervirus_2014,10,697,othervirus_2013,0.9999218006042451,0.9999218006042451,True,True,True,othervirus,0.9999218006042451,0.9999218006042451,True,0.13528411274092453,0.07161639478977211,7.820245348708764e-05,0.01
othervirus_2014,11,823,othervirus_2013,0.9999885033496761,0.9999885033496761,True,True,True,othervirus,0.9999885033496761,0.9999885033496761,True,0.14951363819151414,0.07161639478977211,1.1496716410840908e-05,0.01
othervirus_2014,12,908,othervirus_2013,0.9999966338335707,0.9999966338335707,True,True,True,othervirus,0.9999966338335707,0.9999966338335707,True,0.16750050658323476,0.07161639478977211,3.366172094814835e-06,0.01
othervirus_2014,13,1050,othervirus_2013,0.9999994536119345,0.9999994536119345,True,True,True,othervirus,0.9999994536119345,0.9999994536119345,True,0.1718038887633063,0.07161639478977211,5.463882147288272e-07,0.01
othervirus_2014,14,1141,othervirus_2013,0.9999998589653912,0.9999998589653912,True,True,True,othervirus,0.9999998589653912,0.9999998589653912,True,0.19108280829393695,0.07161639478977211,1.4103461871473395e-07,0.01
othervirus_2014,15,1234,othervirus_2013,0.9999999583073924,0.9999999583073924,True,True,True,othervirus,0.9999999583073924,0.9999999583073924,True,0.20614724668419904,0.07161639478977211,4.1692608457709416e-08,0.01
othervirus_2014,16,1317,othervirus_2013,0.9999999879136824,0.9999999879136824,True,True,True,othervirus,0.9999999879136824,0.9999999879136824,True,0.2230351319421369,0.07161639478977211,1.2086317686441823e-08,0.01
othervirus_2014,17,1371,othervirus_2013,0.9999999951417706,0.9999999951417706,True,True,True,othervirus,0.9999999951417706,0.9999999951417706,True,0.2398509896094098,0.07161639478977211,4.858229386150517e-09,0.01
othervirus_2014,18,1446,othervirus_2013,0.9999999983573176,0.9999999983573176,True,True,True,othervirus,0.9999999983573176,0.9999999983573176,True,0.24839910854579958,0.07161639478977211,1.6426824358709055e-09,0.01
othervirus_2014,19,1481,othervirus_2013,0.9999999989867376,0.9999999989867376,True,True,True,othervirus,0.9999999989867376,0.9999999989867376,True,0.2552524971848467,0.07161639478977211,1.0132623634166836e-09,0.01
othervirus_2014,20,1531,othervirus_2013,0.999999999367688,0.999999999367688,True,True,True,othervirus,0.999999999367688,0.999999999367688,True,0.25159713711652404,0.07161639478977211,6.323119807528223e-10,0.01
othervirus_2014,21,1589,othervirus_2013,0.9999999996772573,0.9999999996772573,True,True,True,othervirus,0.9999999996772573,0.9999999996772573,True,0.2508479281129305,0.07161639478977211,3.227427214890341e-10,0.01
othervirus_2014,22,1618,othervirus_2013,0.999999999773209,0.999999999773209,True,True,True,othervirus,0.999999999773209,0.999999999773209,True,0.2592163537831186,0.07161639478977211,2.2679103042562587e-10,0.01
othervirus_2014,23,1658,othervirus_2013,0.9999999998422737,0.9999999998422737,True,True,True,othervirus,0.9999999998422737,0.9999999998422737,True,0.25891715458611897,0.07161639478977211,1.5772627649646582e-10,0.01
othervirus_2014,24,1673,othervirus_2013,0.9999999998747455,0.9999999998747455,True,True,True,othervirus,0.9999999998747455,0.9999999998747455,True,0.26446702827787955,0.07161639478977211,1.252544734676348e-10,0.01
othervirus_2014,25,1700,othervirus_2013,0.9999999999084821,0.9999999999084821,True,True,True,othervirus,0.9999999999084821,0.9999999999084821,True,0.26194077376073116,0.07161639478977211,9.151790437008867e-11,0.01
othervirus_2015,0,24,othervirus_2014,0.2987865629235725,0.2987865629235725,True,True,True,othervirus,0.5859468753417897,0.5859468753417897,True,0.05038404626700934,0.01435406293114383,0.5345261499279936,0.01
othervirus_2015,1,35,othervirus_2014,0.3132576288484273,0.3132576288484273,True,True,True,othervirus,0.6164387796633055,0.6164387796633055,True,0.05097027322372093,0.01435406293114383,0.4837962643689451,0.01
othervirus_2015,2,59,othervirus_2014,0.34910130922491805,0.34910130922491805,True,True,True,othervirus,0.6789355679089346,0.6789355679089346,True,0.0539541615756493,0.01435406293114383,0.387229048549102,0.01
othervirus_2015,3,100,othervirus_2014,0.4328694566067984,0.4328694566067984,True,True,True,othervirus,0.807743671641612,0.807743671641612,True,0.06305017984134025,0.01435406293114383,0.21351050885899406,0.01
othervirus_2015,4,150,othervirus_2014,0.5060890912602766,0.5060890912602766,True,True,True,othervirus,0.9025159611305515,0.9025159611305515,True,0.06864666324637665,0.01435406293114383,0.10256890346827202,0.01
othervirus_2015,5,186,othervirus_2014,0.5501590474840827,0.5501590474840827,True,True,True,othervirus,0.9423816818542706,0.9423816818542706,True,0.07759434987934602,0.01435406293114383,0.059344904034479,0.01
othervirus_2015,6,254,othervirus_2014,0.5937142001387741,0.5937142001387741,True,True,True,othervirus,0.978556600760558,0.978556600760558,True,0.08220930904555865,0.01435406293114383,0.021676649403438816,0.01
othervirus_2015,7,312,othervirus_2014,0.6169395518297552,0.6169395518297552,True,True,True,othervirus,0.9906524730702213,0.9906524730702213,True,0.07726743595877897,0.01435406293114383,0.009391489233314742,0.01
othervirus_2015,8,372,othervirus_2014,0.6447203147449804,0.6447203147449804,True,True,True,othervirus,0.9962965377823991,0.9962965377823991,True,0.08225544806318309,0.01435406293114383,0.0037103370127443414,0.01
othervirus_2015,9,442,othervirus_2014,0.6593844353571487,0.6593844353571487,True,True,True,othervirus,0.9987308005406429,0.9987308005406429,True,0.07684582008569135,0.01435406293114383,0.0012700055751442606,0.01
othervirus_2015,10,554,othervirus_2014,0.7032124495113327,0.7032124495113327,True,True,True,othervirus,0.9997585046293578,0.9997585046293578,True,0.0760226642743642,0.01435406293114383,0.00024152453534476202,0.01
othervirus_2015,11,638,othervirus_2014,0.7270726522847045,0.7270726522847045,True,True,True,othervirus,0.9999219604705272,0.9999219604705272,True,0.07654533897956882,0.01435406293114383,7.804257471534272e-05,0.01
othervirus_2015,12,775,othervirus_2014,0.7777712722682232,0.7777712722682232,True,True,True,othervirus,0.9999897408716354,0.9999897408716354,True,0.0857461104158108,0.01435406293114383,1.0259180989826509e-05,0.01
othervirus_2015,13,894,othervirus_2014,0.7956171914847645,0.7956171914847645,True,True,True,othervirus,0.9999979405326921,0.9999979405326921,True,0.08596122576271614,0.01435406293114383,2.059469428618995e-06,0.01
othervirus_2015,14,976,othervirus_2014,0.8202955099581021,0.8202955099581021,True,True,True,othervirus,0.9999994010403951,0.9999994010403951,True,0.09092711315885982,0.01435406293114383,5.989597842902271e-07,0.01
othervirus_2015,15,1016,othervirus_2014,0.8278724021097604,0.8278724021097604,True,True,True,othervirus,0.9999996572328064,0.9999996572328064,True,0.09124109466258074,0.01435406293114383,3.427672523731561e-07,0.01
othervirus_2015,16,1169,othervirus_2014,0.8489900926400692,0.8489900926400692,True,True,True,othervirus,0.9999999640259413,0.9999999640259413,True,0.09450862207226417,0.01435406293114383,3.597405937896887e-08,0.01
othervirus_2015,17,1274,othervirus_2014,0.8733886403131221,0.8733886403131221,True,True,True,othervirus,0.9999999928234402,0.9999999928234402,True,0.10124250495646513,0.01435406293114383,7.176559816629451e-09,0.01
othervirus_2015,18,1384,othervirus_2014,0.8879882382841155,0.8879882382841155,True,True,True,othervirus,0.999999998139105,0.999999998139105,True,0.09992174587452604,0.01435406293114383,1.860894995386403e-09,0.01
othervirus_2015,19,1485,othervirus_2014,0.9002199503851397,0.9002199503851397,True,True,True,othervirus,0.9999999995108609,0.9999999995108609,True,0.10009841714953317,0.01435406293114383,4.891390627068135e-10,0.01
othervirus_2015,20,1572,othervirus_2014,0.9114731730686315,0.9114731730686315,True,True,True,othervirus,0.9999999998588937,0.9999999998588937,True,0.10356410003995581,0.01435406293114383,1.4110634883764641e-10,0.01
othervirus_2015,21,1645,othervirus_2014,0.9143927364152042,0.9143927364152042,True,True,True,othervirus,0.9999999999508047,0.9999999999508047,True,0.10674195019605585,0.01435406293114383,4.9195314489980324e-11,0.01
othervirus_2015,22,1718,othervirus_2014,0.918981728595995,0.918981728595995,True,True,True,othervirus,0.999999999980873,0.999999999980873,True,0.11015657692344512,0.01435406293114383,1.9127033290727583e-11,0.01
othervirus_2015,23,1772,othervirus_2014,0.9206351788688018,0.9206351788688018,True,True,True,othervirus,0.999999999989733,0.999999999989733,True,0.10912074264279774,0.01435406293114383,1.0267009464878765e-11,0.01
othervirus_2015,24,1833,othervirus_2014,0.9247755241818596,0.9247755241818596,True,True,True,othervirus,0.9999999999947466,0.9999999999947466,True,0.10657290189018531,0.01435406293114383,5.2533533079351144e-12,0.01
othervirus_2015,25,1886,othervirus_2014,0.9253913351391742,0.9253913351391742,True,True,True,othervirus,0.9999999999967986,0.9999999999967986,True,0.10363473946657564,0.01435406293114383,3.201439113814226e-12,0.01
othervirus_2016,0,24,othervirus_2013,0.18604811055433612,0.18604811055433612,True,True,True,othervirus,0.5351806903707166,0.5351806903707166,True,0.042716616933916624,0.03189666605252128,0.6251508500964266,0.01
othervirus_2016,1,44,othervirus_2013,0.20369881019161262,0.20369881019161262,True,True,True,othervirus,0.5774566145431095,0.5774566145431095,True,0.04462576586403933,0.03189666605252128,0.5491219657405907,0.01
othervirus_2016,2,66,othervirus_2013,0.22122448271066397,0.22122448271066397,True,True,True,othervirus,0.609781576129448,0.609781576129448,True,0.04746286646621056,0.03189666605252128,0.49465445785677487,0.01
othervirus_2016,3,145,othervirus_2013,0.27762217574555287,0.27762217574555287,True,True,True,othervirus,0.7393837168255891,0.7393837168255891,True,0.05084642624900716,0.03189666605252128,0.30193825486763465,0.01
othervirus_2016,4,256,othervirus_2013,0.35325675675848367,0.35325675675848367,True,True,True,othervirus,0.8612177249014386,0.8612177249014386,True,0.058901256671007554,0.03189666605252128,0.14940793207177425,0.01
othervirus_2016,5,392,othervirus_2013,0.43065396121963484,0.43065396121963484,True,True,True,othervirus,0.9265341245012614,0.9265341245012614,True,0.06760143720191812,0.03189666605252128,0.07630440230923594,0.01
othervirus_2016,6,518,othervirus_2013,0.4940788408491081,0.4940788408491081,True,True,True,othervirus,0.9557922958123964,0.9557922958123964,True,0.07985173565508724,0.03189666605252128,0.04521465333049747,0.01
othervirus_2016,7,668,othervirus_2013,0.5273375300320695,0.5273375300320695,True,True,True,othervirus,0.9859286013038978,0.9859286013038978,True,0.08436296299625402,0.03189666605252128,0.014171339472103039,0.01
othervirus_2016,8,792,othervirus_2013,0.5006889819068285,0.5006889819068285,True,True,True,othervirus,0.9960853378716612,0.9960853378716612,True,0.07898386262765444,0.03189666605252128,0.003922344473873912,0.01
othervirus_2016,9,925,othervirus_2013,0.5075123089325979,0.5075123089325979,True,True,True,othervirus,0.9984202858819576,0.9984202858819576,True,0.08200082409649875,0.03189666605252128,0.0015809631820057008,0.01
othervirus_2016,10,1086,othervirus_2013,0.49710656664928915,0.49710656664928915,True,True,True,othervirus,0.9995793335242128,0.9995793335242128,True,0.08000188512770665,0.03189666605252128,0.00042075498075071135,0.01
othervirus_2016,11,1192,othervirus_2013,0.508412883081931,0.508412883081931,True,True,True,othervirus,0.9998149181147323,0.9998149181147323,True,0.08322572066947036,0.03189666605252128,0.00018509901503343428,0.01
othervirus_2016,12,1386,othervirus_2013,0.5402901785518857,0.5402901785518857,True,True,True,othervirus,0.9999251608091511,0.9999251608091511,True,0.08511685723882342,0.03189666605252128,7.484199144091466e-05,0.01
othervirus_2016,13,1601,othervirus_2013,0.5298504756041335,0.5298504756041335,True,True,True,othervirus,0.9999852969196658,0.9999852969196658,True,0.09109305126522262,0.03189666605252128,1.4703188425589232e-05,0.01
othervirus_2016,14,1856,othervirus_2013,0.5180953890341222,0.5180953890341222,True,True,True,othervirus,0.9999981643239182,0.9999981643239182,True,0.0956112056256548,0.03189666605252128,1.8356777666626365e-06,0.01
othervirus_2016,15,2065,othervirus_2013,0.5319452232744907,0.5319452232744907,True,True,True,othervirus,0.9999995039348797,0.9999995039348797,True,0.1041951684345256,0.03189666605252128,4.960652433548686e-07,0.01
othervirus_2016,16,2331,othervirus_2013,0.5634998739785426,0.5634998739785426,True,True,True,othervirus,0.9999998947639039,0.9999998947639039,True,0.11832964582807644,0.03189666605252128,1.052361015969316e-07,0.01
othervirus_2016,17,2602,othervirus_2013,0.5029005201916267,0.5029005201916267,True,True,True,othervirus,0.999999990962222,0.999999990962222,True,0.1213986341056814,0.03189666605252128,9.037778011296068e-09,0.01
othervirus_2016,18,2862,othervirus_2013,0.5034173312797872,0.5034173312797872,True,True,True,othervirus,0.9999999986918756,0.9999999986918756,True,0.1313990060120113,0.03189666605252128,1.3081243874453765e-09,0.01
othervirus_2016,19,3051,othervirus_2013,0.5039737154197877,0.5039737154197877,True,True,True,othervirus,0.9999999996451904,0.9999999996451904,True,0.14036382304442657,0.03189666605252128,3.548096261870534e-10,0.01
othervirus_2016,20,3222,othervirus_2013,0.48389830273350554,0.48389830273350554,True,True,True,othervirus,0.999999999907993,0.999999999907993,True,0.14712869138786203,0.03189666605252128,9.200695761248093e-11,0.01
othervirus_2016,21,3367,othervirus_2013,0.5351988281692989,0.5351988281692989,True,True,True,othervirus,0.9999999999370499,0.9999999999370499,True,0.16412960998335854,0.03189666605252128,6.295008958743758e-11,0.01
othervirus_2016,22,3480,othervirus_2013,0.5302242267015932,0.5302242267015932,True,True,True,othervirus,0.9999999999694438,0.9999999999694438,True,0.1732718990907178,0.03189666605252128,3.0556224218015173e-11,0.01
othervirus_2016,23,3587,othervirus_2013,0.5151409920961082,0.5151409920961082,True,True,True,othervirus,0.9999999999867822,0.9999999999867822,True,0.18340105596868359,0.03189666605252128,1.3217760219762156e-11,0.01
othervirus_2016,24,3691,othervirus_2013,0.5086078204479481,0.5086078204479481,True,True,True,othervirus,0.9999999999945498,0.9999999999945498,True,0.1803370597696602,0.03189666605252128,5.450195850202208e-12,0.01
othervirus_2016,25,3785,othervirus_2013,0.5111990657184617,0.5111990657184617,True,True,True,othervirus,0.9999999999973888,0.9999999999973888,True,0.18333538712041758,0.03189666605252128,2.6112445539217775e-12,0.01
othervirus_2017,0,30,othervirus_2016,0.14837249611205414,0.14646383835205873,False,True,True,othervirus,0.584020254896794,0.584020254896794,True,0.028540867282819446,0.018511916698101594,0.5378196137128973,0.01
othervirus_2017,1,67,othervirus_2016,0.17219372858997908,0.1721599663043124,False,True,True,othervirus,0.6813232775794368,0.6813232775794368,True,0.029185544817525368,0.018511916698101594,0.38371837536985626,0.01
othervirus_2017,2,86,othervirus_2016,0.18085397663798936,0.1751710141305673,False,True,True,othervirus,0.6962699099923129,0.6962699099923129,True,0.030314154787651995,0.018511916698101594,0.3620178921102737,0.01
othervirus_2017,3,123,othervirus_2016,0.1980512511724192,0.1916693889770193,False,True,True,othervirus,0.7563561703202449,0.7563561703202449,True,0.03358254765129125,0.018511916698101594,0.2792428889848017,0.01
othervirus_2017,4,178,othervirus_2016,0.22034318987809193,0.21432916060915108,False,True,True,othervirus,0.8394707333656399,0.8394707333656399,True,0.03404517786786324,0.018511916698101594,0.1749836650547957,0.01
othervirus_2017,5,246,othervirus_2014,0.2430455400650692,0.2430455400650692,True,True,True,othervirus,0.9220963287325182,0.9220963287325182,True,0.03512898731629651,0.018511916698101594,0.08110558286507556,0.01
othervirus_2017,6,313,othervirus_2016,0.25445448679878696,0.248906697695017,False,True,True,othervirus,0.9426448847347981,0.9426448847347981,True,0.037115959774472254,0.018511916698101594,0.059065647617722775,0.01
othervirus_2017,7,385,othervirus_2014,0.2620799214709976,0.2620799214709976,True,True,True,othervirus,0.9741664269205759,0.9741664269205759,True,0.035329015116879595,0.018511916698101594,0.026173120407825115,0.01
othervirus_2017,8,489,othervirus_2014,0.27174246259814083,0.27174246259814083,True,True,True,othervirus,0.9904705431885268,0.9904705431885268,True,0.037356419301839874,0.018511916698101594,0.009575152620911435,0.01
othervirus_2017,9,621,othervirus_2014,0.2840243023842293,0.2840243023842293,True,True,True,othervirus,0.99799589915666,0.99799589915666,True,0.0358127512193936,0.018511916698101594,0.002006111740578237,0.01
othervirus_2017,10,758,othervirus_2014,0.2952256424527354,0.2952256424527354,True,True,True,othervirus,0.9996300758423965,0.9996300758423965,True,0.03518352965435779,0.018511916698101594,0.0003699925964233322,0.01
othervirus_2017,11,935,othervirus_2015,0.3100066377418184,0.30452654629515885,False,True,True,othervirus,0.9999637044793319,0.9999637044793319,True,0.03298800758315932,0.018511916698101594,3.629617936643259e-05,0.01
othervirus_2017,12,1136,othervirus_2014,0.3260629027212809,0.3260629027212809,True,True,True,othervirus,0.9999961800701695,0.9999961800701695,True,0.034221943065464215,0.018511916698101594,3.81993712640141e-06,0.01
othervirus_2017,13,1308,othervirus_2014,0.33821029756204185,0.33821029756204185,True,True,True,othervirus,0.9999993872176621,0.9999993872176621,True,0.03552560934034578,0.018511916698101594,6.127825256232711e-07,0.01
othervirus_2017,14,1541,othervirus_2015,0.3615680923365788,0.3394261956267667,False,True,True,othervirus,0.9999999509173709,0.9999999509173709,True,0.03634193203106997,0.018511916698101594,4.908263027676911e-08,0.01
othervirus_2017,15,1766,othervirus_2015,0.3807140565466429,0.3532695297967977,False,True,True,othervirus,0.9999999956202779,0.9999999956202779,True,0.03719671632585145,0.018511916698101594,4.379722150103837e-09,0.01
othervirus_2017,16,1969,othervirus_2015,0.40910147345720566,0.36167896481681083,False,True,True,othervirus,0.9999999996062444,0.9999999996062444,True,0.039425311114473935,0.018511916698101594,3.937555837716659e-10,0.01
othervirus_2017,17,2238,othervirus_2015,0.42322477689163224,0.3686435186623404,False,True,True,othervirus,0.9999999999775293,0.9999999999775293,True,0.04141194224079507,0.018511916698101594,2.2470691974060708e-11,0.01
othervirus_2017,18,2429,othervirus_2015,0.4507216148513044,0.3688822007050171,False,True,True,othervirus,0.9999999999976011,0.9999999999976011,True,0.04100131530954033,0.018511916698101594,2.398858889310453e-12,0.01
othervirus_2017,19,2650,othervirus_2015,0.4769495646146875,0.3693607581648779,False,True,True,othervirus,0.9999999999997713,0.9999999999997713,True,0.04082573800876383,0.018511916698101594,2.287059430728084e-13,0.01
othervirus_2017,20,2818,othervirus_2015,0.46336960707726715,0.37698095201335946,False,True,True,othervirus,0.9999999999999325,0.9999999999999325,True,0.04135126174951218,0.018511916698101594,6.75015598972118e-14,0.01
othervirus_2017,21,2988,othervirus_2015,0.45852645909898826,0.3875833405958687,False,True,True,othervirus,0.9999999999999916,0.9999999999999916,True,0.043116972104659514,0.018511916698101594,8.437694987151226e-15,0.01
othervirus_2017,22,3153,othervirus_2015,0.478485590028673,0.3864083603718113,False,True,True,othervirus,1.000000000000002,1.000000000000002,True,0.04494147542709791,0.018511916698101594,-1.9984014443252798e-15,0.01
othervirus_2017,23,3283,othervirus_2015,0.48051236767293726,0.38139045239142966,False,True,True,othervirus,1.0000000000000069,1.0000000000000069,True,0.04710229661534066,0.018511916698101594,-6.883382752675947e-15,0.01
othervirus_2017,24,3392,othervirus_2015,0.4812370159350323,0.3877567534632255,False,True,True,othervirus,1.00000000000001,1.00000000000001,True,0.0479512075864318,0.018511916698101594,-9.992007221626358e-15,0.01
othervirus_2017,25,3507,othervirus_2015,0.47441529499811697,0.38701400051069457,False,True,True,othervirus,0.9999999999999861,0.9999999999999861,True,0.048915672803530555,0.018511916698101594,1.3877787807814553e-14,0.01
othervirus_2018,0,25,othervirus_2013,0.11367103824182659,0.10892214431163261,False,True,True,othervirus,0.5531793153586402,0.5531793153586402,True,0.026813325120346045,0.015995614781068035,0.5920730707824198,0.01
othervirus_2018,1,36,othervirus_2013,0.11263423469501796,0.10319354000098563,False,True,True,othervirus,0.5263062289671767,0.5263062289671767,True,0.02708489478540674,0.015995614781068035,0.6418720512997439,0.01
othervirus_2018,2,50,othervirus_2013,0.11564944840109923,0.10196794283212524,False,True,True,othervirus,0.5277106984230592,0.5277106984230592,True,0.0274689430625106,0.015995614781068035,0.6392070650919998,0.01
othervirus_2018,3,69,othervirus_2013,0.12653433019062132,0.11001995327463066,False,True,True,othervirus,0.5688318048883976,0.5688318048883976,True,0.027803925550603004,0.015995614781068035,0.5641704862891092,0.01
othervirus_2018,4,89,othervirus_2013,0.13784291430008908,0.11805024877461011,False,True,True,othervirus,0.6124403521232059,0.6124403521232059,True,0.02876126663165819,0.015995614781068035,0.4903037255940561,0.01
othervirus_2018,5,110,othervirus_2013,0.14348463597345604,0.11903784290490683,False,True,True,othervirus,0.6209092561211442,0.6209092561211442,True,0.030472534361828004,0.015995614781068035,0.47657033313480146,0.01
othervirus_2018,6,153,othervirus_2013,0.16677344179277337,0.13584177795917313,False,True,True,othervirus,0.7115168955642053,0.7115168955642053,True,0.03252840336321721,0.015995614781068035,0.3403561153333206,0.01
othervirus_2018,7,238,othervirus_2013,0.2006281752892993,0.15529658179784508,False,True,True,othervirus,0.8339343800409575,0.8339343800409575,True,0.03627168281533815,0.015995614781068035,0.18160056072494912,0.01
othervirus_2018,8,321,othervirus_2013,0.22026951767380268,0.16875557897022564,False,True,True,othervirus,0.9092034493331997,0.9092034493331997,True,0.03769736226161283,0.015995614781068035,0.09518639319968303,0.01
othervirus_2018,9,436,othervirus_2013,0.24024276192245936,0.17222950505466864,False,True,True,othervirus,0.9658875745354559,0.9658875745354559,True,0.04584951895762569,0.015995614781068035,0.03470783401105617,0.01
othervirus_2018,10,607,othervirus_2013,0.24473158309297158,0.17721236761422396,False,True,True,othervirus,0.9931320515303349,0.9931320515303349,True,0.04696670722698842,0.015995614781068035,0.006891641371155748,0.01
othervirus_2018,11,867,othervirus_2013,0.24507503983619106,0.17918886349764337,False,True,True,othervirus,0.999394769950795,0.999394769950795,True,0.054352986629879606,0.015995614781068035,0.0006054132748440542,0.01
othervirus_2018,12,1152,othervirus_2016,0.24512080286665444,0.19638969242944226,False,True,True,othervirus,0.9999605488128475,0.9999605488128475,True,0.055860368842405875,0.015995614781068035,3.945196537109107e-05,0.01
othervirus_2018,13,1506,othervirus_2016,0.2567013324273998,0.2097008590589405,False,True,True,othervirus,0.9999987366963629,0.9999987366963629,True,0.05781367814807348,0.015995614781068035,1.2633044351132645e-06,0.01
othervirus_2018,14,1769,othervirus_2016,0.2551379287002973,0.2449402277816549,False,True,True,othervirus,0.9999999111857352,0.9999999111857352,True,0.055438280642124145,0.015995614781068035,8.881426877541423e-08,0.01
othervirus_2018,15,2200,othervirus_2017,0.27780387399873907,0.27780387399873907,True,True,True,othervirus,0.99999999853425,0.99999999853425,True,0.06883309420954277,0.015995614781068035,1.4657499669196868e-09,0.01
othervirus_2018,16,2557,othervirus_2017,0.3148356437054957,0.3148356437054957,True,True,True,othervirus,0.9999999999503477,0.9999999999503477,True,0.06846223756233127,0.015995614781068035,4.9652282286938625e-11,0.01
othervirus_2018,17,2907,othervirus_2017,0.34567932021115017,0.34567932021115017,True,True,True,othervirus,0.9999999999980396,0.9999999999980396,True,0.07197205911821847,0.015995614781068035,1.960431816885023e-12,0.01
othervirus_2018,18,3208,othervirus_2017,0.38010777463018114,0.38010777463018114,True,True,True,othervirus,0.9999999999998952,0.9999999999998952,True,0.071007970884989,0.015995614781068035,1.0480505352462027e-13,0.01
othervirus_2018,19,3486,othervirus_2017,0.4186042644429542,0.4186042644429542,True,True,True,othervirus,0.999999999999989,0.999999999999989,True,0.07197354136627718,0.015995614781068035,1.099120794378911e-14,0.01
othervirus_2018,20,3779,othervirus_2017,0.4491698974125557,0.4491698974125557,True,True,True,othervirus,0.9999999999999978,0.9999999999999978,True,0.07142227367719162,0.015995614781068035,2.2204460492503154e-15,0.01
othervirus_2018,21,4013,othervirus_2017,0.468672914916316,0.468672914916316,True,True,True,othervirus,0.999999999999987,0.999999999999987,True,0.0708626986547738,0.015995614781068035,1.2989609388114415e-14,0.01
othervirus_2018,22,4350,othervirus_2017,0.5092806038666855,0.5092806038666855,True,True,True,othervirus,1.0000000000000107,1.0000000000000107,True,0.07701487197290897,0.015995614781068035,-1.0658141036401446e-14,0.01
othervirus_2018,23,4646,othervirus_2017,0.5424739282073052,0.5424739282073052,True,True,True,othervirus,1.000000000000007,1.000000000000007,True,0.08892518719572856,0.015995614781068035,-7.105427357600977e-15,0.01
othervirus_2018,24,4932,othervirus_2017,0.5759333165024555,0.5759333165024555,True,True,True,othervirus,0.9999999999999944,0.9999999999999944,True,0.09231965834657088,0.015995614781068035,5.5511151231257985e-15,0.01
othervirus_2018,25,5283,othervirus_2017,0.6262156110211545,0.6262156110211545,True,True,True,othervirus,0.9999999999999916,0.9999999999999916,True,0.10563552025545389,0.015995614781068035,8.437694987151226e-15,0.01
othervirus_2019,0,102,othervirus_2014,0.14087754462188734,0.13076437625335333,False,True,True,othervirus,0.7929591344559414,0.7929591344559414,True,0.0001507158594805768,0.05508860946382832,0.23198359151759632,0.01
othervirus_2019,1,166,othervirus_2015,0.1685427962294634,0.14828752371013293,False,True,True,othervirus,0.9092677098334121,0.9092677098334121,True,0.00017451775989802787,0.05508860946382832,0.09511571789651402,0.01
othervirus_2019,2,191,othervirus_2015,0.17652182894298743,0.15436924718450967,False,True,True,othervirus,0.9369419844004241,0.9369419844004241,True,0.00018774720111149653,0.05508860946382832,0.06513391498886588,0.01
othervirus_2019,3,234,othervirus_2015,0.1880255051633493,0.15958358551874724,False,True,True,othervirus,0.9656592612371233,0.9656592612371233,True,0.00020367652169211105,0.05508860946382832,0.034944238632644974,0.01
othervirus_2019,4,256,othervirus_2015,0.19064648125161043,0.16435687675855226,False,True,True,othervirus,0.9745703036544927,0.9745703036544927,True,0.0002062740895612177,0.05508860946382832,0.025758619327856037,0.01
othervirus_2019,5,308,othervirus_2015,0.20033239962066388,0.1668053789423797,False,True,True,othervirus,0.9878594042634611,0.9878594042634611,True,0.00022413291277474274,0.05508860946382832,0.012214894737419144,0.01
othervirus_2019,6,360,othervirus_2015,0.20760077654117592,0.16765127871943103,False,True,True,othervirus,0.9942960392117082,0.9942960392117082,True,0.0002264751395951856,0.05508860946382832,0.0057202904982521065,0.01
othervirus_2019,7,415,othervirus_2015,0.21268514693635907,0.16991604709663122,False,True,True,othervirus,0.9971308611476796,0.9971308611476796,True,0.0002408631320728997,0.05508860946382832,0.0028732627210542455,0.01
othervirus_2019,8,501,othervirus_2015,0.22433591052008547,0.172824093535704,False,True,True,othervirus,0.9991828079342839,0.9991828079342839,True,0.0002746684033111916,0.05508860946382832,0.0008175261491714999,0.01
othervirus_2019,9,582,othervirus_2015,0.23288990877967367,0.17779491572953593,False,True,True,othervirus,0.9997366267802941,0.9997366267802941,True,0.0002772578356840738,0.05508860946382832,0.00026340790852323116,0.01
othervirus_2019,10,673,othervirus_2015,0.2412905442003618,0.17615217583495987,False,True,True,othervirus,0.9999087707466362,0.9999087707466362,True,0.00025107880238703817,0.05508860946382832,9.123341500524593e-05,0.01
othervirus_2019,11,774,othervirus_2015,0.25492913539939716,0.17210063758573224,False,True,True,othervirus,0.9999764729104228,0.9999764729104228,True,0.0002537914703220026,0.05508860946382832,2.3527366343515175e-05,0.01
othervirus_2019,12,890,othervirus_2015,0.2370397380991716,0.18362296756380234,False,True,True,othervirus,0.9999903947408788,0.9999903947408788,True,0.00022608080293198777,0.05508860946382832,9.605305251989381e-06,0.01
othervirus_2019,13,1085,othervirus_2015,0.2640063470942006,0.18185715939759314,False,True,True,othervirus,0.9999993284795686,0.9999993284795686,True,0.00026521022071636564,0.05508860946382832,6.715206568422536e-07,0.01
othervirus_2019,14,1285,othervirus_2015,0.27641064022170625,0.17692713214452024,False,True,True,othervirus,0.9999999148161911,0.9999999148161911,True,0.0003132960463610452,0.05508860946382832,8.518381252369118e-08,0.01
othervirus_2019,15,1617,othervirus_2015,0.28296180289449374,0.17873124701285537,False,True,True,othervirus,0.9999999968999761,0.9999999968999761,True,0.0003382271925501573,0.05508860946382832,3.1000239090506486e-09,0.01
othervirus_2019,16,1936,othervirus_2015,0.2976001525390702,0.19115295822951214,False,True,True,othervirus,0.9999999999147171,0.9999999999147171,True,0.0004043596079894805,0.05508860946382832,8.528289186324261e-11,0.01
othervirus_2019,17,2130,othervirus_2015,0.2964795825351707,0.19220376974559503,False,True,True,othervirus,0.9999999999857895,0.9999999999857895,True,0.0003919965964139725,0.05508860946382832,1.4210521648395586e-11,0.01
othervirus_2019,18,2317,othervirus_2015,0.2964936320231862,0.1907300127389899,False,True,True,othervirus,0.9999999999969768,0.9999999999969768,True,0.00042207281517562867,0.05508860946382832,3.023248318361334e-12,0.01
othervirus_2019,19,2515,othervirus_2015,0.28581444230477254,0.19533629717136003,False,True,True,othervirus,0.9999999999993553,0.9999999999993553,True,0.0004296354600102844,0.05508860946382832,6.447065104000362e-13,0.01
othervirus_2019,20,2631,othervirus_2015,0.27765829356316496,0.20407386421845503,False,True,True,othervirus,0.999999999999778,0.999999999999778,True,0.00044768215931258285,0.05508860946382832,2.2204460492505597e-13,0.01
othervirus_2019,21,2746,othervirus_2015,0.27015972463306487,0.20481822525645427,False,True,True,othervirus,0.9999999999999158,0.9999999999999158,True,0.0004557270519546031,0.05508860946382832,8.415490526659041e-14,0.01
othervirus_2019,22,2879,othervirus_2015,0.268004303765472,0.20501095961853857,False,True,True,othervirus,0.9999999999999741,0.9999999999999741,True,0.00048541664430387595,0.05508860946382832,2.5868196473766482e-14,0.01
othervirus_2019,23,2970,othervirus_2015,0.2694126598546336,0.20416417802677686,False,True,True,othervirus,0.9999999999999887,0.9999999999999887,True,0.0004694061165755753,0.05508860946382832,1.1324274851176661e-14,0.01
othervirus_2019,24,3055,othervirus_2015,0.2697665919789341,0.20691083880852731,False,True,True,othervirus,0.9999999999999941,0.9999999999999941,True,0.0005008438068044525,0.05508860946382832,5.884182030513347e-15,0.01
othervirus_2019,25,3142,othervirus_2015,0.25580738404508935,0.21348719943330857,False,True,True,othervirus,1.0000000000000027,1.0000000000000027,True,0.0005356775255827929,0.05508860946382832,-2.664535259100372e-15,0.01
othervirus_2020,0,20,othervirus_2019,0.08365589693108903,0.07968271188393243,False,True,True,othervirus,0.5692276224065927,0.5692276224065927,True,0.0184395997219177,0.25894349152052865,0.5634748854713276,0.01
othervirus_2020,1,59,othervirus_2019,0.09925835326200533,0.09038522671551621,False,True,True,othervirus,0.6720672622336461,0.6720672622336461,True,0.01976293231929262,0.25894349152052865,0.3973968508583261,0.01
othervirus_2020,2,94,othervirus_2019,0.10783021693998128,0.09936144097918645,False,True,True,othervirus,0.7339266591108512,0.7339266591108512,True,0.0206636251734945,0.25894349152052865,0.30934617482740917,0.01
othervirus_2020,3,133,othervirus_2019,0.11709386430944621,0.10409559217764151,False,True,True,othervirus,0.7816432781861518,0.7816432781861518,True,0.022282423306339182,0.25894349152052865,0.24635680851455194,0.01
othervirus_2020,4,171,othervirus_2019,0.12541818744108815,0.10756747172666214,False,True,True,othervirus,0.8060782599576851,0.8060782599576851,True,0.025925021748551148,0.25894349152052865,0.21557444446739663,0.01
othervirus_2020,5,209,othervirus_2019,0.1291650622328159,0.11593031853662883,False,True,True,othervirus,0.8307082253678816,0.8307082253678816,True,0.026640856001082496,0.25894349152052865,0.1854766584552054,0.01
othervirus_2020,6,260,othervirus_2019,0.14129789930781506,0.12270699514919793,False,True,True,othervirus,0.8824180099945047,0.8824180099945047,True,0.02937268759555545,0.25894349152052865,0.12508940101257116,0.01
othervirus_2020,7,297,othervirus_2019,0.15676901086882483,0.12099201207391574,False,True,True,othervirus,0.9280887690724651,0.9280887690724651,True,0.02986161057340152,0.25894349152052865,0.07462789444262394,0.01
othervirus_2020,8,422,othervirus_2019,0.17757225092949097,0.13009825419397789,False,True,True,othervirus,0.9672148953850339,0.9672148953850339,True,0.037584952891875106,0.25894349152052865,0.03333457927798017,0.01
othervirus_2020,9,521,othervirus_2019,0.19129868362398572,0.1335124950347137,False,True,True,othervirus,0.9819591600657962,0.9819591600657962,True,0.04122644651815943,0.25894349152052865,0.018205560020200406,0.01
othervirus_2020,10,664,othervirus_2019,0.18142145689600944,0.15715727035946514,False,True,True,othervirus,0.9892233087927551,0.9892233087927551,True,0.04938645690214463,0.25894349152052865,0.010835180336348152,0.01
othervirus_2020,11,910,othervirus_2016,0.19036782946906258,0.1880923684525008,False,True,True,othervirus,0.995133423206014,0.995133423206014,True,0.05065447698812554,0.25894349152052865,0.004878457138911526,0.01
othervirus_2020,12,1260,othervirus_2013,0.2739181351197156,0.2739181351197156,True,True,True,othervirus,0.9974600997236565,0.9974600997236565,True,0.07041769002900927,0.25894349152052865,0.0025431312951870798,0.01
othervirus_2020,13,1590,othervirus_2013,0.32756944440430136,0.32756944440430136,True,True,True,othervirus,0.9993136095795436,0.9993136095795436,True,0.09147779063764858,0.25894349152052865,0.0006866260942099956,0.01
othervirus_2020,14,1787,othervirus_2013,0.34247154040382505,0.34247154040382505,True,True,True,othervirus,0.9996401521726199,0.9996401521726199,True,0.11078388443022244,0.25894349152052865,0.00035991258814599257,0.01
othervirus_2020,15,1882,othervirus_2013,0.37641350291079767,0.37641350291079767,True,True,True,othervirus,0.9996508572000239,0.9996508572000239,True,0.12159286586684206,0.25894349152052865,0.00034920376451413003,0.01
othervirus_2020,16,1997,othervirus_2013,0.3865071431925143,0.3865071431925143,True,True,True,othervirus,0.9997588214196771,0.9997588214196771,True,0.13939446912244924,0.25894349152052865,0.00024120766855377884,0.01
othervirus_2020,17,2044,othervirus_2013,0.3972190643112953,0.3972190643112953,True,True,True,othervirus,0.9997769711061992,0.9997769711061992,True,0.15248347720931776,0.25894349152052865,0.00022305376844308268,0.01
othervirus_2020,18,2114,othervirus_2013,0.4121818493098274,0.4121818493098274,True,True,True,othervirus,0.9997670049557746,0.9997670049557746,True,0.16601950524412962,0.25894349152052865,0.00023302219178758952,0.01
othervirus_2020,19,2156,othervirus_2013,0.42845479304118306,0.42845479304118306,True,True,True,othervirus,0.9997519415923676,0.9997519415923676,True,0.18399494243168796,0.25894349152052865,0.00024808917920809243,0.01
othervirus_2020,20,2191,othervirus_2013,0.4328105170602695,0.4328105170602695,True,True,True,othervirus,0.9997411982475458,0.9997411982475458,True,0.20185526845412752,0.25894349152052865,0.00025883524740688156,0.01
othervirus_2020,21,2242,othervirus_2013,0.45883089710147335,0.45883089710147335,True,True,True,othervirus,0.9997282547433114,0.9997282547433114,True,0.22409773500335356,0.25894349152052865,0.00027178218612128807,0.01
othervirus_2020,22,2271,othervirus_2013,0.4727883213516294,0.4727883213516294,True,True,True,othervirus,0.9996857798666643,0.9996857798666643,True,0.2409910551489466,0.25894349152052865,0.0003142695108256762,0.01
othervirus_2020,23,2310,othervirus_2013,0.48389825112618456,0.48389825112618456,True,True,True,othervirus,0.9996637598469026,0.9996637598469026,True,0.2681052523727362,0.25894349152052865,0.0003362966944923688,0.01
othervirus_2020,24,2349,othervirus_2013,0.5074846388431853,0.5074846388431853,True,True,True,othervirus,0.9996457675385131,0.9996457675385131,True,0.2908058096551542,0.25894349152052865,0.0003542952166256754,0.01
othervirus_2020,25,2377,othervirus_2013,0.5217464089014126,0.5217464089014126,True,True,True,othervirus,0.9996661945316181,0.9996661945316181,True,0.3141504846794962,0.25894349152052865,0.0003338611938285876,0.01
othervirus_2021,0,95,othervirus_2020,0.10885676971552624,0.08517452971392554,False,True,True,othervirus,0.6386404883169161,0.6386404883169161,True,0.0018789697593274836,0.2802638570671725,0.44841359902488703,0.01
othervirus_2021,1,189,othervirus_2020,0.1656984309632238,0.1131035831956283,False,True,True,othervirus,0.8070156065836332,0.8070156065836332,True,0.0026688070631408463,0.2802638570671725,0.21441227188600828,0.01
othervirus_2021,2,311,othervirus_2020,0.21703825566112064,0.14008168100784815,False,True,True,othervirus,0.9182326399507681,0.9182326399507681,True,0.0036577378763402385,0.2802638570671725,0.08530450004150535,0.01
othervirus_2021,3,486,othervirus_2020,0.26135744512483555,0.17291514937511676,False,True,True,othervirus,0.9844482202720026,0.9844482202720026,True,0.005417340333506176,0.2802638570671725,0.01567397723583769,0.01
othervirus_2021,4,730,othervirus_2020,0.33407306051695385,0.20636049292014985,False,True,True,othervirus,0.998293806904128,0.998293806904128,True,0.00944898795016301,0.2802638570671725,0.0017076503010637655,0.01
othervirus_2021,5,970,othervirus_2020,0.39202493345049183,0.23172423708908854,False,True,True,othervirus,0.9998343772355107,0.9998343772355107,True,0.017039561208930007,0.2802638570671725,0.0001656364814539221,0.01
othervirus_2021,6,1279,othervirus_2020,0.3918215018423365,0.28397684395011236,False,True,True,othervirus,0.9999942024688404,0.9999942024688404,True,0.03587277161506024,0.2802638570671725,5.797547965339091e-06,0.01
othervirus_2021,7,1595,othervirus_2018,0.41529019090615965,0.41529019090615965,True,True,True,othervirus,0.9999998807396906,0.9999998807396906,True,0.07621500470970999,0.2802638570671725,1.1926031651729997e-07,0.01
othervirus_2021,8,1918,othervirus_2018,0.5665478873368129,0.5665478873368129,True,True,True,othervirus,0.999999998175943,0.999999998175943,True,0.14318655555005874,0.2802638570671725,1.82405701820535e-09,0.01
othervirus_2021,9,2355,othervirus_2018,0.7350746795532941,0.7350746795532941,True,True,True,othervirus,0.9999999999967242,0.9999999999967242,True,0.2879786230326795,0.2802638570671725,3.2758240564643523e-12,0.01
othervirus_2021,10,2706,othervirus_2018,0.8027244790802665,0.8027244790802665,True,True,True,othervirus,0.9999999999999694,0.9999999999999694,True,0.4671948957793553,0.2802638570671725,3.064215547965479e-14,0.01
othervirus_2021,11,3147,othervirus_2018,0.8595508376847275,0.8595508376847275,True,True,True,othervirus,1.000000000000007,1.000000000000007,True,0.7232152377035643,0.2802638570671725,-7.105427357600977e-15,0.01
othervirus_2021,12,3550,othervirus_2018,0.8888384496012213,0.8888384496012213,True,True,True,othervirus,0.9999999999999927,0.9999999999999927,True,0.8723201242231162,0.2802638570671725,7.32747196252606e-15,0.01
othervirus_2021,13,3907,othervirus_2018,0.9116943963003541,0.9116943963003541,True,True,True,othervirus,1.0000000000000058,1.0000000000000058,True,0.9409684285848141,0.2802638570671725,-5.7731597280507974e-15,0.01
othervirus_2021,14,4219,othervirus_2018,0.9309643645470398,0.9309643645470398,True,True,True,othervirus,0.9999999999999996,0.9999999999999996,True,0.9761604785746619,0.2802638570671725,4.440892098500627e-16,0.01
othervirus_2021,15,4528,othervirus_2018,0.9471472853544437,0.9471472853544437,True,True,True,othervirus,0.9999999999999943,0.9999999999999943,True,0.9904865959935594,0.2802638570671725,5.662137425588314e-15,0.01
othervirus_2021,16,4805,othervirus_2018,0.9547628119645285,0.9547628119645285,True,True,True,othervirus,0.9999999999999971,0.9999999999999971,True,0.9949353991280198,0.2802638570671725,2.8865798640254113e-15,0.01
othervirus_2021,17,5155,othervirus_2018,0.9667178754149771,0.9667178754149771,True,True,True,othervirus,1.0000000000000115,1.0000000000000115,True,0.998653059315655,0.2802638570671725,-1.1546319456101562e-14,0.01
othervirus_2021,18,5446,othervirus_2018,0.9744286334812308,0.9744286334812308,True,True,True,othervirus,0.9999999999999964,0.9999999999999964,True,0.9991594515607898,0.2802638570671725,3.552713678800507e-15,0.01
othervirus_2021,19,5800,othervirus_2018,0.980329446133649,0.980329446133649,True,True,True,othervirus,0.9999999999999879,0.9999999999999879,True,0.9996649003813577,0.2802638570671725,1.2101430968414279e-14,0.01
othervirus_2021,20,6068,othervirus_2018,0.9835497868763945,0.9835497868763945,True,True,True,othervirus,1.0000000000000273,1.0000000000000273,True,0.9998217040454834,0.2802638570671725,-2.731148640577848e-14,0.01
othervirus_2021,21,6406,othervirus_2018,0.9873628978910219,0.9873628978910219,True,True,True,othervirus,0.9999999999999761,0.9999999999999761,True,0.9999396679753348,0.2802638570671725,2.386979502944115e-14,0.01
othervirus_2021,22,6751,othervirus_2018,0.9903131214559573,0.9903131214559573,True,True,True,othervirus,1.0000000000000229,1.0000000000000229,True,0.9999793355758666,0.2802638570671725,-2.2870594307277963e-14,0.01
othervirus_2021,23,7126,othervirus_2018,0.9924454458346943,0.9924454458346943,True,True,True,othervirus,1.0000000000000009,1.0000000000000009,True,0.9999953644265256,0.2802638570671725,-8.881784197001248e-16,0.01
othervirus_2021,24,7472,othervirus_2018,0.9946259852439117,0.9946259852439117,True,True,True,othervirus,1.000000000000028,1.000000000000028,True,0.9999982150283145,0.2802638570671725,-2.7977620220553554e-14,0.01
othervirus_2021,25,7827,othervirus_2018,0.9957707278426253,0.9957707278426253,True,True,True,othervirus,0.9999999999999745,0.9999999999999745,True,0.9999995098240284,0.2802638570671725,2.5535129566378925e-14,0.01
othervirus_2022,0,87,othervirus_2021,0.11953938457214033,0.11953938457214033,True,True,True,othervirus,0.7232030938166719,0.7232030938166719,True,0.0014316304248667192,0.021123419535814314,0.3240651919588518,0.01
othervirus_2022,1,386,othervirus_2021,0.29871070179769965,0.29871070179769965,True,True,True,othervirus,0.9859558944138326,0.9859558944138326,True,0.002578145968704422,0.021123419535814314,0.01414365721181266,0.01
othervirus_2022,2,640,othervirus_2021,0.45958350030764356,0.45958350030764356,True,True,True,othervirus,0.9992477335726337,0.9992477335726337,True,0.004174733011446563,0.021123419535814314,0.0007525495217389582,0.01
othervirus_2022,3,791,othervirus_2021,0.5499036520055983,0.5499036520055983,True,True,True,othervirus,0.999872561829682,0.999872561829682,True,0.005606889413517765,0.021123419535814314,0.00012744629125159614,0.01
othervirus_2022,4,986,othervirus_2021,0.619532395319721,0.619532395319721,True,True,True,othervirus,0.9999788297040837,0.9999788297040837,True,0.008014962726184974,0.021123419535814314,2.117052001018361e-05,0.01
othervirus_2022,5,1187,othervirus_2021,0.6838987038405029,0.6838987038405029,True,True,True,othervirus,0.9999977975070519,0.9999977975070519,True,0.009212626872698417,0.021123419535814314,2.2024953736246158e-06,0.01
othervirus_2022,6,1456,othervirus_2021,0.7937850862076635,0.7937850862076635,True,True,True,othervirus,0.9999999306386731,0.9999999306386731,True,0.010492579714036146,0.021123419535814314,6.936132930976838e-08,0.01
othervirus_2022,7,1799,othervirus_2021,0.9147785348571518,0.9147785348571518,True,True,True,othervirus,0.9999999995864455,0.9999999995864455,True,0.010241639702255593,0.021123419535814314,4.135545240447057e-10,0.01
othervirus_2022,8,2153,othervirus_2021,0.9591636899320859,0.9591636899320859,True,True,True,othervirus,0.9999999999973351,0.9999999999973351,True,0.009652277396474536,0.021123419535814314,2.664868326011314e-12,0.01
othervirus_2022,9,2666,othervirus_2021,0.9874686216552933,0.9874686216552933,True,True,True,othervirus,1.000000000000002,1.000000000000002,True,0.008213377706266074,0.021123419535814314,-1.9984014443252798e-15,0.01
othervirus_2022,10,3253,othervirus_2021,0.9977436135246064,0.9977436135246064,True,True,True,othervirus,0.9999999999999966,0.9999999999999966,True,0.008158806426407367,0.021123419535814314,3.441691376337991e-15,0.01
othervirus_2022,11,3952,othervirus_2021,0.9996814873643586,0.9996814873643586,True,True,True,othervirus,1.0000000000000024,1.0000000000000024,True,0.008290744433990029,0.021123419535814314,-2.4424906541753412e-15,0.01
othervirus_2022,12,4789,othervirus_2021,0.9999693093255566,0.9999693093255566,True,True,True,othervirus,0.9999999999999988,0.9999999999999988,True,0.008872732658030158,0.021123419535814314,1.221245327087673e-15,0.01
othervirus_2022,13,5633,othervirus_2021,0.9999954909002237,0.9999954909002237,True,True,True,othervirus,1.0000000000000147,1.0000000000000147,True,0.011040593034181746,0.021123419535814314,-1.465494392505196e-14,0.01
othervirus_2022,14,6499,othervirus_2021,0.9999991654159502,0.9999991654159502,True,True,True,othervirus,0.9999999999999739,0.9999999999999739,True,0.014494813698285982,0.021123419535814314,2.609024107869152e-14,0.01
othervirus_2022,15,7414,othervirus_2021,0.9999998534933746,0.9999998534933746,True,True,True,othervirus,1.000000000000028,1.000000000000028,True,0.015950282014091675,0.021123419535814314,-2.7977620220553554e-14,0.01
othervirus_2022,16,8712,othervirus_2021,0.9999999919853053,0.9999999919853053,True,True,True,othervirus,0.9999999999999865,0.9999999999999865,True,0.018240992099729337,0.021123419535814314,1.3544720900427001e-14,0.01
othervirus_2022,17,9791,othervirus_2021,0.9999999990922106,0.9999999990922106,True,True,True,othervirus,0.9999999999999931,0.9999999999999931,True,0.02251819884959151,0.021123419535814314,6.883382752675994e-15,0.01
othervirus_2022,18,10857,othervirus_2021,0.9999999998207159,0.9999999998207159,True,True,True,othervirus,0.9999999999999776,0.9999999999999776,True,0.028224848089186527,0.021123419535814314,2.2426505097428415e-14,0.01
othervirus_2022,19,11956,othervirus_2021,0.9999999999683951,0.9999999999683951,True,True,True,othervirus,1.0000000000000424,1.0000000000000424,True,0.040544567062594086,0.021123419535814314,-4.241051954068008e-14,0.01
othervirus_2022,20,13006,othervirus_2021,0.9999999999932925,0.9999999999932925,True,True,True,othervirus,1.0000000000000018,1.0000000000000018,True,0.04486579331760686,0.021123419535814314,-1.7763568394002489e-15,0.01
othervirus_2022,21,13960,othervirus_2021,0.9999999999989768,0.9999999999989768,True,True,True,othervirus,1.0000000000000282,1.0000000000000282,True,0.04928218215730038,0.021123419535814314,-2.819966482547858e-14,0.01
othervirus_2022,22,14839,othervirus_2021,0.9999999999998863,0.9999999999998863,True,True,True,othervirus,1.0000000000000535,1.0000000000000535,True,0.05031237122073698,0.021123419535814314,-5.351274978693111e-14,0.01
othervirus_2022,23,15494,othervirus_2021,1.0,1.0,True,True,True,othervirus,1.0000000000000437,1.0000000000000437,True,0.052800047242283016,0.021123419535814314,-4.374278717023021e-14,0.01
othervirus_2022,24,16434,othervirus_2021,1.0,1.0,True,True,True,othervirus,1.0000000000000064,1.0000000000000064,True,0.05377109611209334,0.021123419535814314,-6.4392935428258874e-15,0.01
othervirus_2022,25,17335,othervirus_2021,1.0,1.0,True,True,True,othervirus,1.0000000000000009,1.0000000000000009,True,0.05577710265395709,0.021123419535814314,-8.881784197001248e-16,0.01
