week,n_so_far,deaths_so_far,outcomes_known_so_far,score_total::h1n1_2009,score_total::STRANGER,score_profile::h1n1_2009,score_profile::STRANGER,score_severity::h1n1_2009,score_severity::STRANGER,fob,score_total::flu_2013,score_total::othervirus_2013,score_profile::flu_2013,score_profile::othervirus_2013,score_severity::flu_2013,score_severity::othervirus_2013,score_total::flu_2014,score_total::othervirus_2014,score_profile::flu_2014,score_profile::othervirus_2014,score_severity::flu_2014,score_severity::othervirus_2014,score_total::flu_2015,score_total::othervirus_2015,score_profile::flu_2015,score_profile::othervirus_2015,score_severity::flu_2015,score_severity::othervirus_2015,score_total::flu_2016,score_total::othervirus_2016,score_profile::flu_2016,score_profile::othervirus_2016,score_severity::flu_2016,score_severity::othervirus_2016,score_total::flu_2017,score_total::othervirus_2017,score_profile::flu_2017,score_profile::othervirus_2017,score_severity::flu_2017,score_severity::othervirus_2017,score_total::flu_2018,score_total::othervirus_2018,score_profile::flu_2018,score_profile::othervirus_2018,score_severity::flu_2018,score_severity::othervirus_2018,score_total::flu_2019,score_total::othervirus_2019,score_profile::flu_2019,score_profile::othervirus_2019,score_severity::flu_2019,score_severity::othervirus_2019,score_total::flu_2020,score_profile::flu_2020,score_severity::flu_2020,score_total::covid_2020,score_total::othervirus_2020,score_profile::covid_2020,score_profile::othervirus_2020,score_severity::covid_2020,score_severity::othervirus_2020,score_total::covid_2021,score_total::othervirus_2021,score_profile::covid_2021,score_profile::othervirus_2021,score_severity::covid_2021,score_severity::othervirus_2021,score_total::flu_2021,score_profile::flu_2021,score_severity::flu_2021
0,39,5,23,-238.3203757537685,-383.1811449129895,-227.91564397556604,-367.2387597601108,-10.404731778202455,-15.942385152878742,flu_2013,,,,,,,,,,,,,,,,,,,,,,,,,,,,,,,,,,,,,,,,,,,,,,,,,,,,,,,,,,,,
1,83,11,52,-543.3084126820348,-662.9680413405757,-508.14367734471614,-632.1509106027156,-35.164735337318675,-30.817130737860108,flu_2013,,,,,,,,,,,,,,,,,,,,,,,,,,,,,,,,,,,,,,,,,,,,,,,,,,,,,,,,,,,,
2,152,23,98,-1029.9511334401893,-1086.1250909089513,-959.1283088011596,-1028.3154990624523,-70.82282463902979,-57.809591846498975,flu_2013,,,,,,,,,,,,,,,,,,,,,,,,,,,,,,,,,,,,,,,,,,,,,,,,,,,,,,,,,,,,
3,296,51,202,-1992.4494499442826,-1950.0050307956285,-1857.3284489959406,-1833.0480959854256,-135.12100094834193,-116.95693481020288,flu_2013,,,,,,,,,,,,,,,,,,,,,,,,,,,,,,,,,,,,,,,,,,,,,,,,,,,,,,,,,,,,
4,518,85,371,-3531.915387208835,-3301.70428076222,-3299.497173784747,-3106.7058712817534,-232.41821342408824,-194.99840948046693,flu_2013,,,,,,,,,,,,,,,,,,,,,,,,,,,,,,,,,,,,,,,,,,,,,,,,,,,,,,,,,,,,
5,771,118,606,-5498.704113801772,-4979.137149024717,-5142.868162653314,-4687.215976437822,-355.8359511484575,-291.9211725868946,flu_2013,,,,,,,,,,,,,,,,,,,,,,,,,,,,,,,,,,,,,,,,,,,,,,,,,,,,,,,,,,,,
6,1001,157,819,-7156.254674047972,-6401.377561183506,-6679.548958449017,-6016.699725741907,-476.7057155989553,-384.6778354415993,flu_2013,,,,,,,,,,,,,,,,,,,,,,,,,,,,,,,,,,,,,,,,,,,,,,,,,,,,,,,,,,,,
7,1322,209,1067,-9569.722466546707,-8430.40427244436,-8956.09926085886,-7933.80845142165,-613.6232056878473,-496.59582102271156,flu_2013,,,,,,,,,,,,,,,,,,,,,,,,,,,,,,,,,,,,,,,,,,,,,,,,,,,,,,,,,,,,
8,1579,263,1326,-11376.75702229797,-10025.353037835053,-10629.960371317295,-9408.358618147164,-746.7966509806761,-616.9944196878888,flu_2013,,,,,,,,,,,,,,,,,,,,,,,,,,,,,,,,,,,,,,,,,,,,,,,,,,,,,,,,,,,,
9,2011,327,1728,-14432.91572938768,-12652.39346760651,-13477.214317369206,-11876.760597590748,-955.7014120184735,-775.6328700157602,flu_2013,,,,,,,,,,,,,,,,,,,,,,,,,,,,,,,,,,,,,,,,,,,,,,,,,,,,,,,,,,,,
10,2421,387,2116,-17336.0382230888,-15172.844999721827,-16188.828202651037,-14249.668809194536,-1147.2100204377616,-923.1761905272908,flu_2013,,,,,,,,,,,,,,,,,,,,,,,,,,,,,,,,,,,,,,,,,,,,,,,,,,,,,,,,,,,,
11,2793,454,2481,-20043.457435543587,-17476.618416548616,-18680.456073517147,-16393.51966280317,-1363.0013620264397,-1083.0987537454473,flu_2013,,,,,,,,,,,,,,,,,,,,,,,,,,,,,,,,,,,,,,,,,,,,,,,,,,,,,,,,,,,,
12,3210,513,2879,-22889.417882824375,-19954.77184729169,-21339.60020111418,-18729.67610982539,-1549.8176817101964,-1225.0957374663028,flu_2013,,,,,,,,,,,,,,,,,,,,,,,,,,,,,,,,,,,,,,,,,,,,,,,,,,,,,,,,,,,,
13,3561,574,3244,-25388.78881267626,-22126.074627233837,-23646.186408860274,-20757.52944213215,-1742.6024038159858,-1368.5451851016896,flu_2013,,,,,,,,,,,,,,,,,,,,,,,,,,,,,,,,,,,,,,,,,,,,,,,,,,,,,,,,,,,,
14,3881,616,3550,-27565.87505099539,-23989.484588255076,-25665.275035207967,-22508.03140732025,-1900.6000157874234,-1481.4531809348248,flu_2013,,,,,,,,,,,,,,,,,,,,,,,,,,,,,,,,,,,,,,,,,,,,,,,,,,,,,,,,,,,,
15,4202,676,3897,-29748.31778553159,-25925.251988098575,-27667.706559170885,-24306.891955022777,-2080.611226360705,-1618.3600330757988,flu_2013,,,,,,,,,,,,,,,,,,,,,,,,,,,,,,,,,,,,,,,,,,,,,,,,,,,,,,,,,,,,
16,4499,728,4201,-31958.44722897054,-27798.310726061594,-29709.501016006656,-26056.695683019167,-2248.946212963885,-1741.6150430424275,flu_2013,,,,,,,,,,,,,,,,,,,,,,,,,,,,,,,,,,,,,,,,,,,,,,,,,,,,,,,,,,,,
17,4736,769,4452,-33607.30265631424,-29209.686820175266,-31231.612623602712,-27378.438614629173,-2375.690032711527,-1831.248205546092,flu_2013,,,,,,,,,,,,,,,,,,,,,,,,,,,,,,,,,,,,,,,,,,,,,,,,,,,,,,,,,,,,
18,4935,795,4677,-35013.28793507134,-30406.76074610294,-32526.22102131146,-28502.24749842123,-2487.066913759881,-1904.513247681708,flu_2013,,,,,,,,,,,,,,,,,,,,,,,,,,,,,,,,,,,,,,,,,,,,,,,,,,,,,,,,,,,,
19,5084,824,4848,-36119.146888577256,-31345.882460298348,-33549.82969781483,-29378.761397339764,-2569.317190762428,-1967.1210629585823,flu_2013,,,,,,,,,,,,,,,,,,,,,,,,,,,,,,,,,,,,,,,,,,,,,,,,,,,,,,,,,,,,
20,5223,852,5016,-37087.553793569445,-32176.610120573318,-34431.39491531893,-30146.40607568141,-2656.15887825051,-2030.204044891906,flu_2013,,,,,,,,,,,,,,,,,,,,,,,,,,,,,,,,,,,,,,,,,,,,,,,,,,,,,,,,,,,,
21,5350,866,5160,-37948.56277254282,-32940.05548140724,-35245.32327763323,-30869.388581760842,-2703.239494909594,-2070.666899646393,flu_2013,,,,,,,,,,,,,,,,,,,,,,,,,,,,,,,,,,,,,,,,,,,,,,,,,,,,,,,,,,,,
22,5463,884,5268,-38783.58780495579,-33650.054071613435,-36022.18059595561,-31534.862669306556,-2761.4072090001823,-2115.191402306878,flu_2013,,,,,,,,,,,,,,,,,,,,,,,,,,,,,,,,,,,,,,,,,,,,,,,,,,,,,,,,,,,,
23,5540,895,5384,-39323.16108908859,-34123.694903096606,-36522.77711662903,-31975.819083598628,-2800.383972459561,-2147.875819497981,flu_2013,,,,,,,,,,,,,,,,,,,,,,,,,,,,,,,,,,,,,,,,,,,,,,,,,,,,,,,,,,,,
24,5616,908,5469,-39899.728146111884,-34587.14893892341,-37058.440122274726,-32411.1101101535,-2841.288023837158,-2176.03882876991,flu_2013,,,,,,,,,,,,,,,,,,,,,,,,,,,,,,,,,,,,,,,,,,,,,,,,,,,,,,,,,,,,
25,5680,923,5537,-40319.39717689061,-34963.76373529726,-37435.85692738936,-32754.655783726943,-2883.540249501251,-2209.10795157032,flu_2013,,,,,,,,,,,,,,,,,,,,,,,,,,,,,,,,,,,,,,,,,,,,,,,,,,,,,,,,,,,,
0,36,1,25,-203.94413907548477,-356.318303907947,-196.99647034787176,-338.98962439394836,-6.947668727612999,-17.32867951399863,othervirus_2013,,,,,,,,,,,,,,,,,,,,,,,,,,,,,,,,,,,,,,,,,,,,,,,,,,,,,,,,,,,,
1,88,2,71,-464.01655128060577,-559.3419570736775,-452.6273159756288,-535.9473410231087,-11.38923530497696,-23.394616050568786,othervirus_2013,,,,,,,,,,,,,,,,,,,,,,,,,,,,,,,,,,,,,,,,,,,,,,,,,,,,,,,,,,,,
2,188,6,153,-1136.0589460005622,-1036.722102365713,-1108.338795440512,-997.7061415717116,-27.720150560050012,-39.01596079400153,othervirus_2013,,,,,,,,,,,,,,,,,,,,,,,,,,,,,,,,,,,,,,,,,,,,,,,,,,,,,,,,,,,,
3,268,6,211,-1612.1678682988068,-1344.8269019163251,-1579.0753828615107,-1303.6483485379347,-33.092485437296205,-41.17855337839043,othervirus_2013,,,,,,,,,,,,,,,,,,,,,,,,,,,,,,,,,,,,,,,,,,,,,,,,,,,,,,,,,,,,
4,388,10,303,-2409.6901551657575,-1915.4340045189902,-2361.4732216605908,-1858.1617190593975,-48.21693350516689,-57.27228545959266,othervirus_2013,,,,,,,,,,,,,,,,,,,,,,,,,,,,,,,,,,,,,,,,,,,,,,,,,,,,,,,,,,,,
5,501,16,399,-3127.2468521610135,-2420.5442282640497,-3058.762011833044,-2342.006193100391,-68.48484032796945,-78.53803516365869,othervirus_2013,,,,,,,,,,,,,,,,,,,,,,,,,,,,,,,,,,,,,,,,,,,,,,,,,,,,,,,,,,,,
6,666,32,551,-4256.320712520329,-3278.613113544177,-4122.524821421814,-3144.953149926207,-133.79589109851497,-133.65996361796988,othervirus_2013,,,,,,,,,,,,,,,,,,,,,,,,,,,,,,,,,,,,,,,,,,,,,,,,,,,,,,,,,,,,
7,782,39,666,-4998.889682590561,-3798.9054176663158,-4833.264967990236,-3640.874183229862,-165.62471460032523,-158.03123443645384,othervirus_2013,,,,,,,,,,,,,,,,,,,,,,,,,,,,,,,,,,,,,,,,,,,,,,,,,,,,,,,,,,,,
8,986,48,835,-6448.474644051259,-4866.75312169572,-6233.701903601048,-4674.374630473461,-214.77274045021142,-192.3784912222594,othervirus_2013,,,,,,,,,,,,,,,,,,,,,,,,,,,,,,,,,,,,,,,,,,,,,,,,,,,,,,,,,,,,
9,1172,56,1008,-7735.948836501313,-5772.800985846602,-7478.931930352905,-5550.043435221323,-257.01690614840845,-222.75755062527892,othervirus_2013,,,,,,,,,,,,,,,,,,,,,,,,,,,,,,,,,,,,,,,,,,,,,,,,,,,,,,,,,,,,
10,1346,72,1182,-8906.251594237163,-6624.214544441508,-8587.38694706759,-6355.286566888148,-318.8646471695726,-268.9279775533606,othervirus_2013,,,,,,,,,,,,,,,,,,,,,,,,,,,,,,,,,,,,,,,,,,,,,,,,,,,,,,,,,,,,
11,1529,85,1364,-10119.509156695567,-7530.5837708074505,-9757.46346638259,-7220.709769163592,-362.0456903129774,-309.8740016438584,othervirus_2013,,,,,,,,,,,,,,,,,,,,,,,,,,,,,,,,,,,,,,,,,,,,,,,,,,,,,,,,,,,,
12,1700,92,1524,-11273.649067525645,-8400.002616212632,-10872.42255469166,-8063.798001479874,-401.22651283398426,-336.2046147327587,othervirus_2013,,,,,,,,,,,,,,,,,,,,,,,,,,,,,,,,,,,,,,,,,,,,,,,,,,,,,,,,,,,,
13,1892,106,1716,-12632.488914251357,-9382.272426021584,-12174.78671121789,-9003.707247102695,-457.70220303346696,-378.56517891888853,othervirus_2013,,,,,,,,,,,,,,,,,,,,,,,,,,,,,,,,,,,,,,,,,,,,,,,,,,,,,,,,,,,,
14,2031,119,1874,-13592.084305250119,-10111.946955101921,-13069.082983223363,-9689.779632332094,-523.0013220267552,-422.16732276982566,othervirus_2013,,,,,,,,,,,,,,,,,,,,,,,,,,,,,,,,,,,,,,,,,,,,,,,,,,,,,,,,,,,,
15,2141,133,1985,-14426.45764253314,-10714.716259097037,-13850.108624523233,-10255.521341226293,-576.349018009907,-459.1949178707445,othervirus_2013,,,,,,,,,,,,,,,,,,,,,,,,,,,,,,,,,,,,,,,,,,,,,,,,,,,,,,,,,,,,
16,2252,141,2093,-15174.313821780584,-11254.317243237698,-14560.474505095344,-10771.956182545817,-613.8393166852404,-482.361060691881,othervirus_2013,,,,,,,,,,,,,,,,,,,,,,,,,,,,,,,,,,,,,,,,,,,,,,,,,,,,,,,,,,,,
17,2334,148,2183,-15717.480423265713,-11689.818425805166,-15082.542313525271,-11189.292393645112,-634.9381097404415,-500.52603216005485,othervirus_2013,,,,,,,,,,,,,,,,,,,,,,,,,,,,,,,,,,,,,,,,,,,,,,,,,,,,,,,,,,,,
18,2390,152,2262,-16052.940095826843,-11953.63404363203,-15403.046625467283,-11439.09565506516,-649.8934703595611,-514.5383885668692,othervirus_2013,,,,,,,,,,,,,,,,,,,,,,,,,,,,,,,,,,,,,,,,,,,,,,,,,,,,,,,,,,,,
19,2454,156,2314,-16489.48917224121,-12306.342074156642,-15814.962704100333,-11779.955962292706,-674.5264681408759,-526.386111863936,othervirus_2013,,,,,,,,,,,,,,,,,,,,,,,,,,,,,,,,,,,,,,,,,,,,,,,,,,,,,,,,,,,,
20,2516,165,2380,-16949.494209237862,-12664.256872550139,-16241.399781829627,-12114.401724264917,-708.0944274082342,-549.8551482852225,othervirus_2013,,,,,,,,,,,,,,,,,,,,,,,,,,,,,,,,,,,,,,,,,,,,,,,,,,,,,,,,,,,,
21,2579,172,2449,-17335.69998417094,-12974.273610889664,-16608.720564998097,-12406.330238379176,-726.9794191728439,-567.9433725104888,othervirus_2013,,,,,,,,,,,,,,,,,,,,,,,,,,,,,,,,,,,,,,,,,,,,,,,,,,,,,,,,,,,,
22,2622,176,2504,-17627.64468735558,-13224.2731608845,-16885.136459111553,-12644.083096610348,-742.5082282440279,-580.1900642741529,othervirus_2013,,,,,,,,,,,,,,,,,,,,,,,,,,,,,,,,,,,,,,,,,,,,,,,,,,,,,,,,,,,,
23,2672,178,2551,-17944.049805689177,-13467.847575537384,-17194.497361582326,-12881.260631334351,-749.552444106852,-586.5869442030327,othervirus_2013,,,,,,,,,,,,,,,,,,,,,,,,,,,,,,,,,,,,,,,,,,,,,,,,,,,,,,,,,,,,
24,2710,182,2599,-18180.59929658576,-13651.367886761464,-17417.557227812056,-13051.202546221033,-763.042068773703,-600.1653405404307,othervirus_2013,,,,,,,,,,,,,,,,,,,,,,,,,,,,,,,,,,,,,,,,,,,,,,,,,,,,,,,,,,,,
25,2739,184,2624,-18402.680116668405,-13802.993094322928,-17634.36940801234,-13197.538423299253,-768.3107086560666,-605.4546710236756,othervirus_2013,,,,,,,,,,,,,,,,,,,,,,,,,,,,,,,,,,,,,,,,,,,,,,,,,,,,,,,,,,,,
0,24,0,13,-141.80602220554408,-235.00399627657814,-138.52413393155211,-225.99308292929885,-3.28188827399196,-9.010913347279288,othervirus_2014,-127.27128210100783,-98.63118832878921,-126.1110719237693,-98.15033946696256,-1.1602101772385285,-0.48084886182664693,,,,,,,,,,,,,,,,,,,,,,,,,,,,,,,,,,,,,,,,,,,,,,,,,,,,,,
1,59,3,48,-384.01875647045557,-409.9586739822742,-371.32390358020797,-390.61583814410585,-12.694852890247583,-19.342835838168366,othervirus_2014,-335.7821549719144,-269.9125212020246,-327.5630821015407,-261.30381887081916,-8.219072870373676,-8.608702331205446,,,,,,,,,,,,,,,,,,,,,,,,,,,,,,,,,,,,,,,,,,,,,,,,,,,,,,
2,99,7,81,-619.3731202787739,-583.3154853296145,-588.8152889101941,-549.9357546500082,-30.55783136857975,-33.37973067960628,othervirus_2014,-553.9668561270049,-437.3571563778593,-530.8405340527625,-414.1467162663451,-23.12632207424251,-23.21044011151421,,,,,,,,,,,,,,,,,,,,,,,,,,,,,,,,,,,,,,,,,,,,,,,,,,,,,,
3,113,7,99,-714.3952402157063,-655.2449709531676,-681.4188881007859,-620.1536304565747,-32.9763521149204,-35.091340496592935,othervirus_2014,-639.206892180687,-510.0170771042996,-614.0764681868727,-484.8544655581434,-25.130423993814226,-25.16261154615617,,,,,,,,,,,,,,,,,,,,,,,,,,,,,,,,,,,,,,,,,,,,,,,,,,,,,,
4,172,10,138,-1112.8434584925503,-923.4491701762288,-1069.5072494931069,-878.379338993833,-43.33620899944345,-45.06983118239582,othervirus_2014,-978.0206308895162,-778.0958834055658,-942.9457023285404,-743.670684628622,-35.074928560975756,-34.425198776943795,,,,,,,,,,,,,,,,,,,,,,,,,,,,,,,,,,,,,,,,,,,,,,,,,,,,,,
5,225,15,192,-1386.2770555826312,-1121.9946548127625,-1322.1926073705888,-1060.3833443218646,-64.08444821204233,-61.611310490898056,othervirus_2014,-1249.5665372333187,-976.8934269739956,-1201.2682742798077,-928.9864005870088,-48.298262953511106,-47.9070263869868,,,,,,,,,,,,,,,,,,,,,,,,,,,,,,,,,,,,,,,,,,,,,,,,,,,,,,
6,314,21,260,-1906.9821865594026,-1505.698069419111,-1824.318075014721,-1425.6230408883084,-82.66411154468157,-80.07502853080274,othervirus_2014,-1739.8318823303498,-1365.3633330918265,-1674.2916722261798,-1299.7436570860143,-65.54021010416994,-65.61967600581214,,,,,,,,,,,,,,,,,,,,,,,,,,,,,,,,,,,,,,,,,,,,,,,,,,,,,,
7,410,24,355,-2586.2200555789695,-1926.9348100629404,-2483.9797171059727,-1832.3430873881616,-102.24033847299683,-94.5917226747789,othervirus_2014,-2302.8231795161037,-1783.6889365646948,-2221.6274355386704,-1702.912277082153,-81.19574397743348,-80.77665948254193,,,,,,,,,,,,,,,,,,,,,,,,,,,,,,,,,,,,,,,,,,,,,,,,,,,,,,
8,484,26,432,-2982.1314050264955,-2210.5882085656317,-2869.163840153361,-2105.635941832234,-112.96756487313435,-104.95226673339769,othervirus_2014,-2679.3161783441706,-2069.938259006307,-2587.866533049373,-1977.999963357474,-91.44964529479752,-91.93829564883282,,,,,,,,,,,,,,,,,,,,,,,,,,,,,,,,,,,,,,,,,,,,,,,,,,,,,,
9,591,35,532,-3682.530985554452,-2706.4260264940217,-3535.8129606647194,-2571.8550198424305,-146.7180248897327,-134.57100665159123,othervirus_2014,-3309.720667799282,-2563.3814757046416,-3193.919449438161,-2450.403894366095,-115.80121836112127,-112.9775813385469,,,,,,,,,,,,,,,,,,,,,,,,,,,,,,,,,,,,,,,,,,,,,,,,,,,,,,
10,697,42,635,-4368.623758886978,-3184.568980019385,-4194.931580955479,-3027.813055578615,-173.69217793149926,-156.7559244407696,othervirus_2014,-3918.1615961685343,-3042.2619128965284,-3780.4444342978672,-2908.6194692282083,-137.71716187066724,-133.64244366832025,,,,,,,,,,,,,,,,,,,,,,,,,,,,,,,,,,,,,,,,,,,,,,,,,,,,,,
11,823,47,752,-5109.930272099211,-3648.006441085386,-4913.184191795971,-3471.931152758569,-196.74608030324032,-176.07528832681686,othervirus_2014,-4586.099816102357,-3518.5136328252715,-4430.468912358901,-3368.0135783508354,-155.63090374345617,-150.5000544744363,,,,,,,,,,,,,,,,,,,,,,,,,,,,,,,,,,,,,,,,,,,,,,,,,,,,,,
12,908,51,837,-5611.801862315603,-3973.3862735807006,-5403.366235112551,-3785.980829180227,-208.43562720305138,-187.40544440047373,othervirus_2014,-5047.828280735269,-3855.243330500617,-4881.08260973761,-3695.3862418157573,-166.74567099765827,-159.85708868485955,,,,,,,,,,,,,,,,,,,,,,,,,,,,,,,,,,,,,,,,,,,,,,,,,,,,,,
13,1050,55,964,-6486.547805634776,-4566.0226894152365,-6254.588198914708,-4360.526758381836,-231.9596067200675,-205.49593103340072,othervirus_2014,-5822.769113038468,-4450.2789731779285,-5638.107923566967,-4272.3104014594655,-184.66118947150147,-177.96857171846318,,,,,,,,,,,,,,,,,,,,,,,,,,,,,,,,,,,,,,,,,,,,,,,,,,,,,,
14,1141,60,1068,-7027.641803633131,-4902.609051058583,-6770.253808571876,-4676.461969343338,-257.38799506125446,-226.1470817152451,othervirus_2014,-6309.207129613284,-4799.873487059469,-6103.540308023082,-4601.66242213318,-205.66682159020272,-198.21106492628903,,,,,,,,,,,,,,,,,,,,,,,,,,,,,,,,,,,,,,,,,,,,,,,,,,,,,,
15,1234,62,1171,-7567.995115108897,-5266.231970049805,-7302.868459892935,-5029.356524283632,-265.1266552159627,-236.87544576617245,othervirus_2014,-6803.171064169564,-5171.372502781447,-6588.345907583431,-4963.996775479352,-214.82515658613315,-207.37572730209428,,,,,,,,,,,,,,,,,,,,,,,,,,,,,,,,,,,,,,,,,,,,,,,,,,,,,,
16,1317,64,1242,-8063.447714731736,-5575.683696967122,-7791.582346288688,-5331.94387020987,-271.8653684430478,-243.73982675725227,othervirus_2014,-7247.22891301332,-5490.507114175387,-7025.438907230262,-5277.649621007452,-221.7900057830588,-212.85749316793542,,,,,,,,,,,,,,,,,,,,,,,,,,,,,,,,,,,,,,,,,,,,,,,,,,,,,,
17,1371,68,1315,-8436.483130238066,-5784.052604400593,-8148.011900913821,-5526.363719665662,-288.47122932424605,-257.6888847349305,othervirus_2014,-7555.138679151136,-5707.827379004707,-7317.856904082813,-5480.465259279429,-237.28177506832208,-227.3621197252777,,,,,,,,,,,,,,,,,,,,,,,,,,,,,,,,,,,,,,,,,,,,,,,,,,,,,,
18,1446,71,1389,-8939.988731823696,-6094.9261422951195,-8632.615499826463,-5826.079538406517,-307.3732319972325,-268.84660388860294,othervirus_2014,-7979.041240394311,-6022.234290281563,-7730.763417395922,-5785.377604920742,-248.27782299838915,-236.85668536082105,,,,,,,,,,,,,,,,,,,,,,,,,,,,,,,,,,,,,,,,,,,,,,,,,,,,,,
19,1481,71,1430,-9140.909017557013,-6220.302306005584,-8831.582792364256,-5949.593178405585,-309.3262251927571,-270.7091275999991,othervirus_2014,-8156.025252083637,-6151.463096777701,-7905.955150772802,-5912.827886071411,-250.070101310835,-238.6352107062899,,,,,,,,,,,,,,,,,,,,,,,,,,,,,,,,,,,,,,,,,,,,,,,,,,,,,,
20,1531,75,1491,-9456.757789486845,-6448.9088250219675,-9132.189412063317,-6166.970634395106,-324.5683774235273,-281.93819062686214,othervirus_2014,-8430.358054525728,-6378.104958192449,-8167.626758401784,-6126.369588507653,-262.731296123944,-251.73536968479547,,,,,,,,,,,,,,,,,,,,,,,,,,,,,,,,,,,,,,,,,,,,,,,,,,,,,,
21,1589,77,1547,-9841.95516670297,-6710.1358768081345,-9503.897852575188,-6419.321207117869,-338.0573141277827,-290.81466969026627,othervirus_2014,-8758.717499936325,-6639.554695816134,-8486.372811859123,-6378.165721419245,-272.34468807720293,-261.3889743968889,,,,,,,,,,,,,,,,,,,,,,,,,,,,,,,,,,,,,,,,,,,,,,,,,,,,,,
22,1618,78,1582,-10002.906461873863,-6823.305352801155,-9659.754295256314,-6528.089661621452,-343.15216661754823,-295.215691179703,othervirus_2014,-8911.352968647481,-6755.841496843648,-8634.748781262906,-6490.961517361319,-276.60418738457537,-264.8799794823286,,,,,,,,,,,,,,,,,,,,,,,,,,,,,,,,,,,,,,,,,,,,,,,,,,,,,,
23,1658,81,1621,-10243.102152856043,-7009.813566369984,-9887.799001068608,-6705.615423612078,-355.303151787435,-304.19814275790606,othervirus_2014,-9134.024119902084,-6942.539852788151,-8848.452495555262,-6668.873340655673,-285.57162434682175,-273.66651213247764,,,,,,,,,,,,,,,,,,,,,,,,,,,,,,,,,,,,,,,,,,,,,,,,,,,,,,
24,1673,83,1640,-10343.981460083833,-7074.216811684834,-9982.493168994582,-6763.495675488526,-361.4882910892506,-310.72113619630846,othervirus_2014,-9224.313974507417,-7009.994339262907,-8931.084585390086,-6728.6407092951795,-293.2293891173296,-281.3536299677267,,,,,,,,,,,,,,,,,,,,,,,,,,,,,,,,,,,,,,,,,,,,,,,,,,,,,,
25,1700,86,1672,-10503.76549949789,-7187.281642300844,-10130.638511368206,-6866.845184332484,-373.12698812968233,-320.43645796836023,othervirus_2014,-9367.351866673116,-7121.256053653474,-9066.083263037197,-6831.613442173364,-301.2686036359191,-289.6426114801098,,,,,,,,,,,,,,,,,,,,,,,,,,,,,,,,,,,,,,,,,,,,,,,,,,,,,,
0,29,2,24,-204.36810684168427,-289.7105075396748,-195.15713506097222,-273.0749752062361,-9.210971780712029,-16.635532333438686,flu_2014,-174.9894208229225,-197.64680985553443,-167.8270019299624,-191.34123638331556,-7.162418892960121,-6.305573472218862,,,,,,,,,,,,,,,,,,,,,,,,,,,,,,,,,,,,,,,,,,,,,,,,,,,,,,
1,61,5,44,-417.23478081458603,-491.84488711281233,-399.2290683252915,-466.6466625557439,-18.005712489294545,-25.198224557068453,flu_2014,-367.29301815206685,-405.1927449759485,-351.23816876262197,-389.33967365906295,-16.05484938944489,-15.853071316885506,,,,,,,,,,,,,,,,,,,,,,,,,,,,,,,,,,,,,,,,,,,,,,,,,,,,,,
2,73,10,60,-516.4239467163459,-578.107562959387,-482.1826879937,-540.1430610548477,-34.241258722645945,-37.96450190453924,flu_2014,-451.50664149607553,-494.0999231638717,-423.300943952966,-464.83355682022534,-28.205697543109522,-29.266366343646396,,,,,,,,,,,,,,,,,,,,,,,,,,,,,,,,,,,,,,,,,,,,,,,,,,,,,,
3,99,15,79,-721.7189221246213,-756.7145670751191,-677.6085378163573,-707.6409286691612,-44.11038430826393,-49.073638405957965,flu_2014,-625.5740330691763,-687.4032263094966,-589.4614179635395,-649.0716412694153,-36.11261510563683,-38.33158504008134,,,,,,,,,,,,,,,,,,,,,,,,,,,,,,,,,,,,,,,,,,,,,,,,,,,,,,
4,141,20,113,-1055.4104147019884,-1032.6030501159155,-991.2874021041853,-968.9581044493345,-64.12301259780304,-63.644945666580895,flu_2014,-901.6187211658624,-999.0560575530988,-853.383312418463,-945.6646543929357,-48.235408747399426,-53.39140316016303,,,,,,,,,,,,,,,,,,,,,,,,,,,,,,,,,,,,,,,,,,,,,,,,,,,,,,
5,187,29,155,-1418.519165808436,-1334.9565886722698,-1333.2186616953738,-1252.0535005631139,-85.30050411306212,-82.90308810915607,flu_2014,-1200.1334231387166,-1323.0542359903582,-1135.6055896621167,-1251.2425054197558,-64.52783347659982,-71.81173057060232,,,,,,,,,,,,,,,,,,,,,,,,,,,,,,,,,,,,,,,,,,,,,,,,,,,,,,
6,256,45,214,-1909.3221562012197,-1784.7994829231855,-1791.6926007480333,-1665.4511965620786,-117.62955545318644,-119.3482863611069,flu_2014,-1643.5206494105728,-1818.0591256404982,-1547.3038435438853,-1714.6013111220643,-96.21680586668762,-103.45781451843399,,,,,,,,,,,,,,,,,,,,,,,,,,,,,,,,,,,,,,,,,,,,,,,,,,,,,,
7,317,55,275,-2325.114439271248,-2148.9091396083722,-2179.114065484684,-2002.5308009752791,-146.00037378656407,-146.37833863309297,flu_2014,-2007.0699721474318,-2227.639432583612,-1882.2777505328852,-2096.450983953204,-124.79222161454666,-131.1884486304081,,,,,,,,,,,,,,,,,,,,,,,,,,,,,,,,,,,,,,,,,,,,,,,,,,,,,,
8,412,81,365,-3090.116735462141,-2776.002051597624,-2869.5347351690452,-2579.3444706603323,-220.58200029309592,-196.65758093729167,flu_2014,-2637.0826062260912,-2942.95629321468,-2459.472916139941,-2755.6374959471004,-177.60969008615012,-187.3187972675794,,,,,,,,,,,,,,,,,,,,,,,,,,,,,,,,,,,,,,,,,,,,,,,,,,,,,,
9,476,90,419,-3534.038137585725,-3169.152005224485,-3282.5039140101226,-2947.1694815125516,-251.5342235756026,-221.9825237119333,flu_2014,-3029.4203667938064,-3379.096696672828,-2827.2478362588236,-3166.290675132642,-202.17253053498303,-212.80602154018607,,,,,,,,,,,,,,,,,,,,,,,,,,,,,,,,,,,,,,,,,,,,,,,,,,,,,,
10,550,102,502,-4120.855457463507,-3648.1172055454867,-3828.817304539547,-3394.743607071476,-292.03815292396,-253.37359847401066,flu_2014,-3503.315554313738,-3902.2572498580184,-3273.5009726163926,-3659.543432766962,-229.81458169734537,-242.71381709105646,,,,,,,,,,,,,,,,,,,,,,,,,,,,,,,,,,,,,,,,,,,,,,,,,,,,,,
11,584,106,546,-4330.534906903647,-3852.83646348066,-4023.5566685021377,-3584.950479666906,-306.97823840151,-267.8859838137538,flu_2014,-3705.4706459036115,-4126.10736042873,-3460.077314374406,-3871.910441091256,-245.39333152920582,-254.19691933747401,,,,,,,,,,,,,,,,,,,,,,,,,,,,,,,,,,,,,,,,,,,,,,,,,,,,,,
12,661,122,609,-4927.579225055394,-4350.042183830963,-4587.9845014199145,-4051.033098824123,-339.5947236354799,-299.0090850068399,flu_2014,-4209.81500344456,-4693.903907608965,-3931.5837769985988,-4404.387732909692,-278.2312264459614,-289.51617469927237,,,,,,,,,,,,,,,,,,,,,,,,,,,,,,,,,,,,,,,,,,,,,,,,,,,,,,
13,731,137,686,-5450.073953113648,-4791.684486046364,-5074.610469375137,-4464.127604075553,-375.4634837385113,-327.556881970811,flu_2014,-4649.2714760728595,-5198.940710216509,-4344.189382435297,-4879.885014735716,-305.08209363756254,-319.05569548079234,,,,,,,,,,,,,,,,,,,,,,,,,,,,,,,,,,,,,,,,,,,,,,,,,,,,,,
14,795,145,743,-5888.4448894604175,-5168.924795998863,-5480.260521099317,-4818.854077892,-408.18436836110095,-350.07071810686404,flu_2014,-5022.595822196758,-5623.031903985673,-4696.270874470801,-5284.02581159964,-326.3249477259567,-339.0060923860332,,,,,,,,,,,,,,,,,,,,,,,,,,,,,,,,,,,,,,,,,,,,,,,,,,,,,,
15,877,157,823,-6489.502354055362,-5671.901028904223,-6039.743676346965,-5290.346599146009,-449.75867770839693,-381.5544297582134,flu_2014,-5522.699560066218,-6173.174400424574,-5167.179986660402,-5803.0819710366295,-355.5195734058156,-370.092429387944,,,,,,,,,,,,,,,,,,,,,,,,,,,,,,,,,,,,,,,,,,,,,,,,,,,,,,
16,938,171,886,-6932.352811575225,-6064.092421667559,-6448.564297161514,-5654.114488088321,-483.78851441371097,-409.977933579238,flu_2014,-5916.327070237959,-6606.606318828829,-5529.337226341785,-6206.948547111993,-386.98984389617397,-399.65777171683544,,,,,,,,,,,,,,,,,,,,,,,,,,,,,,,,,,,,,,,,,,,,,,,,,,,,,,
17,1001,177,950,-7383.977716809555,-6459.0978667795425,-6879.205856772605,-6029.220548951243,-504.7718600369503,-429.8773178282997,flu_2014,-6317.796191301422,-7031.815296011558,-5909.514767088044,-6611.487409463465,-408.2814242133778,-420.32788654809286,,,,,,,,,,,,,,,,,,,,,,,,,,,,,,,,,,,,,,,,,,,,,,,,,,,,,,
18,1040,185,995,-7664.250087783626,-6693.429017023325,-7140.852730891526,-6247.877365344567,-523.3973568920998,-445.55165167875793,flu_2014,-6550.643344591701,-7280.48869781137,-6127.186142855141,-6844.377517732558,-423.4572017365595,-436.11118007881225,,,,,,,,,,,,,,,,,,,,,,,,,,,,,,,,,,,,,,,,,,,,,,,,,,,,,,
19,1100,193,1051,-8104.193002356129,-7057.849871068313,-7546.802517695565,-6593.265982311398,-557.3904846605639,-464.58388875691526,flu_2014,-6918.44692948227,-7663.713310287271,-6476.125628110114,-7207.207556504891,-442.32130137215574,-456.5057537823805,,,,,,,,,,,,,,,,,,,,,,,,,,,,,,,,,,,,,,,,,,,,,,,,,,,,,,
20,1151,201,1106,-8486.086285742047,-7371.696318231887,-7901.6010341075635,-6887.422988929203,-584.4852516344833,-484.2733293026843,flu_2014,-7232.654977829304,-8003.234886267783,-6772.140861073907,-7528.479181069257,-460.5141167553965,-474.75570519852573,,,,,,,,,,,,,,,,,,,,,,,,,,,,,,,,,,,,,,,,,,,,,,,,,,,,,,
21,1202,214,1162,-8861.41256340701,-7683.6426393771435,-8244.800186399143,-7173.857977018491,-616.6123770078672,-509.78466235865267,flu_2014,-7546.608375037349,-8330.776138461279,-7059.767275889823,-7828.863905468052,-486.8410991475261,-501.9122329932266,,,,,,,,,,,,,,,,,,,,,,,,,,,,,,,,,,,,,,,,,,,,,,,,,,,,,,
22,1261,225,1211,-9294.85578215134,-8049.445905611921,-8644.150727323806,-7513.63292337811,-650.7050548275341,-535.8129822338117,flu_2014,-7911.657280082658,-8734.549487076329,-7401.359630305664,-8206.79267613317,-510.29764977699426,-527.7568109431588,,,,,,,,,,,,,,,,,,,,,,,,,,,,,,,,,,,,,,,,,,,,,,,,,,,,,,
23,1311,233,1257,-9694.726410986377,-8373.087601228634,-9017.898203481218,-7818.948613095685,-676.8282075051588,-554.138988132948,flu_2014,-8239.507290441821,-9090.008945136771,-7710.608778138321,-8542.403766474652,-528.8985123035002,-547.6051786621194,,,,,,,,,,,,,,,,,,,,,,,,,,,,,,,,,,,,,,,,,,,,,,,,,,,,,,
24,1334,239,1301,-9878.524758860423,-8525.479060691796,-9175.641223315019,-7955.761963126009,-702.8835355454044,-569.7170975657873,flu_2014,-8394.434918850538,-9258.40382684221,-7848.438580974262,-8692.936813301118,-545.9963378762774,-565.4670135410928,,,,,,,,,,,,,,,,,,,,,,,,,,,,,,,,,,,,,,,,,,,,,,,,,,,,,,
25,1396,252,1358,-10353.5317498952,-8922.985096552238,-9614.432829284167,-8326.68305997668,-739.0989206110336,-596.3020365755581,flu_2014,-8791.770906601125,-9703.052162662529,-8217.153659769283,-9110.637249140684,-574.6172468318421,-592.4149135218453,,,,,,,,,,,,,,,,,,,,,,,,,,,,,,,,,,,,,,,,,,,,,,,,,,,,,,
0,24,2,18,-137.62418345726275,-238.46973217937787,-130.88886261218997,-225.99308292929885,-6.735320845072781,-12.476649250079015,othervirus_2015,-125.53170510125827,-95.86581123741882,-120.91375118863535,-90.6589670087543,-4.617953912622929,-5.206844228664527,-122.53110858968802,-91.96383107600445,-117.17957935025218,-86.86383957271906,-5.351529239435833,-5.099991503285395,,,,,,,,,,,,,,,,,,,,,,,,,,,,,,,,,,,,,,,,,,,,,,,,
1,35,2,30,-188.92107209849874,-280.04132951069914,-181.17369102076373,-265.6144531066468,-7.747381077735017,-14.426876404052315,othervirus_2015,-175.163771967906,-132.64471382609602,-169.25369465763617,-126.7792826378208,-5.910077310269836,-5.865431188275226,-171.02942518601932,-129.26390834257074,-164.51737121847015,-123.47314331442576,-6.512053967549171,-5.790765028144977,,,,,,,,,,,,,,,,,,,,,,,,,,,,,,,,,,,,,,,,,,,,,,,,
2,59,2,50,-314.6804341968512,-379.38672855724116,-305.47592962954786,-363.4873830341449,-9.204504567303356,-15.89934552309625,othervirus_2015,-298.5149860455351,-229.45202438762573,-290.8914091499612,-222.32463093644864,-7.623576895573905,-7.127393451177095,-291.7774607548425,-223.69244918143414,-283.6260678880587,-216.5639059581474,-8.151392866783775,-7.128543223286755,,,,,,,,,,,,,,,,,,,,,,,,,,,,,,,,,,,,,,,,,,,,,,,,
3,100,3,84,-530.8421431230219,-519.0435616363666,-515.2322368468787,-498.741239465998,-15.609906276143153,-20.302322170368598,othervirus_2015,-506.4175557683533,-372.8192515794769,-494.38539137150804,-361.21005557597016,-12.032164396845259,-11.609196003506707,-492.86597998292837,-358.3872441752685,-480.2856006800333,-346.7140638160911,-12.580379302895054,-11.673180359177412,,,,,,,,,,,,,,,,,,,,,,,,,,,,,,,,,,,,,,,,,,,,,,,,
4,150,4,128,-799.6881970565249,-692.8833345045238,-782.1534694930599,-667.4231621342999,-17.534727563465005,-25.460172370223866,othervirus_2015,-759.0720631291915,-552.11802449142,-744.4662547456786,-537.8782877847551,-14.605808383512908,-14.23973670666491,-736.010191172674,-527.1626652517529,-720.478048569293,-513.6091505076205,-15.532142603380992,-13.553514744132352,,,,,,,,,,,,,,,,,,,,,,,,,,,,,,,,,,,,,,,,,,,,,,,,
5,186,4,169,-989.1149905784549,-810.0308125208905,-970.536017780185,-783.3014197246374,-18.57897279826984,-26.72939279625318,othervirus_2015,-943.6398315632207,-683.7659778465077,-927.6328046742843,-668.3437335820718,-16.007026888936387,-15.42224426443585,-915.0509517236666,-649.4541419066405,-898.2543147622007,-634.8197648621424,-16.79663696146586,-14.634377044498152,,,,,,,,,,,,,,,,,,,,,,,,,,,,,,,,,,,,,,,,,,,,,,,,
6,254,6,225,-1378.6449353913192,-1063.8554349021706,-1352.284535966339,-1028.2249885502388,-26.360399424980198,-35.63044635193174,othervirus_2015,-1304.4203111449688,-945.3422682712394,-1281.4486321390273,-923.9953719737689,-22.971679005941418,-21.346896297470547,-1261.3973085348664,-901.7216402094759,-1237.3327232547988,-879.528341081977,-24.06458528006758,-22.193299127498896,,,,,,,,,,,,,,,,,,,,,,,,,,,,,,,,,,,,,,,,,,,,,,,,
7,312,10,280,-1749.6107170079129,-1313.9416599561239,-1714.5808802198785,-1264.112577335359,-35.0298367880344,-49.829082620764964,othervirus_2015,-1632.8661403600315,-1191.519110677859,-1597.4824254914497,-1159.1485663493124,-35.38371486858189,-32.37054432854657,-1575.6019489334735,-1140.7316278452538,-1540.50980662672,-1107.8789469694173,-35.09214230675339,-32.852680875836455,,,,,,,,,,,,,,,,,,,,,,,,,,,,,,,,,,,,,,,,,,,,,,,,
8,372,12,338,-2116.2749367137617,-1537.088650856214,-2064.877026530873,-1478.8833707793785,-51.397910182888566,-58.20528007683543,othervirus_2015,-1960.2988073972488,-1427.6149581431869,-1916.3103055002225,-1387.6990261154049,-43.98850189702628,-39.91593202778197,-1889.6681482361942,-1366.8243523095052,-1846.342111003442,-1325.5453421939458,-43.32603723275214,-41.27901011555948,,,,,,,,,,,,,,,,,,,,,,,,,,,,,,,,,,,,,,,,,,,,,,,,
9,442,17,404,-2620.7795498437736,-1839.4674864065998,-2547.3987369848433,-1764.139937691166,-73.38081285893017,-75.32754871543366,othervirus_2015,-2370.7490135063376,-1727.9937102670826,-2308.634031778461,-1671.7656047203743,-62.114981727876525,-56.228105546708406,-2282.701451556677,-1659.729117617237,-2222.1942823840277,-1603.2985718416267,-60.50716917264939,-56.43054577561038,,,,,,,,,,,,,,,,,,,,,,,,,,,,,,,,,,,,,,,,,,,,,,,,
10,554,21,520,-3274.068683769669,-2246.0696259982124,-3184.8836937080287,-2155.439888556776,-89.18499006164036,-90.6297374414361,othervirus_2015,-2963.420536547914,-2148.093606446719,-2887.201867114226,-2080.3110214296216,-76.21866943368771,-67.78258501709757,-2846.5014378463306,-2060.727984986965,-2773.122891289643,-1991.6640043760744,-73.37854655668752,-69.06398061089077,,,,,,,,,,,,,,,,,,,,,,,,,,,,,,,,,,,,,,,,,,,,,,,,
11,638,29,592,-3766.0748876544485,-2576.264974066025,-3647.8117814281068,-2457.2811392037866,-118.26310622634168,-118.9838348622383,othervirus_2015,-3419.214370893507,-2487.0977061459885,-3316.4751033555212,-2394.475950661291,-102.73926753798548,-92.62175548469747,-3285.54436165329,-2386.969765874989,-3186.640760118559,-2293.939981357923,-98.90360153473105,-93.02978451706603,,,,,,,,,,,,,,,,,,,,,,,,,,,,,,,,,,,,,,,,,,,,,,,,
12,775,32,701,-4547.1072158456145,-3051.320229646363,-4409.089935193277,-2920.2206279231877,-138.01728065233783,-131.09960172317506,othervirus_2015,-4134.301224039095,-2993.1522885157324,-4019.1374618516893,-2890.121031874658,-115.16376218740601,-103.03125664107448,-3970.969742566239,-2866.4696199539517,-3859.555654730684,-2763.0955175024783,-111.4140878355548,-103.37410245147342,,,,,,,,,,,,,,,,,,,,,,,,,,,,,,,,,,,,,,,,,,,,,,,,
13,894,43,831,-5341.219581157213,-3545.9089979406817,-5151.740330105769,-3377.820165682436,-189.47925105144378,-168.08883225824604,othervirus_2015,-4807.67506643167,-3492.412952070058,-4659.285139150418,-3356.303851384501,-148.38992728125172,-136.10910068555714,-4618.128378482504,-3353.6308144339255,-4473.131272386576,-3218.087307402845,-144.99710609592765,-135.54350703108045,,,,,,,,,,,,,,,,,,,,,,,,,,,,,,,,,,,,,,,,,,,,,,,,
14,976,46,913,-5826.219334748548,-3845.134331377529,-5626.045000245723,-3665.9980368533397,-200.17433450282536,-179.13629452418954,othervirus_2015,-5253.72805108432,-3810.256457419685,-5095.1683504461325,-3663.65116775792,-158.5597006381878,-146.60528966176503,-5044.734528543892,-3654.9533848479828,-4889.16288984881,-3508.565862629521,-155.5716386950826,-146.38752221846218,,,,,,,,,,,,,,,,,,,,,,,,,,,,,,,,,,,,,,,,,,,,,,,,
15,1016,50,958,-6081.6288051427955,-4001.7520495847552,-5866.012834714396,-3813.0922456120306,-215.61597042839924,-188.6598039727244,othervirus_2015,-5476.290707882879,-3972.5927987160558,-5306.394919521605,-3817.3873657775216,-169.89578836127447,-155.2054329385344,-5256.9782159338,-3812.066944368922,-5091.516823704493,-3656.6770682538595,-165.46139222930717,-155.3898761150628,,,,,,,,,,,,,,,,,,,,,,,,,,,,,,,,,,,,,,,,,,,,,,,,
16,1169,57,1114,-7132.682796589432,-4589.013744358717,-6883.092988569538,-4378.615424219393,-249.5898080198936,-210.3983201393239,othervirus_2015,-6333.321099746801,-4577.759380897838,-6141.281404243909,-4402.651075213767,-192.0396955028928,-175.10830568407076,-6073.318854989825,-4403.657747449772,-5885.538645761433,-4226.042344205462,-187.7802092283923,-177.61540324431013,,,,,,,,,,,,,,,,,,,,,,,,,,,,,,,,,,,,,,,,,,,,,,,,
17,1274,64,1222,-7777.894836632757,-4972.378291012047,-7494.291625230433,-4735.9401442167855,-283.6032114023233,-236.43814679526147,othervirus_2015,-6908.288719709149,-4985.580449795804,-6691.762107676369,-4785.086714987091,-216.52661203277944,-200.49373480871293,-6623.043258972243,-4790.919728611434,-6410.538680468414,-4588.273517175398,-212.50457850382926,-202.6462114360355,,,,,,,,,,,,,,,,,,,,,,,,,,,,,,,,,,,,,,,,,,,,,,,,
18,1384,74,1333,-8541.602367921732,-5466.829468844545,-8226.823454265717,-5209.459033560169,-314.77891365601585,-257.37043528437636,othervirus_2015,-7564.948207753908,-5490.350483499635,-7324.954394114439,-5270.40903997101,-239.99381363946873,-219.9414435286243,-7249.93255354488,-5281.407033965118,-7015.403127541603,-5059.9042804304245,-234.529426003277,-221.50275353469317,,,,,,,,,,,,,,,,,,,,,,,,,,,,,,,,,,,,,,,,,,,,,,,,
19,1485,81,1435,-9154.975695132998,-5859.939488293442,-8807.317825895769,-5582.460916065167,-347.6578692372286,-277.47857222827497,othervirus_2015,-8113.511034756522,-5896.323493603197,-7851.017796215681,-5656.68711106155,-262.49323854084133,-239.63638254164695,-7777.472828637678,-5674.727589821123,-7520.758466224284,-5432.31043532717,-256.7143624133932,-242.4171544939524,,,,,,,,,,,,,,,,,,,,,,,,,,,,,,,,,,,,,,,,,,,,,,,,
20,1572,82,1516,-9637.912876201872,-6151.560762079319,-9281.910099119612,-5866.960299484395,-356.00277708225934,-284.6004625949237,othervirus_2015,-8553.439001630206,-6203.838662379651,-8284.737523805536,-5958.447024463684,-268.7014778246705,-245.39163791596727,-8196.83585522275,-5969.152181284558,-7933.862743264327,-5720.5362133524295,-262.9731119584216,-248.61596793212806,,,,,,,,,,,,,,,,,,,,,,,,,,,,,,,,,,,,,,,,,,,,,,,,
21,1645,85,1593,-10157.041381699943,-6434.654458385878,-9781.798083248483,-6140.981213134402,-375.2432984514599,-293.67324525147495,othervirus_2015,-8962.015126182321,-6494.180095078697,-8682.679932285228,-6240.42807150939,-279.33519389709403,-253.75202356930689,-8589.318557486808,-6254.996545165545,-8315.598944551564,-5997.020825906496,-273.7196129352442,-257.97571925904936,,,,,,,,,,,,,,,,,,,,,,,,,,,,,,,,,,,,,,,,,,,,,,,,
22,1718,87,1670,-10617.002478806815,-6720.543887936376,-10232.352878561942,-6416.501041032538,-384.6496002448728,-304.04284690383923,othervirus_2015,-9361.300858547334,-6789.509009604246,-9071.009137557558,-6525.209671300799,-290.2917209897773,-264.2993383034474,-8971.055085223172,-6542.8831858421745,-8686.7468603106,-6275.097662951567,-284.3082249125707,-267.7855228906076,,,,,,,,,,,,,,,,,,,,,,,,,,,,,,,,,,,,,,,,,,,,,,,,
23,1772,92,1738,-10962.912414831504,-6945.60232044906,-10558.294884910756,-6629.808352569472,-404.61752992074753,-315.79396787958814,othervirus_2015,-9658.583333479395,-7015.120422219068,-9354.490236986416,-6739.740555428034,-304.0930964929797,-275.37986679103426,-9258.436847129473,-6766.984664814017,-8960.203960823585,-6486.555897104686,-298.232886305888,-280.4287677093318,,,,,,,,,,,,,,,,,,,,,,,,,,,,,,,,,,,,,,,,,,,,,,,,
24,1833,93,1792,-11349.975437875035,-7217.275783764202,-10935.932764303569,-6894.292129820618,-414.0426735714662,-322.98365394358393,othervirus_2015,-10010.782052831168,-7290.136538590836,-9699.426179670852,-7006.655650099303,-311.35587316031473,-283.4808884915325,-9595.665413780855,-7036.990545667313,-9290.448895365173,-6748.1412985651805,-305.21651841568143,-288.8492471021324,,,,,,,,,,,,,,,,,,,,,,,,,,,,,,,,,,,,,,,,,,,,,,,,
25,1886,96,1853,-11687.743882877101,-7457.752136173714,-11258.780511398187,-7126.06015993809,-428.9633714789144,-331.6919762356237,othervirus_2015,-10306.54338439992,-7528.19790992021,-9984.980695199032,-7235.425049563889,-321.56268920088723,-292.7728603563206,-9883.11904034831,-7273.776763438025,-9568.58139221849,-6975.246093879182,-314.53764812982064,-298.53066955884316,,,,,,,,,,,,,,,,,,,,,,,,,,,,,,,,,,,,,,,,,,,,,,,,
0,22,1,18,-166.88848523165504,-219.63697526860292,-161.1466015102245,-207.1603260185239,-5.74188372143052,-12.476649250079015,flu_2015,-135.80201986836835,-131.23210080992394,-133.01856418151274,-129.64240282292351,-2.7834556868556004,-1.5896979870004262,-132.89921443043474,-139.44146614547043,-130.31843721341747,-137.6651259385918,-2.58077721701726,-1.7763402068786107,,,,,,,,,,,,,,,,,,,,,,,,,,,,,,,,,,,,,,,,,,,,,,,,
1,35,5,30,-264.9125485982577,-301.54057843543666,-245.90204769092782,-279.01070468811884,-19.010500907329877,-22.529873747317808,flu_2015,-214.77042990087506,-211.71213208892658,-203.423419404627,-199.96171960241878,-11.347010496248068,-11.7504124865078,-211.34125799476772,-225.73006483804298,-200.41030642546554,-213.6958170613668,-10.930951569302167,-12.03424777667617,,,,,,,,,,,,,,,,,,,,,,,,,,,,,,,,,,,,,,,,,,,,,,,,
2,47,7,40,-389.4187217790707,-392.60438722855486,-366.2254119864424,-365.4425061987183,-23.19330979262831,-27.161881029836536,flu_2015,-309.0232444130776,-314.961076783304,-293.3003105337992,-297.7737020565007,-15.722933879278386,-17.187374726803277,-301.8455582777494,-335.4321322407594,-287.5451355523512,-318.3379509360976,-14.300422725398153,-17.094181304661813,,,,,,,,,,,,,,,,,,,,,,,,,,,,,,,,,,,,,,,,,,,,,,,,
3,60,10,54,-487.90158842571395,-470.0914461326871,-457.97956285994985,-437.17798979260795,-29.922025565764088,-32.913456340079186,flu_2015,-389.0301745389695,-384.2524437393474,-369.1222461698238,-363.4332793341051,-19.907928369145676,-20.819164405242308,-378.56623030764877,-407.8343091495271,-360.4111287560831,-386.2464702945806,-18.15510155156568,-21.58783885494647,,,,,,,,,,,,,,,,,,,,,,,,,,,,,,,,,,,,,,,,,,,,,,,,
4,80,11,69,-598.9728169756011,-576.2922164788797,-566.0489373298551,-539.8793020072843,-32.92387964574601,-36.41291447159539,flu_2015,-493.8759504523419,-480.75127458126906,-471.2412028703365,-456.8562064352421,-22.63474758200539,-23.895068146026954,-481.69494247253294,-506.9249707963407,-460.9189972819046,-482.67879007638794,-20.775945190628345,-24.246180719952758,,,,,,,,,,,,,,,,,,,,,,,,,,,,,,,,,,,,,,,,,,,,,,,,
5,105,12,92,-766.298452061497,-725.0724675888835,-726.2567199774177,-683.9576918673281,-40.041732084079264,-41.11477572155538,flu_2015,-639.0099613282564,-632.5150333993286,-612.156479881598,-603.2791595660871,-26.853481446658403,-29.235873833241527,-625.5281569376915,-670.1699668573967,-599.8604283933935,-640.8435867109245,-25.66772854429799,-29.32638014647228,,,,,,,,,,,,,,,,,,,,,,,,,,,,,,,,,,,,,,,,,,,,,,,,
6,119,12,108,-887.1893136875499,-806.7082834701971,-841.0372694856699,-763.2084101739497,-46.15204420188003,-43.499873296247394,flu_2015,-731.8936721903419,-712.9758615584177,-701.9876206452091,-680.4629026165526,-29.906051545132822,-32.512958941865115,-713.4171628594603,-752.4791895749034,-684.6616094373773,-719.7974176543507,-28.75555342208301,-32.68177192055274,,,,,,,,,,,,,,,,,,,,,,,,,,,,,,,,,,,,,,,,,,,,,,,,
7,129,12,117,-945.1720503290859,-863.5256100590095,-898.630189298017,-819.056467648051,-46.541861031068954,-44.4691424109585,flu_2015,-784.4708552357744,-774.3969045803215,-753.2618932798384,-739.9777260732149,-31.20896195593594,-34.41917850710663,-767.0918330420357,-820.0460621070087,-737.1143922345171,-785.6866715527448,-29.977440807518484,-34.35939055426384,,,,,,,,,,,,,,,,,,,,,,,,,,,,,,,,,,,,,,,,,,,,,,,,
8,158,15,132,-1187.6062538251863,-1067.0906891510465,-1135.635397377395,-1016.2720937525801,-51.970856447791135,-50.81859539846639,flu_2015,-988.3906793490546,-993.3526980883152,-951.0400711302028,-953.7065512793592,-37.35060821885182,-39.646146808955876,-966.8234689130859,-1057.2106082205007,-930.9373128123539,-1016.1770078527543,-35.88615610073208,-41.03360036774647,,,,,,,,,,,,,,,,,,,,,,,,,,,,,,,,,,,,,,,,,,,,,,,,
9,208,27,172,-1600.4595917735785,-1413.0630617809634,-1520.0994241564017,-1340.0577374512627,-80.3601676171768,-73.00532432970076,flu_2015,-1334.4808024494264,-1375.5642071994248,-1276.4665169179764,-1311.2856828107815,-58.014285531449964,-64.27852438864318,-1307.8385276604115,-1463.4911678883,-1251.995101505478,-1400.3681220808762,-55.843426154933454,-63.12304580742371,,,,,,,,,,,,,,,,,,,,,,,,,,,,,,,,,,,,,,,,,,,,,,,,
10,271,37,218,-2139.23911309292,-1844.1241999902172,-2029.685164760166,-1749.677673212929,-109.553948332754,-94.44652677728814,flu_2015,-1777.4046327692743,-1844.1971807590928,-1698.3389305210655,-1760.31430036053,-79.06570224820862,-83.88288039856268,-1740.198763976309,-1963.6517720676306,-1665.3926013004968,-1880.3102669106534,-74.8061626758121,-83.3415051569773,,,,,,,,,,,,,,,,,,,,,,,,,,,,,,,,,,,,,,,,,,,,,,,,
11,331,49,284,-2568.825826931717,-2223.430634348493,-2420.3700199082455,-2093.7471863887913,-148.45580702347144,-129.68344795970174,flu_2015,-2151.7609447421196,-2265.998741066109,-2040.143375093509,-2145.6068526073786,-111.6175696486109,-120.39188845873035,-2111.6503055061094,-2419.2490854253892,-2004.028107628706,-2300.9268844364888,-107.6221978774034,-118.32220098890056,,,,,,,,,,,,,,,,,,,,,,,,,,,,,,,,,,,,,,,,,,,,,,,,
12,386,53,343,-3048.032420687641,-2594.7267439642474,-2878.690901139097,-2449.8615652445187,-169.34151954854426,-144.86517871972856,flu_2015,-2540.3843019618203,-2683.569107546824,-2413.5921258290623,-2546.645422403835,-126.79217613275803,-136.9236851429893,-2488.845232205137,-2868.7710371031276,-2365.925908386784,-2734.1649421351967,-122.91932381835277,-134.6060949679309,,,,,,,,,,,,,,,,,,,,,,,,,,,,,,,,,,,,,,,,,,,,,,,,
13,416,58,371,-3285.7942162709596,-2790.725203848434,-3103.235575383066,-2633.270695655335,-182.55864088789335,-157.45450819309872,flu_2015,-2738.3426850510614,-2902.4663344605465,-2600.777057728154,-2755.7669111098635,-137.56562732290752,-146.69942335068305,-2684.171912632507,-3107.1701116736303,-2550.466622571541,-2962.618170504311,-133.705290060966,-144.55194116931966,,,,,,,,,,,,,,,,,,,,,,,,,,,,,,,,,,,,,,,,,,,,,,,,
14,497,67,441,-3946.4063754553895,-3310.6893419249263,-3736.5690136169715,-3130.2657176588896,-209.83736183841805,-180.42362426603654,flu_2015,-3286.2491597556727,-3483.3243381485436,-3124.9426469913806,-3312.445084123795,-161.30651276429217,-170.8792540247488,-3214.680994753803,-3730.7095787956164,-3057.6668002392707,-3562.745029146035,-157.01419451453242,-167.9645496495815,,,,,,,,,,,,,,,,,,,,,,,,,,,,,,,,,,,,,,,,,,,,,,,,
15,558,78,511,-4454.612452870458,-3703.6363195697713,-4213.05621434243,-3499.684460072553,-241.5562385280275,-203.9518594972183,flu_2015,-3704.4812972289474,-3917.309727040273,-3518.189029826965,-3722.596582364454,-186.29226740198246,-194.7131446758192,-3620.8328274002615,-4189.557406092519,-3440.297710508466,-3997.546838967667,-180.5351168917956,-192.01056712485212,,,,,,,,,,,,,,,,,,,,,,,,,,,,,,,,,,,,,,,,,,,,,,,,
16,628,88,581,-5102.821026075551,-4173.370497596001,-4824.767804511104,-3943.622256096623,-278.05322156444737,-229.74824149937777,flu_2015,-4213.367415211768,-4444.857205727739,-4002.6798530977712,-4222.954138293512,-210.68756211399736,-221.90306743422647,-4112.206283470484,-4745.933660838448,-3905.924245617882,-4528.555208815892,-206.2820378526015,-217.37845202255625,,,,,,,,,,,,,,,,,,,,,,,,,,,,,,,,,,,,,,,,,,,,,,,,
17,671,97,627,-5439.87472374743,-4454.813229695372,-5129.944063538422,-4199.7877291816485,-309.9306602090079,-255.02550051372336,flu_2015,-4494.243975836252,-4749.906445321746,-4260.347485753113,-4503.883695353811,-233.8964900831392,-246.02274996793489,-4390.899741035382,-5076.848994271224,-4160.666128246385,-4833.3016063213445,-230.2336127889976,-243.54738794987998,,,,,,,,,,,,,,,,,,,,,,,,,,,,,,,,,,,,,,,,,,,,,,,,
18,728,106,682,-5849.172786152684,-4826.638295032312,-5508.531983417738,-4544.060354069094,-340.64080273494636,-282.5779409632189,flu_2015,-4855.389816689783,-5156.035299983411,-4595.107171136422,-4881.379834325082,-260.28264555336114,-274.6554656583296,-4752.695621562634,-5518.054487402644,-4496.21210970199,-5247.548189675649,-256.4835118606443,-270.50629772699466,,,,,,,,,,,,,,,,,,,,,,,,,,,,,,,,,,,,,,,,,,,,,,,,
19,769,118,734,-6184.3613001079875,-5097.005516665869,-5819.04674455796,-4791.85855781787,-365.31455555002776,-305.1469588479994,flu_2015,-5137.2879318156165,-5465.527063715386,-4857.269119386498,-5170.473996128745,-280.0188124291186,-295.05306758664125,-5029.657604170006,-5850.575552921333,-4751.593195403012,-5559.655643520007,-278.064408766994,-290.91990940132547,,,,,,,,,,,,,,,,,,,,,,,,,,,,,,,,,,,,,,,,,,,,,,,,
20,815,131,774,-6592.778899103194,-5417.860181484147,-6196.594747606056,-5086.607181026723,-396.18415149713763,-331.25300045742387,flu_2015,-5473.516558450173,-5819.362579379266,-5164.940401541819,-5495.145545713111,-308.57615690835405,-324.2170336661558,-5358.217518606819,-6228.458492518124,-5052.822890697014,-5909.8036436114535,-305.39462790980417,-318.6548489066712,,,,,,,,,,,,,,,,,,,,,,,,,,,,,,,,,,,,,,,,,,,,,,,,
21,863,138,819,-6939.380558949721,-5718.585934404787,-6519.739098428974,-5369.584812678164,-419.64146052074625,-349.00112172662324,flu_2015,-5768.9054366449955,-6149.8394822881,-5443.44750478061,-5805.5510756621325,-325.4579318643858,-344.2884066259676,-5653.956108104134,-6584.562959001216,-5331.663378845659,-6247.623751695863,-322.29272925847454,-336.9392073053535,,,,,,,,,,,,,,,,,,,,,,,,,,,,,,,,,,,,,,,,,,,,,,,,
22,894,142,852,-7147.482684938409,-5910.369659622205,-6712.5547506371895,-5549.523829410449,-434.9279343012196,-360.8458302117564,flu_2015,-5954.989529867146,-6362.172639395025,-5617.927706555015,-6005.456469716593,-337.06182331213097,-356.716169678431,-5842.97210285458,-6814.329946297127,-5508.956823005045,-6465.6258527646,-334.01527984953447,-348.704093532528,,,,,,,,,,,,,,,,,,,,,,,,,,,,,,,,,,,,,,,,,,,,,,,,
23,918,144,880,-7353.905265368301,-6071.969609366486,-6908.519959034745,-5704.247808132385,-445.38530633355623,-367.721801234101,flu_2015,-6120.087588164157,-6534.981055038619,-5776.967864230786,-6171.255051673516,-343.11972393337095,-363.72600336510317,-6007.119456020806,-6998.574199950499,-5666.231126918479,-6643.0312262470525,-340.88832910232696,-355.5429737034462,,,,,,,,,,,,,,,,,,,,,,,,,,,,,,,,,,,,,,,,,,,,,,,,
24,940,147,906,-7531.614236834872,-6216.556948880992,-7073.996512631813,-5840.668333535295,-457.617724203059,-375.8886153456977,flu_2015,-6270.713090560489,-6698.726965462332,-5920.059570808036,-6328.260591800347,-350.65351975245244,-370.46637366198473,-6154.475182343581,-7175.52183588042,-5806.54127159553,-6812.433437205404,-347.93391074805083,-363.0883986750169,,,,,,,,,,,,,,,,,,,,,,,,,,,,,,,,,,,,,,,,,,,,,,,,
25,965,153,936,-7726.530918028222,-6377.077276244519,-7249.03395156491,-5987.043994177391,-477.49696646331176,-390.0332820671282,flu_2015,-6429.4847857412715,-6876.065069105329,-6065.420229717125,-6490.541113480618,-364.06455602414667,-385.5239556247109,-6313.231434573669,-7367.972789563968,-5951.123189220661,-6989.154459768646,-362.1082453530084,-378.8183297953218,,,,,,,,,,,,,,,,,,,,,,,,,,,,,,,,,,,,,,,,,,,,,,,,
0,28,4,14,-201.40670927303213,-273.3626572786879,-195.89957215892676,-263.65859675084863,-5.507137114105379,-9.704060527839234,flu_2016,-169.1891533236353,-188.47950859475793,-163.3403513837855,-181.93513459483256,-5.848801939849807,-6.544373999925379,-167.29925917130927,-203.9018899711796,-161.54627679092724,-197.5857531170769,-5.752982380382033,-6.316136854102699,-168.03023606163933,-211.4012866225509,-161.7733561148615,-204.4351531273701,-6.256879946777802,-6.966133495180804,,,,,,,,,,,,,,,,,,,,,,,,,,,,,,,,,,,,,,,,,,
1,66,7,41,-496.87505157929183,-518.0985826125412,-479.5589052285493,-495.9124268686911,-17.316146350742535,-22.186155743850133,flu_2016,-396.82772307150765,-442.3942479433544,-384.8724882511592,-429.2132260630281,-11.955234820348437,-13.181021880326304,-396.92127679510844,-482.13475460403663,-384.80579075629896,-468.21273200187704,-12.115486038809477,-13.922022602159604,-402.6842218006155,-500.93557209201225,-389.4609801972024,-485.464966575537,-13.223241603413083,-15.470605516475265,,,,,,,,,,,,,,,,,,,,,,,,,,,,,,,,,,,,,,,,,,
2,124,16,81,-962.2219654804842,-900.2110173148756,-914.2310953811757,-858.257826861787,-47.99087009930851,-41.95319045308861,flu_2016,-772.9944862637495,-880.0657331187093,-743.1685347628635,-846.3766915722572,-29.82595150088605,-33.68904154645217,-774.4176544317063,-960.8755446869984,-743.6472147078678,-926.2644103473685,-30.770439723838557,-34.6111343396299,-786.0180206337262,-996.4106288521631,-752.2476364994623,-959.0664026554491,-33.77038413426395,-37.344226196714004,,,,,,,,,,,,,,,,,,,,,,,,,,,,,,,,,,,,,,,,,,
3,246,33,160,-1850.3815292302788,-1648.272734975502,-1742.9591648754347,-1571.369136880051,-107.42236435484415,-76.9035980954512,flu_2016,-1518.1391116173018,-1706.932619385338,-1453.4515338843964,-1634.7345820453804,-64.68757773290527,-72.19803733995766,-1526.1270329559397,-1859.0833292329921,-1457.7767452477037,-1782.3819861760057,-68.350287708236,-76.70134305698629,-1551.693407220473,-1926.9770120590738,-1478.8620739995154,-1846.652585609872,-72.83133322095784,-80.32442644920177,,,,,,,,,,,,,,,,,,,,,,,,,,,,,,,,,,,,,,,,,,
4,443,59,306,-3228.1318509125804,-2811.7897307014778,-3057.6199870754836,-2673.2538254375618,-170.51186383709697,-138.5359052639159,flu_2016,-2682.677925097496,-3019.407608617615,-2560.4507965870675,-2888.164672627423,-122.2271285104284,-131.24293599019205,-2697.4257791202604,-3301.257186282299,-2568.4058108281233,-3163.921778605082,-129.01996829213704,-137.3354076772166,-2755.113364531755,-3420.9938974622455,-2623.2557382885057,-3277.358724173209,-131.85762624324911,-143.63517328903683,,,,,,,,,,,,,,,,,,,,,,,,,,,,,,,,,,,,,,,,,,
5,700,107,503,-5240.411399685898,-4438.726668456321,-4935.61578864162,-4205.322087253904,-304.79561104427694,-233.40458120241718,flu_2016,-4332.230459190991,-4832.5283538175045,-4114.214743165995,-4596.279117949587,-218.01571602499538,-236.24923586791778,-4344.480924616181,-5259.312957381798,-4117.798585926761,-5011.023256720694,-226.68233868942022,-248.28970066110395,-4417.197157642585,-5440.930327612733,-4183.4913773918415,-5186.201198676364,-233.7057802507432,-254.7291289363696,,,,,,,,,,,,,,,,,,,,,,,,,,,,,,,,,,,,,,,,,,
6,1299,172,858,-9650.708584806698,-8116.1825879297585,-9134.878202176573,-7735.925486244112,-515.8303826301258,-380.2571016856467,flu_2016,-8014.4358613727045,-8935.701728523538,-7652.291599005788,-8542.051246149778,-362.144262366916,-393.6504823737605,-8040.137208252135,-9726.747061966937,-7664.116538164095,-9314.911084864998,-376.02067008803965,-411.83597710193925,-8170.030492586987,-10078.607361834245,-7789.146320937231,-9661.54368696671,-380.8841716497557,-417.06367486753567,,,,,,,,,,,,,,,,,,,,,,,,,,,,,,,,,,,,,,,,,,
7,2421,327,1732,-18018.037876572755,-15173.49963969222,-17034.886504777503,-14417.424187219,-983.1513717952521,-756.0754524732209,flu_2016,-15095.751366618442,-16864.149074456906,-14373.381642701152,-16094.832187363823,-722.3697239172906,-769.3168870930832,-15127.209513162768,-18352.03629273878,-14387.348656834132,-17566.306946739518,-739.8608563286366,-785.7293459992632,-15370.387949748672,-19055.806227471425,-14627.006464973085,-18253.95349839245,-743.3814847755871,-801.8527290789743,,,,,,,,,,,,,,,,,,,,,,,,,,,,,,,,,,,,,,,,,,
8,3662,477,2767,-27112.92681384298,-22899.755270343267,-25645.127324366797,-21754.72338428175,-1467.7994894761832,-1145.0318860615153,flu_2016,-22877.026245679,-25527.074134048646,-21762.71843075702,-24353.251613247226,-1114.3078149219818,-1173.8225208014185,-22922.248699265816,-27727.704330036377,-21797.013717711772,-26535.173930042183,-1125.2349815540435,-1192.530399994193,-23249.686938171406,-28822.56350827227,-22114.676267297924,-27593.274642644807,-1135.0106708734804,-1229.288865627463,,,,,,,,,,,,,,,,,,,,,,,,,,,,,,,,,,,,,,,,,,
9,4634,642,3778,-34458.12714456882,-29065.92582326524,-32462.065976168822,-27519.59659848524,-1996.061168399994,-1546.3292247799986,flu_2016,-29085.89573290318,-32463.163552411443,-27568.297211024626,-30871.188075245354,-1517.598521878552,-1591.9754771660882,-29139.80595498128,-35279.76944439157,-27612.66155057079,-33657.95290679246,-1527.1444044104885,-1621.8165375991114,-29574.393904670997,-36655.81468085566,-28038.427358183075,-34999.44475955992,-1535.9665464879222,-1656.36992129574,,,,,,,,,,,,,,,,,,,,,,,,,,,,,,,,,,,,,,,,,,
10,5534,794,4601,-41338.23566252445,-34715.172984366494,-38871.51044245905,-32829.79122369987,-2466.7252200653984,-1885.3817606666244,flu_2016,-34793.92179638478,-38854.771955486045,-32935.809224258825,-36901.59565420966,-1858.1125721259536,-1953.1763012763838,-34836.414310645465,-42226.027361020046,-32969.502706414336,-40231.99787216932,-1866.9116042311261,-1994.029488850726,-35341.753480419386,-43855.87310337408,-33458.18696069287,-41829.7934020529,-1883.5665197265223,-2026.0797013211795,,,,,,,,,,,,,,,,,,,,,,,,,,,,,,,,,,,,,,,,,,
11,6293,945,5369,-47035.52405394274,-39476.931852440684,-44140.453213730936,-37250.899476020786,-2895.070840211803,-2226.032376419902,flu_2016,-39584.05365271763,-44223.22125895674,-37383.16679072594,-41912.02958704712,-2200.8868619916902,-2311.1916719096275,-39643.062736968146,-48048.74142611737,-37432.37219272182,-45701.17966613272,-2210.6905442463267,-2347.5617599846537,-40201.88197135129,-49913.20969000011,-37984.796268271784,-47524.62924027462,-2217.0857030795055,-2388.5804497254935,,,,,,,,,,,,,,,,,,,,,,,,,,,,,,,,,,,,,,,,,,
12,7124,1075,6162,-53182.72655597732,-44699.5093318592,-49884.18947922437,-42157.01370572535,-3298.5370767529516,-2542.4956261338475,flu_2016,-44839.25966179172,-50177.11149201598,-42318.328280704234,-47533.440540409974,-2520.9313810874864,-2643.6709516060055,-44910.22591366653,-54523.53323625033,-42385.38153830178,-51844.816695102476,-2524.844375364749,-2678.7165411478586,-45537.035949968624,-56669.37494684705,-42994.00483548369,-53933.476758752404,-2543.03111448493,-2735.8981880946435,,,,,,,,,,,,,,,,,,,,,,,,,,,,,,,,,,,,,,,,,,
13,7862,1216,6913,-58640.91863967336,-49356.98042788966,-54915.13015959242,-46499.60284265281,-3725.7884800809343,-2857.3775852368594,flu_2016,-49514.12375665807,-55415.77884118733,-46678.54982826179,-52439.65583941195,-2835.5739283962785,-2976.1230017753824,-49597.61598826601,-60219.79154220459,-46755.8122641364,-57207.567437019774,-2841.8037241296074,-3012.224105184815,-50287.614229210165,-62589.15181052087,-47424.53157539984,-59519.41978420579,-2863.0826538103274,-3069.732026315078,,,,,,,,,,,,,,,,,,,,,,,,,,,,,,,,,,,,,,,,,,
14,8402,1330,7521,-62810.69883841187,-52855.300191176844,-58762.46058227597,-49747.29417529533,-4048.2382561358954,-3108.0060158815154,flu_2016,-53021.26490988974,-59374.426779527435,-49934.8539445069,-56127.58356788036,-3086.4109653828395,-3246.843211647073,-53116.624442114124,-64526.200361376075,-50014.41998475663,-61246.44783605382,-3102.204457357494,-3279.7525253222566,-53833.64926020168,-67058.84230445726,-50715.62962390374,-63718.35709456801,-3118.0196362979386,-3340.4852098892493,,,,,,,,,,,,,,,,,,,,,,,,,,,,,,,,,,,,,,,,,,
15,8923,1457,8099,-66766.87006168495,-56153.645240437836,-62350.36175168445,-52776.808297191594,-4416.508310000497,-3376.8369432462446,flu_2016,-56322.85990089947,-63152.33562344156,-52970.74704121742,-59624.064506057155,-3352.1128596820463,-3528.2711173844073,-56439.39609335374,-68668.16189677162,-53061.778988760365,-65107.16871640753,-3377.6171045933766,-3560.993180364098,-57213.1314541418,-71363.14749653544,-53816.8599515492,-67731.37247692242,-3396.271502592602,-3631.7750196130232,,,,,,,,,,,,,,,,,,,,,,,,,,,,,,,,,,,,,,,,,,
16,9295,1574,8562,-69622.46693262723,-58486.0717190966,-64878.43980821507,-54878.4301787477,-4744.027124412154,-3607.641540348899,flu_2016,-58664.681935840024,-65768.39296494772,-55079.66602224794,-61993.57986123843,-3585.0159135920826,-3774.813103709285,-58787.85808078384,-71534.94100459515,-55176.357494328375,-67720.62899968315,-3611.5005864554637,-3814.3120049120084,-59616.30728057776,-74333.94083424393,-55977.49752975571,-70439.19202006503,-3638.8097508220535,-3894.748814178886,,,,,,,,,,,,,,,,,,,,,,,,,,,,,,,,,,,,,,,,,,
17,9600,1662,8945,-71909.8818656215,-60439.285093141276,-66921.72835487082,-56651.63525791526,-4988.153510750675,-3787.6498352260137,flu_2016,-60624.960575705154,-67970.33024240048,-56857.521248640754,-64001.491680232226,-3767.4393270644014,-3968.8385621682473,-60752.61382232785,-73928.25755139545,-56954.01991603852,-69918.6992328586,-3798.593906289333,-4009.5583185368455,-61602.59225698465,-76824.00342732642,-57779.16378288592,-72735.77247682448,-3823.428474098735,-4088.2309505019425,,,,,,,,,,,,,,,,,,,,,,,,,,,,,,,,,,,,,,,,,,
18,9863,1734,9293,-73867.13671231999,-62093.188022581286,-68664.63311738186,-58146.89156703942,-5202.503594938133,-3946.2964555418644,flu_2016,-62280.86281206609,-69828.99318137087,-58356.33505810156,-65694.49844050944,-3924.5277539645253,-4134.494740861429,-62413.088980186854,-75958.18966518807,-58451.974966892965,-71783.43738557781,-3961.114013293888,-4174.752279610259,-63290.06819957233,-78928.33317053242,-59302.920698092385,-74669.45105443064,-3987.14750147994,-4258.882116101785,,,,,,,,,,,,,,,,,,,,,,,,,,,,,,,,,,,,,,,,,,
19,10183,1829,9675,-76315.52644397368,-64134.494064801256,-70852.78645504576,-59998.47584127299,-5462.739988927924,-4136.018223528259,flu_2016,-64335.883876769665,-72151.36949473692,-60215.226712288146,-67817.73341550221,-4120.657164481518,-4333.636079234707,-64460.452868679,-78500.3082873243,-60311.613686480276,-74120.76457652188,-4148.839182198722,-4379.5437108024225,-65368.1393427143,-81557.69953418129,-61185.811139443096,-77094.61554153016,-4182.328203271201,-4463.083992651128,,,,,,,,,,,,,,,,,,,,,,,,,,,,,,,,,,,,,,,,,,
20,10412,1873,9970,-78017.62788839433,-65565.20626115342,-72398.61485818509,-61319.085125178826,-5619.013030209238,-4246.121135974587,flu_2016,-65772.50805448125,-73761.86302032942,-61540.6910768361,-69316.78244126828,-4231.816977645149,-4445.08057906113,-65905.72716131007,-80255.93020658566,-61645.371308260655,-75761.5995424677,-4260.355853049422,-4494.3306641179615,-66846.05454420655,-83370.11607843105,-62551.86325030117,-78794.98623524868,-4294.19129390538,-4575.12984318236,,,,,,,,,,,,,,,,,,,,,,,,,,,,,,,,,,,,,,,,,,
21,10607,1928,10208,-79531.34669383893,-66811.10448038591,-73748.86543104752,-62460.1878472972,-5782.481262791406,-4350.916633088714,flu_2016,-67026.76561889821,-75135.2745211642,-62690.32473903626,-70578.72121818541,-4336.440879861942,-4556.553302978788,-67162.64467191459,-81739.28545103176,-62794.51772171081,-77130.41091602395,-4368.126950203785,-4608.8745350078025,-68111.9907809762,-84903.33470373049,-63706.68660899276,-80217.93124062334,-4405.3041719834355,-4685.403463107153,,,,,,,,,,,,,,,,,,,,,,,,,,,,,,,,,,,,,,,,,,
22,10730,1959,10430,-80545.88212716553,-67641.27604214505,-74639.9669743563,-63200.5264012183,-5905.915152809234,-4440.749640926741,flu_2016,-67866.27548890335,-76082.47103116415,-63439.858595699945,-71428.22251776549,-4426.416893203414,-4654.248513398665,-67998.78636812724,-82758.45509193491,-63537.929393867715,-78056.87282200377,-4460.856974259522,-4701.582269931133,-68947.60258988116,-85954.72112656209,-64450.247727716334,-81175.2119975162,-4497.354862164828,-4779.509129045879,,,,,,,,,,,,,,,,,,,,,,,,,,,,,,,,,,,,,,,,,,
23,10846,1990,10589,-81428.77819093758,-68371.62478892252,-75424.59839161475,-63859.20599761766,-6004.179799322829,-4512.418791304866,flu_2016,-68606.40670329136,-76894.32328858553,-64108.25124198732,-72166.2465923972,-4498.155461304036,-4728.076696188315,-68736.3596372407,-83634.91596382434,-64203.65503147996,-78856.67071800018,-4532.704605760748,-4778.245245824168,-69690.26651712872,-86860.59650964383,-65119.36533977542,-82002.30380255748,-4570.901177353305,-4858.292707086358,,,,,,,,,,,,,,,,,,,,,,,,,,,,,,,,,,,,,,,,,,
24,10932,2018,10724,-82081.65395793116,-68908.64626449408,-75984.13707336863,-64330.532429922394,-6097.516884562537,-4578.113834571679,flu_2016,-69148.25107184862,-77484.0258264138,-64582.52764331605,-72684.01778773434,-4565.723428532564,-4800.008038679464,-69277.3520866692,-84270.45197033153,-64678.86121595155,-79422.23919042951,-4598.490870717657,-4848.212779902023,-70236.67617225647,-87515.97215806901,-65600.95360185063,-82588.62228860719,-4635.72257040583,-4927.349869461811,,,,,,,,,,,,,,,,,,,,,,,,,,,,,,,,,,,,,,,,,,
25,11009,2047,10839,-82779.86968680154,-69447.3540996443,-76605.01976869258,-64810.32026414594,-6174.849918108954,-4637.033835498358,flu_2016,-69692.28081514647,-78068.47530890157,-65066.85394825296,-73211.92032620811,-4625.426866893509,-4856.554982693463,-69811.24029122971,-84903.91614472799,-65156.598878738834,-79997.5367338049,-4654.641412490875,-4906.379410923093,-70776.45431840859,-88167.24112025875,-66081.93952135573,-83179.9408148515,-4694.514797052867,-4987.300305407241,,,,,,,,,,,,,,,,,,,,,,,,,,,,,,,,,,,,,,,,,,
0,24,0,19,-170.81256393477173,-239.16287935993782,-166.03482058180708,-225.99308292929885,-4.777743352964635,-13.16979643063896,othervirus_2016,-140.97110082810113,-128.2461046765717,-138.44002173405107,-126.16406257558292,-2.53107909405007,-2.0820421009887706,-137.87762800779257,-133.27436319377045,-134.96526226156675,-131.4176588989597,-2.912365746225821,-1.8567042948107537,-136.58777895967478,-135.4075387833292,-134.41509664491258,-133.17695036390694,-2.1726823147621928,-2.230588419422258,,,,,,,,,,,,,,,,,,,,,,,,,,,,,,,,,,,,,,,,,,
1,44,1,36,-311.80252987241846,-345.9976068130395,-298.8014121331795,-329.0026453179662,-13.001117739238957,-16.994961495073298,othervirus_2016,-259.2626592086511,-230.57698635967915,-252.22955494925571,-224.0128054495637,-7.033104259395399,-6.564180910115444,-253.78486431859446,-236.78779105057887,-246.69006799934988,-230.0837344974937,-7.094796319244576,-6.704056553085154,-250.61322919742568,-240.94816114095084,-243.56966269428858,-234.06169077936053,-7.043566503137104,-6.88647036159031,,,,,,,,,,,,,,,,,,,,,,,,,,,,,,,,,,,,,,,,,,
2,66,2,56,-479.6007253574023,-466.58065504304784,-461.35058086537543,-445.81561473242846,-18.250144492026912,-20.76504031061939,othervirus_2016,-392.55322026833124,-349.3822558391921,-382.69717309291343,-340.5740422447261,-9.856047175417814,-8.808213594466004,-382.90845738519744,-359.3192824093177,-373.2121947716922,-349.83517421729204,-9.69626261350521,-9.484108192025625,-377.43421601072566,-364.72287605881934,-367.74896514063335,-355.82931673142184,-9.68525087009232,-8.893559327397522,,,,,,,,,,,,,,,,,,,,,,,,,,,,,,,,,,,,,,,,,,
3,145,9,116,-1019.0592589917758,-879.4485910981383,-981.1917839073174,-833.3720184895269,-37.86747508445846,-46.07657260861142,othervirus_2016,-859.5069109954779,-747.9187267791204,-830.2913664792437,-719.0213257109867,-29.215544516234253,-28.89740106813377,-834.8000823267056,-761.6477574026309,-805.888514240601,-733.0015791935739,-28.911568086104587,-28.646178209056956,-819.7097786841026,-770.7439902073733,-790.8607259706575,-742.8230721507985,-28.849052713445055,-27.92091805657477,,,,,,,,,,,,,,,,,,,,,,,,,,,,,,,,,,,,,,,,,,
4,256,17,191,-1722.6764038068943,-1401.1891929419437,-1652.8178876338557,-1330.5923125376464,-69.8585161730387,-70.59688040429727,othervirus_2016,-1463.7220414682702,-1260.7891597613973,-1412.1131356527399,-1208.4630577892817,-51.60890581553026,-52.326101972115566,-1426.5256818320693,-1284.6927055031758,-1374.3527567954109,-1232.7680405292685,-52.1729250366585,-51.92466497390723,-1402.5630184622007,-1300.2773072751897,-1350.494911000673,-1248.7113878943803,-52.068107461527774,-51.56591938080952,,,,,,,,,,,,,,,,,,,,,,,,,,,,,,,,,,,,,,,,,,
5,392,24,293,-2563.9909485948974,-2068.1396404076368,-2471.4596691755764,-1975.0057618026963,-92.53127941932121,-93.13387860494048,othervirus_2016,-2224.028101558639,-1920.9851627659518,-2151.393816740483,-1848.211523534857,-72.6342848181557,-72.77363923109495,-2166.034233562002,-1962.3565400788848,-2093.2093522556734,-1889.6639105239328,-72.82488130632869,-72.69262955495205,-2133.106756976276,-1990.7670128428217,-2059.2008295143605,-1918.590392112535,-73.90592746191554,-72.17662073028666,,,,,,,,,,,,,,,,,,,,,,,,,,,,,,,,,,,,,,,,,,
6,518,34,424,-3451.7274105373867,-2733.1832906068225,-3329.293215847196,-2610.567344104219,-122.43419469019071,-122.61594650260352,othervirus_2016,-2973.496425348587,-2590.9870681146435,-2875.234875434553,-2489.5766072978004,-98.26154991403372,-101.41046081684298,-2899.4653409316943,-2643.459500752991,-2800.4453129232106,-2545.2013318469108,-99.02002800848355,-98.25816890608036,-2852.4958629654866,-2688.7903585283125,-2753.1132936624304,-2590.247089111521,-99.38256930305602,-98.54326941679183,,,,,,,,,,,,,,,,,,,,,,,,,,,,,,,,,,,,,,,,,,
7,668,38,551,-4461.998604780891,-3444.4554650749847,-4312.582651582334,-3304.140006396367,-149.4159531985568,-140.31545867861772,othervirus_2016,-3830.015688230901,-3304.747217643836,-3713.362647548123,-3184.124891282675,-116.65304068277847,-120.62232636116097,-3734.21128222304,-3359.492392827208,-3618.888700487707,-3243.918878862787,-115.32258173533334,-115.57351396442068,-3673.4863314437157,-3415.611644109904,-3555.776489024486,-3298.306495064324,-117.70984241922932,-117.30514904558014,,,,,,,,,,,,,,,,,,,,,,,,,,,,,,,,,,,,,,,,,,
8,792,44,661,-5207.270900957486,-3956.2029733925087,-5027.7364698045485,-3791.9300748117666,-179.53443115293828,-164.27289858074218,othervirus_2016,-4498.543521159454,-3816.5902603889763,-4358.2780773141085,-3670.961300714508,-140.26544384534594,-145.62895967446835,-4380.3754054649535,-3857.3352079078627,-4241.021590895092,-3716.9996248856432,-139.35381456986087,-140.33558302221957,-4294.4627459258445,-3915.527825901745,-4153.150354570525,-3772.0488868860443,-141.31239135531908,-143.47893901570075,,,,,,,,,,,,,,,,,,,,,,,,,,,,,,,,,,,,,,,,,,
9,925,54,796,-6106.597450877613,-4609.817489048287,-5885.171440969137,-4413.0415948043865,-221.42600990847572,-196.77589424390032,othervirus_2016,-5281.715002362434,-4469.021976819695,-5112.336045533455,-4295.803802774655,-169.37895682897823,-173.21817404503926,-5139.158555123772,-4509.308914740081,-4970.741347205329,-4342.508112571755,-168.41720791844335,-166.80080216832556,-5029.828262849147,-4575.76340055757,-4860.518786863967,-4405.526366334435,-169.30947598518046,-170.23703422313525,,,,,,,,,,,,,,,,,,,,,,,,,,,,,,,,,,,,,,,,,,
10,1086,62,941,-7085.097825239759,-5315.705252782426,-6840.807965825583,-5092.350822680795,-244.28985941417628,-223.3544301016306,othervirus_2016,-6168.3601672794875,-5174.674128733991,-5973.155371885724,-4977.914335683646,-195.2047953937633,-196.75979305034494,-5995.200978899055,-5208.4008151841645,-5801.4199979403065,-5018.340716672334,-193.7809809587486,-190.06009851183035,-5856.7544270667495,-5276.316545442529,-5662.419542435439,-5083.618803528052,-194.33488463131016,-192.69774191447647,,,,,,,,,,,,,,,,,,,,,,,,,,,,,,,,,,,,,,,,,,
11,1192,72,1076,-7736.291821761255,-5783.340472866033,-7452.997848113351,-5526.437991338331,-283.2939736479042,-256.9024815277023,othervirus_2016,-6741.828924853264,-5645.040757291543,-6514.556666495373,-5415.100212274529,-227.2722583578911,-229.94054501701297,-6556.459768493067,-5684.3579427473605,-6327.962901102761,-5458.546408346252,-228.4968673903057,-225.81153440110864,-6408.149197688678,-5757.564766798107,-6180.561574130973,-5528.49146635937,-227.58762355770554,-229.0733004387368,,,,,,,,,,,,,,,,,,,,,,,,,,,,,,,,,,,,,,,,,,
12,1386,85,1253,-9039.742599574396,-6760.858486742717,-8714.332210886238,-6465.768534797724,-325.41038868815906,-295.089951944993,othervirus_2016,-7883.564221398685,-6617.697053513711,-7619.405420208117,-6355.792233709966,-264.1588011905675,-261.9048198037445,-7657.922403085142,-6664.255118690654,-7395.322312096307,-6406.485789320638,-262.600090988835,-257.76932937001544,-7469.219332492891,-6751.889316571723,-7207.793876136943,-6490.039125824902,-261.42545635594774,-261.8501907468206,,,,,,,,,,,,,,,,,,,,,,,,,,,,,,,,,,,,,,,,,,
13,1601,95,1445,-10483.762752034783,-7754.33755836641,-10124.791304501528,-7431.594510345222,-358.9714475332552,-322.7430480211875,othervirus_2016,-9123.917859938832,-7618.268116129089,-8835.187294645255,-7332.138747522045,-288.7305652935778,-286.129368607044,-8857.98670347669,-7656.919227765819,-8568.168048636433,-7376.8983981123465,-289.8186548402569,-280.02082965347256,-8624.667122564322,-7751.782676982684,-8336.74661141225,-7466.588930814891,-287.92051115207204,-285.1937461677938,,,,,,,,,,,,,,,,,,,,,,,,,,,,,,,,,,,,,,,,,,
14,1856,107,1674,-12218.312798433333,-8935.755410714677,-11791.533863956236,-8567.891409382719,-426.7789344770968,-367.86400133195906,othervirus_2016,-10606.713690134198,-8807.126601588121,-10274.51865685268,-8474.164523565572,-332.1950332815178,-332.96207802254906,-10292.443495905365,-8842.029060748253,-9957.12690000996,-8511.93908686097,-335.31659589540436,-330.08997388728244,-10016.580230130707,-8944.446857368745,-9683.412851686173,-8612.515559541383,-333.16737844453434,-331.9312978273615,,,,,,,,,,,,,,,,,,,,,,,,,,,,,,,,,,,,,,,,,,
15,2065,118,1878,-13687.288534364165,-9964.216545885742,-13216.688123819446,-9559.876219676084,-470.60041054471867,-404.3403262096578,othervirus_2016,-11866.631414876749,-9841.393365075295,-11497.453304088584,-9472.912624508865,-369.178110788165,-368.4807405664306,-11501.915268370114,-9880.030573823142,-11130.650124149099,-9514.352328156572,-371.2651442210154,-365.67824566656935,-11183.365333768606,-9994.117616841204,-10813.229104627855,-9624.709305405879,-370.13622914075074,-369.4083114353258,,,,,,,,,,,,,,,,,,,,,,,,,,,,,,,,,,,,,,,,,,
16,2331,137,2154,-15515.041071544834,-11267.646870374489,-14975.376868453426,-10811.731831395493,-539.6642030914084,-455.91503897899554,othervirus_2016,-13432.618522940018,-11154.366344385764,-13011.899122976718,-10730.941057813016,-420.71939996329934,-423.4252865727477,-13020.50195529934,-11201.103921430627,-12593.85592125501,-10781.537753335546,-426.64603404433075,-419.56616809508125,-12655.920338307333,-11334.825988501652,-12229.850647248248,-10909.556351754816,-426.06969105908576,-425.2696367468367,,,,,,,,,,,,,,,,,,,,,,,,,,,,,,,,,,,,,,,,,,
17,2602,150,2409,-17227.726558799633,-12410.795215648577,-16637.75658089755,-11911.480395633283,-589.9699779020837,-499.3148200152931,othervirus_2016,-14938.928243733562,-12315.575207875341,-14472.319316506622,-11844.935523018074,-466.60892722694064,-470.63968485726787,-14470.464090579502,-12334.620096146478,-13999.228312111149,-11871.549194179592,-471.2357784683533,-463.0709019668857,-14048.174022285933,-12474.929981163494,-13577.062086756987,-12003.106177540136,-471.11193552894616,-471.82380362335874,,,,,,,,,,,,,,,,,,,,,,,,,,,,,,,,,,,,,,,,,,
18,2862,165,2674,-18978.891945190982,-13612.58056559234,-18328.454981682902,-13067.760357835341,-650.4369635080794,-544.8202077569988,othervirus_2016,-16435.804425967817,-13527.323645980294,-15922.41606017331,-13009.043399063472,-513.388365794508,-518.2802469168225,-15917.659846873277,-13543.900796110187,-15399.528994196682,-13034.597176207446,-518.1308526765959,-509.30361990274145,-15450.96950125299,-13697.292206768127,-14932.290195786114,-13176.881945580943,-518.6793054668755,-520.4102611871841,,,,,,,,,,,,,,,,,,,,,,,,,,,,,,,,,,,,,,,,,,
19,3051,181,2875,-20258.720477079143,-14484.896440952043,-19547.603798802244,-13893.771731320066,-711.1166782768993,-591.1247096319773,othervirus_2016,-17528.85267901191,-14406.78933764286,-16968.655135580884,-13845.449729050288,-560.197543431026,-561.3396085925725,-16966.38382277785,-14423.169809881972,-16403.901914084803,-13867.882013660143,-562.4819086930477,-555.287796221829,-16461.27618435645,-14577.38034320292,-15899.18812775672,-14014.707903224149,-562.0880565997304,-562.6724399787712,,,,,,,,,,,,,,,,,,,,,,,,,,,,,,,,,,,,,,,,,,
20,3222,194,3081,-21432.41782060346,-15265.773961528159,-20658.83423059022,-14630.755616424432,-773.5835900132405,-635.0183451037257,othervirus_2016,-18530.201734813705,-15198.830276376251,-17926.768322965287,-14590.93776301165,-603.433411848419,-607.8925133646007,-17927.0989387783,-15206.503275095736,-17321.46996247306,-14604.642327955957,-605.6289763052425,-601.8609471397801,-17380.69861124256,-15362.984335498246,-16775.53015204901,-14753.605894800268,-605.1684591935475,-609.378440697977,,,,,,,,,,,,,,,,,,,,,,,,,,,,,,,,,,,,,,,,,,
21,3367,208,3246,-22570.868576307526,-16069.92764999465,-21728.614923588295,-15394.585902085793,-842.253652719231,-675.3417479088566,othervirus_2016,-19454.439662988367,-16002.772703198532,-18811.864843646796,-15360.264493874414,-642.5748193415702,-642.5082093241178,-18814.482159851814,-16032.158863627132,-18170.304940029742,-15391.927214186568,-644.1772198220701,-640.2316494405649,-18233.518618831575,-16195.897430002302,-17590.866142381692,-15547.930494940343,-642.6524764498837,-647.9669350619591,,,,,,,,,,,,,,,,,,,,,,,,,,,,,,,,,,,,,,,,,,
22,3480,217,3366,-23306.527498142932,-16596.765149663715,-22426.726157557296,-15895.235033262665,-879.8013405856364,-701.5301164010501,othervirus_2016,-20104.713432276578,-16537.421548735423,-19435.668226390113,-15866.526955975423,-669.0452058864661,-670.8945927599996,-19441.72382269454,-16563.723653790643,-18771.359708266245,-15897.417555977692,-670.3641144282968,-666.3060978129511,-18840.309204838402,-16730.2674723406,-18169.147129952224,-16056.829415337246,-671.1620748861801,-673.4380570033538,,,,,,,,,,,,,,,,,,,,,,,,,,,,,,,,,,,,,,,,,,
23,3587,224,3487,-24061.367063065583,-17096.907397822095,-23153.000599276886,-16372.398411777905,-908.3664637886978,-724.5089860441899,othervirus_2016,-20740.5256344229,-17044.790547342418,-20049.69338948626,-16354.09394570031,-690.8322449366392,-690.6966016421082,-20055.31296870634,-17065.566428355607,-19363.494250047326,-16378.575366583813,-691.818718659014,-686.9910617717928,-19430.044432507206,-17235.93074951075,-18737.627376411605,-16542.991285312542,-692.4170560955994,-692.9394641982059,,,,,,,,,,,,,,,,,,,,,,,,,,,,,,,,,,,,,,,,,,
24,3691,232,3606,-24729.292852731214,-17551.203491728887,-23794.62902414504,-16807.254509424693,-934.663828586175,-743.9489823041941,othervirus_2016,-21319.288280285673,-17498.760755085175,-20608.6017804966,-16789.980973099726,-710.6864997890738,-708.7797819854492,-20615.584040739384,-17517.223279110513,-19902.968794593664,-16811.7998563894,-712.6152461457214,-705.4234227211134,-19970.99940849804,-17687.767239277582,-19258.50173561912,-16976.290348644998,-712.4976728789198,-711.4768906325861,,,,,,,,,,,,,,,,,,,,,,,,,,,,,,,,,,,,,,,,,,
25,3785,246,3708,-25399.887991172975,-17995.19440625197,-24416.065632612273,-17215.9061266986,-983.8223585607019,-779.2882795533689,othervirus_2016,-21869.42095379026,-17943.134728149333,-21122.045057248975,-17199.10799415491,-747.3758965412853,-744.0267339944214,-21147.445735851103,-17960.432532139897,-20400.585960612716,-17221.269602265213,-746.8597752383877,-739.1629298746864,-20490.181373306565,-18135.957126597736,-19742.326514655084,-17388.33946832835,-747.8548586514817,-747.6176582693837,,,,,,,,,,,,,,,,,,,,,,,,,,,,,,,,,,,,,,,,,,
0,22,2,14,-214.17707058007332,-216.86438654636314,-203.35607361061315,-207.1603260185239,-10.820996969460166,-9.704060527839234,flu_2017,-165.00770261999284,-179.64093073319154,-158.06270715705114,-173.55676861811736,-6.944995462941712,-6.084162115074175,-160.22399564853856,-194.7587460499058,-153.59927196878803,-187.53486288991502,-6.624723679750528,-7.223883159990777,-156.73236497172928,-198.50038404687024,-150.4754707146861,-193.87243804373105,-6.2568942570431645,-4.627946003139172,-160.96701396492267,-181.71552970013198,-154.46952290978717,-175.84694588831414,-6.4974910551354865,-5.868583811817853,,,,,,,,,,,,,,,,,,,,,,,,,,,,,,,,,,,,
1,53,8,36,-505.28729181397296,-447.63494938190206,-465.39924729554434,-424.5648004161809,-39.8880445184286,-23.07014896572118,flu_2017,-398.89221702406206,-440.4687039403843,-376.22851800232405,-420.9410726950156,-22.663699021738022,-19.52763124536871,-391.36747480029254,-478.8048085832601,-369.269781583679,-454.51928069285975,-22.09769321661357,-24.285527890400363,-383.1952750643187,-488.6722533551528,-362.39839609819126,-470.20260590870146,-20.796878966127466,-18.469647446451326,-391.3241640299568,-447.1186375020148,-369.3653658762705,-424.77168502972324,-21.958798153686306,-22.346952472291527,,,,,,,,,,,,,,,,,,,,,,,,,,,,,,,,,,,,
2,88,10,60,-757.5386867862699,-663.0837226754059,-703.695607627459,-633.3285509866259,-53.84307915881082,-29.755171688779914,flu_2017,-608.1024768130418,-664.1191159231142,-577.6546597885913,-637.9373028906405,-30.44781702445053,-26.18181303247372,-600.4302154452206,-720.0306870727868,-569.3520883501326,-687.9777837660604,-31.078127095088036,-32.05290330672643,-590.4330094677313,-736.2212644860456,-561.5889733235098,-711.7130157603269,-28.844036144221462,-24.50824872571866,-598.0530745287449,-676.1192188246833,-567.9357045285213,-645.8228555495093,-30.11737000022351,-30.296363275174045,,,,,,,,,,,,,,,,,,,,,,,,,,,,,,,,,,,,
3,110,15,87,-920.9615073477406,-802.2398489260223,-850.7373923050839,-759.2540625549387,-70.2241150426568,-42.985786371083584,flu_2017,-746.859539293005,-810.129009105415,-704.3837037336214,-771.4667997031357,-42.4758355593837,-38.66220940227921,-737.0916081041516,-877.5007772862326,-693.9264184325816,-830.9313387890878,-43.16518967157006,-46.569438497144816,-727.3487206622228,-896.6241115474902,-685.3754449895745,-859.4353815498555,-41.973275672648356,-37.18872999763471,-734.1539373101771,-823.0045134982616,-692.4356450236319,-780.8401309000727,-41.71829228654514,-42.16438259818893,,,,,,,,,,,,,,,,,,,,,,,,,,,,,,,,,,,,
4,164,22,129,-1408.772805602983,-1175.6281165935054,-1319.0637495275105,-1113.1994933244378,-89.7090560754726,-62.428623269067565,flu_2017,-1132.9797923928759,-1238.0677251181164,-1075.636221095393,-1184.3100669659266,-57.34357129748288,-53.75765815218995,-1117.7145644502516,-1339.3845228141818,-1058.3890255816264,-1278.375639027691,-59.32553886862536,-61.008883786490756,-1097.9788657250726,-1372.1183475298055,-1041.9516314152997,-1321.0548101097686,-56.027234309772965,-51.06353742003688,-1117.0177144587176,-1257.3865542249673,-1059.6333317924666,-1198.763579654537,-57.38438266625099,-58.622974570430486,,,,,,,,,,,,,,,,,,,,,,,,,,,,,,,,,,,,
5,220,33,185,-1842.7029112391185,-1543.7753320800377,-1719.3807011672152,-1455.010848527033,-123.32221007190338,-88.76448355300474,flu_2017,-1497.9457661016213,-1643.4769848020592,-1415.1076985815534,-1563.3379633000825,-82.83806752006797,-80.13902150197664,-1480.6872715140735,-1780.065723946814,-1396.4803932146451,-1692.2547662647453,-84.20687829942841,-87.81095768206859,-1461.2150661277317,-1830.1787033311027,-1380.7208345063682,-1750.649758094814,-80.49423162136358,-79.52894523628872,-1481.7410884439284,-1673.1192088242215,-1399.404438299102,-1588.9430381874279,-82.33665014482645,-84.17617063679353,,,,,,,,,,,,,,,,,,,,,,,,,,,,,,,,,,,,
6,300,39,248,-2515.243185531565,-2064.8201381295116,-2362.7568209132105,-1958.0455559175189,-152.4863646183543,-106.77458221199262,flu_2017,-2043.0233528865538,-2253.936215025341,-1941.5610705228137,-2154.456316407197,-101.46228236374003,-99.47989861814389,-2018.0913633243815,-2437.840747157829,-1913.5114735398297,-2330.055706757171,-104.5798897845519,-107.78504040065825,-1986.214126664361,-2511.474809183582,-1888.0550818218767,-2414.346685078105,-98.15904484248432,-97.1281241054765,-2016.89260066044,-2288.2422085548947,-1915.4473531047713,-2184.1056938591582,-101.44524755566854,-104.13651469573651,,,,,,,,,,,,,,,,,,,,,,,,,,,,,,,,,,,,
7,365,47,309,-2971.022317490553,-2465.26561087662,-2788.272019819448,-2336.28874198403,-182.75029767110536,-128.97686889259012,flu_2017,-2442.0533075417798,-2695.084642863467,-2320.205213878715,-2573.014604446492,-121.84809366306503,-122.07003841697517,-2417.226438778168,-2914.7720559478203,-2291.7614066594324,-2784.717624892211,-125.46503211873546,-130.0544310556091,-2386.26946470754,-3008.5066648158145,-2266.5191312648544,-2886.942004943281,-119.75033344268543,-121.56465987253354,-2416.132160953743,-2737.6634998196782,-2294.4494224696855,-2613.7750949947654,-121.6827384840578,-123.88840482491274,,,,,,,,,,,,,,,,,,,,,,,,,,,,,,,,,,,,
8,441,64,377,-3526.8025216683377,-2940.7242956298705,-3294.6186466994554,-2772.446969453889,-232.18387496888238,-168.27732617598153,flu_2017,-2922.5633472028644,-3233.109497635548,-2765.587558048913,-3073.165252327846,-156.97578915395178,-159.94424530770237,-2894.413038442166,-3495.8969093328515,-2733.7380002198965,-3328.262711274322,-160.67503822226956,-167.6341980585293,-2864.360655239031,-3613.301024695607,-2706.5805639513155,-3450.074604624453,-157.78009128771552,-163.22642007115383,-2893.7498861768267,-3285.1195936830018,-2736.9389639739475,-3125.129683261749,-156.81092220287925,-159.98991042125266,,,,,,,,,,,,,,,,,,,,,,,,,,,,,,,,,,,,
9,509,69,440,-4116.320556920923,-3401.056795210299,-3862.4052696832487,-3215.0597699970363,-253.91528723767445,-185.99702521326265,flu_2017,-3405.005874250407,-3779.91423685864,-3232.326972072394,-3601.1576488717783,-172.678902178013,-178.7565879868614,-3371.064964351954,-4084.828349569857,-3193.682377615213,-3898.7980411092317,-177.38258673674073,-186.0303084606253,-3331.044095761902,-4224.652802536128,-3156.694978204726,-4041.3951050233927,-174.3491175571761,-183.25769751273452,-3370.488404712379,-3833.9449669006312,-3197.702946331813,-3657.172195993604,-172.7854583805662,-176.77277090702722,,,,,,,,,,,,,,,,,,,,,,,,,,,,,,,,,,,,
10,575,84,511,-4643.266048997332,-3830.777397958113,-4343.780802330593,-3611.1368563646665,-299.4852466667389,-219.6405415934464,flu_2017,-3855.7273057015154,-4287.478298945245,-3649.849138017182,-4070.7903833467403,-205.87816768433314,-216.68791559850462,-3819.642436014262,-4627.073529350308,-3606.9645519587593,-4405.939727249311,-212.6778840555025,-221.133802100997,-3772.381488869668,-4787.936382831139,-3563.1893676785508,-4568.025477745784,-209.19212119111728,-219.91090508535467,-3814.3871301507897,-4342.2028974287805,-3607.834694198081,-4132.018922665457,-206.55243595270903,-210.183974763324,,,,,,,,,,,,,,,,,,,,,,,,,,,,,,,,,,,,
11,690,100,605,-5603.258081742784,-4580.871783140091,-5258.773566834445,-4323.406322209758,-344.48451490833975,-257.46546093033214,flu_2017,-4633.584033274948,-5136.718466859801,-4391.900614677702,-4883.972642651252,-241.68341859724546,-252.7458242085498,-4585.932551841215,-5542.846714894075,-4336.2782632261715,-5286.414685183555,-249.65428861504407,-256.4320297105209,-4528.106540455402,-5730.911044044975,-4282.349782116566,-5474.131964723313,-245.75675833883633,-256.77907932166175,-4583.051372728978,-5199.305528305888,-4340.346918845201,-4953.637092948562,-242.70445388377752,-245.66843535732662,,,,,,,,,,,,,,,,,,,,,,,,,,,,,,,,,,,,
12,774,112,700,-6178.624405483186,-5085.470709603263,-5797.461709311099,-4792.984440316989,-381.16269617208627,-292.4862692862733,flu_2017,-5144.284632559574,-5691.788661547394,-4872.431484890462,-5404.627300661139,-271.85314766911114,-287.161360886255,-5096.107761773968,-6136.163577933908,-4811.35896080246,-5848.368602006845,-284.74880097150833,-287.7949759270625,-5029.319903611238,-6344.787576297633,-4753.269994326323,-6056.716806936771,-276.0499092849153,-288.07076936086173,-5090.117609515735,-5763.211994455646,-4815.217924520075,-5484.413638296653,-274.8996849956603,-278.79835615899395,,,,,,,,,,,,,,,,,,,,,,,,,,,,,,,,,,,,
13,908,128,823,-7256.99113975434,-5970.569781323303,-6816.273511277088,-5633.0606474876095,-440.71762847725256,-337.50913383569366,flu_2017,-6057.796567127102,-6680.0200298713835,-5740.768047205904,-6347.246137164595,-317.02851992119827,-332.77389270678816,-5991.479273106252,-7198.8591586458815,-5662.60320573113,-6864.597727636043,-328.87606737512147,-334.26143100983904,-5913.1875171275615,-7444.340333893189,-5593.8368328516135,-7111.3061027403255,-319.3506842759481,-333.03423115286404,-5995.46189508142,-6765.842662634088,-5676.939123255541,-6443.956250801186,-318.5227718258793,-321.8864118329017,,,,,,,,,,,,,,,,,,,,,,,,,,,,,,,,,,,,
14,1045,142,944,-8289.376361925903,-6821.770591905546,-7801.432837550682,-6446.219055519,-487.94352437522105,-375.55153638654565,flu_2017,-6936.227678883453,-7651.571714172967,-6579.471751773869,-7279.575482557673,-356.7559271095839,-371.9962316152938,-6857.170787364216,-8250.156921193147,-6490.4678168048285,-7875.553889285103,-366.70297055938767,-374.6030319080452,-6770.791525937177,-8529.500472284408,-6414.474032866788,-8157.564632553588,-356.31749307038933,-371.93583973081985,-6866.308000196432,-7752.0486686299555,-6509.9138170105125,-7391.7764724407725,-356.3941831859195,-360.27219618918286,,,,,,,,,,,,,,,,,,,,,,,,,,,,,,,,,,,,
15,1214,171,1113,-9726.190863042331,-7965.1481321589745,-9153.559973657246,-7520.901746463431,-572.6308893850864,-444.2463856955435,flu_2017,-8125.349623741643,-8955.433613103625,-7702.282138834876,-8512.789509341255,-423.0674849067675,-442.64410376236907,-8030.8422786256,-9646.735185458245,-7595.046730363787,-9202.730701369952,-435.79554826181305,-444.00448408829345,-7923.165955145663,-9973.505910445652,-7499.056829126939,-9529.325540736307,-424.10912601872406,-444.1803697093449,-8041.837927760041,-9066.243076332526,-7618.675796178364,-8636.93559111123,-423.16213158167676,-429.3074852212958,,,,,,,,,,,,,,,,,,,,,,,,,,,,,,,,,,,,
16,1355,186,1241,-10853.246868095765,-8868.713365085594,-10230.792335449922,-8383.382552976958,-622.4545326458425,-485.330812108636,flu_2017,-9069.287293069387,-9975.452137965556,-8605.787505903241,-9489.439205362341,-463.49978716614606,-486.0129326032147,-8953.201415336034,-10743.368428491192,-8476.820244949147,-10256.705438391926,-476.3811703868876,-486.66299009926695,-8825.840020458198,-11100.540563071803,-8361.506803121501,-10612.2230813809,-464.3332173366961,-488.3174816909036,-8979.478103124806,-10095.890002295477,-8516.40533929976,-9626.367644292714,-463.0727638250468,-469.5223580027633,,,,,,,,,,,,,,,,,,,,,,,,,,,,,,,,,,,,
17,1509,207,1376,-12021.252576946677,-9848.729623863834,-11338.614012389782,-9316.544190572928,-682.6385645568961,-532.1854332909053,flu_2017,-10066.764103406262,-11067.513288777192,-9558.192251460792,-10532.377593252557,-508.5718519454702,-535.1356955246362,-9940.649429744317,-11918.325147574018,-9416.97568731491,-11383.356013844532,-523.6737424294057,-534.9691337294859,-9806.574145190383,-12311.82997219262,-9296.540393448346,-11774.470785481493,-510.0337517420383,-537.3591867111254,-9972.214560617726,-11205.507801280677,-9463.28333327089,-10689.409210774904,-508.93122734683413,-516.098590505774,,,,,,,,,,,,,,,,,,,,,,,,,,,,,,,,,,,,
18,1648,230,1535,-13136.057105537688,-10758.50063203925,-12367.681662404524,-10161.567448811702,-768.3754431331638,-596.933183227548,flu_2017,-11011.260474336816,-12120.520678794604,-10436.633080741136,-11515.41887969344,-574.6273935956796,-605.1017991011652,-10871.016443889563,-13052.359183173972,-10283.301737569751,-12447.283283630779,-587.7147063198126,-605.075899543193,-10725.33827537993,-13485.417411700635,-10151.22801567688,-12878.445165118874,-574.1102597030517,-606.9722465817616,-10908.834678791234,-12267.926788602417,-10335.990618502452,-11687.074103192472,-572.8440602887817,-580.852685409945,,,,,,,,,,,,,,,,,,,,,,,,,,,,,,,,,,,,
19,1794,243,1657,-14315.173270250014,-11700.679630767541,-13503.368880710737,-11071.926590379138,-811.8043895392774,-628.753040388403,flu_2017,-11984.77543799199,-13167.504352809785,-11378.851361617513,-12534.207554463468,-605.9240763744774,-633.2967983463168,-11823.589631541314,-14184.465204768705,-11203.619724991066,-13548.10627663426,-619.9699065502487,-636.3589281344448,-11669.838349438556,-14661.532574871173,-11063.01921351493,-14020.713674094392,-606.8191359236255,-640.8189007767818,-11872.569783113813,-13337.276068990603,-11267.373058922021,-12725.241508413128,-605.1967241917911,-612.0345605774737,,,,,,,,,,,,,,,,,,,,,,,,,,,,,,,,,,,,
20,1934,267,1822,-15506.26537198693,-12628.475535954272,-14621.469564001378,-11936.9052970188,-884.795807985553,-691.570238935472,flu_2017,-12953.317331194714,-14220.886070544717,-12286.454909626675,-13521.441996280328,-666.8624215680397,-699.44407426439,-12774.328401489227,-15312.437744985731,-12093.085068342296,-14612.083829978983,-681.243333146931,-700.3539150067488,-12601.873349186326,-15826.789732251153,-11933.582065728238,-15121.518767955733,-668.2912834580876,-705.2709642954195,-12822.707878214716,-14392.500136265542,-12157.507632630504,-13720.547158459294,-665.2002455842115,-671.9529778062484,,,,,,,,,,,,,,,,,,,,,,,,,,,,,,,,,,,,
21,2058,279,1954,-16576.124861300934,-13457.158740173196,-15631.456499896025,-12725.651515088704,-944.6683614049072,-731.5072250844918,flu_2017,-13816.177878641669,-15169.889340991029,-13108.866586808508,-14430.12946725598,-707.3112918331608,-739.7598737350488,-13625.915805309998,-16336.786482376498,-12904.040950975428,-15595.032641745502,-721.8748543345703,-741.7538406309956,-13435.42216374276,-16888.923256418664,-12726.617790619805,-16139.93094734689,-708.8043731229546,-748.9923090717758,-13676.390214466679,-15354.657396585037,-12970.34413361023,-14641.376863034933,-706.0460808564486,-713.2805335501042,,,,,,,,,,,,,,,,,,,,,,,,,,,,,,,,,,,,
22,2155,295,2068,-17421.921737137174,-14103.768639009073,-16424.31907988739,-13331.415956431627,-997.6026572497833,-772.3526825774469,flu_2017,-14500.218298503012,-15896.00160574933,-13751.281997183207,-15113.719877273434,-748.9363013198051,-782.2817284758963,-14294.637520870921,-17112.071690686404,-13531.645794627939,-16327.664336795902,-762.9917262429826,-784.4073538905013,-14089.396583694886,-17684.974805507838,-13338.526836799972,-16894.69906788542,-750.8697468949132,-790.2757376224172,-14350.129100309943,-16084.004968036175,-13603.825287274378,-15331.479054619429,-746.3038130355651,-752.5259134167459,,,,,,,,,,,,,,,,,,,,,,,,,,,,,,,,,,,,
23,2216,309,2144,-17964.13952175419,-14524.472712388642,-16929.871351313468,-13722.788713957396,-1034.2681704407235,-801.6839984312458,flu_2017,-14947.507532457545,-16393.232802575996,-14169.917532429256,-15581.237333604058,-777.5900000282882,-811.995468971939,-14734.09751446307,-17648.358441643497,-13941.458479502902,-16832.980949137713,-792.6390349601676,-815.3774925057858,-14519.261398493634,-18241.890960324334,-13738.007923778994,-17419.539080131766,-781.2534747146398,-822.3518801925691,-14789.876771864952,-16584.357028070648,-14014.742199605103,-15803.745322246552,-775.1345722598483,-780.6117058240943,,,,,,,,,,,,,,,,,,,,,,,,,,,,,,,,,,,,
24,2286,318,2218,-18608.548486230677,-15013.74567264178,-17537.793187172527,-14185.81894047439,-1070.755299058151,-827.9267321673898,flu_2017,-15467.868937024166,-16969.795610387286,-14664.338296244836,-16130.991455726116,-803.5306407793299,-838.8041546611688,-15244.75213057015,-18267.385752840986,-14424.660698818721,-17426.494423162298,-820.0914317514297,-840.891329678689,-15015.291179507725,-18881.369630730747,-14207.28998977891,-18033.37660267391,-808.0011897288144,-847.9930280568368,-15301.57913328229,-17163.765799526886,-14500.265231095524,-16357.732195484521,-801.3139021867663,-806.0336040423641,,,,,,,,,,,,,,,,,,,,,,,,,,,,,,,,,,,,
25,2346,333,2279,-19138.742944634632,-15414.917687517718,-18031.748962703536,-14557.251445295315,-1106.9939819310982,-857.6662422224043,flu_2017,-15885.384254758603,-17422.784025898218,-15053.066028383893,-16557.036432734916,-832.31822637471,-865.7475931633027,-15657.451556486843,-18758.21203693546,-14807.910054908094,-17890.118071035296,-849.5415015787494,-868.0939659001621,-15420.904519421128,-19389.129378906022,-14583.040811503119,-18511.091520725524,-837.8637079180091,-878.0378581804979,-15715.243291820932,-17623.449317989413,-14884.151844166618,-16789.2245650855,-831.0914476543148,-834.2247529039132,,,,,,,,,,,,,,,,,,,,,,,,,,,,,,,,,,,,
0,30,1,14,-218.1993622022354,-292.19541418946284,-215.23651624312188,-282.4913536616236,-2.9628459591135075,-9.704060527839234,othervirus_2017,-182.4119016715852,-151.27178950707088,-180.35086069795798,-148.7366522080635,-2.061040973627242,-2.535137299007364,-178.30421125598482,-151.86917747833087,-176.440285584076,-150.3767197616534,-1.863925671908827,-1.4924577166774784,-172.6477719323544,-153.6744628137515,-170.9459245120805,-151.63971531608397,-1.7018474202738971,-2.03474749766752,-180.67810040085263,-150.77323943090042,-178.65681598320134,-149.23588237435908,-2.02128441765128,-1.5373570565413381,,,,,,,,,,,,,,,,,,,,,,,,,,,,,,,,,,,,
1,67,1,38,-448.6885720039784,-470.00268387987114,-443.5216114670121,-457.09386992904336,-5.166960536966279,-12.908813950827778,othervirus_2017,-391.7595996169473,-316.3252573576577,-387.10960456364745,-311.7178434975413,-4.649995053299872,-4.607413860116378,-380.000075577103,-315.633838402747,-375.5622202565236,-311.90831880435945,-4.43785532057947,-3.7255195983875886,-368.4889352561245,-317.93790632661484,-364.29657237723745,-313.81659084219825,-4.192362878887009,-4.121315484416572,-386.95686689822725,-315.314035216351,-382.33779749470125,-311.9003173719292,-4.619069403525996,-3.413717844421819,,,,,,,,,,,,,,,,,,,,,,,,,,,,,,,,,,,,
2,86,4,63,-608.3442019927606,-599.9400913673051,-591.4694304536714,-575.9146807773632,-16.874771539089252,-24.0254105899419,othervirus_2017,-531.8475543249641,-447.8486900368222,-517.3414968592838,-433.34746083646303,-14.506057465680362,-14.501229200359173,-517.0556101954754,-449.4952052292447,-502.2391766235105,-436.00283407643656,-14.816433571964946,-13.492371152808103,-501.42613979422447,-455.3138136620872,-487.01188622856665,-440.46280318594785,-14.414253565657788,-14.851010476139354,-523.4101651678627,-445.29685015114666,-508.70285447905167,-432.1103497157916,-14.707310688811011,-13.186500435355097,,,,,,,,,,,,,,,,,,,,,,,,,,,,,,,,,,,,
3,123,7,99,-839.191587161647,-778.338036970381,-817.4349811134836,-746.333777131758,-21.756606048163448,-32.0042598386231,othervirus_2017,-744.0536360761519,-627.8934115449294,-722.7469514161693,-606.7379493781889,-21.306684659982565,-21.155462166740605,-726.8294156398276,-626.6093700768956,-704.4629920836613,-608.1075134361508,-22.36642355616631,-18.501856640744798,-704.7373424069881,-635.2566493108874,-682.8809257510629,-613.2936061300602,-21.856416655925116,-21.96304318082718,-733.5414412968191,-622.9966502211944,-711.4934819668387,-603.9027185452233,-22.047959329980525,-19.093931675971078,,,,,,,,,,,,,,,,,,,,,,,,,,,,,,,,,,,,
4,178,10,144,-1174.222011165762,-1035.7247755533474,-1141.6990911778792,-993.4381858622501,-32.52291998788296,-42.28658969109739,othervirus_2017,-1054.7068095886473,-879.8292918771162,-1023.357550220258,-849.1170547952669,-31.349259368389404,-30.712237081849345,-1027.540586873001,-875.9204510042235,-995.2335962744755,-847.7331516749227,-32.306990598525466,-28.187299329300814,-994.5257948733399,-886.5760416717998,-963.5568359056617,-855.4624460160919,-30.968958967678144,-31.113595655707854,-1038.0245470117998,-873.0686060050097,-1006.3406152612511,-844.3068854736323,-31.683931750548822,-28.76172053137733,,,,,,,,,,,,,,,,,,,,,,,,,,,,,,,,,,,,
5,246,15,205,-1600.2398123528176,-1328.9904412704489,-1547.6407128909163,-1268.5786586424854,-52.59909946190116,-60.41178262796356,othervirus_2017,-1433.1324188512187,-1170.215789524907,-1385.624587821803,-1124.6169171796646,-47.5078310294157,-45.59887234524243,-1393.3655397276632,-1159.778841733493,-1345.8551604051452,-1115.7626428929623,-47.51037932251792,-44.016198840530606,-1350.8261847233834,-1169.9206086823078,-1304.367265218131,-1123.5280310948394,-46.45891950525239,-46.39257758746828,-1408.7956228781688,-1160.278933462285,-1361.395886472975,-1116.2066857723416,-47.39973640519373,-44.07224768994343,,,,,,,,,,,,,,,,,,,,,,,,,,,,,,,,,,,,
6,313,17,254,-2009.0072495638035,-1667.0734925951533,-1948.7906597045476,-1597.9059002299305,-60.21658985925601,-69.16759236522282,othervirus_2017,-1815.7706756775106,-1510.6179420945784,-1760.8008649677388,-1457.499790121761,-54.96981070977169,-53.11815197281746,-1766.7452065468165,-1501.200007274964,-1712.4154155441151,-1449.964136725551,-54.32979100270142,-51.235870549413065,-1717.4503257426627,-1518.3104867740644,-1663.7969289262137,-1464.243059475322,-53.65339681644896,-54.06742729874239,-1784.7811202886587,-1498.119484557659,-1730.0818006423826,-1446.9913437101818,-54.699319646276095,-51.12814084747725,,,,,,,,,,,,,,,,,,,,,,,,,,,,,,,,,,,,
7,385,27,323,-2494.632919957685,-1996.3147741981904,-2398.711967483331,-1897.8363951216372,-95.92095247435361,-98.47837907655321,othervirus_2017,-2237.3320148152607,-1832.4736661581196,-2154.7540403854287,-1752.720988033709,-82.57797442983207,-79.75267812441052,-2171.100898944468,-1819.7952233853982,-2089.156901246458,-1741.203640796087,-81.9439976980104,-78.5915825893112,-2105.9557967245655,-1835.160375815835,-2026.4291645404883,-1754.765078931502,-79.52663218407733,-80.39529688433295,-2202.4084020688406,-1820.3079411843416,-2120.4472378502005,-1741.6069734347586,-81.96116421864028,-78.7009677495831,,,,,,,,,,,,,,,,,,,,,,,,,,,,,,,,,,,,
8,489,36,413,-3179.154712178515,-2478.2354243536556,-3052.1521757696364,-2354.5996926044713,-127.00253640887873,-123.63573174918409,othervirus_2017,-2845.801048267784,-2320.8823043168504,-2741.781479024738,-2219.986213536748,-104.01956924304635,-100.89609078010255,-2763.1858086702864,-2299.323213319941,-2657.8414742827063,-2201.100694829051,-105.34433438758012,-98.22251849088998,-2678.4410236133085,-2315.9279070184803,-2576.981360949376,-2215.7358395435945,-101.45966266393279,-100.19206747488586,-2801.4011683134577,-2302.852146432874,-2696.658170688127,-2203.0160675402976,-104.74299762533074,-99.83607889257641,,,,,,,,,,,,,,,,,,,,,,,,,,,,,,,,,,,,
9,621,41,537,-4014.832256096785,-3024.2635864258245,-3857.727428707537,-2881.2448293866405,-157.104827389248,-143.0187570391838,othervirus_2017,-3585.1655055313718,-2876.0714540137255,-3462.5733755403153,-2759.8492170694262,-122.59212999105652,-116.22223694429928,-3473.7375100243057,-2838.0509197311044,-3350.6937878114004,-2722.919928396088,-123.04372221290518,-115.1309913350163,-3362.314372624299,-2849.782131302146,-3244.087214316508,-2737.5719992106588,-118.227158307791,-112.21013209148698,-3524.137787624642,-2845.3620899875295,-3401.530814484392,-2730.7939402420243,-122.60697314024986,-114.56814974550532,,,,,,,,,,,,,,,,,,,,,,,,,,,,,,,,,,,,
10,758,48,654,-4946.297516498737,-3609.0970867026945,-4752.818862277153,-3443.435540254059,-193.47865422158407,-165.6615464486355,othervirus_2017,-4379.876214537698,-3471.051155549275,-4235.969838924281,-3335.5363686840483,-143.90637561341603,-135.5147868652264,-4241.070865165014,-3418.429483003148,-4096.678271627561,-3282.1049394253687,-144.3925935374529,-136.32454357777954,-4098.873753727796,-3428.0885358748983,-3959.615913098552,-3296.4461441468693,-139.25784062924353,-131.64239172802903,-4304.859491293797,-3430.719551633301,-4160.657836646767,-3296.133434778809,-144.20165464703047,-134.58611685449202,,,,,,,,,,,,,,,,,,,,,,,,,,,,,,,,,,,,
11,935,56,789,-6124.7061077381995,-4303.880226666983,-5897.712674830334,-4114.778881672037,-226.993432907865,-189.1013449949457,othervirus_2017,-5364.457799258339,-4176.997164769405,-5194.337354520414,-4020.009506726471,-170.1204447379247,-156.9876580429335,-5187.17751666078,-4102.521725221582,-5017.947495819795,-3944.080241476311,-169.23002084098528,-158.4414837452701,-5006.644983366962,-4100.885100508189,-4842.986858324628,-3950.7240625141067,-163.6581250423343,-150.16103799408216,-5273.854381491205,-4125.601640277528,-5104.195026477985,-3969.810291726523,-169.65935501321943,-155.79134855100446,,,,,,,,,,,,,,,,,,,,,,,,,,,,,,,,,,,,
12,1136,61,973,-7341.617957609026,-5103.283383792478,-7088.715053808996,-4889.621749069071,-252.90290380002972,-213.6616347234072,othervirus_2017,-6460.708898107685,-4997.022531722131,-6266.908020102509,-4815.934635300686,-193.80087800517614,-181.08789642144538,-6246.855992184706,-4899.344696416515,-6054.164761707928,-4718.14472942096,-192.69123047677843,-181.1999669955545,-6027.794259627941,-4901.158138053374,-5840.936712072385,-4727.323817349084,-186.85754755555598,-173.8343207042905,-6353.854369511706,-4934.66015540994,-6160.632920923867,-4756.234150246879,-193.2214485878391,-178.42600516306098,,,,,,,,,,,,,,,,,,,,,,,,,,,,,,,,,,,,
13,1308,77,1163,-8525.791760856564,-5857.787689088055,-8203.169134916849,-5591.823518402841,-322.62262593971593,-265.9641706852144,othervirus_2017,-7470.584253408322,-5762.42241594803,-7221.829033920428,-5529.483339917181,-248.75521948789424,-232.9390760308492,-7216.456505359343,-5651.682179354579,-6971.394598472537,-5416.727111576141,-245.061906886806,-234.9550677784376,-6962.073511063457,-5654.206470046976,-6723.490806107414,-5428.246870675295,-238.58270495604302,-225.9595993716808,-7346.221278575893,-5694.697677456547,-7099.695937798997,-5461.999162560539,-246.52534077689612,-232.69851489600802,,,,,,,,,,,,,,,,,,,,,,,,,,,,,,,,,,,,
14,1541,88,1362,-10060.821975108483,-6808.419075431255,-9674.799000287981,-6508.552714823767,-386.0229748205028,-299.86636060748833,othervirus_2017,-8778.329571518461,-6735.640240544824,-8490.225083524356,-6466.811637914914,-288.1044879941058,-268.82860262991005,-8471.046726161294,-6603.8154114037325,-8187.747229137863,-6331.7291310292885,-283.2994970234316,-272.08628037444385,-8161.7814188852535,-6599.518307348188,-7885.912156648049,-6340.899722826786,-275.8692622372047,-258.61858452140154,-8631.809381214169,-6653.774857001052,-8347.391978814516,-6385.104288391961,-284.4174023996527,-268.67056860909076,,,,,,,,,,,,,,,,,,,,,,,,,,,,,,,,,,,,
15,1766,96,1574,-11534.187768502206,-7735.243114161127,-11112.36855110697,-7403.957359983314,-421.8192173952365,-331.28575417781263,othervirus_2017,-10050.999483629885,-7688.531522302979,-9728.181278869291,-7386.867206317136,-322.81820476059374,-301.66431598584336,-9690.35191728847,-7530.307083685102,-9374.048395552558,-7227.386734134026,-316.30352173591154,-302.92034955107687,-9331.716475649015,-7523.351045847744,-9023.968407289343,-7232.8402076223465,-307.74806835967223,-290.5108382253977,-9881.07957734449,-7590.57211229982,-9563.075919978677,-7290.338483018681,-318.0036573658125,-300.2336292811401,,,,,,,,,,,,,,,,,,,,,,,,,,,,,,,,,,,,
16,1969,103,1806,-12831.845636845785,-8518.640136297858,-12372.215237327955,-8153.770569410983,-459.63039951782935,-364.8695668868753,othervirus_2017,-11174.551867751452,-8505.882052819954,-10821.554180086587,-8171.961861570859,-352.99768766486557,-333.92019124909484,-10766.240981303376,-8317.343192776487,-10418.775989108359,-7982.366810190571,-347.46499219501703,-334.9763825859163,-10359.765727114574,-8304.26567873455,-10020.982437398834,-7979.497165898552,-338.7832897157406,-324.76851283599706,-10983.37389584564,-8388.95476006534,-10634.540360567806,-8056.529690158716,-348.83353527783356,-332.42506990662446,,,,,,,,,,,,,,,,,,,,,,,,,,,,,,,,,,,,
17,2238,114,2048,-14662.940270002306,-9647.298107241844,-14159.672416326308,-9247.505905411192,-503.26785367599695,-399.7922018306534,othervirus_2017,-12716.285129517228,-9663.607100368055,-12322.977051504367,-9294.952917136285,-393.3080780128604,-368.6541832317714,-12247.84767320526,-9450.671747997992,-11862.159569366351,-9081.182808190722,-385.68810383890883,-369.4889398072702,-11780.30489855626,-9437.283997788196,-11404.661390139794,-9077.427270719287,-375.64350841646643,-359.8567270689091,-12496.995926108006,-9532.313969686502,-12108.194788378954,-9163.890696634628,-388.801137729051,-368.42327305187456,,,,,,,,,,,,,,,,,,,,,,,,,,,,,,,,,,,,
18,2429,127,2255,-15859.688603853994,-10380.834553774468,-15309.082374355105,-9944.623872049362,-550.6062294988902,-436.21068172510616,othervirus_2017,-13763.486032235895,-10424.202488621313,-13330.410700241597,-10018.857756496893,-433.07533199429827,-405.3447321244196,-13248.463918205001,-10182.891301006719,-12825.745410243315,-9777.787055808894,-422.71850796168707,-405.1042451978243,-12733.745911439619,-10163.808163334019,-12319.814927453108,-9769.250173466575,-413.9309839865103,-394.55798986744435,-13525.338080199246,-10275.77844879094,-13098.552638851843,-9872.455511850689,-426.7854413474025,-403.3229369402502,,,,,,,,,,,,,,,,,,,,,,,,,,,,,,,,,,,,
19,2650,136,2502,-17278.890190985785,-11260.334305369943,-16685.16530454568,-10794.513984188388,-593.7248864401031,-465.82032118155394,othervirus_2017,-14979.493333627648,-11323.843620652928,-14515.074495687666,-10889.67100866025,-464.4188379399827,-434.1726119926774,-14416.063584100108,-11062.740540750465,-13959.931959999207,-10627.91549690776,-456.1316241009015,-434.8250438427042,-13849.199399473251,-11034.651213863039,-13402.852486212629,-10612.644766626452,-446.3469132606229,-422.0064472365867,-14726.25404679037,-11167.730373795239,-14266.921367400517,-10735.638193702118,-459.3326793898528,-432.0921800931216,,,,,,,,,,,,,,,,,,,,,,,,,,,,,,,,,,,,
20,2818,153,2660,-18461.45312981969,-12058.900134802236,-17806.69991720224,-11545.395587195364,-654.7532126174501,-513.5045476068713,othervirus_2017,-15990.330375853791,-12129.884066814038,-15478.304839289041,-11649.456973803473,-512.0255365647502,-480.4270930105648,-15387.284678262607,-11858.395139703645,-14883.806510431965,-11378.639649008674,-503.47816783064275,-479.7554906949719,-14781.226463569203,-11836.798813633255,-14285.409424704429,-11368.548876740446,-495.81703886477453,-468.24993689280984,-15717.471636404658,-11958.294555247176,-15209.535551649415,-11483.006944212515,-507.9360847552442,-475.2876110346607,,,,,,,,,,,,,,,,,,,,,,,,,,,,,,,,,,,,
21,2988,160,2853,-19622.522279460067,-12790.003883336878,-18930.68162794663,-12248.531173578722,-691.8406515134391,-541.4727097581555,othervirus_2017,-16973.57727246561,-12877.637942367404,-16431.410981082117,-12368.01911710197,-542.1662913834916,-509.6188252654339,-16333.743891595212,-12593.933625083753,-15800.377813759238,-12085.641849659676,-533.3660778359729,-508.2917754240775,-15689.031635688358,-12575.031362473437,-15164.561173657468,-12077.10476160573,-524.4704620308892,-497.92660086770724,-16685.98210709826,-12699.539687662053,-16148.013546282884,-12193.448405074765,-537.9685608153789,-506.0912825872876,,,,,,,,,,,,,,,,,,,,,,,,,,,,,,,,,,,,
22,3153,173,3033,-20694.489824895612,-13433.636379358053,-19955.15556496165,-12853.977639772467,-739.3342599339644,-579.6587395855863,othervirus_2017,-17900.04264820139,-13550.657799531109,-17318.715497388286,-13004.51451326506,-581.3271508131036,-546.14328626605,-17222.521228979498,-13240.11207990571,-16648.865381828637,-12696.070739844177,-573.6558471508624,-544.0413400615328,-16534.23443297419,-13218.39849777519,-15970.893431681528,-12682.481165077957,-563.3410012926629,-535.9173326972327,-17596.782759653728,-13357.84648680971,-17018.311556684006,-12813.954851874696,-578.4712029697215,-543.8916349350156,,,,,,,,,,,,,,,,,,,,,,,,,,,,,,,,,,,,
23,3283,182,3172,-21640.28767086655,-14044.32262743638,-20871.285924404467,-13441.472008428289,-769.0017464620819,-602.8506190080909,othervirus_2017,-18678.16581945285,-14165.919491167431,-18070.88156320199,-13597.171205781367,-607.2842562508598,-568.7482853860635,-17968.694835799815,-13856.574624281317,-17372.311959677598,-13290.251200385648,-596.3828761222184,-566.3234238956678,-17249.350628462355,-13832.681463972403,-16663.68031568552,-13275.250797210376,-585.6703127768337,-557.4306667620273,-18365.006787198523,-13969.229139862255,-17762.412219280697,-13403.174182125109,-602.5945679178246,-566.0549577371454,,,,,,,,,,,,,,,,,,,,,,,,,,,,,,,,,,,,
24,3392,196,3294,-22391.122993057423,-14530.394284088332,-21573.52983891684,-13889.543264036007,-817.5931541405831,-640.8510200523245,othervirus_2017,-19323.42053864143,-14663.13565398162,-18676.706870528804,-14056.906829424255,-646.7136681126257,-606.2288245573658,-18588.86939918797,-14342.933668201473,-17953.35440914054,-13740.298088015123,-635.5149900474333,-602.635580186351,-17845.550229571734,-14321.022557939099,-17221.253741447297,-13723.421061877842,-624.2964881244358,-597.6014960612579,-19002.702242294676,-14462.823102162012,-18359.521497839894,-13858.000473645572,-643.1807444547808,-604.822628516441,,,,,,,,,,,,,,,,,,,,,,,,,,,,,,,,,,,,
25,3507,202,3413,-23199.779930442648,-15071.697750090674,-22344.525092078315,-14403.308075295356,-855.2548383643335,-668.3896747953179,othervirus_2017,-19992.399739018634,-15201.71430547124,-19320.017191220897,-14569.008250165998,-672.3825477977372,-632.7060553052424,-19233.993965967416,-14886.341848860975,-18572.55635029326,-14256.330517124716,-661.4376156741555,-630.0113317362601,-18470.498458111375,-14864.881923056313,-17819.748579550866,-14241.193393573922,-650.7498785605109,-623.6885294823924,-19662.90942263219,-15000.102697098755,-18994.247891879048,-14369.03521175408,-668.6615307531442,-631.0674853446743,,,,,,,,,,,,,,,,,,,,,,,,,,,,,,,,,,,,
0,25,0,11,-158.00486813770368,-243.0340803708457,-153.1058603939864,-235.4094613846863,-4.8990077437172905,-7.6246189861593985,othervirus_2018,-140.88553440642227,-119.5961436618934,-140.0642126562152,-119.17787306390191,-0.8213217502070747,-0.4182705979914847,-137.89745573394282,-121.75212870258471,-136.98158059473565,-121.31473910735754,-0.9158751392071758,-0.4373895952271751,-136.8909542038827,-125.19914539367423,-136.161934501957,-124.83509623422287,-0.7290197019257053,-0.36404915945135663,-140.49816103824065,-120.9256435434888,-139.53718922558224,-120.6265682207057,-0.9609718126584182,-0.29907532278309074,-143.01069962701118,-123.6264165366305,-142.35086911439333,-123.18258641578697,-0.6598305126178473,-0.4438301208435225,,,,,,,,,,,,,,,,,,,,,,,,,,,,,,
1,36,0,21,-264.03292589260093,-335.41595694762435,-257.9204300188737,-326.9909108847296,-6.112495873727243,-8.425046062894763,othervirus_2018,-228.8712308780029,-214.845493586721,-227.312834602063,-213.52305503842712,-1.5583962759399252,-1.3224385482938903,-222.92994289840607,-223.30884674957306,-221.37181930860368,-221.79235870221362,-1.5581235898023795,-1.516488047359446,-219.76336795024292,-229.48857699051666,-218.42637457379925,-227.97928898369312,-1.3369933764436848,-1.5092880068235313,-226.56353972254914,-216.25745653325987,-224.9312960149709,-215.22111309102308,-1.6322437075782332,-1.0363434422367845,-225.29350990885453,-223.25802796221703,-224.02944458892296,-221.8085151393832,-1.2640653199315643,-1.4495128228338414,,,,,,,,,,,,,,,,,,,,,,,,,,,,,,
2,50,1,40,-354.569691313519,-420.7110542640217,-344.6766404538739,-408.35038225892276,-9.893050859645065,-12.360672005098921,othervirus_2018,-313.5601664100156,-296.7508598056194,-309.59881539202706,-293.6065174821988,-3.96135101798855,-3.144342323420653,-308.11343348994694,-307.7732389004518,-303.7817840362006,-303.8642164389819,-4.331649453746342,-3.9090224614699407,-304.52894069527304,-316.9230109541646,-300.47475310476295,-313.2327757849496,-4.054187590510082,-3.690235169215036,-311.46736078091675,-300.1726967453099,-307.1826220300589,-296.58004321437306,-4.2847387508578345,-3.592653530936861,-310.7099644610265,-309.395159121725,-306.8609456420859,-305.6102362859413,-3.8490188189406243,-3.7849228357836826,,,,,,,,,,,,,,,,,,,,,,,,,,,,,,
3,69,1,53,-482.1201186442071,-516.027082798712,-467.4702226489775,-503.3278366785763,-14.649895995229587,-12.699246120135665,othervirus_2018,-419.63530675432,-384.68463870834347,-414.64728423893644,-380.58432665445434,-4.988022515383589,-4.100312053889116,-410.99972762688844,-398.5605843672386,-405.831968872956,-393.1188842844529,-5.167758753932448,-5.441700082785701,-404.65198905628813,-407.7093149094636,-399.74418721212714,-403.3339527192926,-4.907801844160988,-4.375362190171006,-416.09824396491246,-388.72929992673744,-410.9522383985735,-384.22108724067783,-5.146005566338945,-4.508212686059634,-417.38952858370965,-398.6706870116814,-412.54798550092687,-394.099992275674,-4.84154308278275,-4.570694736007406,,,,,,,,,,,,,,,,,,,,,,,,,,,,,,
4,89,2,64,-621.7545733732123,-621.523230344581,-603.4249681218438,-604.6562413353485,-18.329605251368527,-16.866989009232515,othervirus_2018,-541.8444321249299,-486.74113151344943,-533.0947918500062,-478.59630091035467,-8.749640274923678,-8.144830603094785,-529.7871003317582,-501.9847340368113,-520.6249458582553,-491.74242502016045,-9.162154473502948,-10.242309016650818,-520.6529163984262,-512.4125456528691,-511.680071330422,-503.6580871973311,-8.972845068004219,-8.754458455538007,-536.7655493104324,-491.303603902967,-527.8771758661092,-482.4029391581238,-8.888373444323243,-8.90066474484319,-538.465182069132,-502.1457728533209,-529.8430798909145,-492.93585543203466,-8.622102178217427,-9.209917421286269,,,,,,,,,,,,,,,,,,,,,,,,,,,,,,
5,110,3,87,-788.1182185102746,-753.537843188279,-763.1397191597305,-733.1328069495471,-24.978499350544112,-20.405036238731935,othervirus_2018,-683.3351357260677,-622.4180306497742,-671.1460753678223,-611.0090619580378,-12.189060358245412,-11.40896869173643,-669.707063713866,-641.410198743452,-657.1722057486943,-627.0237788664401,-12.534857965171637,-14.386419877011903,-660.133490770023,-654.0733939578914,-647.5170327042861,-642.7588509183423,-12.616458065736891,-11.314543039549116,-675.8199607890048,-626.1204988879132,-663.6051451798414,-614.1637257804629,-12.214815609163367,-11.956773107450283,-680.5328233381007,-640.3294427764412,-668.2001680638937,-627.805564529818,-12.332655274207047,-12.523878246623255,,,,,,,,,,,,,,,,,,,,,,,,,,,,,,
6,153,6,128,-1059.7613057636509,-955.6469285388423,-1020.603636020828,-924.9515516965419,-39.15766974282271,-30.695376842300433,othervirus_2018,-923.9083712149924,-816.7376332205378,-898.470574207648,-794.1150341124915,-25.43779700734433,-22.6225991080463,-901.2914270914785,-836.6526783756846,-877.2911569886082,-810.4295895354954,-24.000270102870253,-26.223088840189114,-886.5830640262798,-852.5031295278471,-861.6633042673303,-828.5749281127175,-24.91975975894943,-23.928201415129642,-913.6350310087732,-821.9309745028354,-888.6534133834546,-796.8473070526009,-24.98161762531866,-25.08366745023457,-921.1004716371036,-836.6495146039033,-894.9548633132005,-812.3838586474478,-26.14560832390314,-24.265655956455426,,,,,,,,,,,,,,,,,,,,,,,,,,,,,,
7,238,9,177,-1546.2561569607647,-1344.645112737374,-1494.0246681310402,-1301.229700575419,-52.23148882972432,-43.41541216195496,othervirus_2018,-1385.7059873436856,-1199.4324417766252,-1350.0361481037723,-1166.106794260445,-35.6698392399132,-33.3256475161801,-1353.6536377183256,-1219.2079983535946,-1319.1134672522,-1183.230251345708,-34.54017046612553,-35.977747007886535,-1329.5439299334294,-1243.4363265428478,-1294.1025321397588,-1208.5259633606868,-35.44139779367064,-34.910363182161056,-1370.8097064382282,-1207.6085647057685,-1335.4419114868947,-1171.112476767797,-35.36779495133341,-36.496087937971424,-1389.0447107204834,-1224.8156958650573,-1352.3203356656913,-1190.0671570198097,-36.72437505479202,-34.74853884524761,,,,,,,,,,,,,,,,,,,,,,,,,,,,,,
8,321,15,255,-2094.515572828819,-1749.1418439350737,-2017.320205286288,-1685.6121315991054,-77.19536754253132,-63.52971233596827,othervirus_2018,-1867.3524231500926,-1597.232269067681,-1814.8518706857185,-1548.5674997590804,-52.50055246437413,-48.66476930860072,-1819.478394551391,-1618.0091089552498,-1768.706202457194,-1565.6239288036961,-50.772192094196996,-52.38518015155367,-1780.2137513313035,-1645.8345690600765,-1728.8790211180442,-1594.9010555316027,-51.33473021325928,-50.93351352847382,-1843.2208856081438,-1602.8123748796318,-1791.6375480440777,-1550.1003931398573,-51.5833375640661,-52.71198173977456,-1862.1121012038523,-1622.312222804215,-1809.9821847517828,-1572.1920180845864,-52.12991645206938,-50.1202047196287,,,,,,,,,,,,,,,,,,,,,,,,,,,,,,
9,436,19,349,-2752.054999523207,-2243.233298333133,-2655.627784397133,-2161.6883419154647,-96.42721512607386,-81.54495641766843,othervirus_2018,-2486.662175076926,-2099.5148750241224,-2418.2414278236306,-2034.2960628106161,-68.42074725329535,-65.21881221350617,-2423.7646553218715,-2119.8459016215247,-2356.4456251311944,-2049.5494351771476,-67.31903019067684,-70.29646644437693,-2376.018086087133,-2159.2749623976233,-2308.0381311472715,-2090.0839770441926,-67.97995493986143,-69.19098535343065,-2454.563116753367,-2103.9419829668714,-2386.5283108898634,-2036.077048202463,-68.03480586350355,-67.86493476440855,-2492.811583136376,-2131.5572605399316,-2424.1490850257583,-2063.535560555538,-68.66249811061797,-68.02169998439396,,,,,,,,,,,,,,,,,,,,,,,,,,,,,,
10,607,27,467,-3770.157275497899,-2974.8148391401483,-3631.2202183728973,-2863.893671126726,-138.93705712500136,-110.92116801342195,othervirus_2018,-3417.552788166221,-2834.736482052571,-3317.840353894922,-2739.6607824870334,-99.71243427129916,-95.07569956553762,-3326.123392741803,-2852.630266325257,-3228.5233741996053,-2750.308671797239,-97.60001854219755,-102.32159452801776,-3249.467484052389,-2896.6677198299817,-3151.4135884907682,-2797.396525011645,-98.05389556162068,-99.27119481833705,-3370.0709247477444,-2837.7350024427874,-3271.609067596124,-2737.699451085292,-98.46185715162011,-100.03555135749544,-3427.1529757957987,-2865.331424196319,-3327.790778813231,-2767.285525143917,-99.36219698256757,-98.04589905240223,,,,,,,,,,,,,,,,,,,,,,,,,,,,,,
11,867,44,675,-5359.133570046978,-4093.35408931092,-5144.979352293529,-3926.8017536597854,-214.15421775344947,-166.55233565113454,othervirus_2018,-4838.0105838104555,-3965.4634719645637,-4685.593969576235,-3817.0523772804613,-152.41661423421994,-148.41109468410264,-4707.464433451467,-3975.331141046108,-4557.906475016028,-3819.387188552688,-149.55795843543942,-155.94395249342,-4596.414451958292,-4031.0346884930273,-4446.004255757408,-3876.09010562418,-150.41019620088437,-154.94458286884708,-4768.323211493495,-3965.6679030535356,-4617.5533479559435,-3810.9916924916797,-150.76986353755183,-154.67621056185573,-4857.602067178787,-3993.756455755801,-4704.528250040794,-3840.569700199981,-153.07381713799353,-153.18675555582024,,,,,,,,,,,,,,,,,,,,,,,,,,,,,,
12,1152,60,935,-7155.583226392754,-5320.517550654161,-6885.307164497542,-5102.65461789365,-270.2760618952129,-217.8629327605117,othervirus_2018,-6420.456731136495,-5205.521152016719,-6223.787885969072,-5015.156163149873,-196.66884516742368,-190.36498886684626,-6241.338603072247,-5201.5960933886445,-6045.604321238949,-5003.168259353358,-195.73428183329852,-198.42783403528625,-6075.974227508977,-5262.923179521604,-5879.708779220084,-5064.648005828093,-196.2654482888929,-198.2751736935107,-6325.03765717233,-5192.386046313743,-6128.554890834689,-4992.728777874574,-196.4827663376413,-199.657268439169,-6438.612362474838,-5215.718695016671,-6240.520264296967,-5019.367851449635,-198.0920981778706,-196.35084356703527,,,,,,,,,,,,,,,,,,,,,,,,,,,,,,
13,1506,76,1247,-9337.312118432139,-6787.397303272967,-9005.212292511133,-6513.392659082737,-332.0998259210066,-274.0046441902308,othervirus_2018,-8343.025368728233,-6694.6164164774045,-8091.669611626943,-6450.879817340888,-251.35575710128975,-243.73659913651696,-8107.315920468693,-6668.27279163439,-7857.29790200886,-6414.917284667346,-250.0180184598331,-253.35550696704402,-7879.2746403765395,-6736.886237531195,-7629.433736879491,-6484.076370689403,-249.8409034970482,-252.80986684179175,-8215.388837621524,-6662.686194676848,-7964.378898532528,-6410.7226999466675,-251.00993908899602,-251.9634947301804,-8353.397668138383,-6680.512404230179,-8101.587270296813,-6430.868991956759,-251.81039784156943,-249.6434122734197,,,,,,,,,,,,,,,,,,,,,,,,,,,,,,
14,1769,86,1522,-11221.468874302158,-7980.130320324694,-10832.590710073157,-7664.701087055012,-388.8781642290005,-315.4292332696825,othervirus_2018,-9889.02505511497,-7898.596716592615,-9596.668450923293,-7613.971009913048,-292.35660419167664,-284.6257066795667,-9604.391342542582,-7860.193809473237,-9313.41681045928,-7563.437820573059,-290.9745320833017,-296.7559889001779,-9325.772129152272,-7927.18740862248,-9035.96120543462,-7633.697356679633,-289.81092371765266,-293.49005194284626,-9731.991229837373,-7852.238883679882,-9440.617179496334,-7559.828687839283,-291.3740503410387,-292.4101958405994,-9881.808811011304,-7855.334404695836,-9590.140691946213,-7564.134927573551,-291.6681190650906,-291.19947712228543,,,,,,,,,,,,,,,,,,,,,,,,,,,,,,
15,2200,99,1913,-14066.522193966213,-9823.622148696812,-13597.555514780406,-9456.943294576451,-468.9666791858067,-366.67885412036026,othervirus_2018,-12313.758448331817,-9778.109809432386,-11970.63179706467,-9444.223756073101,-343.12665126714603,-333.88605335928577,-11948.961153440543,-9722.019737454053,-11607.525341964323,-9376.321434011666,-341.43581147622024,-345.69830344238596,-11592.233879666683,-9797.21860401503,-11251.331062276167,-9455.63844997865,-340.90281739051466,-341.5801540363795,-12115.863599664992,-9712.361593197344,-11773.450489573588,-9372.727227016174,-342.41311009140384,-339.63436618116964,-12291.938497206505,-9702.719987774859,-11949.696874529141,-9364.783172639076,-342.2416226773645,-337.9368151357836,,,,,,,,,,,,,,,,,,,,,,,,,,,,,,
16,2557,125,2251,-16470.20459667515,-11385.523158028187,-15893.743539523319,-10935.283391975752,-576.4610571518313,-450.23976605243564,othervirus_2018,-14345.920437881556,-11364.79187544516,-13917.703452486425,-10948.615430333843,-428.21698539513073,-416.17644511131766,-13916.642321187437,-11284.846416438906,-13489.868744514091,-10860.516842049765,-426.7735766733464,-424.32957438914195,-13491.715170062365,-11364.879748827561,-13068.443188302233,-10939.550024366705,-423.2719817601316,-425.32972446085665,-14110.266678721375,-11281.205893093664,-13682.526095382522,-10858.713697604027,-427.74058333885375,-422.492195489636,-14311.312263216989,-11257.316602242583,-13884.911418703101,-10837.551197889468,-426.40084451388765,-419.7654043531152,,,,,,,,,,,,,,,,,,,,,,,,,,,,,,
17,2907,144,2620,-18781.181866682397,-12904.581295180818,-18112.920191425594,-12393.24520230715,-668.2616752568035,-511.33609287366914,othervirus_2018,-16309.419318035252,-12903.510901786638,-15812.440774402936,-12427.957612663742,-496.97854363231613,-475.55328912289616,-15824.059848305551,-12814.262204722423,-15331.202799196384,-12326.999884951008,-492.85704910916695,-487.262319771414,-15338.821455862799,-12890.895211325464,-14851.803003702978,-12412.330068116718,-487.01845215982104,-478.5651432087457,-16043.768620491908,-12809.854903543812,-15549.255748079058,-12326.650714330643,-494.51287241285036,-483.2041892131691,-16262.192217962232,-12772.308587886762,-15770.219831819695,-12297.34317111013,-491.9723861425375,-474.9654167766325,,,,,,,,,,,,,,,,,,,,,,,,,,,,,,
18,3208,158,2926,-20823.626081279996,-14198.192334015737,-20096.764823297595,-13637.152932380268,-726.8612579824002,-561.0394016354685,othervirus_2018,-18021.9768833524,-14217.688850873888,-17474.359520181035,-13694.545469316221,-547.6173631713663,-523.1433815576667,-17474.049492683676,-14111.889373701582,-16932.400420646434,-13577.072802574607,-541.6490720372421,-534.8165711269767,-16925.46774248355,-14183.484569251468,-16388.273358420465,-13658.920507475012,-537.194384063083,-524.5640617764575,-17726.991606367214,-14107.32870790437,-17182.72168800601,-13576.197594011799,-544.2699183612013,-531.1311138925695,-17946.183218469025,-14054.930972693865,-17402.879426724605,-13533.074699847084,-543.3037917444191,-521.8562728467809,,,,,,,,,,,,,,,,,,,,,,,,,,,,,,
19,3486,175,3197,-22815.17694798786,-15455.020341251637,-21998.277460825815,-14841.526877925795,-816.8994871620441,-613.4934633258416,othervirus_2018,-19661.13404752799,-15494.083614734298,-19059.523470430035,-14917.893504703115,-601.6105770979557,-576.1901100311826,-19055.07896593806,-15376.075084275302,-18458.821828148964,-14787.903425420493,-596.2571377890949,-588.1716588548093,-18447.12837104684,-15447.337480568242,-17855.87148476157,-14871.412237770825,-591.2568862852712,-575.9252427974175,-19336.676767291872,-15369.700710664394,-18738.8270991198,-14786.889206193227,-597.8496681720702,-582.811504471166,-19563.50905431758,-15303.532323902095,-18966.616372284992,-14731.109348259364,-596.8926820325862,-572.422975642731,,,,,,,,,,,,,,,,,,,,,,,,,,,,,,
20,3779,189,3463,-24924.02510647136,-16863.082728513295,-24053.045836552625,-16208.779565125766,-870.9792699187353,-654.3031633875285,othervirus_2018,-21410.022626108643,-16910.738032696805,-20766.343621300668,-16295.158401395738,-643.6790048079745,-615.579631301066,-20744.01633118809,-16794.054240884085,-20105.539032541954,-16166.318537631101,-638.4772986461367,-627.7357032529851,-20079.438051115656,-16870.78229148955,-19447.632081677715,-16255.369541219383,-631.8059694379419,-615.412750270168,-21053.925852692166,-16774.183428580745,-20414.466276272622,-16151.610570301456,-639.4595764195434,-622.5728582792883,-21280.152126378376,-16703.761130616487,-20643.0738907812,-16093.17263480992,-637.0782355971742,-610.5884958065666,,,,,,,,,,,,,,,,,,,,,,,,,,,,,,
21,4013,210,3733,-26544.07157560739,-17951.791210953408,-25587.83129744523,-17232.474142964642,-956.2402781621622,-719.3170679887651,othervirus_2018,-22769.876612708304,-18004.64907005045,-22057.535952766426,-17321.677227840693,-712.340659941878,-682.9718422097569,-22060.803366266555,-17888.760333252703,-21356.829511254364,-17194.749945703763,-703.9738550121895,-694.0103875489406,-21350.819583889977,-17971.04854381435,-20652.005513956174,-17288.318304753877,-698.814069933803,-682.7302390604735,-22396.55841463431,-17864.14535064865,-21690.145498410402,-17176.955908926982,-706.4129162239096,-687.1894417216671,-22628.208917566804,-17789.12239909691,-21923.117390673244,-17114.24226561067,-705.0915268935621,-674.8801334862397,,,,,,,,,,,,,,,,,,,,,,,,,,,,,,
22,4350,227,4054,-28902.877243014682,-19419.915936751197,-27875.099347068026,-18649.58045970881,-1027.777895946656,-770.3354770423877,othervirus_2018,-24699.149621079225,-19495.69341820537,-23934.214466517682,-18763.765230596888,-764.9351545615442,-731.9281876084831,-23926.96188961185,-19371.27928254675,-23169.918031500518,-18626.069248427986,-757.0438581113328,-745.2100341187667,-23160.56516923598,-19450.932557076467,-22408.36318356748,-18720.295731471408,-752.2019856685009,-730.6368256050582,-24299.662226993103,-19346.158102969173,-23540.355246807056,-18611.368896791944,-759.3069801860469,-734.7892061772275,-24546.20060850715,-19256.423405206653,-23787.67394652535,-18531.86711695044,-758.5266619818021,-724.5562882562106,,,,,,,,,,,,,,,,,,,,,,,,,,,,,,
23,4646,245,4378,-31000.727392921952,-20777.14396134743,-29889.279136417877,-19948.697979517387,-1111.4482565040757,-828.4459818300428,othervirus_2018,-26427.214732718545,-20875.28662308046,-25603.651229251882,-20084.923668126583,-823.5635034666616,-790.3629549538784,-25601.521930551662,-20751.421567052235,-24784.10020397067,-19949.432409822864,-817.4217265809939,-801.9891572293694,-24782.90234524335,-20840.786055231587,-23971.146330914366,-20051.608722472723,-811.7560143289862,-789.1773327588642,-26003.360214805245,-20718.550922316517,-25184.3173798951,-19925.37694281915,-819.0428349101439,-793.1739794973652,-26257.95721932087,-20623.300439581137,-25439.681527449564,-19841.159890290175,-818.2756918713051,-782.1405492909631,,,,,,,,,,,,,,,,,,,,,,,,,,,,,,
24,4932,262,4652,-33215.88809941167,-22236.366428220605,-32027.787148157564,-21356.15386373044,-1188.1009512541082,-880.2125644901633,othervirus_2018,-28208.778374842368,-22345.6370821065,-27329.453159554625,-21502.98843289683,-879.3252152877421,-842.6486492096685,-27325.585921809514,-22231.99140033265,-26455.18869914239,-21378.27417494885,-870.3972226671239,-853.7172253837999,-26453.647004361115,-22335.20680248043,-25589.048759806923,-21494.16283418632,-864.5982445541922,-841.0439682941056,-27755.146689596244,-22183.157258507792,-26881.885180121066,-21336.345304906317,-873.2615094751792,-846.8119536014747,-28012.667408793484,-22082.982914213506,-27141.06980888296,-21251.670509447536,-871.5975999105265,-831.3124047659678,,,,,,,,,,,,,,,,,,,,,,,,,,,,,,
25,5283,280,5019,-35718.29803363021,-23759.743066028055,-34456.15667363463,-22818.06732973148,-1262.1413599955886,-941.6757362965761,othervirus_2018,-30240.56394599801,-23913.4479990265,-29293.97688925955,-23010.530493069855,-946.5870567384575,-902.9175059566451,-29285.690490828896,-23787.010446014094,-28353.02165240121,-22873.288563827668,-932.6688384276847,-913.721882186428,-28346.4775979251,-23889.80823447325,-27419.119813679517,-22987.785539445613,-927.3577842455821,-902.0226950276369,-29746.981486268924,-23730.882893159916,-28807.83783672562,-22823.984881167053,-939.1436495433031,-906.8980119928639,-30024.792452430615,-23612.706239801122,-29087.65317367171,-22722.332578074594,-937.1392787589026,-890.3736617265276,,,,,,,,,,,,,,,,,,,,,,,,,,,,,,
0,31,1,18,-245.15597553223105,-304.38438136709004,-240.6404786361848,-291.90773211701105,-4.515496896046251,-12.476649250079015,flu_2018,-210.8237349649823,-230.40856999680267,-204.50424719960424,-223.47511788965107,-6.319487765378047,-6.933452107151593,-206.1309400066141,-246.0108192835906,-199.89671397629056,-240.25244735480248,-6.2342260303235655,-5.758371928788099,-204.1690745852607,-253.34434056017815,-198.19105083950168,-246.12031875377755,-5.978023745759,-7.224021806400607,-208.19719676637135,-231.81116809990436,-201.9405487447383,-225.4879220856694,-6.256648021633056,-6.3232460142349804,-206.26649355427276,-244.02820874011874,-200.2410726045049,-237.29189836843304,-6.025420949767874,-6.7363103716857005,,,,,,,,,,,,,,,,,,,,,,,,,,,,,,
1,67,6,41,-489.1658178177882,-523.076483227684,-469.6264772643002,-497.1904192307939,-19.539340553488014,-25.88606399689012,flu_2018,-424.42703497927454,-447.80108446190036,-404.52912387896504,-428.3209508711261,-19.897911100309496,-19.480133590774265,-415.85390064388474,-477.6081234791024,-397.41494011585837,-458.1595209199065,-18.438960528026364,-19.448602559195894,-413.71829286538343,-488.57270796481487,-395.3762857664828,-469.4184335040785,-18.34200709890061,-19.15427446073634,-418.72942814461953,-452.10381591254026,-399.9995466195157,-433.03187613165153,-18.72988152510382,-19.07193978088874,-417.02445794925194,-472.7915702069037,-398.3284729201565,-454.4167429795224,-18.695985029095414,-18.374827227381356,,,,,,,,,,,,,,,,,,,,,,,,,,,,,,
2,132,17,80,-955.153043151445,-934.0700500830758,-902.683006390494,-883.1985923063792,-52.47003676095095,-50.8714577766966,flu_2018,-825.9082634604802,-893.4507693563464,-783.1212637119862,-848.7339788212894,-42.78699974849393,-44.71679053505704,-815.7559365206571,-962.3991703425926,-772.7180407512251,-917.1672784454781,-43.037895769432,-45.231891897114494,-813.1362992951057,-987.411372885509,-772.5702637937551,-943.6382332684107,-40.56603550135062,-43.77313961709832,-821.3666238203937,-909.1982602550231,-779.6653787851676,-864.6958276671578,-41.701245035226044,-44.50243258786527,-816.9455838096515,-954.4337565843335,-776.593440679696,-911.9277604180688,-40.352143129955536,-42.50599616626474,,,,,,,,,,,,,,,,,,,,,,,,,,,,,,
3,210,26,147,-1467.766396324771,-1395.3930455033394,-1378.6828303168195,-1317.6387118402288,-89.08356600795146,-77.75433366311063,flu_2018,-1290.3053219273247,-1393.3501504136007,-1220.8326859348072,-1321.3994010469949,-69.47263599251748,-71.95074936660592,-1281.5917660890568,-1497.0174774012592,-1211.3209967847956,-1423.120142910307,-70.27076930426111,-73.89733449095196,-1278.710628760356,-1540.724511141715,-1211.9497257920602,-1469.167095888068,-66.76090296829591,-71.55741525364724,-1283.4656437539934,-1420.0261086001851,-1215.463937367854,-1347.5269694681454,-68.00170638613952,-72.49913913203984,-1279.4810138193113,-1491.8251590798818,-1213.094150612039,-1421.5601368347718,-66.38686320727253,-70.26502224511003,,,,,,,,,,,,,,,,,,,,,,,,,,,,,,
4,321,35,238,-2207.5471345547044,-2059.6544334390146,-2079.9838774199698,-1948.584214302912,-127.56325713473441,-111.07021913610266,flu_2018,-1958.3726844784362,-2142.986817880203,-1854.6502744776017,-2033.8503666266242,-103.72241000083451,-109.1364512535789,-1948.7887739407186,-2309.5706044103213,-1845.542923827472,-2200.003883087028,-103.24585011324658,-109.56672132329302,-1954.690904661134,-2383.2103436605694,-1853.5764990884618,-2276.5873540870925,-101.11440557267234,-106.62298957347704,-1949.4530272911488,-2185.754980510061,-1847.995580173837,-2080.613726978367,-101.45744711731192,-105.14125353169408,-1956.3479470669195,-2305.2589290764504,-1855.0850482352248,-2200.417430992968,-101.26289883169466,-104.84149808348242,,,,,,,,,,,,,,,,,,,,,,,,,,,,,,
5,459,57,359,-3214.0348330874535,-2930.156582666912,-3021.622511262084,-2764.9437563938827,-192.41232182536936,-165.21282627302912,flu_2018,-2826.198655379462,-3085.2671964962005,-2671.408754684869,-2921.6421959915856,-154.78990069459275,-163.62500050461506,-2815.8440834244,-3321.4374542859605,-2662.6649612069486,-3159.4429748613275,-153.1791222174516,-161.99447942463286,-2827.4077015491553,-3432.5766953308107,-2676.6545236549027,-3272.501675962655,-150.75317789425273,-160.07501936815544,-2812.879645342043,-3148.4227454441157,-2662.3606220712145,-2992.6279668751235,-150.51902327082882,-155.794778568992,-2827.666248377836,-3315.425805736978,-2676.6767541241534,-3159.5772060377603,-150.98949425368255,-155.84859969921771,,,,,,,,,,,,,,,,,,,,,,,,,,,,,,
6,679,89,526,-4793.483155402794,-4278.931166133382,-4502.996289194262,-4038.8296447400517,-290.4868662085315,-240.10152139333093,flu_2018,-4188.107516550383,-4562.507051447209,-3962.8667763286226,-4325.18804002109,-225.2407402217603,-237.31901142611875,-4173.669793653331,-4911.081200355032,-3948.575263940185,-4673.627599197779,-225.0945297131459,-237.45360115725293,-4183.422511175336,-5079.638898196264,-3962.758925565597,-4843.091006502825,-220.66358560973836,-236.54789169343928,-4165.496077841296,-4654.3065876512555,-3944.6982497986123,-4425.399409148258,-220.79782804268407,-228.90717850299734,-4184.96001405302,-4904.428948095065,-3964.0983414433276,-4672.794610281078,-220.8616726096921,-231.6343378139863,,,,,,,,,,,,,,,,,,,,,,,,,,,,,,
7,1016,132,790,-7119.649763253866,-6283.779767994623,-6701.271881013575,-5940.418210521693,-418.3778822402909,-343.36155747293014,flu_2018,-6211.206753781272,-6756.0312538645985,-5885.808758443793,-6415.206252213426,-325.3979953374791,-340.82500165117267,-6189.484252445125,-7281.285140148835,-5866.589985279297,-6935.827657565088,-322.89426716582807,-345.4574825837476,-6224.216289235442,-7532.038867928899,-5902.200067092486,-7187.508361212318,-322.0162221429558,-344.53050671658104,-6183.917480062976,-6902.218754442729,-5864.434148520037,-6573.671978454951,-319.4833315429397,-328.5467759877772,-6228.428160538271,-7274.394569499353,-5906.986841012692,-6938.8728129268175,-321.4413195255794,-335.5217565725351,,,,,,,,,,,,,,,,,,,,,,,,,,,,,,
8,1319,187,1103,-9343.882069063806,-8209.13035388146,-8743.625508244995,-7733.23675190542,-600.2565608188099,-475.8936019760407,flu_2018,-8141.836330793008,-8907.280375592172,-7685.521550759711,-8426.536186987269,-456.3147800332967,-480.74418860490454,-8129.4854786423475,-9617.295034340486,-7669.311627065337,-9127.609655496695,-460.1738515770105,-489.68537884379134,-8181.233637559888,-9962.759637536084,-7723.085944652756,-9473.963310531182,-458.14769290713207,-488.79632700490254,-8115.946873259135,-9106.135039172254,-7665.233277409094,-8644.161713651578,-450.71359585004154,-461.97332552067576,-8174.106679766155,-9610.691379007003,-7722.873821261164,-9136.374700722215,-451.23285850499076,-474.3166782847878,,,,,,,,,,,,,,,,,,,,,,,,,,,,,,
9,1735,245,1462,-12465.349516487724,-10809.153578801706,-11682.63260115778,-10190.21814957339,-782.716915329944,-618.9354292283176,flu_2018,-10788.302019677718,-11785.18510442353,-10190.494274127785,-11158.421240085005,-597.8077455499324,-626.7638643385251,-10766.09871242491,-12713.534956682763,-10163.032070364288,-12074.274194597288,-603.0666420606219,-639.2607620854737,-10804.12484018696,-13153.269496966002,-10205.989789966266,-12518.018804513087,-598.1350502206927,-635.2506924529148,-10734.029974718229,-12026.6396494712,-10144.041115197944,-11421.867611774243,-589.988859520285,-604.7720376969578,-10789.653461718788,-12680.263350709054,-10196.663641409043,-12060.106281910423,-592.9898203097457,-620.1570687986309,,,,,,,,,,,,,,,,,,,,,,,,,,,,,,
10,2177,302,1856,-15760.46810921978,-13558.078473429334,-14772.436693045485,-12794.136573345771,-988.0314161742949,-763.9419000835621,flu_2018,-13577.484883777917,-14808.21212343421,-12832.479109033216,-14024.260790892047,-745.0057747447011,-783.9513325421636,-13538.950573461,-15971.646509873799,-12791.50079356251,-15171.707006037534,-747.4497798984878,-799.9395038362657,-13589.153549785571,-16515.06754457847,-12840.550846363054,-15723.42439324742,-748.6027034225177,-791.6431513310483,-13494.733760584879,-15100.249601865971,-12761.847419302552,-14349.207428099326,-732.8863412823271,-751.0421737666464,-13582.24899787914,-15915.537556037163,-12842.181381731578,-15142.651605876517,-740.0676161475615,-772.885950160646,,,,,,,,,,,,,,,,,,,,,,,,,,,,,,
11,2662,363,2318,-19388.593462744666,-16572.566292372077,-18187.503796614685,-15651.806967516819,-1201.0896661299817,-920.7593248552585,flu_2018,-16629.335227887583,-18068.67077471985,-15732.315161476356,-17121.390804855007,-897.0200664112282,-947.2799698648417,-16575.44861348278,-19459.85776419474,-15673.04702130991,-18498.22614583898,-902.4015921728687,-961.6316183557605,-16625.919268466263,-20122.72016430567,-15719.705593179238,-19162.602542863286,-906.2136752870259,-960.1176214423813,-16525.89407989228,-18414.64746523798,-15640.176330013615,-17509.04235624947,-885.7177498786662,-905.6051089885098,-16614.097721812566,-19400.583185023308,-15718.154572812547,-18461.13152074304,-895.9431490000202,-939.4516642802678,,,,,,,,,,,,,,,,,,,,,,,,,,,,,,
12,3187,443,2811,-23323.284461241296,-19894.28701705075,-21864.78260856047,-18785.432287898468,-1458.5018526808276,-1108.8547291522807,flu_2018,-20000.94748697708,-21717.593179090465,-18914.84431484653,-20572.083585268556,-1086.1031721305494,-1145.5095938219074,-19927.156502860576,-23372.272665124332,-18832.95247345814,-22209.402418032394,-1094.2040294024355,-1162.870247091937,-19973.317057342356,-24175.784345825577,-18872.95908258202,-23010.827573978146,-1100.3579747603374,-1164.9567718474314,-19863.304219938484,-22125.52406327934,-18789.96302972106,-21029.214461879834,-1073.3411902174232,-1096.309601399506,-19956.06766034658,-23307.05846330358,-18871.445874289635,-22170.665862237518,-1084.6217860569436,-1136.3926010660616,,,,,,,,,,,,,,,,,,,,,,,,,,,,,,
13,3543,505,3161,-26056.602465807213,-22150.46982332846,-24405.608067879766,-20890.068204015464,-1650.9943979274449,-1260.4016193129983,flu_2018,-22289.520310387277,-24194.557743254543,-21048.30219584853,-22885.83473725378,-1241.2181145387465,-1308.7230060007655,-22198.517683138045,-26033.152871951108,-20951.461312097068,-24707.87192119795,-1247.0563710409756,-1325.2809507531579,-22244.483457973332,-26922.501373435083,-20989.53749671375,-25590.023168384396,-1254.9459612595822,-1332.478205050688,-22127.925495973628,-24641.45099508374,-20904.07859669717,-23393.201404964504,-1223.8468992764574,-1248.2495901192347,-22231.582316119726,-25949.677204156622,-20992.16160828562,-24654.980863924924,-1239.4207078341042,-1294.6963402316971,,,,,,,,,,,,,,,,,,,,,,,,,,,,,,
14,4003,590,3617,-29641.904662755438,-25103.797461310078,-27714.021502995736,-23661.137518527492,-1927.8831597597007,-1442.659942782585,flu_2018,-25294.642642236242,-27448.08564372683,-23864.58993920181,-25945.018275536404,-1430.052703034431,-1503.0673681904245,-25181.035546053026,-29533.884519652816,-23746.31353468166,-28003.990154937965,-1434.7220113713674,-1529.8943647148515,-25217.43599684405,-30532.672065831506,-23771.061305482017,-29004.94240375773,-1446.3746913620355,-1527.7296620737766,-25098.888855201803,-27948.421213909165,-23691.667838721205,-26513.05888872171,-1407.2210164805983,-1435.3623251874546,-25202.229709428295,-29426.096754736565,-23777.542009432036,-27940.92935931306,-1424.6876999962583,-1485.1673954235034,,,,,,,,,,,,,,,,,,,,,,,,,,,,,,
15,4482,666,4099,-33483.08945520942,-28223.168262461404,-31305.806929866554,-26600.15063524769,-2177.282525342864,-1623.0176272137144,flu_2018,-28451.11230893256,-30837.94238457721,-26838.296580010516,-29141.678676155643,-1612.8157289220426,-1696.2637084215694,-28310.30428995689,-33178.28456843195,-26692.68524492652,-31454.17159490033,-1617.6190450303693,-1724.1129735316142,-28341.29777949687,-34293.77905250164,-26710.931849351928,-32567.937031828245,-1630.3659301449409,-1725.8420206733904,-28228.96577194131,-31393.958345139145,-26642.310484850237,-29777.0655922611,-1586.655287091076,-1616.8927528780428,-28337.260625134557,-33042.12203429671,-26732.165549811267,-31366.533203708783,-1605.0950753232917,-1675.5888305879312,,,,,,,,,,,,,,,,,,,,,,,,,,,,,,
16,4971,744,4563,-37264.10802524408,-31310.925108142794,-34845.98195207556,-29510.404525484366,-2418.1260731685165,-1800.5205826584297,flu_2018,-31591.80647744682,-34234.45297616763,-29799.343315051516,-32358.70667286601,-1792.4631623953044,-1875.7463033016188,-31418.31148442332,-36845.96020534031,-29623.79397213138,-34931.65401120196,-1794.5175122919372,-1914.3061941383498,-31435.730208342473,-38066.264540772725,-29628.579330618602,-36150.286122593534,-1807.1508777238703,-1915.9784181791947,-31334.824318882955,-34850.72473556455,-29569.708292708583,-33056.89221674491,-1765.1160261743717,-1793.8325188196427,-31444.250117483723,-36675.229030917326,-29662.44178084947,-34816.49254232111,-1781.8083366342541,-1858.7364885962165,,,,,,,,,,,,,,,,,,,,,,,,,,,,,,
17,5475,834,5043,-41306.44774556362,-34610.783015608235,-38610.05487415915,-32616.571580935703,-2696.392871404477,-1994.2114346725286,flu_2018,-34947.74380809117,-37928.15142022229,-32959.84890044488,-35839.57361065505,-1987.8949076462868,-2088.5778095672404,-34758.62419937333,-40805.77000700858,-32765.48559514899,-38684.07360878712,-1993.1386042243341,-2121.6963982214575,-34757.77700481185,-42183.206606193904,-32751.301582197328,-40047.748001778324,-2006.4754226145178,-2135.45860441558,-34654.00017755889,-38590.07111640871,-32694.98664603227,-36600.63467075271,-1959.0135315266175,-1989.4364456560002,-34752.12272089767,-40621.9694752269,-32775.05780193307,-38554.442148820315,-1977.064918964599,-2067.5273264065863,,,,,,,,,,,,,,,,,,,,,,,,,,,,,,
18,5845,907,5458,-44494.87328156108,-37138.892910640236,-41561.96411465368,-34976.935535691504,-2932.909166907398,-2161.9573749487326,flu_2018,-37523.77632166905,-40749.86658260345,-35361.50367702478,-38479.32560549683,-2162.2726446442693,-2270.5409771066206,-37307.586437955666,-43842.75961312873,-35145.49276860899,-41540.32766105167,-2162.0936693466792,-2302.4319520770555,-37294.46921747542,-45308.51494587185,-35119.7364271273,-42994.37538802759,-2174.7327903481123,-2314.1395578442616,-37193.63672814968,-41444.85628113239,-35067.2127996515,-39283.71627972789,-2126.423928498178,-2161.1400014045103,-37287.37448616579,-43620.815952074554,-35138.07524798269,-41375.76727437125,-2149.2992381830986,-2245.0486777033084,,,,,,,,,,,,,,,,,,,,,,,,,,,,,,
19,6208,981,5858,-47555.302332405925,-39607.60462564995,-44401.33884167484,-37287.74706773644,-3153.9634907310838,-2319.857557913509,flu_2018,-40037.52733722271,-43521.62963920529,-37719.59059022489,-41085.11506638334,-2317.9367469978192,-2436.51457282195,-39799.77229214137,-46826.266640240305,-37474.761219976026,-44356.0286603323,-2325.0110721653505,-2470.237979908009,-39757.12689660124,-48383.974969088806,-37425.688394464465,-45908.30016544949,-2331.4385021367807,-2475.6748036393196,-39679.88815911627,-44250.67295952982,-37397.4153393263,-41932.1100884573,-2282.472819789978,-2318.5628710725173,-39750.39605013178,-46580.97213382375,-37445.643323584234,-44167.90014814405,-2304.7527265475414,-2413.0719856797014,,,,,,,,,,,,,,,,,,,,,,,,,,,,,,
20,6520,1069,6184,-50139.59184566132,-41722.71873384578,-46760.354773294275,-39237.00539801886,-3379.2370723670438,-2485.7133358269184,flu_2018,-42177.921122666354,-45921.011038634526,-39691.65554238243,-43309.661013337805,-2486.265580283921,-2611.350025296721,-41926.7052182561,-49427.58899054163,-39434.171024750816,-46778.69262231652,-2492.5341935052847,-2648.8963682251147,-41882.06165836837,-51070.80594026859,-39383.451499020965,-48415.93429966927,-2498.6101593474104,-2654.871640599321,-41792.76659120247,-46690.292768542975,-39345.23199022132,-44203.43448881807,-2447.534600981151,-2486.858279724902,-41879.59946080352,-49156.971096116504,-39407.85365723932,-46568.731492082145,-2471.745803564198,-2588.2396040343615,,,,,,,,,,,,,,,,,,,,,,,,,,,,,,
21,6721,1125,6449,-51879.01194313451,-43082.18687515141,-48339.42795714248,-40478.29330539755,-3539.58398599203,-2603.893569753858,flu_2018,-43577.75822654828,-47435.052048112266,-40974.835313260715,-44695.514824105114,-2602.922913287566,-2739.5372240071547,-43307.63851457492,-51048.051080737416,-40692.13788733045,-48267.28300778656,-2615.5006272444734,-2780.76807295086,-43245.89924940151,-52735.31636917766,-40621.75572050704,-49947.373292950906,-2624.1435288944667,-2787.943076226753,-43168.81954657277,-48207.26342843005,-40603.9878738075,-45603.612856130174,-2564.8316727652686,-2603.650572299874,-43238.23570544098,-50759.224773833084,-40647.68842726338,-48039.62846568825,-2590.5472781775943,-2719.596308144834,,,,,,,,,,,,,,,,,,,,,,,,,,,,,,
22,6871,1166,6664,-53175.15791120982,-44106.07069741159,-49506.551224157774,-41409.92270230504,-3668.6066870520453,-2696.1479951065476,flu_2018,-44632.62359223087,-48542.37074210697,-41935.821533512106,-45709.902530766914,-2696.8020587187602,-2832.468211340058,-44341.70036198087,-52225.96750349668,-41634.53872731017,-49352.13490307042,-2707.161634670698,-2873.83260042626,-44268.533899460745,-53947.8292856033,-41548.96108784974,-51060.67487010438,-2719.572811611002,-2887.1544154989174,-44211.26518692236,-49322.686375363555,-41553.97375914341,-46629.09937755307,-2657.2914277789546,-2693.5869978104793,-44266.17991401538,-51924.253954865184,-41581.940648775104,-49112.03122223841,-2684.2392652402787,-2812.2227326267734,,,,,,,,,,,,,,,,,,,,,,,,,,,,,,
23,6977,1192,6804,-54000.778392024244,-44789.28238242465,-50256.02990454047,-42035.07249131645,-3744.748487483773,-2754.2098911081985,flu_2018,-45329.01872457195,-49271.808716799795,-42574.82175663386,-46381.804433312995,-2754.1969679380904,-2890.004283486802,-45033.965834686205,-53000.26784657387,-42267.1852825846,-50068.51122226645,-2766.7805521016057,-2931.7566243074216,-44957.22786376658,-54746.69739963584,-42179.344322176505,-51802.32189026019,-2777.883541590075,-2944.375509375656,-44901.38444565934,-50060.60491994518,-42186.03595994705,-47311.39086621614,-2715.3484857122994,-2749.214053729041,-44955.80885821165,-52700.182906111,-42213.3545151285,-49828.514713003635,-2742.45434308315,-2871.668193107364,,,,,,,,,,,,,,,,,,,,,,,,,,,,,,
24,7070,1225,6933,-54790.6882791716,-45427.516959904635,-50970.784516683736,-42612.89710054243,-3819.9037624878624,-2814.619859362203,flu_2018,-45980.50338500962,-49982.95892934388,-43164.77654014038,-47030.84707952527,-2815.7268448692444,-2952.111849818608,-45677.56658259871,-53767.07891779296,-42850.412909931314,-50771.53951163406,-2827.1536726673953,-2995.5394061589,-45597.84186565274,-55541.188550728155,-42758.8363709253,-52530.719518245096,-2839.0054947274393,-3010.4690324830563,-45547.05385072329,-50782.75792084501,-42771.486798082806,-47973.97166766719,-2775.5670526404865,-2808.7862531778196,-45590.09887670061,-53461.09971342229,-42787.25028866065,-50527.75361168662,-2802.8485880399626,-2933.346101735672,,,,,,,,,,,,,,,,,,,,,,,,,,,,,,
25,7144,1245,7042,-55464.886520380765,-45953.096969371385,-51574.44542877339,-43090.120851387735,-3890.441091607373,-2862.9761179836514,flu_2018,-46520.072546644275,-50569.50115432757,-43654.96033939138,-47563.07443924781,-2865.1122072528965,-3006.426715079761,-46213.23616953354,-54389.69249434144,-43336.24706597769,-51340.74222305788,-2876.9891035558508,-3048.950271283559,-46128.14122761621,-56181.23319259553,-43238.89769246626,-53117.29640033365,-2889.2435351499544,-3063.9367922618762,-46078.51961657884,-51371.273942539614,-43254.84018958929,-48511.95020069268,-2823.6794269895477,-2859.323741846933,-46119.069934215855,-54074.10256195017,-43267.38156508746,-51090.1320532374,-2851.6883691283965,-2983.9705087127663,,,,,,,,,,,,,,,,,,,,,,,,,,,,,,
0,102,7,102,-519.221752386497,-1031.1716148666344,-497.4438419006329,-960.4706024495199,-21.777910485864062,-70.70101241711443,othervirus_2019,-507.14570544377,-371.1326208304543,-486.65171994691167,-352.1224991530608,-20.4939854968583,-19.01012167739349,-492.3237543018098,-355.1659608253733,-471.8860260417933,-335.97309011363143,-20.43772826001652,-19.1928707117419,-473.53476703854045,-355.7806857227373,-453.4022622234411,-335.8283049534342,-20.132504815099374,-19.9523807693031,-497.92105017091507,-364.66175295572475,-476.9731812910052,-345.09418308340344,-20.947868879909894,-19.567569872321293,-511.3142217345774,-360.845405265985,-491.0301006883087,-341.138160217593,-20.284121046268694,-19.70724504839202,-478.3842216249538,-362.62494524763565,-458.57122516847824,-343.3420438804249,-19.812996456475563,-19.28290136721074,,,,,,,,,,,,,,,,,,,,,,,,
1,166,13,165,-886.2176657828172,-1263.055531777885,-846.2880843584439,-1173.913096163945,-39.929581424373254,-89.14243561394,othervirus_2019,-843.2518697294888,-611.1600011250872,-805.6483552954594,-577.0942258284064,-37.60351443402938,-34.065775296680854,-817.7174374105417,-584.5200450323923,-779.2077933438782,-550.8432764221711,-38.50964406666355,-33.67676861022121,-783.2670337122967,-583.8168110723294,-744.9220463024151,-546.3285484283197,-38.344987409881625,-37.48826264400974,-829.9275337264057,-601.8626636279257,-790.0911605886291,-564.7653499446092,-39.83637313777657,-37.097313683316486,-851.4433946321493,-591.4333614824026,-812.324570755087,-554.9524423572693,-39.11882387706228,-36.48091912513326,-797.6383965471847,-596.6326270499318,-758.6930909748929,-560.5585167662864,-38.945305572291815,-36.074110283645425,,,,,,,,,,,,,,,,,,,,,,,,
2,191,13,187,-1029.3302136103534,-1343.0929626662569,-986.5499263610986,-1252.3900487532424,-42.78028724925488,-90.70291391301453,othervirus_2019,-970.48305511279,-699.0682609045751,-931.6585530806911,-663.9146629485571,-38.8245020320988,-35.15359795601811,-940.336580240374,-667.7791301984794,-900.4543479713429,-633.021467109681,-39.8822322690311,-34.75766308879837,-900.272465887062,-665.603073121281,-860.5782258136051,-627.1610710494307,-39.69424007345697,-38.442002071850276,-954.6628954229906,-686.9837496889202,-913.5068495232338,-648.9111421955861,-41.15604589975677,-38.072607493334075,-979.015295593928,-674.0482540605228,-938.6462108707669,-636.4384744414509,-40.36908472316111,-37.6097796190719,-916.9280430703645,-679.293366189518,-876.740445209563,-642.1462442252445,-40.18759786080164,-37.14712196427352,,,,,,,,,,,,,,,,,,,,,,,,
3,234,15,226,-1252.9062489812436,-1476.5885263924138,-1201.1464911331036,-1378.037065045468,-51.75975784814004,-98.55146134694597,othervirus_2019,-1179.6112195323658,-844.9018457782255,-1133.7401510358586,-801.7736315042764,-45.87106849650719,-43.128214273949105,-1141.8403803313406,-805.1334761784783,-1095.4990612627578,-763.3116379500448,-46.34131906858292,-41.821838228433535,-1094.654353177187,-802.0639930854616,-1047.6616990631624,-755.3705688975881,-46.9926541140247,-46.693424187873475,-1160.8554450933473,-828.3722299326175,-1112.7863784341628,-784.3699501259329,-48.06906665918453,-44.00227980668468,-1190.293268805359,-812.5191526877453,-1143.1694236365684,-767.9946635025357,-47.12384516879067,-44.52448918520959,-1114.132992574222,-818.3601517906543,-1066.9772747208813,-774.5087957366839,-47.15571785334073,-43.85135605397049,,,,,,,,,,,,,,,,,,,,,,,,
4,256,17,247,-1393.1288031044867,-1559.5061713011153,-1334.6427185254988,-1454.6713259626881,-58.486084578987956,-104.83484533842713,othervirus_2019,-1296.806070586392,-931.2303777771868,-1245.4204887612932,-882.6500492215146,-51.385581825098825,-48.580328555672246,-1255.9892750295064,-888.812866428765,-1203.9171651943975,-841.3544279475004,-52.07210983510882,-47.45843848126459,-1204.6873181302526,-884.899198783733,-1151.7027302452882,-833.020031738599,-52.98458788496439,-51.879167045134054,-1275.25866908099,-912.2030669473469,-1221.7725278578323,-862.761925195036,-53.486141223157894,-49.44114175231086,-1307.9767176301575,-895.2076264434081,-1255.1043650327904,-845.0830131336381,-52.87235259736717,-50.12461330976998,-1224.6381654328611,-899.6990142984652,-1171.9060178933523,-850.4977533658557,-52.73214753950879,-49.20126093260948,,,,,,,,,,,,,,,,,,,,,,,,
5,308,19,294,-1690.786212515091,-1737.7623682762685,-1620.709108357877,-1624.860007389848,-70.07710415721391,-112.90236088642045,othervirus_2019,-1566.8207581225179,-1123.160977550493,-1508.8036913718531,-1068.251499756354,-58.017066750664796,-54.909477794139114,-1516.735460450881,-1070.7679753246398,-1457.3899271636003,-1016.7353744905026,-59.34553328728068,-54.032600834137085,-1455.369377246781,-1066.2425115821254,-1395.7914489216205,-1006.8808141182791,-59.577928325160414,-59.36169746384625,-1540.0321697208394,-1099.8719180164426,-1479.3864197064884,-1043.9180507771725,-60.64575001435111,-55.95386723927004,-1578.2715302278764,-1078.798904652157,-1518.9986842812832,-1021.6217393357883,-59.27284594659315,-57.177165316368615,-1478.0279534914275,-1083.9977525094382,-1418.5093860503805,-1027.7734995802657,-59.51856744104702,-56.22425292917248,,,,,,,,,,,,,,,,,,,,,,,,
6,360,21,333,-2008.6803439776118,-1930.8138959835437,-1928.6296790028937,-1809.8019782518372,-80.05066497471796,-121.01191773170638,othervirus_2019,-1846.7406918415638,-1322.9912160711078,-1781.1142362993678,-1260.494006529126,-65.62645554219601,-62.49720954198187,-1788.1072952734933,-1261.5483474695377,-1720.522042410406,-1199.941156984779,-67.58525286308743,-61.60719048475891,-1715.1714188739115,-1254.5667308174054,-1648.3865430015312,-1189.0435112093107,-66.78487587238038,-65.52321960809462,-1814.8194418911776,-1295.4136258799085,-1746.4730112541347,-1232.187337493301,-68.346430637043,-63.22628838660758,-1857.0377278676976,-1269.1384225114814,-1790.4490958773508,-1205.0401081144273,-66.58863199034678,-64.09831439705412,-1740.9823017110855,-1276.2072920644362,-1673.9992845033753,-1212.0144423206748,-66.9830172077101,-64.19284974376146,,,,,,,,,,,,,,,,,,,,,,,,
7,415,23,382,-2329.0316917514906,-2131.2720508393522,-2237.814692763601,-2001.4812010814335,-91.21699898788957,-129.7908497579188,othervirus_2019,-2134.8945966163756,-1537.1336233290479,-2060.265516744754,-1465.2906129733742,-74.6290798716212,-71.84301035567356,-2067.135918198793,-1467.7227510659923,-1990.3875164418998,-1396.7732162447787,-76.7484017568934,-70.9495348212135,-1983.3474116706316,-1459.3357484222029,-1907.7248087276557,-1385.0774021303496,-75.62260294297586,-74.25834629185323,-2096.377840460778,-1504.2584970824719,-2019.2943334982033,-1431.6755161593749,-77.08350696257462,-72.58298092309691,-2143.390312352026,-1474.6117671910768,-2068.1047405707395,-1401.9099805770634,-75.28557178128612,-72.70178661401334,-2010.8802853956918,-1481.9245668801739,-1935.240709683928,-1408.6750900847346,-75.63957571176391,-73.2494767954393,,,,,,,,,,,,,,,,,,,,,,,,
8,501,25,469,-2832.55497469422,-2410.11942077518,-2727.8726387534275,-2270.7834903604553,-104.68233594079244,-139.33593041472483,othervirus_2019,-2575.9541713815843,-1844.7412018678292,-2491.611146597097,-1762.9238570040095,-84.34302478448723,-81.81734486381978,-2492.2978566876495,-1757.7793537583175,-2405.2868408210106,-1677.841430502755,-87.0110158666389,-79.93792325556244,-2388.29111352112,-1746.8169527475243,-2303.661113906984,-1662.236480412452,-84.62999961413593,-84.58047233507222,-2528.735427743227,-1803.0339091194753,-2441.685519908932,-1720.1007322226264,-87.04990783429507,-82.93317689684888,-2583.558905499077,-1764.3081396442933,-2499.117184123209,-1682.0874167136935,-84.44172137586787,-82.22072293059972,-2424.2493795963182,-1772.8378431726114,-2338.6560042117408,-1689.483919446637,-85.59337538457754,-83.3539237259744,,,,,,,,,,,,,,,,,,,,,,,,
9,582,29,540,-3357.6842172562824,-2714.0434299030094,-3234.4099518068433,-2561.395214265009,-123.27426544943917,-152.64821563800027,othervirus_2019,-3016.4334885088724,-2160.25671686241,-2919.939926832213,-2067.1447368378786,-96.49356167665931,-93.11198002453158,-2916.7571541804864,-2062.971740340269,-2816.4238407499797,-1971.2360870179486,-100.33331343050658,-91.73565332232062,-2796.9138330213523,-2047.3194993921034,-2699.756366790402,-1951.5585668363433,-97.15746623095049,-95.76093255576015,-2961.7734155453386,-2112.7833521788725,-2861.7770222025915,-2018.1937093053207,-99.99639334274717,-94.5896428735518,-3022.616978904351,-2066.926687163844,-2925.5174987134733,-1972.4204162118726,-97.09948019087764,-94.50627095197103,-2839.0829882457715,-2074.8185837413744,-2740.648426356229,-1979.5149925934882,-98.43456188954254,-95.30359114788601,,,,,,,,,,,,,,,,,,,,,,,,
10,673,34,622,-3917.624758991351,-3076.8517545438094,-3773.655973837598,-2908.7461180753594,-143.96878515375286,-168.10563646844994,othervirus_2019,-3502.850930922003,-2523.7436516467583,-3390.9180495127143,-2415.1855208174775,-111.93288140928865,-108.55813082928098,-3387.7620574685616,-2418.305886196306,-3269.971425137513,-2311.812127295204,-117.7906323310483,-106.49375890110197,-3247.449015186371,-2399.4825411366714,-3133.96126263105,-2290.6355802859453,-113.487752555321,-108.84696085072625,-3443.8701253948375,-2471.59306961407,-3327.7950973013135,-2362.490763946559,-116.07502809352383,-109.10230566751079,-3509.3025773053496,-2420.8341112245175,-3396.495080126183,-2312.3271943585582,-112.80749717916672,-108.50691686595916,-3301.4465570204393,-2431.1377812409632,-3187.2874667148694,-2320.723263054922,-114.15909030557007,-110.41451818604124,,,,,,,,,,,,,,,,,,,,,,,,
11,774,39,713,-4522.649925482354,-3447.958347911777,-4359.314010912279,-3261.8643422045784,-163.33591457007498,-186.09400570719845,othervirus_2019,-4041.603611234468,-2908.3813453427083,-3914.243483613537,-2783.4651979462037,-127.36012762093085,-124.91614739650478,-3905.320902994853,-2786.695131962526,-3772.346827705713,-2665.0752202361764,-132.9740752891397,-121.61991172634939,-3743.5944748287493,-2764.1215437588316,-3614.6899964085565,-2639.4038305348577,-128.90447842019265,-124.71771322397399,-3974.5273345633896,-2848.6190191711544,-3843.018311740044,-2724.5134382681063,-131.50902282334576,-124.10558090304798,-4047.528638417082,-2789.4173643250415,-3919.181605679556,-2665.245160685536,-128.3470327375264,-124.17220363950514,-3809.3636273640345,-2803.170749475032,-3679.8602018762404,-2677.305131089484,-129.50342548779417,-125.86561838554826,,,,,,,,,,,,,,,,,,,,,,,,
12,890,44,802,-5297.813427797552,-3990.213141894789,-5111.483241044468,-3785.9897896127673,-186.33018675308423,-204.2233522820215,othervirus_2019,-4697.659897226385,-3438.990504840036,-4553.169272320809,-3295.8500597552697,-144.49062490557552,-143.14044508476627,-4542.257388674374,-3320.4471774368267,-4391.851936264031,-3180.454750928585,-150.40545241034326,-139.99242650824175,-4355.885181938688,-3303.3689475614165,-4209.66880596295,-3159.9526275889925,-146.2163759757383,-143.41631997242376,-4618.980339353947,-3374.415376099976,-4470.649987986314,-3232.392187166299,-148.3303513676332,-142.02318893367715,-4698.530999602914,-3317.676268109832,-4553.539067596248,-3175.584975523532,-144.99193200666582,-142.09129258630009,-4433.360128918054,-3328.5427995613977,-4287.105460304843,-3184.7221081746648,-146.2546686132112,-143.82069138673302,,,,,,,,,,,,,,,,,,,,,,,,
13,1085,51,957,-6430.918219583946,-4636.718814286811,-6213.1497161404695,-4406.92926332518,-217.76850344347656,-229.7895509616308,othervirus_2019,-5699.6184703828985,-4136.931982574878,-5528.645025092057,-3970.6971265359953,-170.9734452908417,-166.2348560388827,-5507.163982120466,-3985.5185743541174,-5330.598304776742,-3820.702232766092,-176.5656773437237,-164.81634158802535,-5274.807382089816,-3959.0532261317853,-5103.386620728869,-3790.9277272372,-171.42076136094664,-168.12549889458515,-5603.776091398975,-4057.079310253235,-5428.7417153432925,-3888.921712655731,-175.03437605568283,-168.15759759750375,-5696.566503295268,-3981.8302196858394,-5525.790801343754,-3814.718318085872,-170.7757019515145,-167.11190159996767,-5373.143060085791,-3997.089739586147,-5200.211634215968,-3827.7980326250527,-172.9314258698231,-169.2917069610946,,,,,,,,,,,,,,,,,,,,,,,,
14,1285,58,1129,-7546.018257844784,-5373.140799504904,-7291.934006716292,-5114.335977195338,-254.08425112849136,-258.8048223095659,othervirus_2019,-6722.70743118921,-4908.069290325156,-6523.213044561839,-4715.041204984959,-199.4943866273716,-193.0280853401967,-6500.278267596547,-4733.242005826468,-6295.787717759117,-4540.300820679935,-204.49054983742974,-192.94118514653252,-6226.382725008686,-4704.770556533272,-6026.488722349766,-4508.332402552958,-199.89400265891993,-196.43815398031376,-6611.899647834422,-4816.720364448763,-6408.739049462529,-4620.351604232157,-203.16059837189258,-196.36876021660518,-6721.148603319313,-4734.239016070933,-6521.924692984325,-4537.805121395478,-199.2239103349886,-196.43389467545478,-6339.861899827478,-4751.325574372912,-6139.082444658605,-4554.25447538089,-200.77945516887274,-197.07109899202294,,,,,,,,,,,,,,,,,,,,,,,,
15,1617,65,1402,-9488.067447854313,-6659.680518418682,-9195.77017950534,-6372.104642660941,-292.2972683489734,-287.57587575774124,othervirus_2019,-8448.50974172855,-6221.6408931480355,-8221.337109701673,-6002.655522088428,-227.17263202687735,-218.9853710596072,-8172.574917761479,-6026.512253106529,-7940.7979093541435,-5806.860368061334,-231.77700840733525,-219.65188504519523,-7842.932681526451,-5997.436200189108,-7614.68369984072,-5774.000795340786,-228.2489816857312,-223.43540484832175,-8312.569537369114,-6118.223009592761,-8082.206242920069,-5896.592463685738,-230.3632944490459,-221.63054590702305,-8455.514655163126,-6028.165351688558,-8228.945306636295,-5805.569592544113,-226.56934852683142,-222.59575914444503,-7978.583385098105,-6045.35007178131,-7751.363369354824,-5823.0832105683185,-227.22001574328215,-222.26686121299196,,,,,,,,,,,,,,,,,,,,,,,,
16,1936,77,1723,-11509.744761663029,-7876.337454641222,-11155.893370580296,-7546.5360073015345,-353.8513910827326,-329.80144733968814,othervirus_2019,-10163.52434667048,-7494.933868204338,-9893.688025611531,-7235.6408333667005,-269.83632105894924,-259.29303483763795,-9824.592486628162,-7266.649608826264,-9549.906672073157,-7005.43570119642,-274.6858145550051,-261.21390762984316,-9426.934721588888,-7225.12257332582,-9156.300058275176,-6963.026620092171,-270.6346633137136,-262.0959532336494,-9993.088992984895,-7365.510217736953,-9720.086952935468,-7103.919396671977,-273.00204004942725,-261.59082106497624,-10157.344475880904,-7255.571967743851,-9889.707307181736,-6994.134452476929,-267.6371686991682,-261.437515266922,-9591.787352261257,-7271.772622362526,-9322.928831647194,-7009.862687904537,-268.8585206140637,-261.9099344579888,,,,,,,,,,,,,,,,,,,,,,,,
17,2130,92,1962,-12714.025650231319,-8696.016006541602,-12297.255114490283,-8318.20177258347,-416.7705357410351,-377.81423395813164,othervirus_2019,-11226.655389057014,-8321.642451168613,-10907.191882624022,-8016.129355549903,-319.463506432993,-305.51309561870914,-10850.854929066832,-8081.611249792419,-10529.90889795358,-7775.6739304412995,-320.9460311132522,-305.93731935111884,-10418.322654633186,-8044.187778119986,-10102.238427776436,-7735.985434220425,-316.0842268567501,-308.2023438995613,-11039.905300256009,-8185.099774247083,-10718.885152817058,-7877.403878326859,-321.02014743894966,-307.6958959202243,-11214.304221841829,-8070.822688938721,-10899.284049573935,-7765.9912955702275,-315.02017226789314,-304.83139336849354,-10599.25663950962,-8088.975803986579,-10282.859530381029,-7783.087566001068,-316.39710912859107,-305.8882379855111,,,,,,,,,,,,,,,,,,,,,,,,
18,2317,98,2164,-13847.01976339418,-9463.61740081844,-13391.778858123402,-9062.249611671929,-455.24090527077834,-401.36778914651285,othervirus_2019,-12225.911174251481,-9105.316599766827,-11882.117274300408,-8776.920773713435,-343.7938999510728,-328.3958260533935,-11818.709544215764,-8857.365914246615,-11472.357796572473,-8527.689982646909,-346.3517476432921,-329.6759315997053,-11346.284716605167,-8820.020348583,-11006.692583451973,-8490.210685245416,-339.5921331531934,-329.8096633375853,-12024.898325585635,-8960.77128450639,-11679.155825464559,-8628.94259579105,-345.7425001210757,-331.82868871534123,-12205.037696917005,-8844.559137680542,-11866.38912889706,-8517.213161663894,-338.6485680199444,-327.3459760166484,-11544.38267449865,-8864.022343880462,-11204.060406558478,-8535.387606870521,-340.3222679401734,-328.6347370099418,,,,,,,,,,,,,,,,,,,,,,,,
19,2515,114,2361,-15096.724501252633,-10344.991644610664,-14576.49809853536,-9897.497117125464,-520.226402717273,-447.49452748520054,othervirus_2019,-13325.881171881998,-9996.907456996136,-12935.232079043675,-9622.892965688874,-390.649092838322,-374.01449130726246,-12891.488484634094,-9743.859797489973,-12497.124660182897,-9367.657767525987,-394.3638244511964,-376.202029963987,-12384.591646721148,-9709.134366851114,-11998.317058793034,-9334.47370289718,-386.27458792811433,-374.66066395393557,-13107.269297781195,-9840.881746943976,-12714.434249310167,-9466.09924392337,-392.83504847102887,-374.78250302060576,-13303.42425758827,-9729.32031838844,-12918.979451066747,-9355.773708946948,-384.4448065215231,-373.54660944149236,-12590.741890611602,-9746.841518864372,-12204.745362769885,-9372.94274627516,-385.9965278417171,-373.89877258921274,,,,,,,,,,,,,,,,,,,,,,,,
20,2631,126,2494,-15869.02061561712,-10853.372386125977,-15288.442021695742,-10367.304225477754,-580.5785939213786,-486.06816064822226,othervirus_2019,-13979.928204415399,-10517.122763105977,-13551.784252041103,-10106.204011912612,-428.14395237429545,-410.91875119336544,-13528.277577643948,-10257.829378304641,-13096.745060376583,-9843.039636842446,-431.5325172673649,-414.78974146219434,-13001.73487501115,-10222.097699207436,-12577.155006951207,-9811.856024216046,-424.57986805994284,-410.24167499139065,-13747.478997316282,-10353.103369681816,-13317.415543980567,-9941.496607175111,-430.06345333571517,-411.60676250670497,-13950.70161850063,-10239.374715072467,-13528.93156359377,-9829.449626838785,-421.77005490686065,-409.925088233681,-13207.476537526238,-10253.40432036019,-12784.750421635395,-9843.913725091927,-422.72611589084204,-409.4905952682635,,,,,,,,,,,,,,,,,,,,,,,,
21,2746,138,2635,-16620.62885774806,-11367.966172672976,-15987.428517972472,-10841.56132762487,-633.2003397755875,-526.4048450481064,othervirus_2019,-14638.793331088265,-11039.893365653057,-14170.49034906246,-10589.444005098678,-468.302982025805,-450.44936055437876,-14165.645092440831,-10773.380653102588,-13695.097686205781,-10319.848956499547,-470.54740623505035,-453.5316966030404,-13614.013819472095,-10741.242885019621,-13149.449719449109,-10289.670843874825,-464.5641000229856,-451.5720411447969,-14395.506583816828,-10868.341140568711,-13925.862379515294,-10417.41223756095,-469.64420430153405,-450.9289030077615,-14603.7463568872,-10753.700091988268,-14141.809040057362,-10304.465188477088,-461.937316829839,-449.23490351118085,-13830.988806975158,-10769.980956987885,-13369.53696809926,-10321.371629589266,-461.4518388758978,-448.6093273986184,,,,,,,,,,,,,,,,,,,,,,,,
22,2879,146,2751,-17432.624351637878,-11921.37693561498,-16763.562792046232,-11370.671116960959,-669.0615595916473,-550.7058186540224,othervirus_2019,-15362.104184549054,-11606.64700633562,-14868.571860514447,-11132.379663873118,-493.5323240346078,-474.2673424625016,-14868.832529240124,-11332.512265683608,-14371.944224061717,-10853.870898852023,-496.8883051784076,-478.6413668315851,-14294.937349088565,-11302.502004626613,-13803.987301824302,-10825.311042483756,-490.9500472642627,-477.1909621428571,-15106.837882863967,-11429.544750414643,-14611.174371706136,-10953.34065309641,-495.66351115783124,-476.2040973182338,-15326.335430385676,-11312.978213131373,-14838.8471881169,-10838.964250026265,-487.48824226877593,-474.0139631051084,-14517.439781880994,-11329.69297162324,-14030.55823589689,-10856.418135035483,-486.88154598410426,-473.2748365877584,,,,,,,,,,,,,,,,,,,,,,,,
23,2970,159,2863,-18050.870223849757,-12337.523169855316,-17338.54076345204,-11757.471379252762,-712.3294603977138,-580.0517906025536,othervirus_2019,-15896.588818012147,-12027.578240184379,-15370.587509713065,-11524.054052156987,-526.001308299082,-503.5241880273918,-15383.55403286302,-11744.313509531792,-14854.990948711327,-11236.776131129887,-528.5630841516927,-507.5373784019051,-14789.89457766795,-11714.35547651812,-14266.50468632795,-11209.422207347467,-523.3898913400017,-504.93326917065303,-15630.261734491818,-11843.30553914468,-15102.742787575757,-11338.328227719745,-527.5189469160606,-504.97731142493467,-15846.182808603007,-11722.68606929449,-15327.337254566093,-11221.422533706791,-518.8455540369132,-501.26353558769966,-15017.593012322133,-11741.26625080847,-14499.443084600138,-11240.466132866188,-518.1499277219949,-500.8001179422822,,,,,,,,,,,,,,,,,,,,,,,,
24,3055,162,2957,-18552.497021957835,-12667.839224003892,-17823.091355552795,-12074.955649995027,-729.4056664050388,-592.8835740088662,othervirus_2019,-16344.74145915379,-12370.795846004137,-15806.102064238106,-11854.69001272427,-538.6393949156849,-516.1058332798682,-15817.939724218693,-12082.697046026935,-15277.043898558326,-11561.24893420518,-540.8958256603679,-521.4481118217553,-15211.27084698555,-12050.355104126558,-14674.9909631142,-11533.022728121065,-536.27988387135,-517.3323760054932,-16070.129811781644,-12182.162341761978,-15530.39696947853,-11665.948395052594,-539.7328423031149,-516.2139467093843,-16296.386028413894,-12059.758493654124,-15764.952338259967,-11545.454174283917,-531.4336901539266,-514.3043193702068,-15441.409594331826,-12076.523965814185,-14911.807452957975,-11563.633639615777,-529.6021413738512,-512.8903261984088,,,,,,,,,,,,,,,,,,,,,,,,
25,3142,168,3051,-19098.692901111128,-13076.515003142867,-18341.725270601753,-12467.466962791668,-756.9676305093745,-609.0480403511996,othervirus_2019,-16831.17132070473,-12783.759457447317,-16273.55701438863,-12249.801949476661,-557.6143063160988,-533.9575079706556,-16294.233258792829,-12499.181696810385,-15733.88477564102,-11959.561721580603,-560.3484831518093,-539.6199752297811,-15670.614307485821,-12470.952527809688,-15116.260299968899,-11936.017018426066,-554.3540075169219,-534.9355093836222,-16549.23058065362,-12593.081635587769,-15991.256202655797,-12058.737793432203,-557.9743779978231,-534.3438421555658,-16775.62982894043,-12473.366250292695,-16226.814743668929,-11942.217972778373,-548.8150852715008,-531.1482775143205,-15902.650643796756,-12489.089458669678,-15355.423036691982,-11958.590883265622,-547.2276071047742,-530.498575404055,,,,,,,,,,,,,,,,,,,,,,,,
0,43,9,43,-246.94683674798725,-434.7096023457382,-222.56344382456933,-404.90427358166056,-24.38339292341792,-29.805328764077643,flu_2019,-246.7172863076468,-251.20062927055415,-226.38694434015335,-227.67684365078503,-20.330341967493435,-23.52378561976911,-246.41717232298825,-263.61272173738666,-224.52007881232888,-241.9653027770206,-21.897093510659364,-21.647418960366064,-245.77554489570176,-273.5755961001572,-224.6503809974248,-251.51126397203882,-21.125163898276956,-22.064332128118405,-245.61071643032201,-256.5207766551874,-224.9943906580025,-233.55124329556347,-20.616325772319538,-22.96953335962389,-251.85084065323446,-267.36377989876155,-230.16537457536683,-245.5677788073798,-21.685466077867616,-21.79600109138176,-243.80012600180424,-266.4328019459938,-222.96218638179587,-243.82588704053478,-20.837939620008374,-22.606914905459018,,,,,,,,,,,,,,,,,,,,,,,,
1,61,10,59,-368.8730673967851,-540.0555310449877,-334.11298490804,-505.7255602317512,-34.76008248874506,-34.32997081323649,flu_2019,-349.6427510801419,-361.98648811000703,-324.6267649387338,-333.4629184580569,-25.01598614140815,-28.52356965195012,-350.9525703714206,-383.6565507402295,-323.59587126231816,-357.399889420429,-27.356699109102458,-26.256661319800443,-350.2970620047549,-397.88086483059755,-324.8284530322727,-371.47706168073836,-25.468608972482148,-26.403803149859204,-349.58086914768796,-371.3045342470607,-324.1421480770714,-343.2158284078659,-25.438721070616552,-28.088705839194812,-356.3278436591006,-387.3111619464644,-329.8926507213313,-360.9966255503031,-26.435192937769333,-26.314536396161245,-346.6833971149287,-383.84473251393126,-321.0973627650857,-356.56163055876715,-25.586034349843032,-27.283101955164124,,,,,,,,,,,,,,,,,,,,,,,,
2,73,10,72,-445.51564420421204,-610.0566071017915,-406.27812300473,-573.4136600844078,-39.23752119948206,-36.64294701738373,flu_2019,-415.4660957894466,-427.143628917867,-387.5152194278736,-394.9562397722342,-27.95087636157301,-32.1873891456328,-416.6923557621574,-451.20994783078527,-386.0630579457154,-422.2181998694447,-30.62929781644198,-28.991747961340607,-415.34418752695143,-468.57345528849805,-387.06311743298465,-438.54233770297543,-28.28107009396675,-30.03111758552261,-417.0340693728722,-438.2765548720599,-388.4074824875985,-406.88459080423667,-28.62658688527368,-31.391964067823228,-423.12508117438534,-456.67313525517204,-393.51114064617775,-427.22108030328127,-29.613940528207593,-29.452054951890794,-412.5817884894722,-453.1234531015747,-383.6443953398935,-422.58226589795777,-28.937393149578746,-30.54118720361693,,,,,,,,,,,,,,,,,,,,,,,,
3,75,10,73,-457.71459188172867,-621.369961344058,-418.4263070849875,-584.5539826914583,-39.28828479674113,-36.81597865259969,flu_2019,-426.8913155565584,-441.3812098368255,-398.7556976953529,-408.6937778607157,-28.135617861205514,-32.687431976109764,-427.8242992625064,-466.7811957845564,-396.9897297826832,-437.50721278683767,-30.83456947982317,-29.273982997718722,-426.26125603880683,-484.9146737315375,-397.6689674496825,-454.3154552223614,-28.592288589124333,-30.59921850917613,-428.2562360755069,-452.317065085847,-399.42572823071566,-420.6890660871098,-28.830507844791217,-31.62799899873722,-433.66547378355966,-472.3643965931871,-403.7816484297022,-442.2367925756411,-29.883825353857425,-30.12760401754597,-423.61945138845914,-468.441773649621,-394.4230285093701,-437.42749449327556,-29.19642287908905,-31.014279156345427,,,,,,,,,,,,,,,,,,,,,,,,
4,84,10,80,-513.9002689844828,-670.6841703946818,-471.4879364355563,-632.7198335572415,-42.41233254892638,-37.964336837440314,flu_2019,-476.94443595074705,-487.63924683832204,-447.28087764247533,-453.29914688636325,-29.663558308271718,-34.34009995195882,-476.5620991324123,-514.833478255598,-443.95544277743085,-483.7158537670507,-32.60665635498143,-31.117624488547385,-476.99990139206346,-532.7339842854755,-446.31875109446014,-500.734827609351,-30.68115029760335,-31.9991566761245,-478.6242484232363,-499.68661015679095,-448.29435139648757,-466.7762577026245,-30.329897026748725,-32.91035245416645,-486.45589694381385,-520.6640874032388,-454.9096502382388,-489.3280628795708,-31.54624670557505,-31.336024523667994,-473.4081645565398,-517.1378768651789,-442.7763034982944,-484.88062751820974,-30.631861058245395,-32.25724934696913,,,,,,,,,,,,,,,,,,,,,,,,
5,98,10,95,-590.8850026741561,-741.6308066422407,-546.4560153285988,-701.8710193667296,-44.428987345557346,-39.759787275511165,flu_2019,-549.5112645500411,-558.8034681351047,-518.0707070692138,-522.9685812749703,-31.440557480827366,-35.83488686013436,-550.2099651832151,-589.1329787273575,-515.6367891165053,-556.4878521413752,-34.57317606670984,-32.64512658598218,-549.4159209473852,-610.5312201616163,-517.3531400195161,-576.988338172183,-32.06278092786911,-33.54288198943323,-550.3924740609483,-572.9846303224967,-518.0692788436289,-538.0298865732558,-32.32319521731936,-34.95474374924089,-560.4034599792675,-596.9592561500996,-527.1585107303263,-563.5725657646457,-33.24494924894118,-33.38669038545391,-545.0985248059628,-591.7239257690508,-512.3709750748038,-557.5288909932252,-32.727549731158945,-34.195034775825505,,,,,,,,,,,,,,,,,,,,,,,,
6,109,11,102,-688.1290123481419,-818.2078059448734,-640.1530053130211,-775.6642263797617,-47.9760070351208,-42.543579565111685,flu_2019,-627.8791804150841,-642.7430707366527,-594.4342550396395,-605.2106394908827,-33.44492537544457,-37.53243124576994,-627.4354653671846,-677.8611087346809,-591.0493563811067,-644.1775137558558,-36.386108986077936,-33.68359497882514,-624.1759446205803,-702.3808937743859,-590.3511430482048,-666.9371113983144,-33.82480157237542,-35.4437823760714,-627.2934215962314,-657.3010833704137,-592.978324547893,-620.6390941070404,-34.31509704833842,-36.66198926337333,-632.941948833711,-684.1797424920271,-597.7057436055617,-649.0387413922749,-35.23620522814926,-35.141001099752216,-618.9767615639405,-677.3000155793632,-584.0552620422739,-641.3628913879616,-34.9214995216666,-35.93712419140163,,,,,,,,,,,,,,,,,,,,,,,,
7,127,13,114,-797.7768304616709,-911.5752287970956,-742.7075971046371,-863.1152195532839,-55.069233357033795,-48.46000924381174,flu_2019,-728.2213029831462,-740.4606421092401,-689.1235532278554,-697.0502580691488,-39.09774975529083,-43.41038404009132,-728.604561024536,-779.4981009654401,-686.2539281981053,-739.9882150105702,-42.35063282643068,-39.50988595486988,-725.6563962687617,-806.7765275085962,-685.8977736303741,-765.4010183513985,-39.75862263838763,-41.37550915719768,-727.185371212383,-755.4418370040004,-687.0772248988183,-713.3366171479196,-40.10814631356472,-42.105219856080765,-734.7050901396263,-785.512756125945,-693.5816275879087,-744.9806549851513,-41.12346255171772,-40.53210114079369,-717.1583224679034,-776.8046313956572,-676.645847345291,-735.3113105530371,-40.512475122612415,-41.49332084262018,,,,,,,,,,,,,,,,,,,,,,,,
8,151,15,133,-1035.8126876086503,-1095.4841077768715,-971.3941762202597,-1040.445076638927,-64.41851138839058,-55.03903113794438,flu_2019,-911.6560313547595,-929.7454199545205,-867.7506043914293,-881.5958309700716,-43.90542696333019,-48.14958898444883,-907.5358275092568,-977.7622255251214,-860.2988417711545,-933.3145531380687,-47.236985738102355,-44.4476723870527,-900.147154652004,-1010.3902263535382,-855.0126292514753,-964.3673845795711,-45.134525400528716,-46.022841773967144,-905.4556857705627,-943.668850823639,-860.7116674521358,-897.0884995859302,-44.74401831842696,-46.58035123770873,-907.13980454532,-980.6949511104825,-860.9878230934193,-934.9713220815001,-46.15198145190077,-45.72362902898237,-890.2954980411992,-969.4281260456572,-844.9821187644008,-923.0295644466588,-45.31337927679839,-46.398561598998455,,,,,,,,,,,,,,,,,,,,,,,,
9,199,15,170,-1364.1894128545755,-1374.857759361756,-1295.2409302192152,-1315.5174855388696,-68.94848263536025,-59.34027382288656,flu_2019,-1196.3454845603133,-1230.0456455311555,-1148.2849154854575,-1176.947690448825,-48.06056907485577,-53.09795508233055,-1190.3259928803907,-1300.9836734577943,-1138.7913422940505,-1252.284314036115,-51.534650586340206,-48.69935942167945,-1182.2637940824093,-1346.4795067127245,-1132.8726815953542,-1295.132689331023,-49.39111248705516,-51.34681738170161,-1188.4176593035866,-1248.9580421579901,-1139.3204672607264,-1197.9804625842598,-49.097192042860115,-50.977579573730345,-1191.9583350384455,-1303.2150927637826,-1141.4364887910097,-1252.0896820093467,-50.521846247435775,-51.12541075443593,-1171.896476519048,-1285.7816835946896,-1121.8064405533587,-1234.471271926829,-50.09003596568932,-51.31041166786058,,,,,,,,,,,,,,,,,,,,,,,,
10,258,21,212,-1843.3356106557114,-1756.7120415041657,-1749.9728645815858,-1679.006643783692,-93.3627460741257,-77.70539772047363,flu_2019,-1587.9669049699846,-1656.057497408536,-1523.4605431870737,-1583.7166782409336,-64.50636178291099,-72.34081916760245,-1575.3919758599409,-1758.5165570693134,-1507.8285455753103,-1689.650293428936,-67.56343028463056,-68.86626364037743,-1559.2065936271151,-1814.3693461242156,-1494.0869129698187,-1745.0779649289166,-65.11968065729633,-69.29138119529901,-1572.5762472484346,-1674.0806279669266,-1507.710576637975,-1606.5205634534439,-64.8656706104596,-67.56006451348279,-1566.4139248217255,-1751.9800898063297,-1500.1097851752588,-1682.2906147177962,-66.30413964646671,-69.68947508853354,-1547.5838261796496,-1728.0311524173824,-1482.3954419299712,-1658.6760809149382,-65.18838424967839,-69.35507150244423,,,,,,,,,,,,,,,,,,,,,,,,
11,347,29,284,-2498.5691018889183,-2284.4099422976337,-2376.0317289446157,-2183.941636083404,-122.5373729443026,-100.46830621422987,flu_2019,-2124.7172650644106,-2222.4226927927275,-2037.8237539415763,-2125.8984773308985,-86.89351112283448,-96.52421546182919,-2110.2544078345295,-2364.1514052097427,-2018.9644460709703,-2272.483185725488,-91.28996176355922,-91.66821948425468,-2089.0314768032704,-2439.9188147178174,-2002.2078821418272,-2346.533947630182,-86.82359466144328,-93.38486708763534,-2104.3730815979598,-2249.2416503406084,-2016.1997192376343,-2158.1262156826683,-88.17336236032531,-91.11543465794,-2097.5850340603693,-2355.4237498147386,-2008.0124747028754,-2260.751458189543,-89.5725593574937,-94.67229162519544,-2073.9076219534654,-2318.872397234152,-1984.774949592775,-2225.0526055865016,-89.13267236069048,-93.81979164765022,,,,,,,,,,,,,,,,,,,,,,,,
12,454,43,368,-3221.3300558789974,-2919.4545324373394,-3061.577011622167,-2782.2299544301172,-159.75304425683026,-137.22457800722194,flu_2019,-2757.1876739987547,-2906.481954679833,-2636.854163110339,-2774.0781047710752,-120.33351088841584,-132.40384990875782,-2740.743536533594,-3101.9872691075907,-2616.4202087456956,-2977.005426978795,-124.3233277878984,-124.98184212879553,-2725.1451036391168,-3208.5025359433043,-2605.2709853015813,-3077.8863160022474,-119.87411833753546,-130.616219941057,-2736.522131411175,-2952.098539186253,-2614.8471578420936,-2828.205430685062,-121.6749735690816,-123.89310850119115,-2739.770663335274,-3098.0375728675886,-2616.265111033213,-2967.8708898592067,-123.50555230206083,-130.1666830083817,-2706.6738506702463,-3048.95396043589,-2583.7582871883606,-2920.4832189698864,-122.91556348188593,-128.47074146600386,,,,,,,,,,,,,,,,,,,,,,,,
13,649,71,516,-4610.510375977614,-4096.025727427952,-4368.833843758631,-3894.6254533451083,-241.67653221898266,-201.40027408284382,flu_2019,-3944.3779335374106,-4221.560616887393,-3759.142304252093,-4015.5518985328217,-185.2356292853179,-206.00871835457122,-3926.6357249854873,-4520.793421564702,-3740.309811481053,-4328.149709367393,-186.32591350443386,-192.64371219730845,-3921.726034876791,-4681.6343205651265,-3739.7706069794226,-4479.033348322693,-181.9554278973682,-202.6009722424332,-3908.210169278818,-4293.088828913353,-3724.630141357991,-4105.170340186399,-183.5800279208268,-187.9184887269539,-3940.5804885291345,-4514.996983089025,-3752.3226160267723,-4315.048818463966,-188.2578725023621,-199.94816462505867,-3883.1705162886487,-4435.173843519394,-3698.2840136457266,-4238.828222635825,-184.8865026429219,-196.3456208835686,,,,,,,,,,,,,,,,,,,,,,,,
14,876,88,724,-6160.738994357203,-5388.907425684596,-5852.223256225005,-5131.831312410759,-308.51573813219875,-257.07611327383705,flu_2019,-5263.634150433006,-5657.87180079046,-5025.059612161032,-5398.038930182331,-238.57453827197298,-259.8328706081295,-5253.524236863001,-6071.399666570923,-5014.016390305116,-5823.878324508982,-239.50784655788487,-247.52134206194074,-5253.380082180899,-6292.389164970493,-5018.198977063212,-6031.723965520413,-235.18110511768708,-260.6651994500803,-5219.735983550275,-5763.958612894982,-4983.243980509974,-5523.1461667571875,-236.49200304030097,-240.81244613779506,-5264.962150664041,-6063.774585065614,-5023.175626106042,-5809.425563561791,-241.7865245579991,-254.34902150382248,-5188.497441975758,-5948.6090376011025,-4951.166898039926,-5699.242936406286,-237.33054393583183,-249.36610119481617,,,,,,,,,,,,,,,,,,,,,,,,
15,1209,131,1023,-8570.401932522678,-7425.468451285775,-8129.149636911557,-7054.695192169893,-441.2522956111212,-370.7732591158815,flu_2019,-7332.634484642068,-7945.491059722181,-6982.019798445986,-7569.8033626169945,-350.6146861960811,-375.6876971051858,-7310.987106959221,-8541.653606304562,-6958.882036946799,-8180.959935556628,-352.10507001242155,-360.693670747935,-7298.676131079942,-8852.21529166461,-6951.372181175728,-8476.670848981417,-347.3039499042144,-375.5444426831934,-7273.895539276784,-8090.729678860836,-6925.813310258472,-7741.644439802936,-348.0822290183124,-349.0852390578999,-7310.886779240524,-8525.967424324901,-6956.5879893738365,-8158.696468721049,-354.29878986668786,-367.2709556038524,-7224.429753649653,-8374.927596706817,-6877.09946752322,-8012.841296734212,-347.33028612643335,-362.08629997260573,,,,,,,,,,,,,,,,,,,,,,,,
16,1512,183,1302,-10836.836589929651,-9303.270972418932,-10249.954457648906,-8810.688784368107,-586.8821322807462,-492.58218805082436,flu_2019,-9259.053208748717,-10041.89500608814,-8788.742776878662,-9542.759800021244,-470.3104318700549,-499.1352060668954,-9222.157661161893,-10790.35533906475,-8748.656301545441,-10306.404531549662,-473.5013596164515,-483.95080751508783,-9188.206407210591,-11172.218786653108,-8722.057989610901,-10673.290567287942,-466.14841759969045,-498.92821936516606,-9179.489602211253,-10211.131312249907,-8712.680420248409,-9743.31540163103,-466.80918196284364,-467.8159106188757,-9203.357462951892,-10760.402434157784,-8729.187956316799,-10270.986756263428,-474.1695066350925,-489.4156778943565,-9106.412479675464,-10577.203589614792,-8640.700941588228,-10095.01877820954,-465.7115380872358,-482.18481140525256,,,,,,,,,,,,,,,,,,,,,,,,
17,1766,232,1585,-12620.596549118942,-10851.669559333104,-11899.258970147763,-10248.33351163585,-721.3375789711794,-603.3360476972541,flu_2019,-10823.726412259695,-11759.131617909412,-10244.662278563499,-11149.38688037648,-579.064133696196,-609.7447375329327,-10780.502701761015,-12644.309406285363,-10200.086429899087,-12046.051660045614,-580.4162718619289,-598.25774623975,-10751.360369590273,-13094.53306098927,-10176.004096203716,-12480.201483865036,-575.3562733865558,-614.3315771242342,-10728.304685217427,-11963.045838763042,-10154.718041366505,-11388.12705213986,-573.5866438509221,-574.9187866231816,-10772.222618665399,-12617.237513894386,-10189.33965668314,-12014.161618282664,-582.8829619822595,-603.0758956117216,-10652.463820415422,-12405.281358811684,-10080.790032511182,-11813.412394658526,-571.6737879042394,-591.8689641531573,,,,,,,,,,,,,,,,,,,,,,,,
18,2056,287,1843,-14776.522095058725,-12671.974283160645,-13897.500662875138,-11943.625358594714,-879.0214321835863,-728.3489245659308,flu_2019,-12660.423810657845,-13799.004618467603,-11952.617510852566,-13057.312640705659,-707.8062998052792,-741.6919777619438,-12606.448878660884,-14858.695012461052,-11898.064324721174,-14128.084751238437,-708.384553939709,-730.6102612226158,-12591.306007048486,-15385.735840223837,-11887.443072586755,-14637.760252943262,-703.8629344617315,-747.9755872805738,-12551.665348242821,-14054.527269213502,-11852.061937973132,-13352.38893567325,-699.603410269689,-702.1383335402509,-12613.608399474946,-14825.716107120465,-11902.289157806557,-14092.005180145085,-711.3192416683888,-733.7109269753809,-12477.234791814522,-14578.607623021306,-11778.58374132253,-13857.310210956106,-698.6510504919914,-721.2974120651995,,,,,,,,,,,,,,,,,,,,,,,,
19,2301,334,2104,-16650.462795687927,-14241.273232930886,-15628.22325977813,-13398.801775632222,-1022.2395359097959,-842.471457298663,flu_2019,-14241.235402689377,-15573.362331299708,-13419.786897358617,-14720.304025777723,-821.4485053307594,-853.058305521984,-14189.260452901435,-16784.39975237562,-13367.99509134499,-15940.88852999187,-821.2653615564457,-843.5112223837508,-14171.588414969654,-17379.242513649635,-13355.424256097675,-16519.04223421113,-816.1641588719788,-860.200279438505,-14124.312502311654,-15869.080357933233,-13312.83054713959,-15054.63900343447,-811.481955172063,-814.441354498764,-14192.005535245073,-16738.5111172613,-13370.072271414212,-15896.420145370468,-821.9332638308597,-842.0909718908316,-14048.46853839064,-16462.930055337492,-13237.918819677467,-15632.62992884855,-810.549718713174,-830.3001264889414,,,,,,,,,,,,,,,,,,,,,,,,
20,2475,374,2309,-18088.44526097505,-15398.731768114672,-16929.346652234515,-14463.90754550856,-1159.098608740537,-934.8242226061116,flu_2019,-15425.065532492243,-16899.895053671575,-14510.876579485122,-15944.303672623464,-914.188953007121,-955.5913810481102,-15363.793694276364,-18218.989901325225,-14452.020005159462,-17272.751302019766,-911.7736891169029,-946.238599305459,-15343.601865932847,-18864.79869334342,-14431.830296014097,-17900.958228953335,-911.7715699187511,-963.8404643900824,-15289.401693952606,-17209.18316514086,-14389.280003808939,-16303.69529429324,-900.121690143668,-905.487870847622,-15357.266543465366,-18156.203203372323,-14443.747472352537,-17216.74911393533,-913.519071112829,-939.4540894369936,-15207.95968259162,-17853.09465932902,-14309.895519171525,-16929.91567337427,-898.0641634200947,-923.1789859547504,,,,,,,,,,,,,,,,,,,,,,,,
21,2637,410,2479,-19347.963995169015,-16443.703831999817,-18098.541480243075,-15437.028253512508,-1249.4225149259394,-1006.6755784873109,flu_2019,-16485.064522668996,-18100.315439510734,-15494.101585881135,-17063.46561360771,-990.9629367878614,-1036.8498259030232,-16414.354209005534,-19530.87822333542,-15431.250985374232,-18499.741686587302,-983.1032236313011,-1031.136536748119,-16400.947289223714,-20218.154126809583,-15413.543112616237,-19169.54133692241,-987.4041766074774,-1048.6127898871696,-16340.719763412522,-18429.067980156276,-15368.084861789906,-17450.80542393002,-972.6349016226168,-978.2625562262548,-16412.582918514385,-19449.98322786938,-15424.793004908457,-18432.642057495883,-987.789913605929,-1017.3411703734967,-16255.805383271192,-19125.69139863836,-15286.024714735871,-18126.656465014286,-969.7806685353203,-999.0349336240737,,,,,,,,,,,,,,,,,,,,,,,,
22,2772,437,2630,-20300.05493039429,-17269.093524027936,-18985.90323188679,-16206.32474429482,-1314.151698507499,-1062.7687797331162,flu_2019,-17323.133782852296,-19040.341501302508,-16275.634054365477,-17945.946133841397,-1047.4997284868182,-1094.395367461113,-17251.952163830763,-20552.31727261715,-16211.754333882105,-19463.847266800374,-1040.1978299486598,-1088.4700058167762,-17240.295467369044,-21274.763503225473,-16194.29195617422,-20166.261257839305,-1046.003511194825,-1108.5022453861689,-17174.913865068647,-19389.426812180034,-16145.374562143328,-18356.724642685193,-1029.5393029253185,-1032.7021694948417,-17255.627903787674,-20469.78590319916,-16209.988439370005,-19392.726186726984,-1045.639464417667,-1077.0597164721783,-17090.25981829045,-20129.873361668528,-16063.437272083815,-19074.17320111845,-1026.822546206635,-1055.700160550078,,,,,,,,,,,,,,,,,,,,,,,,
23,2911,461,2772,-21320.140881456857,-18139.330234608755,-19949.61105365581,-17024.657749536807,-1370.5298278010466,-1114.6724850719484,flu_2019,-18210.923602027982,-20025.79881699175,-17109.724208201405,-18873.369856726524,-1101.1993938265766,-1152.428960265227,-18137.080305230946,-21613.76072240338,-17043.246966550138,-20470.315359916498,-1093.8333386808097,-1143.4453624868836,-18123.90109254427,-22376.211832894976,-17023.168152680948,-21206.804595226728,-1100.7329398633224,-1169.4072376682493,-18058.088209524492,-20391.310218672555,-16974.897419437566,-19305.70703117204,-1083.1907900869267,-1085.603187500515,-18138.72467801284,-21527.695652218812,-17038.70332226065,-20393.492133165953,-1100.0213557521886,-1134.2035190528593,-17966.964548404456,-21172.79438563249,-16886.278709081635,-20060.594060389223,-1080.6858393228213,-1112.200325243265,,,,,,,,,,,,,,,,,,,,,,,,
24,3036,485,2910,-22217.05660908253,-18924.876258451903,-20779.71055497351,-17753.68159065254,-1437.3460541090192,-1171.1946677993606,flu_2019,-19005.788923285418,-20916.66603519773,-17848.50681943875,-19707.309848832538,-1157.2821038466686,-1209.3561863651912,-18930.804221435326,-22580.29488498011,-17782.165206790938,-21381.647581315556,-1148.639014644388,-1198.647303664553,-18921.94819764052,-23382.09008895064,-17766.92107474213,-22154.403100717343,-1155.0271228983868,-1227.6869882332967,-18849.023910408163,-21305.147205432655,-17710.38528151424,-20162.471092074073,-1138.63862889392,-1142.6761133585815,-18939.695538866792,-22495.454370462274,-17783.229623590352,-21303.44083658522,-1156.4659152764393,-1192.0135338770515,-18759.949901178235,-22124.632559429392,-17622.774542832987,-20956.910568252795,-1137.175358345247,-1167.7219911765985,,,,,,,,,,,,,,,,,,,,,,,,
25,3158,500,3042,-23119.656958882228,-19683.961110516415,-21630.471505270212,-18470.869612645332,-1489.1854536120163,-1213.091497871083,flu_2019,-19778.968906928683,-21766.027086552767,-18578.813974015084,-20513.452266268163,-1200.1549329136014,-1252.5748202846044,-19698.62825913666,-23499.464790959162,-18507.394222388844,-22259.28248997059,-1191.2340367478178,-1240.1823009885738,-19692.087045405082,-24333.027205616636,-18494.834868870275,-23061.882326260733,-1197.2521765348076,-1271.144879355903,-19616.954905596627,-22172.339063916872,-18436.408196851786,-20988.965409872708,-1180.5467087448433,-1183.3736540441637,-19712.508311248417,-23409.520213243166,-18514.174792306247,-22175.80613493726,-1198.3335189421707,-1233.7140783059072,-19523.139190912687,-23023.023137829925,-18344.993396426715,-21814.39068635764,-1178.1457944859724,-1208.6324514722826,,,,,,,,,,,,,,,,,,,,,,,,
0,20,0,7,-89.99853537738313,-193.17959937166864,-89.53116819824695,-188.327569107749,-0.46736717913619624,-4.852030263919617,othervirus_2020,-92.02323893472503,-64.15190995945947,-91.42426977460967,-63.90925777535366,-0.5989691601153593,-0.24265218410581174,-89.95982600214609,-61.11224541415499,-89.39369417312844,-60.77973110748974,-0.5661318290176515,-0.3325143066652533,-86.50834435082744,-60.7416790749328,-86.00604003452726,-60.4513864959709,-0.5023043163001807,-0.2902925789618944,-91.43402345010719,-64.16443579494725,-90.76609308224283,-63.92014597898719,-0.66793036786436,-0.2442898159600571,-94.16033125622566,-62.53785399243761,-93.72368224768965,-62.21690388858562,-0.43664900853600785,-0.3209501038519913,-87.29692560104338,-63.144482935925296,-86.770128682343,-62.86276900288075,-0.5267969187003787,-0.281713933044544,-84.98486994470122,-59.26824125372037,-84.55992163146018,-59.00358596558419,-0.4249483132410337,-0.2646552881361726,,,,,,,,,,,,,,,,,,
1,59,2,38,-333.238706143803,-374.37859682645075,-325.5132279661176,-361.7164093738236,-7.725478177685358,-12.662187452627178,othervirus_2020,-312.45903309087475,-239.04153713855646,-306.445131131058,-233.62481347071886,-6.0139019598167325,-5.416723667837612,-303.06343173473186,-231.6086388881714,-297.87277215166284,-226.13458155329863,-5.190659583068999,-5.474057334872783,-290.93019599936713,-230.4383018228115,-285.511852151598,-225.7045311110704,-5.418343847769119,-4.733770711741094,-306.7546357980168,-233.92415272758177,-301.07308549595894,-229.0273277524736,-5.6815503020578895,-4.896824975108158,-312.20813155291603,-232.27892507427532,-306.18509128083065,-226.795437452153,-6.023040272085361,-5.483487622122311,-294.3193075234934,-234.46872963290033,-288.93603329186027,-229.39108114255637,-5.383274231633172,-5.077648490343962,-294.02568914413314,-229.71443021874853,-288.7963327297439,-224.68073920868045,-5.229356414389276,-5.03369101006809,,,,,,,,,,,,,,,,,,
2,94,5,66,-574.8223515802068,-553.0394737923147,-556.7300194597647,-530.4414528951877,-18.092332120442162,-22.59802089712698,othervirus_2020,-517.7136777353028,-410.73182696456763,-503.46350046193896,-396.5129047831941,-14.250177273363814,-14.21892218137354,-502.38228460603807,-403.3954464724012,-488.52812308089824,-389.63544687207786,-13.854161525139805,-13.759999600323347,-482.73336004961027,-403.28155147269996,-468.50841796517614,-389.56542715672816,-14.22494208443414,-13.716124315971797,-510.53194333806186,-406.1679708681689,-496.3376104258794,-392.21475022182483,-14.19433291218246,-13.95322064634407,-516.6652636378991,-402.9709862680161,-502.07790526737915,-389.2003620305571,-14.587358370519969,-13.770624237459018,-490.8129778274962,-405.2241054795563,-476.7461742740535,-391.96848008089296,-14.066803553442671,-13.255625398663323,-489.66633989992874,-401.7816229572067,-476.04169877149957,-388.4204349439376,-13.624641128429182,-13.361188013269118,,,,,,,,,,,,,,,,,,
3,133,8,101,-792.7118818738486,-730.7239201218281,-761.8436737715474,-697.7454776816833,-30.868208102301175,-32.978442440144825,othervirus_2020,-730.5208565552987,-590.690854317039,-707.9212550020842,-567.1413484196662,-22.599601553214484,-23.54950589737275,-711.0498579434693,-579.5799133162229,-687.3537394455424,-557.2187461481659,-23.69611849792691,-22.361167168057005,-681.955234389176,-583.0010207527871,-658.9051708761382,-561.1666868984958,-23.050063513037806,-21.83433385429133,-719.0286474864374,-582.3942945064526,-696.3393314088621,-560.0338019810779,-22.689316077575306,-22.360492525374717,-726.4383844301694,-582.2185729359231,-703.7313230672978,-560.3579546686051,-22.707061362871606,-21.86061826731806,-691.6122529068631,-586.5446555036842,-669.2172345571187,-565.0835399047821,-22.39501834974446,-21.46111559890208,-687.3745244621155,-577.9269160841145,-665.3625075828156,-556.1900369286562,-22.012016879299807,-21.73687915545822,,,,,,,,,,,,,,,,,,
4,171,11,143,-1023.4603342179272,-915.3709923696437,-981.9163176609632,-871.670685852475,-41.544016556964046,-43.700306517168706,othervirus_2020,-948.7770862341147,-788.2273018553021,-916.2122153431816,-754.8736906100701,-32.564870890933065,-33.35361124523202,-927.9932313074976,-776.8809936054092,-893.869450526163,-744.205124630382,-34.12378078133464,-32.67586897502726,-890.182618812446,-784.3437955664895,-857.6403570725124,-752.3153518098501,-32.54226173993353,-32.02844375663935,-934.2533733380218,-778.8882211878273,-901.470463295982,-745.7693445253445,-32.782910042039774,-33.118876662482755,-941.0762258278792,-782.095412957628,-908.6795769834773,-749.2601734527107,-32.39664884440185,-32.83523950491731,-898.9026714631046,-787.0231182635652,-866.6177421019422,-754.354730520407,-32.28492936116244,-32.66838774315815,-893.3584219357422,-772.6113502719513,-860.9310175975181,-740.8002838016531,-32.427404338224044,-31.811066470298197,,,,,,,,,,,,,,,,,,
5,209,13,175,-1294.95799879917,-1126.3523017468062,-1245.0351166638427,-1074.972097160945,-49.922882135327285,-51.380204585861364,othervirus_2020,-1178.3068964715114,-994.7522536834191,-1137.9568612374044,-955.0249822556643,-40.350035234107,-39.727271427754786,-1153.625380230629,-989.0424784438297,-1113.4115029086236,-949.3794048354381,-40.21387732200545,-39.663073608391606,-1113.510439382972,-999.2633531734087,-1074.561441486853,-961.5497289707007,-38.94899789611891,-37.713624202708004,-1161.4174052796159,-988.8688222474141,-1121.8474066781846,-948.6069575467825,-39.56999860143119,-40.26186470063163,-1170.218329736142,-992.8744011505154,-1130.5051885445444,-953.7807924026956,-39.713141191597764,-39.09360874781972,-1119.6040074259865,-994.7937015936357,-1080.4092561213172,-955.8190181920608,-39.19475130466941,-38.97468340157493,-1115.4927803462845,-983.5240768664343,-1076.3031041028685,-944.8653034386783,-39.18967624341608,-38.65877342775596,,,,,,,,,,,,,,,,,,
6,260,15,209,-1581.5995743416058,-1343.0531042241626,-1522.6195427627235,-1283.999453964537,-58.980031578882326,-59.05365025962562,othervirus_2020,-1447.14468204546,-1215.896512071322,-1398.9551685410001,-1167.224591023523,-48.1895135044599,-48.67192104779891,-1418.5682358448425,-1209.0720134296835,-1370.1436111575001,-1160.0368372484384,-48.42462468734243,-49.03517618124519,-1372.8587751114692,-1221.2043213975064,-1325.489882222873,-1173.450125867171,-47.368892888596264,-47.754195530335515,-1428.7718211166364,-1210.653504840043,-1381.4624074274398,-1161.2962520997687,-47.30941368919668,-49.357252740274376,-1441.9933227107215,-1214.9506883214838,-1394.185405307411,-1166.2355609586448,-47.80791740331046,-48.715127362839056,-1377.7268031773558,-1217.0339391090436,-1330.5428067157432,-1168.6876147585263,-47.18399646161266,-48.34632435051727,-1373.159398365163,-1202.0033747836221,-1326.0210776412243,-1153.6254918459495,-47.13832072393879,-48.37788293767262,,,,,,,,,,,,,,,,,,
7,297,16,251,-1783.6126705871548,-1471.7562256376284,-1717.2582644279676,-1407.298591607708,-66.35440615918725,-64.45763402992051,othervirus_2020,-1635.2740153391946,-1349.1398939443743,-1580.9021890062827,-1294.4817744873621,-54.37182633291192,-54.658119457012276,-1601.218230976222,-1335.6293453272267,-1546.2553948020345,-1280.0488213601925,-54.9628361741876,-55.58052396703426,-1550.5948644425478,-1345.3513657358858,-1496.6055085101154,-1291.7825636950304,-53.98935593243233,-53.568802040855445,-1612.4559306615877,-1341.517793732145,-1558.8794825937696,-1285.5123767129999,-53.57644806781801,-56.00541701914509,-1632.8518731210706,-1342.0210374211679,-1578.6770100609863,-1287.0630059821347,-54.17486306008437,-54.95803143903319,-1554.968343006972,-1344.4338010849265,-1501.2694292850385,-1289.8183725665294,-53.69891372193343,-54.61542851839693,-1549.8419591584927,-1323.612225194581,-1495.9057162324375,-1269.2217706417089,-53.936242926055314,-54.39045455287216,,,,,,,,,,,,,,,,,,
8,422,22,359,-2524.899565792239,-2026.4437534425776,-2424.561285166962,-1938.1384449560528,-100.33828062527698,-88.30530848652492,othervirus_2020,-2308.8781239041778,-1922.3364089763481,-2229.973290253487,-1842.0695973002018,-78.90483365069088,-80.26681167614626,-2265.2505872329593,-1913.5746840684012,-2184.861056367452,-1830.8083869266093,-80.38953086550733,-82.76629714179185,-2203.679437033584,-1930.8858409278225,-2123.901193383673,-1849.4660235343104,-79.77824364991051,-81.41981739351228,-2281.073947621182,-1916.3254149231448,-2202.401818144705,-1835.2045211730128,-78.67212947647685,-81.12089375013198,-2314.1567924380065,-1922.7871337908587,-2234.728586325009,-1841.0047643872192,-79.42820611299736,-81.78236940363944,-2203.7498416050125,-1920.2082900205771,-2124.8329723452557,-1840.1489174839264,-78.91686925975704,-80.05937253665078,-2192.0745084026726,-1892.2732795838806,-2113.0624828951313,-1811.269155699751,-79.01202550754107,-81.00412388412946,,,,,,,,,,,,,,,,,,
9,521,27,452,-3149.809714815757,-2493.488422281628,-3030.578983926851,-2385.252589498472,-119.2307308889064,-108.23583278315603,othervirus_2020,-2862.9450056796204,-2397.548405688499,-2766.7812267867303,-2300.6569760249276,-96.16377889289001,-96.89142966357144,-2808.26445506774,-2392.460003342816,-2711.74505869282,-2292.9537691662454,-96.51939637492009,-99.50623417657039,-2740.3418268189316,-2418.144189441828,-2644.514416228495,-2319.174001324058,-95.82741059043678,-98.97018811777015,-2827.1329098434603,-2390.3918067146064,-2731.4411311216145,-2293.02837157097,-95.69177872184603,-97.36343514363618,-2870.0975991744576,-2403.4214907459077,-2773.7789961774633,-2304.094485851699,-96.31860299699412,-99.32700489420866,-2733.6653894281685,-2394.011637283722,-2638.2328371129083,-2297.283462627479,-95.4325523152603,-96.72817465624281,-2720.574288994626,-2362.841477503519,-2624.8204944096556,-2264.80258646605,-95.75379458497034,-98.03889103746927,,,,,,,,,,,,,,,,,,
10,664,33,565,-4165.814366569286,-3272.2441786533236,-4008.9051504339186,-3140.667111513363,-156.9092161353677,-131.57706713996038,othervirus_2020,-3730.402625490052,-3177.26588448588,-3610.96860687771,-3055.801840969063,-119.43401861234176,-121.4640435168173,-3660.4702617878993,-3193.921116159806,-3539.223716214286,-3068.2814474300294,-121.24654557361346,-125.63966872977656,-3585.371220392467,-3232.4435176027923,-3465.178232110001,-3106.979379126667,-120.19298828246606,-125.46413847612527,-3681.8828782376386,-3175.8546911615604,-3562.0682049390202,-3053.005598161246,-119.81467329861812,-122.84909300031447,-3735.5796531457304,-3200.0255410700775,-3614.99404954106,-3074.62958359438,-120.58560360467031,-125.39595747569739,-3568.6191334959944,-3180.9732365859777,-3449.07625115014,-3059.7163762662994,-119.54288234585461,-121.25686031967831,-3563.9711181836346,-3165.216951997001,-3443.143450068483,-3041.1405238923,-120.82766811515148,-124.07642810470142,,,,,,,,,,,,,,,,,,
11,910,48,757,-5939.964606542658,-4619.221882655192,-5731.18037260294,-4442.980870687836,-208.7842339397173,-176.24101196735592,othervirus_2020,-5219.788619701121,-4512.003499746789,-5061.360145652362,-4353.9376016632705,-158.42847404875883,-158.0658980835185,-5114.340998253149,-4564.016195926399,-4955.507663814167,-4400.631812219857,-158.83333443898226,-163.38438370654137,-4997.595720918245,-4623.871319828742,-4841.622951980405,-4460.1552602619,-155.9727689378405,-163.71605956684198,-5145.609726840848,-4510.257648920967,-4987.78375973456,-4349.033540492064,-157.8259671062886,-161.22410842890272,-5200.865392975781,-4553.60432342155,-5043.810448424136,-4392.172144664399,-157.0549445516453,-161.4321787571513,-4993.289890847247,-4524.571621957084,-4836.009841825673,-4367.254736753805,-157.28004902157397,-157.31688520327904,-4993.468638241405,-4533.6582709885915,-4835.877711976464,-4373.245012975953,-157.5909262649414,-160.41325801263915,,,,,,,,,,,,,,,,,,
12,1260,67,1062,-8375.593151939573,-6504.293448121609,-8080.447098558709,-6265.694529506295,-295.1460533808634,-238.59891861531378,othervirus_2020,-7268.7150534935845,-6392.594838136573,-7052.134300234771,-6172.080060190907,-216.5807532588129,-220.5147779456664,-7121.744411162055,-6516.546627586838,-6901.519730316433,-6290.243833058157,-220.22468084562223,-226.30279452868143,-6966.495370580088,-6612.29009666471,-6750.833497151771,-6388.224768760043,-215.66187342831756,-224.06532790466716,-7168.026564996621,-6398.002675360177,-6951.466689451936,-6175.6579228188275,-216.55987554468567,-222.3447525413491,-7232.801430871496,-6492.743415302745,-7016.666345983927,-6268.845866548234,-216.13508488756918,-223.8975487545115,-6968.768922039024,-6443.038522114836,-6751.903552236508,-6223.9305452995595,-216.86536980251583,-219.10797681527666,-6969.406041332792,-6483.2309187672845,-6750.475729346945,-6261.1478069976365,-218.93031198584686,-222.08311176964833,,,,,,,,,,,,,,,,,,
13,1590,91,1388,-10762.311637597699,-8259.43733165761,-10382.03072558394,-7953.8075661951825,-380.2809120137583,-305.6297654624277,othervirus_2020,-9261.313040522304,-8157.063839924684,-8974.409956832023,-7870.4049725748155,-286.9030836902797,-286.6588673498683,-9059.857943039882,-8335.18697652242,-8771.849623382148,-8040.378223907812,-288.0083196577343,-294.80875261460744,-8866.487656184003,-8449.985949877311,-8582.316800089098,-8159.723538871938,-284.17085609490425,-290.26241100537214,-9132.989998745854,-8169.084978250072,-8848.080577355928,-7879.633364995629,-284.9094213899265,-289.45161325444303,-9209.653801560891,-8291.311072854938,-8924.04452813107,-7999.794791266049,-285.60927342982245,-291.5162815888886,-8882.095221674173,-8226.183407587689,-8596.434460945464,-7941.572822559992,-285.6607607287105,-284.610585027696,-8892.312526009868,-8301.800350526402,-8605.711624348645,-8013.083577486874,-286.60090166122257,-288.71677303952873,,,,,,,,,,,,,,,,,,
14,1787,111,1629,-12341.305265709403,-9364.157148046914,-11866.485865145143,-9000.652476731422,-474.8194005642597,-363.5046713154925,othervirus_2020,-10504.5296160349,-9283.61380441545,-10162.979222500118,-8938.863638975014,-341.55039353478327,-344.7501654404366,-10273.449321362217,-9504.998937202483,-9930.960078947306,-9146.790044767191,-342.48924241491073,-358.20889243529246,-10053.614444157707,-9627.837594376359,-9713.064064302582,-9276.434331759596,-340.5503798551258,-351.4032626167634,-10353.658670064331,-9293.285721743567,-10015.761254212188,-8947.035765485918,-337.89741585214273,-346.2499562576492,-10434.24081566521,-9434.351132203888,-10094.963546869549,-9082.350432558564,-339.2772687956614,-352.00069964532486,-10070.681611472937,-9349.63369582467,-9733.748060528604,-9008.665095232693,-336.93355094433275,-340.9686005919782,-10087.594986456836,-9452.35555776493,-9745.88096593686,-9108.196333926564,-341.7140205199752,-344.1592238383662,,,,,,,,,,,,,,,,,,
15,1882,124,1756,-13041.835388267513,-9915.66235457027,-12521.567701019008,-9514.643833184928,-520.2676872485049,-401.01852138534184,othervirus_2020,-11085.528925134066,-9832.823136202363,-10708.767737832957,-9455.607033526685,-376.7611873011092,-377.21610267567905,-10840.760829729685,-10081.649429755054,-10463.364481353385,-9689.719683552998,-377.3963483763,-391.92974620205615,-10610.508753074128,-10211.222329792274,-10234.885983320193,-9827.012625492338,-375.6227697539341,-384.2097042999362,-10927.441573916325,-9847.64523013278,-10553.91179492235,-9468.192144116087,-373.52977899397627,-379.45308601669456,-11008.48286430414,-10005.73112269278,-10633.215673723815,-9619.581351530032,-375.2671905803257,-386.1497711627466,-10632.808214582465,-9916.98751773399,-10260.479340116628,-9543.08123354644,-372.3288744658362,-373.9062841875519,-10655.589891126789,-10033.22618423456,-10278.400012510681,-9654.77797143778,-377.18987861610674,-378.4482127967804,,,,,,,,,,,,,,,,,,
16,1997,138,1903,-13977.824877296574,-10568.945081427108,-13402.139499429395,-10131.506661168709,-575.6853778671787,-437.43842025839797,othervirus_2020,-11822.948799237965,-10498.237749158554,-11408.887350420551,-10087.453369582849,-414.06144881741466,-410.7843795757049,-11558.00456236265,-10775.490765120598,-11144.787975717485,-10344.386805618471,-413.21658664516525,-431.103959502127,-11314.261350276189,-10909.46842147002,-10902.220284185418,-10490.982576366712,-412.04106609077036,-418.4858451033074,-11652.100154866968,-10514.574519185568,-11241.659218409535,-10099.649337855328,-410.44093645743243,-414.9251813302406,-11731.335614834985,-10684.723560565488,-11319.130289667537,-10261.893990188139,-412.2053251674475,-422.82957037734906,-11336.597922203164,-10583.029230547123,-10928.664063103353,-10174.76798607608,-407.9338590998101,-408.2612444710436,-11366.173729739474,-10718.072197066489,-10951.807349628943,-10303.28636331464,-414.36638011053,-414.78583375184814,,,,,,,,,,,,,,,,,,
17,2044,149,1968,-14390.963240894294,-10862.745576863526,-13791.797823355499,-10400.055175310601,-599.1654175387961,-462.69040155292623,othervirus_2020,-12145.67151713184,-10795.353953337115,-11707.302404880882,-10362.5982880166,-438.3691122509563,-432.7556653205152,-11871.550886186975,-11087.767195611092,-11434.46448864882,-10635.154024455578,-437.08639753815453,-452.6131711555143,-11622.362654747565,-11228.305238152705,-11187.311868205077,-10784.550822022054,-435.0507865424875,-443.7544161306496,-11972.485785851974,-10815.672808288886,-11537.203178292146,-10378.691161218494,-435.28260755982694,-436.98164707039194,-12046.51719813094,-10991.393939680509,-11610.683033761212,-10545.202203208228,-435.8341643697269,-446.1917364722817,-11647.51181412918,-10884.68119163505,-11215.144289661164,-10453.077913188583,-432.3675244680165,-431.60327844646747,-11677.062645882761,-11031.06643632059,-11240.297729432112,-10592.296926019746,-436.7649164506487,-438.76951030084416,,,,,,,,,,,,,,,,,,
18,2114,160,2035,-14984.089643432906,-11310.893910207778,-14343.107845292767,-10819.20535845728,-640.9817981401392,-491.6885517504975,othervirus_2020,-12618.288398361889,-11251.20863728292,-12151.292209194098,-10788.093774967556,-466.99618916778974,-463.1148623153644,-12332.741726639095,-11566.117170978378,-11868.575930395893,-11083.992537929646,-464.1657962432011,-482.12463304873114,-12076.455210933327,-11717.410751120999,-11615.156423911127,-11244.73018832052,-461.29878702220066,-472.68056280047904,-12436.47912329567,-11274.470412528593,-11973.73929836476,-10809.132638536625,-462.73982493091023,-465.3377739919679,-12511.09431989409,-11462.294401742834,-12047.355923860596,-10988.492991921086,-463.73839603349325,-473.8014098217481,-12102.77035119376,-11349.391875123172,-11643.310164625662,-10889.954704303385,-459.4601865680984,-459.4371708197871,-12137.131829110012,-11514.219577482423,-11673.022078672786,-11045.460443227188,-464.1097504372256,-468.75913425523515,,,,,,,,,,,,,,,,,,
19,2156,165,2084,-15390.462965376499,-11600.66203468397,-14722.203241915518,-11093.949964168974,-668.2597234609809,-506.7120705149962,othervirus_2020,-12920.662927506637,-11549.901712361647,-12438.949863153677,-11070.668600188657,-481.71306435296066,-479.23311217298897,-12630.988501984779,-11884.529960048194,-12150.14583450431,-11384.955998888423,-480.84266748046775,-499.57396115977144,-12372.894713343567,-12040.573158088764,-11895.396101986604,-11553.437069299174,-477.4986113569626,-487.1360887895894,-12737.02766699998,-11577.401343910442,-12259.249522604116,-11097.375147779778,-477.77814439586473,-480.02619613066395,-12808.573497120793,-11773.1051203326,-12330.21853784343,-11283.971695312255,-478.3549592773626,-489.1334250203447,-12397.371360647196,-11653.6549098501,-11923.507746164207,-11178.843712205644,-473.86361448298834,-474.81119764445526,-12436.480388797982,-11833.867657407036,-11956.496758407797,-11350.301472449797,-479.9836303901849,-483.5661849572381,,,,,,,,,,,,,,,,,,
20,2191,169,2128,-15733.347149713476,-11846.136394538898,-15049.516793110468,-11330.525291314076,-683.8303566030083,-515.6111032248219,othervirus_2020,-13181.971652977993,-11805.354370595533,-12690.612822153089,-11315.872092851938,-491.3588308249035,-489.482277743595,-12887.170658301413,-12154.265355649899,-12396.749632155781,-11642.777554738,-490.4210261456323,-511.48780091189883,-12624.219812378773,-12315.743197198306,-12136.893300928383,-11817.934951090674,-487.32651145039006,-497.80824610763267,-12993.886164566606,-11832.933337834173,-12507.115464782606,-11343.535623522232,-486.77069978399885,-489.39771431194083,-13062.627220068975,-12036.43715795077,-12575.070537095828,-11536.455131316592,-487.55668297314656,-499.98202663417817,-12648.926924410931,-11912.345909544963,-12166.055392782788,-11427.302491251128,-482.8715316281435,-485.0434182938351,-12691.399219118866,-12104.471536159075,-12202.526769007609,-11610.544398915943,-488.8724501112577,-493.92713724313177,,,,,,,,,,,,,,,,,,
21,2242,172,2178,-16157.107467771522,-12170.431104377176,-15459.010612716529,-11645.814243689641,-698.0968550549926,-524.6168606875344,othervirus_2020,-13516.265239768767,-12136.791849557523,-13016.957650763468,-11638.746650619041,-499.3075890052989,-498.0451989384816,-13218.865410735187,-12507.144028973824,-12719.308344350145,-11987.328769998387,-499.5570663850406,-519.8152589754368,-12956.834931117275,-12678.363850778589,-12460.629078502921,-12171.701886852552,-496.20585261435446,-506.66196392603774,-13327.435940472133,-12172.372022793727,-12831.706089948864,-11674.126809927555,-495.7298505232692,-498.2452128661717,-13400.400036726462,-12386.797283641452,-12904.112213664233,-11877.13326233688,-496.28782306222877,-509.6640213045721,-12979.95801665099,-12255.969881961668,-12487.741319032815,-11761.431643185857,-492.2166976181749,-494.538238775811,-13026.221539988113,-12461.000847639642,-12527.822380750813,-11957.651084615398,-498.3991592372995,-503.3497630242437,,,,,,,,,,,,,,,,,,
22,2271,182,2217,-16486.857545992207,-12411.836798276512,-15763.717958537345,-11865.221925950078,-723.1395874548609,-546.6148723264347,othervirus_2020,-13760.77061621573,-12386.156129441531,-13240.275943764107,-11865.811802005075,-520.4946724516224,-520.3443274364565,-13457.101639458238,-12768.27031256238,-12936.170962118802,-12228.336367770948,-520.9306773394359,-539.9339447914317,-13191.21211520759,-12948.658469349755,-12673.736919002957,-12419.054490623494,-517.4751962046344,-529.6039787262624,-13568.64378732712,-12422.886314634667,-13052.128229044734,-11904.747622481578,-516.5155582823857,-518.1386921530888,-13635.202113834755,-12645.615719933005,-13117.437854501995,-12113.611905368734,-517.7642593327605,-532.0038145642698,-13215.50748598747,-12511.000754700506,-12702.496289850085,-11994.035035571926,-513.0111961373841,-516.9657191285804,-13267.359761039643,-12732.159619312211,-12749.475688074417,-12207.096926393433,-517.8840729652247,-525.0626929187781,,,,,,,,,,,,,,,,,,
23,2310,187,2255,-16873.828997425127,-12685.509901796588,-16120.223041937537,-12122.77839995003,-753.6059554875915,-562.7315018465575,othervirus_2020,-14048.89862346509,-12671.160761944475,-13513.235576902314,-12133.33365497851,-535.6630465627754,-537.8271069659646,-13741.916270850039,-13069.149237969033,-13202.779516107104,-12511.073300501157,-539.1367547429346,-558.0759374678762,-13468.77560592291,-13251.98350161002,-12935.844642876591,-12708.790680380487,-532.9309630463204,-543.1928212295328,-13855.989774902217,-12710.791381564663,-13322.977573459491,-12175.714635642087,-533.0122014427257,-535.0767459225756,-13916.998173503627,-12938.8862947714,-13383.593909951433,-12391.475315478176,-533.4042635521937,-547.4109792932254,-13496.234100168815,-12801.421383682911,-12967.048115441745,-12267.619225822667,-529.1859847270699,-533.8021578602444,-13553.643324275818,-13036.553093569446,-13017.400430456015,-12494.757494203084,-536.2428938198034,-541.795599366361,,,,,,,,,,,,,,,,,,
24,2349,192,2292,-17231.952379896957,-12946.279370264732,-16448.994659939035,-12369.302645964686,-782.9577199579224,-576.9767243000456,othervirus_2020,-14323.010548530621,-12942.05061716163,-13771.748744286018,-12387.610633452303,-551.2618042446024,-554.4399837093281,-14010.684374749575,-13358.862223261167,-13456.193718346363,-12783.475726175386,-554.490656403211,-575.3864970857805,-13736.6639344318,-13543.90799970187,-13188.343585007822,-12987.63402086861,-548.320349423977,-556.2739788332593,-14128.059421232867,-12987.762292286028,-13580.79876744916,-12438.263370643175,-547.2606537837065,-549.4989216428529,-14185.585200987025,-13221.780747683475,-13636.830261819512,-12660.290377124626,-548.7549391675129,-561.490370558849,-13761.68624260213,-13079.231462622094,-13218.992341126064,-12532.20953563543,-542.6939014760661,-547.0219269866641,-13823.939679072535,-13329.148857859283,-13272.3781085481,-12771.95635456643,-551.5615705244344,-557.1925032928536,,,,,,,,,,,,,,,,,,
25,2377,194,2336,-17511.05872013099,-13133.599184238119,-16709.86444153344,-12546.578371915972,-801.1942785975504,-587.0208123221477,othervirus_2020,-14527.044760516868,-13137.852844119885,-13965.722202026582,-12573.879058274813,-561.3225584902867,-563.9737858450712,-14210.24865614181,-13566.017881904776,-13646.882517418522,-12981.509950836302,-563.366138723288,-584.5079310684733,-13940.390354198837,-13754.758237165614,-13382.788573814685,-13188.578271771994,-557.6017803841507,-566.17996539362,-14331.653516852944,-13189.536635757986,-13774.83507053126,-12629.887281400739,-556.8184463216836,-559.6493543572468,-14393.676068990388,-13425.361175499282,-13834.594809316714,-12854.17575450333,-559.0812596736741,-571.1854209959503,-13963.5919195366,-13277.4737031087,-13411.074716174582,-12721.35778577312,-552.5172033620175,-556.1159173355808,-14030.499690123259,-13537.651675795865,-13468.841677545393,-12970.965319726385,-561.658012577866,-566.6863560694794,,,,,,,,,,,,,,,,,,
0,32,1,14,-209.8729436614874,-311.0281711002377,-205.77655699416522,-301.32411057239847,-4.0963866673221885,-9.704060527839234,flu_2020,-190.02870243590255,-200.0407226112833,-187.1708051115172,-197.54651086455218,-2.857897324385344,-2.4942117467311067,-191.12510574380443,-213.58151168763024,-188.00101792094927,-210.87349674372555,-3.1240878228551523,-2.708014943904678,-190.53030452831797,-221.7870029190162,-187.94924017571518,-219.139843192697,-2.5810643526028003,-2.6471597263192095,-188.11904663349483,-204.545676561233,-185.3159225128021,-202.00587678673799,-2.8031241206927238,-2.5397997744950223,-191.9986422456593,-213.95959259456393,-189.74971314032095,-211.36730617939307,-2.2489291053383678,-2.5922864151708604,-188.00849184831313,-211.11875391440577,-185.4628305826568,-208.54960947959552,-2.545661265656315,-2.569144434810252,-185.22403822776772,-212.9713897629501,-182.73715712461654,-210.41452786670988,-2.486881103151185,-2.5568618962402487,,,,,,,,,,,,,,,,,,
1,71,4,49,-441.9906413740054,-516.1676135120877,-428.1676536375444,-495.95222379522414,-13.82298773646103,-20.215389716863466,flu_2020,-400.21047639419174,-405.2445446153194,-384.82505255144434,-389.84867306350463,-15.385423842747421,-15.395871551814773,-401.84436125416215,-430.0344925613652,-387.23964972938586,-414.9340279800159,-14.604711524776302,-15.100464581349263,-403.3622817104795,-446.8928433885269,-388.9810747748086,-430.79514701748536,-14.38120693567097,-16.09769637104153,-399.21083644356236,-414.83875886022344,-384.30759564661423,-399.55429929393546,-14.903240796948122,-15.284459566287971,-407.81174034706004,-431.55805860827377,-393.4266924887329,-416.8880880812768,-14.385047858327143,-14.669970526996957,-397.3779936040934,-424.2572975405765,-381.9837050614942,-408.88609987561415,-15.394288542599135,-15.37119766496235,-390.5291451988582,-426.4302834627359,-375.66356112100743,-410.8562234434544,-14.865584077850773,-15.574060019281514,,,,,,,,,,,,,,,,,,
2,109,5,74,-698.1417359613789,-733.6697065248817,-674.0138041739399,-709.0654472327886,-24.127931787439053,-24.6042592920931,flu_2020,-618.1693188357038,-637.9425831142739,-597.0388398014331,-617.4308816622441,-21.13047903427069,-20.511701452029747,-618.6025309963098,-680.3719193751099,-598.0621349262988,-659.7420122044091,-20.540396070011045,-20.629907170700776,-620.8391930115827,-703.3348220501362,-600.4997297427843,-682.3747624097716,-20.339463268798372,-20.96005964036457,-615.6474737515098,-652.8593720044651,-595.1375583772184,-632.6748483281553,-20.509915374291424,-20.184523676309684,-624.2380025583152,-680.4137176792956,-604.4516666829927,-661.1281957856279,-19.786335875322525,-19.28552189366775,-610.6639888990991,-669.7788333776701,-590.1658818907449,-649.6021991523412,-20.498107008354147,-20.176634225328915,-603.4005652975563,-675.6571533526936,-583.0490680212815,-655.6180330690586,-20.351497276274817,-20.039120283635025,,,,,,,,,,,,,,,,,,
3,148,11,113,-954.8376677195633,-969.0707206173114,-907.2685147678163,-924.8181924053938,-47.56915295174707,-44.252528211917586,flu_2020,-845.2888693713566,-888.657144839557,-808.4747079484648,-851.9939523633147,-36.814161422891694,-36.663192476242195,-847.3904410124644,-956.3499827754296,-812.1279852135017,-916.7704742177059,-35.26245579896273,-39.57950855772363,-857.4387057314495,-987.3471421413199,-820.0939738364251,-949.3666786074208,-37.34473189502441,-37.980463533899055,-844.1660670690057,-912.7125017206589,-808.9589893562273,-877.4024238170464,-35.20707771277843,-35.310077903612545,-860.6523499188667,-954.9718847232001,-825.3172371388101,-919.5232875695958,-35.3351127800565,-35.44859715360427,-840.067555179079,-938.6608779421513,-805.0682648359186,-903.3757356453374,-34.99929034316039,-35.285142296813945,-831.8036475708627,-950.8326305643614,-796.1856508173562,-914.1106451143769,-35.6179967535065,-36.72198544998443,,,,,,,,,,,,,,,,,,
4,191,14,161,-1231.4711435619256,-1205.5683322321838,-1167.5298199803583,-1150.589040456734,-63.94132358156732,-54.97929177544983,flu_2020,-1090.4499699168823,-1141.985066042276,-1042.5882146593838,-1094.8123480405475,-47.86175525749864,-47.172718001728484,-1092.8216474802325,-1229.683927772965,-1046.9693842920879,-1178.6915764847608,-45.85226318814469,-50.992351288204084,-1104.7775647852036,-1265.750491202281,-1057.4303557120695,-1218.8100391444686,-47.34720907313404,-46.940452057812415,-1089.5970050479075,-1174.624582659919,-1044.1048363724835,-1129.0314601041453,-45.49216867542388,-45.59312255577372,-1110.9205248047456,-1225.9776652522226,-1065.3449972720334,-1181.1635631904262,-45.57552753271227,-44.81410206179641,-1082.847014087119,-1205.3790016291566,-1037.8471817669276,-1160.4488664521427,-44.99983232019149,-44.930135177013824,-1071.0127348839571,-1221.1098853266844,-1025.077203307523,-1174.3605549126382,-45.93553157643418,-46.74933041404624,,,,,,,,,,,,,,,,,,
5,253,16,209,-1650.1897960025094,-1563.9760385203006,-1576.613950893714,-1500.1585882678905,-73.57584510879532,-63.81745025241001,flu_2020,-1458.4307809313989,-1529.0723896779057,-1402.5040106025695,-1472.683161566483,-55.92677032882939,-56.3892281114226,-1459.2017562388185,-1641.5332680697632,-1405.7448949347513,-1581.6624156896462,-53.45686130406708,-59.870852380116894,-1468.545914137183,-1690.6988771848487,-1412.836516071327,-1634.8445618444027,-55.709398065855964,-55.85431534044602,-1454.2178216959492,-1566.4559236126404,-1400.922674839729,-1512.953444934039,-53.29514685622017,-53.502478678601314,-1476.3952537057744,-1636.5797928342006,-1422.2328915745354,-1582.7544316802368,-54.16236213123903,-53.82536115396375,-1442.2553825450586,-1610.2892544042545,-1389.291689468244,-1556.843195866651,-52.963693076814664,-53.44605853760346,-1427.830100707045,-1631.6287978771222,-1374.0294517539023,-1575.3448724549278,-53.80064895314251,-56.2839254221945,,,,,,,,,,,,,,,,,,
6,300,21,263,-1934.615398998943,-1823.7923305001298,-1837.9394758094422,-1744.3156691497536,-96.67592318950068,-79.4766613503762,flu_2020,-1723.404170124733,-1817.330779504345,-1651.691558246253,-1745.2142416192805,-71.71261187847995,-72.11653788506445,-1730.9504403692774,-1953.845973286498,-1661.1018213015723,-1877.4700008826774,-69.84861906770516,-76.37597240382067,-1746.9292449751674,-2016.5592116757468,-1675.4226547558117,-1945.7914866844228,-71.50659021935564,-70.76772499132406,-1722.6546908962741,-1867.6996062420935,-1653.398887773927,-1798.4379154668761,-69.25580312234713,-69.26169077521729,-1752.209076244883,-1952.878213378143,-1682.6080324785062,-1883.862831717427,-69.60104376637678,-69.01538166071596,-1711.9805696341741,-1921.0810350885913,-1642.8286295509438,-1851.9812349442554,-69.15194008323034,-69.09980014433587,-1695.9315456845761,-1946.3844505656725,-1625.4121721660474,-1874.936397790746,-70.51937351852867,-71.44805277492655,,,,,,,,,,,,,,,,,,
7,458,29,389,-2961.2758109962956,-2713.2425235187143,-2833.411259510472,-2603.5164551748103,-127.86455148582338,-109.7260683439039,flu_2020,-2605.8528302117265,-2818.2922807837926,-2512.1145870832393,-2723.067097115656,-93.73824312848751,-95.22518366813685,-2634.2997158899234,-3055.387836540639,-2538.7963392205133,-2956.544416596911,-95.50337666941019,-98.8434199437278,-2677.434200999013,-3165.0710394114953,-2579.8308481085114,-3068.623140876718,-97.60335289050127,-96.44789853477721,-2616.040134324362,-2909.6533426672418,-2523.319722463067,-2816.9626616713877,-92.7204118612951,-92.69068099585432,-2676.9406054711794,-3058.4089933298137,-2583.802652293712,-2964.267251082611,-93.13795317746734,-94.14174224720281,-2616.2829082262792,-2998.858694186009,-2523.1826376878043,-2906.4016026636405,-93.10027053847504,-92.45709152236833,-2584.637779867964,-3040.697880249854,-2490.1082014567087,-2946.4609783797137,-94.52957841125541,-94.23690187014016,,,,,,,,,,,,,,,,,,
8,591,39,505,-3844.550452034127,-3435.780977603837,-3681.3571853298017,-3295.89930576479,-163.19326670432534,-139.88167183904733,flu_2020,-3361.696272398934,-3643.8202691614842,-3241.3178464484063,-3521.5819455699807,-120.3784259505279,-122.23832359150373,-3408.930141657384,-3951.022296891449,-3285.285545122184,-3822.9094062098584,-123.6445965352,-128.1128906815907,-3472.1000700151826,-4096.339620836895,-3346.829931321099,-3970.845527708373,-125.27013869408364,-125.49409312852177,-3371.799597621315,-3762.856306463152,-3252.1763287693466,-3643.4059154433426,-119.62326885196833,-119.45039101980964,-3459.0435176988417,-3954.0775958528825,-3340.4114472956967,-3831.5234216766066,-118.63207040314506,-122.55417417627575,-3376.8492568431666,-3867.214577468746,-3257.460965940967,-3746.3268031753073,-119.38829090219959,-120.88777429343854,-3333.8232132750377,-3918.0927140647013,-3212.538538126765,-3797.6082355159447,-121.28467514827267,-120.48447854875687,,,,,,,,,,,,,,,,,,
9,775,57,639,-5004.192930531568,-4455.384675712115,-4785.842126860715,-4264.427275064705,-218.35080367085283,-190.95740064740937,flu_2020,-4397.789330800947,-4803.504782141569,-4231.365105789848,-4631.458239185975,-166.4242250110988,-172.0465429555947,-4459.172242919098,-5221.34091568887,-4289.285519757357,-5046.247303243669,-169.8867231617403,-175.0936124452013,-4558.525143183271,-5423.0068182067325,-4384.876732777401,-5245.207077720926,-173.64841040586975,-177.79974048580675,-4413.525043465516,-4969.947566267707,-4247.227223038397,-4803.402719894164,-166.29782042711935,-166.54484637354258,-4547.082924577663,-5236.962186666363,-4378.569430272919,-5060.808454105453,-168.51349430474446,-176.15373256090936,-4435.928885972149,-5118.363486436218,-4268.294946744156,-4947.489590395471,-167.63393922799304,-170.8738960407468,-4373.577062280771,-5192.797811772087,-4205.0770495536235,-5020.109700068565,-168.50001272714752,-172.6881117035216,,,,,,,,,,,,,,,,,,
10,1038,88,878,-6859.041913055051,-6054.864558004019,-6541.2128597223455,-5781.838190473523,-317.8290533327058,-273.02636753049603,flu_2020,-6011.426757608274,-6589.451340814129,-5766.308032978372,-6344.214167733663,-245.1187246299025,-245.237173080466,-6079.621684311005,-7155.272481410051,-5833.79990773086,-6902.792556383873,-245.82177658014513,-252.479925026179,-6194.243661809964,-7428.096822814541,-5945.100490440781,-7173.737530711016,-249.1431713691831,-254.3592921035252,-6020.018136516418,-6805.736757395088,-5777.428235966451,-6564.380580868867,-242.58990054996679,-241.3561765262208,-6164.920203779657,-7167.681589633649,-5919.1809448248305,-6916.799107546441,-245.73925895482662,-250.88248208720893,-6034.23893135807,-7012.404521743954,-5792.003542419277,-6767.849833125478,-242.23538893879217,-244.55468861847652,-5955.68483413396,-7112.477296609512,-5713.495050875157,-6866.294468004877,-242.18978325880255,-246.18282860463543,,,,,,,,,,,,,,,,,,
11,1334,129,1172,-9228.196868672363,-7986.584615214368,-8772.789869884105,-7611.319903063635,-455.40699878825757,-375.26471215073207,flu_2020,-7964.456498801324,-8770.969471098631,-7616.041532780578,-8419.935935909536,-348.4149660207466,-351.03353518909535,-8033.722142529619,-9532.311708506124,-7684.961625654991,-9167.714742733879,-348.7605168746286,-364.59696577224446,-8156.623822893653,-9884.516882654547,-7805.551178295144,-9524.599750948499,-351.07264459850865,-359.91713170604874,-7955.820894238556,-9038.623490981943,-7611.852498614409,-8693.36990317517,-343.9683956241471,-345.2535878067744,-8103.389540636142,-9515.930798161939,-7757.079814380401,-9159.519824331477,-346.30972625574066,-356.4109738304611,-7963.322466462563,-9308.80636898332,-7619.131497980314,-8960.534968246517,-344.1909684822498,-348.2714007368029,-7872.566585959265,-9474.540413761772,-7528.261811700134,-9119.719875184042,-344.30477425913045,-354.82053857772985,,,,,,,,,,,,,,,,,,
12,1542,155,1411,-10799.873228072722,-9255.859203172407,-10255.525494646516,-8814.968117628134,-544.3477334262057,-440.89108554427435,flu_2020,-9262.516471809948,-10172.87326562351,-8851.887573185415,-9756.910680814479,-410.62889862453267,-415.9625848090317,-9343.19239280419,-11046.707536974212,-8930.93710366076,-10613.646614184045,-412.2552891434301,-433.0609227901677,-9487.10421521702,-11460.037624897492,-9069.193674759283,-11027.984809241787,-417.9105404577366,-432.05281565570493,-9256.638194602609,-10477.650818737378,-8849.608613137474,-10068.58515774561,-407.02958146513424,-409.06566099176763,-9413.068747308016,-11027.625659691608,-9003.190596708786,-10601.533774495047,-409.87815059922957,-426.09188519656243,-9257.229994024337,-10780.372590402201,-8849.659017726326,-10366.485578863252,-407.5709762980121,-413.8870115389499,-9162.768346960454,-10983.186012852519,-8755.283759021559,-10562.15789094634,-407.484587938895,-421.02812190617726,,,,,,,,,,,,,,,,,,
13,1619,171,1518,-11495.492729802387,-9827.232716428582,-10906.090515819942,-9345.072443457073,-589.4022139824453,-482.1602729715091,flu_2020,-9831.346998656098,-10801.322059353868,-9380.646332766795,-10340.118387673256,-450.70066588930183,-461.2036716806125,-9898.778039438102,-11712.86885121103,-9444.977308707423,-11241.343198123834,-453.80073073068047,-471.52565308719494,-10024.637110246127,-12150.817753555157,-9565.833967628394,-11673.900405288075,-458.8031426177329,-476.9173482670816,-9818.120895240956,-11103.934002359467,-9370.674487305429,-10653.285761609039,-447.4464079355281,-450.64824075042833,-9950.442657395028,-11686.44041865871,-9499.965762732283,-11218.458731540597,-450.47689466274477,-467.9816871181134,-9806.550621227365,-11436.118506824305,-9356.415467359375,-10979.93574586046,-450.1351538679895,-456.18276096384324,-9710.567100563276,-11652.21761954931,-9262.156570126595,-11187.801607796611,-448.41053043668063,-464.4160117526981,,,,,,,,,,,,,,,,,,
14,1675,181,1583,-11973.489747965403,-10207.478924483958,-11345.376232791978,-9696.831100613705,-628.1135151734251,-510.6478238702531,flu_2020,-10206.817243056448,-11219.246640039126,-9729.636039206065,-10730.446377436687,-477.18120385038316,-488.8002626024397,-10273.21997544652,-12172.114898760368,-9791.615124120084,-11672.429952120088,-481.6048513264361,-499.6849466402792,-10406.304976237783,-12621.212921445682,-9918.737123064964,-12118.941862084057,-487.56785317281884,-502.2710593616247,-10194.048905406054,-11533.943366647505,-9720.005138607776,-11058.167851184584,-474.0437667982796,-475.7755154629212,-10328.324449304808,-12137.3774188343,-9851.421234256386,-11645.088289975869,-476.9032150484221,-492.28912885843,-10182.655698406037,-11878.86943383559,-9706.598034615841,-11397.732734820447,-476.057663790196,-481.136699015144,-10089.176255836606,-12114.02418035191,-9613.319676499179,-11622.219487174729,-475.8565793374279,-491.8046931771802,,,,,,,,,,,,,,,,,,
15,1726,191,1655,-12387.306040524627,-10531.955971112424,-11722.57538093391,-9993.93788211029,-664.7306595907182,-538.0180890021351,flu_2020,-10543.113738363234,-11583.117025003015,-10038.193185553579,-11066.849528499315,-504.92055280965525,-516.2674965037012,-10610.990914861704,-12566.082533059745,-10100.782860834908,-12037.83338595078,-510.20805402679633,-528.2491471089652,-10743.18475090161,-13024.211792683636,-10228.034698916843,-12497.189428930207,-515.1500519847662,-527.0223637534299,-10527.734371156042,-11903.706924781156,-10026.34102545767,-11401.272970087895,-501.39334569837206,-502.43395469326134,-10661.951499145822,-12525.221330290895,-10157.380043885509,-12005.893758893293,-504.57145526031377,-519.3275713976011,-10512.992154833168,-12257.826752579193,-10009.789246888266,-11749.683299454096,-503.20290794490285,-508.1434531250959,-10416.41850731149,-12499.823924039985,-9912.46199935661,-11982.109138568307,-503.95650795487956,-517.7147854716778,,,,,,,,,,,,,,,,,,
16,1749,198,1694,-12600.835566674801,-10703.27782985332,-11913.500412284026,-10149.27054662593,-687.3351543907754,-554.0072832273887,flu_2020,-10711.750097210977,-11779.136942844703,-10189.442667484547,-11249.36207414537,-522.3074297264299,-529.774868699333,-10778.29290038968,-12785.411094102552,-10251.376737014505,-12240.047347354563,-526.9161633751754,-545.3637467479886,-10911.658352321238,-13251.255231560779,-10379.919538486783,-12709.39265379256,-531.7388138344542,-541.8625777682195,-10694.748767249745,-12106.837790806014,-10176.301495470134,-11588.450523611156,-518.4472717796111,-518.3872671948577,-10828.768908717888,-12742.10355018554,-10307.904538827672,-12207.612714531067,-520.8643698902159,-534.490835654473,-10680.852053248143,-12471.574674133863,-10161.451061002888,-11947.756419330213,-519.4009922452557,-523.81825480365,-10584.778380896227,-12720.060812369917,-10064.278644740225,-12187.837592620777,-520.499736156002,-532.2232197491395,,,,,,,,,,,,,,,,,,
17,1783,205,1739,-12916.278366238874,-10951.103213652072,-12201.932242094377,-10378.469332127097,-714.3461241444959,-572.6338815249742,flu_2020,-10961.398317292542,-12061.926434645446,-10421.252301623206,-11511.022190366357,-540.1460156693355,-550.9042442790892,-11024.65731061957,-13095.637634780176,-10478.773957076688,-12527.56172262085,-545.8833535428824,-568.0759121593247,-11157.634140274467,-13569.326859033716,-10606.351068117172,-13006.235404000847,-551.2830721572959,-563.0914550328695,-10941.427517461636,-12392.939837960275,-10404.9655576104,-11856.067547274843,-536.4619598512371,-536.8722906854327,-11072.541686311424,-13045.255538619695,-10533.88278636381,-12490.239595896586,-538.6588999476128,-555.0159427231074,-10926.43416598937,-12768.985838558938,-10388.9561513595,-12226.115975703166,-537.4780146298708,-542.8698628557715,-10829.369480019885,-13030.126988313392,-10290.424669814895,-12476.54239720874,-538.9448102049907,-553.5845911046526,,,,,,,,,,,,,,,,,,
18,1818,215,1778,-13283.263722468942,-11220.415927458735,-12546.070441116102,-10630.217590899118,-737.1932813528392,-590.198336559617,flu_2020,-11233.299555853935,-12361.097089574008,-10674.810828171929,-11791.01867341988,-558.4887276820056,-570.0784161541284,-11291.500786197892,-13422.403830881485,-10727.210066235759,-12832.106873206254,-564.2907199621338,-590.2969576752321,-11422.408860972475,-13901.983905587582,-10852.122448217258,-13317.847353358406,-570.2864127552164,-584.1365522291758,-11209.707457587376,-12697.872854257144,-10655.457886433644,-12140.735633824705,-554.2495711537326,-557.1372204324393,-11335.553551215638,-13362.589992912166,-10778.916343359879,-12786.551949224673,-556.6372078557604,-576.0380436874932,-11190.801585658268,-13078.406795418925,-10635.271018440217,-12516.12830141792,-555.5305672180511,-562.278494001005,-11097.096457601778,-13356.920853805519,-10539.474980281495,-12781.247516406225,-557.6214773202826,-575.6733373992942,,,,,,,,,,,,,,,,,,
19,1836,216,1797,-13426.993589945358,-11332.02967208122,-12680.029408281762,-10735.849445375077,-746.9641816635964,-596.1802267061424,flu_2020,-11346.970595569972,-12488.28703721183,-10781.371211006102,-11910.71759640081,-565.5993845638696,-577.569440811021,-11403.534366788615,-13563.692302136842,-10831.699883430954,-12964.897393286856,-571.8344833576612,-598.794908849987,-11535.240551361065,-14044.709594541257,-10957.639613764062,-13453.719147785283,-577.600937597003,-590.990446755973,-11323.300594943288,-12828.942838818686,-10762.18340973727,-12264.828610610428,-561.1171852060177,-564.1142282082582,-11447.17307013252,-13499.691149188744,-10883.861502097961,-12917.430756522448,-563.3115680345579,-582.2603926662955,-11302.833348518547,-13214.030761935417,-10740.68826265855,-12644.829255775716,-562.1450858599973,-569.2015061597006,-11209.15233267241,-13497.946256700998,-10644.7894752519,-12914.835820648945,-564.362857420508,-583.1104360520523,,,,,,,,,,,,,,,,,,
20,1857,217,1817,-13597.364573356617,-11462.382068156781,-12838.780028560786,-10861.52313772848,-758.5845447958314,-600.8589304283013,flu_2020,-11479.163979083096,-12627.951939144468,-10908.950894007012,-12046.735685634148,-570.2130850760842,-581.2162535103201,-11534.75643578106,-13714.920443397994,-10957.720662617678,-13112.32622766126,-577.0357731633835,-602.5942157367338,-11667.041839541958,-14200.228256191484,-11085.192899719857,-13605.991092741842,-581.8489398221001,-594.2371634496405,-11454.833784427388,-12973.64599406258,-10888.907669840382,-12405.08000557559,-565.9261145870056,-568.5659884869898,-11580.348936384504,-13649.634929004755,-11012.57342507928,-13064.144323001276,-567.7755113052235,-585.4906060034797,-11434.007983018313,-13361.276998776915,-10867.215455866912,-12788.409619057473,-566.792527151401,-572.8673797194432,-11339.992421347533,-13648.856730303882,-10770.71650642179,-13062.85143275849,-569.2759149257439,-586.0052975453915,,,,,,,,,,,,,,,,,,
21,1871,220,1841,-13756.217299026504,-11571.885330236175,-12979.875145019734,-10963.234360672082,-776.342154006771,-608.6509695640927,flu_2020,-11591.041342672437,-12750.223534042249,-11012.150791890937,-12160.4469376879,-578.8905507814991,-589.7765963543475,-11644.113862504653,-13848.53877441254,-11058.11217813888,-13236.17646580464,-586.0016843657736,-612.3623086079015,-11776.359856271472,-14336.084401218366,-11185.580547159345,-13733.721238406719,-590.7793091121272,-602.3631628116473,-11563.799437495598,-13097.843008335043,-10989.477884924278,-12520.640606869141,-574.3215525713197,-577.2024014659027,-11688.170442919476,-13778.701120537797,-11111.850209173266,-13185.293226222551,-576.3202337462092,-593.4078943152459,-11542.302222000808,-13487.435325334296,-10967.16488128717,-12906.503404340323,-575.1373407136377,-580.9319209939731,-11451.113344121943,-13782.121022306836,-10872.660849929638,-13187.544244774546,-578.4524941923055,-594.576777532289,,,,,,,,,,,,,,,,,,
22,1897,228,1869,-13983.03187372506,-11752.476309012029,-13183.704048015348,-11128.8694091178,-799.3278257097118,-623.6068998942274,flu_2020,-11773.871551635966,-12970.031165010238,-11179.369095180813,-12361.732318048671,-594.5024564551524,-608.298846961566,-11826.297189291037,-14091.30632567359,-11223.15817393882,-13462.098563614101,-603.1390153522171,-629.2077620594887,-11960.5284719042,-14587.629790736293,-11353.35059075859,-13968.353789139539,-607.1778811456106,-619.2760015967538,-11746.696640842338,-13322.148514525274,-11157.110691479538,-12729.173127373537,-589.5859493628003,-592.9753871517376,-11869.313575179578,-14018.446818071496,-11277.309001504764,-13408.513638737768,-592.0045736748136,-609.9331793337284,-11725.598989497936,-13723.02110689299,-11134.576475536374,-13125.492236219934,-591.0225139615616,-597.5288706730546,-11631.663746236614,-14027.412878684065,-11037.97344584984,-13414.341746672457,-593.6903003867735,-613.0711320116084,,,,,,,,,,,,,,,,,,
23,1910,234,1886,-14149.635709932278,-11863.232857366556,-13331.14691064157,-11231.26896009068,-818.4887992907082,-631.9638972758767,flu_2020,-11892.746152838601,-13094.257448685048,-11288.024322840645,-12477.021758035775,-604.7218299979559,-617.2356906492731,-11937.80372791675,-14226.64378725899,-11324.478490124673,-13585.639668941205,-613.3252377920763,-641.0041183177847,-12065.526320387913,-14719.919960999989,-11448.304095723126,-14092.928130928052,-617.2222246647866,-626.9918300719359,-11862.548824140826,-13446.202602320662,-11263.418037626727,-12842.76142108983,-599.1307865140988,-603.4411812308316,-11970.548625459787,-14145.426465516399,-11369.231287106433,-13526.828365645664,-601.3173383533544,-618.5980998707349,-11833.705175097444,-13849.605883122722,-11233.310980749615,-13243.812927705476,-600.394194347829,-605.7929554172466,-11742.897581137833,-14159.37419119563,-11138.596363092292,-13537.59165713908,-604.3012180455403,-621.7825340565482,,,,,,,,,,,,,,,,,,
24,1924,236,1899,-14300.333889170623,-11971.854864674091,-13475.082033069815,-11336.129656299727,-825.2518561008067,-635.7252083743637,flu_2020,-12005.050918414447,-13216.711638379651,-11396.429794678403,-12595.741200630007,-608.6211237360435,-620.9704377496438,-12046.46779246658,-14359.572609857027,-11429.481541336325,-13714.561055823315,-616.9862511302545,-645.0115540337121,-12175.020653688762,-14857.272386718892,-11553.896105452695,-14226.273849821617,-621.1245482360667,-630.9985368972751,-11972.588062932293,-13571.063294107615,-11369.739908571113,-12964.177526854819,-602.8481543611799,-606.8857672527962,-12078.171277252937,-14275.83538780881,-11473.156570320189,-13653.670659588413,-605.0147069327484,-622.1647282203952,-11942.247234754934,-13977.193448621181,-11338.440230984657,-13368.058203936087,-603.8070037702771,-609.1352446850938,-11852.807121218251,-14294.577741433834,-11245.425461233728,-13669.5830055363,-607.3816599845223,-624.9947358975325,,,,,,,,,,,,,,,,,,
25,1939,242,1915,-14453.53721649961,-12077.358023790455,-13610.36012607966,-11431.1313568811,-843.1770904199494,-646.2266669093551,flu_2020,-12113.14808774181,-13326.067611605355,-11492.661235103675,-12696.986571890178,-620.4868526381367,-629.0810397151766,-12149.6787819168,-14483.926968437543,-11522.166867833737,-13827.52313879472,-627.5119140830625,-656.4038296428232,-12279.868897074313,-14979.189433250363,-11648.010922408395,-14339.25113917411,-631.8579746659184,-639.9382940762526,-12080.243101395072,-13686.950031333181,-11466.095029480284,-13069.557795625024,-614.1480719147881,-617.3922357081574,-12184.134361299273,-14394.167416813123,-11568.119596634013,-13762.383406625151,-616.0147646652603,-631.7840101879723,-12047.933550950533,-14093.162343950451,-11433.306944135704,-13474.470819519309,-614.6266068148288,-618.6915244311425,-11960.578996231205,-14418.805177825661,-11342.080281850791,-13783.705179300696,-618.4987143804128,-635.0999985249649,,,,,,,,,,,,,,,,,,
0,2,0,1,-7.4303323390727956,-19.525904091334848,-7.233675523105192,-18.832756910774904,-0.19665681596760348,-0.6931471805599453,covid_2020,-8.207849238302469,-9.367952749818087,-7.889442942001585,-9.241299331010191,-0.31840629630088324,-0.12665341880789616,-9.014643153769958,-10.030098368334917,-8.541933157556354,-9.87848296963673,-0.47270999621360466,-0.15161539869818735,-8.907294762265447,-10.293037419563621,-8.639382453384517,-10.18496490937892,-0.26791230888092976,-0.10807251018470207,-8.550187390248391,-9.951128595973177,-8.115286174922634,-9.694530206383728,-0.43490121532575776,-0.25659838958944864,-8.779718389561012,-10.325952218037548,-8.515525816850872,-10.150138952664658,-0.26419257271013996,-0.1758132653728893,-8.537019424749817,-10.144268336766702,-8.06905831678835,-9.932947582668593,-0.46796110796146606,-0.21132075409810874,-8.284005429071296,-9.614740430468826,-7.88901977813015,-9.456235226742866,-0.3949856509411459,-0.15850520372596014,-8.03792936467152,-7.898798317176907,-0.13913104749461216,,,,,,,,,,,,,,,
1,8,0,3,-49.33032469068193,-59.29168825137721,-48.8979287983115,-57.787610854600935,-0.43239589237042964,-1.504077396776274,covid_2020,-42.156535081888855,-47.78100123381947,-41.54347917868464,-47.466776531534485,-0.6130559032042113,-0.3142247022849818,-43.16633004359235,-51.58395453600873,-42.29130342000124,-51.26756096540232,-0.8750266235911109,-0.3163935706064141,-41.960684648424156,-53.578793499973116,-41.40364435690964,-53.24525306975353,-0.557040291514519,-0.33354043021958624,-41.70435505838023,-48.42820672340071,-40.905254121431454,-47.93755707195956,-0.7991009369487723,-0.49064965144115413,-42.37760877684253,-51.58450131079367,-41.86627322548105,-51.182596209401794,-0.5113355513614736,-0.40190510139187874,-42.03436699422458,-50.53372925819225,-41.21329328200796,-50.11275421080917,-0.8210737122166147,-0.4209750473830834,-40.765341823821146,-50.092374279183986,-40.04998823973102,-49.65893382044136,-0.7153535840901236,-0.4334404587426237,-42.73168540373617,-42.25056740970231,-0.4811179940338596,,,,,,,,,,,,,,,
2,39,4,11,-284.43703628020654,-267.9349913520746,-274.1938741758104,-259.10058810030506,-10.243162104396143,-8.834403251769514,covid_2020,-239.61652231327187,-281.913039556739,-232.0509023673438,-273.37640260073414,-7.56561994592807,-8.536636956004898,-239.36683822407159,-307.26489822870275,-231.29919813759807,-298.7188787716204,-8.067640086473517,-8.546019457082366,-237.83473593175376,-317.87688749666495,-229.66719294749575,-309.89897500974485,-8.16754298425802,-7.977912486920119,-235.24737609738384,-285.3241317912301,-227.9905597200882,-277.132763390391,-7.256816377295626,-8.191368400839119,-237.9735547985637,-304.45184322981135,-230.31893915479247,-296.7229638359791,-7.654615643771226,-7.728879393832257,-237.06799837611783,-300.20180348917876,-229.68242637538341,-292.4503521518565,-7.385572000734399,-7.75145133732226,-234.5630015566141,-303.22283000322386,-226.8231645160021,-295.7685240562191,-7.739837040611994,-7.454305947004725,-249.6166064731803,-240.53971425255514,-9.076892220625156,,,,,,,,,,,,,,,
3,749,96,223,-6652.2527506798615,-5029.051795634359,-6458.822224392938,-4874.049401546262,-193.43052628692405,-155.0023940880978,covid_2020,-5341.708844039005,-6276.408200833972,-5214.275602580801,-6163.711891166251,-127.43324145820364,-112.69630966772056,-5234.300591432831,-6892.83526334202,-5096.5672878102805,-6759.167445689181,-137.73330362255075,-133.66781765283937,-5101.05061899195,-7142.978356523175,-4967.490875723962,-7018.750762704434,-133.5597432679882,-124.22759381874029,-5209.260588317797,-6361.208828059812,-5078.6103339066885,-6231.549381690345,-130.65025441110853,-129.65944636946654,-5033.316276861685,-6772.842727566189,-4908.981848755021,-6649.40738815674,-124.33442810666412,-123.43533940944876,-5158.278463167843,-6681.504128512169,-5029.792872232722,-6562.689111166946,-128.48559093512097,-118.81501734522291,-5126.691751284812,-6872.576039108452,-4993.464275831586,-6754.719187796069,-133.22747545322605,-117.856851312384,-5568.521977949859,-5397.970778268209,-170.5511996816507,,,,,,,,,,,,,,,
4,3538,436,1393,-32277.582236963986,-22329.291273943123,-30928.299111742934,-21615.550732667536,-1349.2831252210528,-713.7405412755863,covid_2020,-24897.039660890525,-29169.470892239504,-24115.18715303302,-28446.203072906872,-781.8525078575049,-723.2678193326326,-24476.800628969682,-32175.196361829872,-23612.974036236217,-31325.450516607827,-863.8265927334637,-849.745845222046,-24027.368787151972,-33126.582733181545,-23210.19439864546,-32384.329916657232,-817.1743885065118,-742.2528165243131,-24302.42510489394,-29673.808243263455,-23501.577936093694,-28876.382358578325,-800.8471688002456,-797.4258846851307,-23799.73407113382,-31480.177242828428,-23045.26984097105,-30719.769562196976,-754.4642301627694,-760.4076806314508,-24201.79356511593,-30943.86150723846,-23415.604554728565,-30197.67324897012,-786.1890103873681,-746.1882582683388,-24118.172299009493,-31928.813607827266,-23281.738740965324,-31193.632786054255,-836.4335580441685,-735.1808217730099,-26059.357647493165,-25175.64617278616,-883.7114747070042,,,,,,,,,,,,,,,
5,7670,1242,4111,-71092.9773413254,-48054.19634613204,-67334.65252461412,-46018.03785400152,-3758.3248167112797,-2036.1584921305182,covid_2020,-54466.43264060012,-63629.49061537025,-52147.8674983074,-61465.16300459744,-2318.56514229272,-2164.3276107728097,-53562.63268834391,-70172.63911676659,-51082.39112738303,-67703.66165007361,-2480.241560960882,-2468.977466692977,-52661.96597894898,-72113.11234493006,-50262.75745071405,-69928.49774407438,-2399.20852823493,-2184.61460085568,-53178.89886838019,-64738.523909185846,-50840.12505425821,-62425.08069768672,-2338.773814121975,-2313.4432114991287,-52248.76435387944,-68594.53895962339,-49996.7641615129,-66365.2328489348,-2252.000192366537,-2229.3061106885852,-53003.33445381881,-67394.45805024175,-50702.68678722902,-65205.70529221413,-2300.6476665897917,-2188.7527580276155,-52886.791704815696,-69594.95666674168,-50457.48154606603,-67402.34841551702,-2429.3101587496653,-2192.608251224666,-57167.50167787389,-54655.04788653202,-2512.4537913418667,,,,,,,,,,,,,,,
6,11660,2335,7422,-110235.48563374285,-73906.5003678913,-103485.05887678913,-70122.52895050624,-6750.426756953716,-3783.9714173850734,covid_2020,-84242.95460733461,-98041.94219803157,-79927.98129451953,-94001.9899627704,-4314.973312815082,-4039.952235261173,-82761.73572488612,-108071.74446746313,-78203.84238150602,-103530.56446238226,-4557.893343380094,-4541.180005080867,-81364.45741759677,-110906.97489587043,-76934.90124437024,-106856.23072265889,-4429.556173226532,-4050.7441732115462,-82295.4224766943,-99745.686205596,-77965.34501715758,-95472.20164726424,-4330.0774595367175,-4273.484558331756,-80765.73911383185,-105540.85137826177,-76560.9427882338,-101417.03982357812,-4204.796325598045,-4123.811554683646,-81953.93576685694,-103737.09781319874,-77678.45412763476,-99673.67008666135,-4275.481639222182,-4063.427726537386,-81847.99116362783,-107201.68890861473,-77371.40541403957,-103117.94201849855,-4476.585749588248,-4083.7468901161783,-88492.97726164297,-83906.16766663134,-4586.809595011621,,,,,,,,,,,,,,,
7,16833,3865,11711,-162261.39276626057,-107729.99771401247,-151410.58304888665,-101583.02523559314,-10850.809717373922,-6146.972478419326,covid_2020,-123326.76599758315,-143079.63413999422,-116324.67638532858,-136512.04749092855,-7002.089612254563,-6567.586649065674,-121017.37443061116,-157719.43481765763,-113698.41172105202,-150385.59156525842,-7318.962709559143,-7333.843252399218,-119068.57650617781,-161654.9347500858,-111891.2035902726,-155084.16908752406,-7177.372915905198,-6570.765662561766,-120538.80721753679,-145566.05688035366,-113547.33924432732,-138672.8518220563,-6991.467973209473,-6893.2050582973425,-118212.18906175427,-153861.22361834778,-111364.05646093405,-147174.42228398344,-6848.132600820216,-6686.801334364325,-119935.47403302701,-151205.36280349642,-113026.96130890455,-144628.71198037948,-6908.512724122469,-6576.650823116945,-119923.54414123352,-156447.64980120183,-112694.19994456263,-149822.1173654387,-7229.344196670893,-6625.532435763134,-129610.99236612397,-122253.90712539238,-7357.085240731597,,,,,,,,,,,,,,,
8,25622,6374,18134,-250338.81075583553,-164732.2588508021,-233155.145081525,-154979.64398065495,-17183.66567431052,-9752.614870147168,covid_2020,-189270.14137270575,-219145.34659925016,-178119.19646623128,-208649.8633037984,-11150.944906474459,-10495.483295451777,-185600.33301991946,-241599.87161352145,-174013.81576373187,-229930.4246837317,-11586.51725618759,-11669.446929789763,-182714.14738268036,-247436.84644697633,-171309.7087189334,-236977.81219463318,-11404.43866374696,-10459.034252343148,-185047.71717504197,-222954.380786838,-173961.24616574662,-212018.68460285134,-11086.471009295337,-10935.696183986665,-181426.83332202557,-235480.29695810453,-170525.76460388355,-224858.84630823907,-10901.068718142013,-10621.450649865472,-184057.92962896964,-231379.41765886426,-173099.50207745962,-220919.85190454748,-10958.427551510016,-10459.56575431677,-184167.24944763328,-239669.55345219426,-172721.3520268659,-229096.28831639403,-11445.897420767373,-10573.265135800222,-199125.22974558457,-187520.34211404296,-11604.887631541622,,,,,,,,,,,,,,,
9,36488,9844,26918,-363076.95463081147,-236060.57757745005,-337148.6684031816,-221468.76706659727,-25928.286227629884,-14591.810510852793,covid_2020,-272783.0231505724,-314832.8502417981,-255994.75745670742,-299073.82496562053,-16788.265693864938,-15759.025276177541,-267152.9770983121,-346985.92957312154,-249820.7728840834,-329424.3573059007,-17332.204214228736,-17561.572267220847,-263011.84122416715,-355059.64667886787,-245847.75885113515,-339357.16409350437,-17164.082373031997,-15702.482585363468,-266648.4994657349,-320234.41383678414,-250022.94233936808,-303829.6293706309,-16625.557126366817,-16404.78446615322,-261087.0011649257,-337852.06869201956,-244692.90889614035,-321936.35504973924,-16394.092268785338,-15915.713642280303,-264963.86698438704,-331918.6972310651,-248541.9128622222,-316240.84910861566,-16421.954122164818,-15677.848122449403,-265449.41592724156,-344197.60926819826,-248271.37059547153,-328352.1738649521,-17178.045331770038,-15845.435403246138,-287055.10912869626,-269718.666017822,-17336.44311087426,,,,,,,,,,,,,,,
10,49955,14434,37841,-504927.877489883,-324445.0986290076,-467962.4408751719,-303611.3570083169,-36965.43661471106,-20833.741620690667,covid_2020,-377342.8742196621,-434061.5370761692,-353221.0110012361,-411520.80682512064,-24121.86321842598,-22540.73025104859,-368942.8115139894,-478138.8485726902,-344257.3377508678,-453021.2647127326,-24685.473763121598,-25117.583859957653,-363144.1931170267,-488936.06905276247,-338577.5046538331,-466481.7579239727,-24566.688463193568,-22454.31112878982,-368671.797927896,-441325.6660726604,-344882.86032562645,-417882.98238103837,-23788.937602269594,-23442.683691622035,-360375.8785247127,-465158.2083784633,-336827.80583029974,-442445.4854624997,-23548.07269441296,-22712.722915963535,-365928.2679624114,-456925.3536986041,-342437.5251131665,-434521.5443828986,-23490.74284924491,-22403.809315705494,-366939.1192390182,-474366.9491419854,-342389.5611756615,-451687.1434774246,-24549.558063356686,-22679.805664560816,-396884.6200925455,-372262.27223946876,-24622.34785307676,,,,,,,,,,,,,,,
11,64280,19540,50136,-660391.1191086976,-419897.5523028458,-610970.4033600399,-392049.0124285,-49420.71574865772,-27848.53987434583,covid_2020,-490784.138900545,-562814.9479187571,-458549.885624652,-532739.4623167804,-32234.253275893054,-30075.48560197676,-479242.1137570606,-619599.115240793,-446419.6573185703,-586159.2663139183,-32822.456438490306,-33439.848926874634,-471570.2363784964,-633362.8935890472,-438820.82291318686,-603388.7964968587,-32749.41346530955,-29974.09709218851,-479396.26548353443,-572065.6405039349,-447660.961106352,-540822.0472379791,-31735.304377182452,-31243.593265955788,-467833.43764040107,-602418.921966831,-436348.3544977144,-572137.7242920724,-31485.083142686723,-30281.197674758634,-475354.3677377855,-591629.9241724194,-444006.700622409,-561762.2456043914,-31347.667115376487,-29867.678568027928,-477101.93291491293,-614998.4358695392,-444373.09712974034,-584701.8108770344,-32728.835785172618,-30296.624992504738,-516209.6176960261,-483389.55978389754,-32820.05791212858,,,,,,,,,,,,,,,
12,79851,25118,64012,-833168.0069095788,-524295.3325748456,-769332.7952588971,-488555.0910227862,-63835.21165068167,-35740.24155205944,covid_2020,-615833.2636514297,-704327.6724691923,-574516.9928312583,-665726.6909091764,-41316.27082017128,-38600.9815600159,-600694.8885050577,-774934.4071072357,-558731.0872262032,-732054.2576935939,-41963.80127885453,-42880.14941364186,-590781.7342649275,-791773.9362535868,-548826.7077217096,-753340.0715569817,-41955.02654321783,-38433.86469660518,-601428.1261323678,-715578.2976838455,-560789.6117000199,-675557.6790913437,-40638.514432347845,-40020.618592501894,-585886.8659030494,-752985.2567189664,-545473.0721464921,-714127.4972636222,-40413.79375655731,-38857.75945534412,-595735.5490969247,-739359.1296015923,-555588.3420407823,-701076.1525557062,-40147.207056142375,-38282.9770458861,-598468.7449302615,-769436.3798900208,-556512.2237737768,-730499.9651563751,-41956.52115648475,-38936.41473364575,-647716.6386273024,-605738.802241334,-41977.8363859684,,,,,,,,,,,,,,,
13,96235,31240,79642,-1018923.4054179344,-635138.5118476001,-938801.5774268907,-590403.3048224229,-80121.8279910437,-44735.20702517723,covid_2020,-749755.337185838,-855306.2350743938,-698056.40442636,-806939.2594353438,-51698.932759477946,-48366.97563905,-730518.9954718825,-940408.5259839321,-678138.2799533377,-886818.7048743503,-52380.71551854482,-53589.821109581775,-717951.6516318952,-960206.9269530677,-665551.0454185816,-912226.8188089539,-52400.60621331367,-47980.10814411377,-732024.5992137993,-868434.7630640623,-681246.7410890195,-818437.3875582289,-50777.85812477994,-49997.37550583345,-711896.828640677,-913099.8041891672,-661320.7172192795,-864578.0755214647,-50576.111421397596,-48521.728667702584,-724353.4301968836,-896656.2405444977,-674188.6023226865,-848806.3128428005,-50164.8278741972,-47849.92770169725,-728356.2519597145,-934033.6992139801,-675916.0194879496,-885259.5616007457,-52440.23247176489,-48774.137613234474,-788509.9531424122,-736303.0675154387,-52206.88562697354,,,,,,,,,,,,,,,
14,112317,37354,95126,-1201534.208679593,-743953.0841779676,-1104969.357054109,-690240.4880786169,-96564.85162548388,-53712.59609935076,covid_2020,-881129.5971245512,-1003373.7913793622,-819081.6414578126,-945299.237502836,-62047.955666738555,-58074.55387652621,-857918.775609325,-1102811.424881065,-795170.4173589117,-1038555.3574885153,-62748.35825041331,-64256.06739254971,-842800.5546451748,-1125533.1676148672,-779995.96554267,-1068053.1619598365,-62804.58910250473,-57480.005655030734,-860204.6131641213,-1018432.2939313379,-799324.2108992969,-958489.1807160034,-60880.402264824384,-59943.11321533451,-835542.4931733366,-1070229.2319447226,-774826.8444156526,-1012087.7378755985,-60715.64875768405,-58141.494069124106,-850572.992337909,-1050957.5991141186,-790444.3278212799,-993595.7098298203,-60128.66451662912,-57361.889284298275,-855823.4207578812,-1095445.2614488378,-792909.341968336,-1036941.3474448823,-62914.07878954519,-58503.914003955644,-926692.6521154067,-864243.9504391776,-62448.70167622919,,,,,,,,,,,,,,,
15,131858,44833,113247,-1423424.325901285,-876444.358606676,-1306611.635339929,-812111.1368846385,-116812.69056135601,-64333.22172203753,covid_2020,-1040858.7830295158,-1183621.8188530933,-966564.92889688,-1113889.1519444704,-74293.85413263572,-69732.66690862294,-1012849.3798534897,-1300395.8606416462,-937735.402901229,-1223288.755476118,-75113.9769522607,-77107.10516552805,-994610.6880894337,-1326567.5102214413,-919444.1031372963,-1257795.2126798118,-75166.58495213748,-68772.29754162954,-1016066.9235776893,-1200964.9251535654,-943241.6667632975,-1129148.910772011,-72825.2568143918,-71816.01438155447,-985877.6931001864,-1261369.8686632286,-913204.929139219,-1191796.0612170456,-72672.76396096745,-69573.80744618301,-1003989.5958942135,-1238751.0738249936,-932113.1584612911,-1170093.3298458513,-71876.43743292242,-68657.7439791422,-1010966.7952010923,-1291941.2931286679,-935550.2536333442,-1221858.2991528502,-75416.54156774805,-70082.99397581768,-1094661.0254625,-1020108.4535915044,-74552.57187099579,,,,,,,,,,,,,,,
16,151080,51409,131084,-1646972.651182206,-1007140.2158115428,-1510794.3938912041,-932645.9653216697,-136178.25729100197,-74494.25048987308,covid_2020,-1200209.1559809542,-1362868.2492212933,-1114211.4422176257,-1282082.4856259404,-85997.71376332856,-80785.76359535294,-1167183.0029668,-1496777.7400049756,-1080294.5089550214,-1407504.2983318567,-86888.49401177869,-89273.44167311878,-1145748.8534727555,-1526414.9690334825,-1058749.2927564243,-1446867.9636683462,-86999.56071633133,-79547.00536513637,-1171498.0491425027,-1382406.4470101031,-1087216.9427040673,-1299289.1789666275,-84281.10643843535,-83117.26804347565,-1135603.6400881321,-1451259.4124499098,-1051425.5093109694,-1370738.1923384522,-84178.13077716279,-80521.22011145772,-1156906.351640811,-1425196.699892861,-1073737.9233137702,-1345765.0847157822,-83168.42832704069,-79431.61517707897,-1165783.5422029844,-1487456.599029177,-1078400.9379335633,-1406290.1955906346,-87382.6042694211,-81166.40343854247,-1262858.8073494511,-1176639.0901454105,-86219.71720404061,,,,,,,,,,,,,,,
17,169299,57499,149353,-1858357.2286552894,-1131421.5929573805,-1702885.559347794,-1046662.1028877245,-155471.66930749555,-84759.49006965588,covid_2020,-1350952.2934621887,-1532535.703191415,-1253205.9237470285,-1440624.5475470982,-97746.36971516025,-91911.15564431672,-1313435.8479202758,-1682716.6258508042,-1214678.949396631,-1581279.3375435818,-98756.8985236448,-101437.28830722222,-1289180.1526278032,-1715710.5986204103,-1190298.037633424,-1625348.1962878676,-98882.1149943793,-90362.4023325428,-1318595.361909245,-1554357.8351148977,-1222772.5406100433,-1459881.8323885873,-95822.82129920149,-94476.0027263105,-1277712.4195915386,-1631228.0107037637,-1181937.8072164569,-1539671.5094184806,-95774.61237508184,-91556.50128528319,-1301888.1603351315,-1601801.4053997903,-1207317.4058546866,-1511507.5744697575,-94570.75448044483,-90293.83093003283,-1312578.3712664908,-1672705.802989017,-1213144.5587242055,-1580389.6811945098,-99433.81254228535,-92316.12179450714,-1422025.162160988,-1324050.4844183973,-97974.67774259057,,,,,,,,,,,,,,,
18,189339,64209,168285,-2091380.346275421,-1267444.736167447,-1915581.5122263303,-1172005.8016285342,-175798.83404909068,-95438.93453891281,covid_2020,-1516810.355831106,-1719092.5920692203,-1406888.7267352755,-1615665.748047533,-109921.62909583055,-103426.84402168717,-1474237.3311721308,-1887314.3240341998,-1363149.2307778979,-1773164.1024644636,-111088.10039423284,-114150.2215697362,-1446755.5831993266,-1923993.109644529,-1335560.2652149834,-1822372.7652899788,-111195.3179843432,-101620.34435455005,-1480475.4766832176,-1743518.9852089572,-1372688.7762319762,-1637210.2090607877,-107786.7004512414,-106308.77614816943,-1433805.2190596892,-1829151.9021864845,-1326064.3124559475,-1726143.1776212822,-107740.90660374159,-103008.72456520238,-1461283.372511174,-1796092.5240408175,-1354917.8553738983,-1694504.9058854575,-106365.51713727582,-101587.61815535992,-1474016.107198651,-1876601.07881847,-1362078.5209883084,-1772739.8304298904,-111937.58621034249,-103861.2483885796,-1597443.7594021328,-1487261.3420828416,-110182.41731929134,,,,,,,,,,,,,,,
19,210012,70895,187810,-2329229.055760373,-1407556.4963637525,-2132845.698521678,-1301148.3494054764,-196383.35723869514,-106408.14695827618,covid_2020,-1686865.4665074886,-1910029.335014542,-1564300.5647423174,-1794691.997255026,-122564.90176517116,-115337.33775951617,-1638971.774647856,-2096457.266381171,-1515206.6159411306,-1969258.9249066152,-123765.15870672539,-127198.34147455581,-1608247.472218786,-2136933.6595850056,-1484352.6917573975,-2023723.9485540176,-123894.78046138838,-113209.71103098794,-1646434.4659243377,-1937036.9863861273,-1526270.0949626707,-1818538.6145657208,-120164.37096166704,-118498.3718204066,-1593941.2370656978,-2031596.501360685,-1473773.079709718,-1916841.4232971314,-120168.15735597987,-114755.07806355378,-1624683.6696349918,-1994896.3879630184,-1506112.6637751188,-1881700.2652408557,-118571.00585987305,-113196.12272216259,-1639493.7721601233,-2085245.0498204897,-1514666.4000907214,-1969428.3505152324,-124827.372069402,-115816.69930525741,-1777020.979038249,-1654305.7308534663,-122715.24818478264,,,,,,,,,,,,,,,
20,231168,77563,208770,-2578186.629504689,-1551800.899445554,-2359989.0914566084,-1434058.410965515,-218197.53804808072,-117742.48848003887,covid_2020,-1863153.3993826145,-2107577.5866418784,-1727639.710532956,-1980016.3132548206,-135513.68884965847,-127561.27338705778,-1809793.8439899893,-2312873.201157606,-1672893.7780438801,-2172188.5027042497,-136900.06594610907,-140684.69845335654,-1775674.2308421878,-2357202.4274768084,-1638631.7805446459,-2231984.186887856,-137042.45029754186,-125218.24058895212,-1818531.3151973924,-2137322.4975735187,-1685606.7928095912,-2006251.7248765286,-132924.52238780123,-131070.77269699007,-1759868.6523390166,-2240994.573515476,-1626930.5739075176,-2114019.5644869795,-132938.0784314989,-126975.00902849656,-1794078.3248696683,-2200417.758522309,-1662929.0576213857,-2075216.817673838,-131149.2672482826,-125200.94084847096,-1811314.8770938427,-2301235.704875497,-1673165.3489953864,-2173110.871494024,-138149.5280984563,-128124.83338147303,-1963895.7068575572,-1828053.0500645658,-135842.65679299142,,,,,,,,,,,,,,,
21,252038,84453,229536,-2825028.969470059,-1694883.7738318474,-2585073.8753225086,-1565473.5646867254,-239955.09414755035,-129410.20914512202,covid_2020,-2038430.2031379533,-2303655.6074525905,-1889664.034317436,-2163521.7388946908,-148766.16882051725,-140133.86855789984,-1979357.4101523727,-2527412.251667028,-1829140.9742098742,-2373042.1571819535,-150216.4359424984,-154370.09448507408,-1941782.315633349,-2575543.920589395,-1791387.2315703882,-2438129.372771666,-150395.08406296067,-137414.54781772895,-1989616.345251281,-2336015.5390620185,-1843688.4000383948,-2192107.327172904,-145927.94521288623,-143908.2118891145,-1924539.6605591183,-2448617.024178549,-1778515.9602247071,-2309186.20475813,-146023.70033441114,-139430.81942041928,-1962308.873286012,-2404291.4600173943,-1818316.0880416476,-2266836.5729435016,-143992.78524436458,-137454.88707389263,-1982047.364541987,-2515626.4426487605,-1830275.3545034444,-2374909.2336675595,-151772.01003854256,-140717.20898120088,-2149419.543095423,-2000325.386846505,-149094.15624891772,,,,,,,,,,,,,,,
22,271902,91250,249866,-3066185.177785513,-1831984.1247560398,-2804929.532236476,-1691197.5103787174,-261255.64554903688,-140786.6143773223,covid_2020,-2208497.907748839,-2493221.7505653715,-2046736.7282259322,-2340840.97737395,-161761.17952290652,-152380.77319142106,-2143621.0185361668,-2734642.949269167,-1980358.956004723,-2566918.450854473,-163262.06253144392,-167724.4984146944,-2102384.4079910633,-2786294.221342427,-1938936.1909136819,-2636972.1609515403,-163448.21707738165,-149322.06039088688,-2155529.7686095093,-2527944.8417810975,-1996850.8517519305,-2371471.88443662,-158678.91685757897,-156472.95734447768,-2083654.4610512292,-2648874.427995418,-1924833.1487068688,-2497318.6897267587,-158821.3123443603,-151555.73826865942,-2125173.520341097,-2600990.8149257256,-1968588.607783441,-2451571.1298996625,-156584.91255765574,-149419.68502606315,-2147609.550479428,-2722805.7000564374,-1982493.8819120978,-2569795.714322696,-165115.66856733002,-153009.9857337414,-2329630.839486166,-2167568.7972730473,-162062.04221311866,,,,,,,,,,,,,,,
23,290466,97828,268862,-3291611.7521051243,-1959884.8339110725,-3010129.5304868827,-1808360.582471587,-281482.2216182415,-151524.25143948547,covid_2020,-2367186.555885417,-2669997.525282475,-2193194.5904225106,-2506026.5142640537,-173991.9654629062,-163971.01101842173,-2296968.2984941253,-2928032.800313235,-2121369.014047299,-2747640.9922498246,-175599.2844468261,-180391.8080634104,-2252455.170062658,-2982893.0746835666,-2076649.2333764574,-2822286.343968715,-175805.93668620035,-160606.7307148517,-2310428.832442674,-2707047.678390411,-2139724.755606087,-2538727.698012369,-170704.07683658696,-168319.9803780421,-2232381.389458281,-2835758.347877618,-2061479.427761233,-2672694.044417239,-170901.9616970481,-163064.30346037922,-2277281.4709831243,-2784496.2380038304,-2108834.23493341,-2623752.654617019,-168447.23604971461,-160743.58338681134,-2302298.8708187155,-2916212.4730769647,-2124594.920290385,-2751563.4910176937,-177703.9505283308,-164648.98205927113,-2497996.5105449487,-2323697.4049588237,-174299.10558612496,,,,,,,,,,,,,,,
24,307438,103789,286312,-3498759.5530604324,-2077264.4269942138,-3199360.3390317447,-1915875.5793590872,-299399.2140286878,-161388.84763512667,covid_2020,-2513231.7780880085,-2832419.832598735,-2327968.5786935096,-2657842.9379815576,-185263.19939449907,-174576.89461717755,-2437947.680442217,-3105544.1853850293,-2251092.916949039,-2913632.358900242,-186854.76349317815,-191911.82648478728,-2390375.6006664205,-3163411.228448836,-2203267.1079766518,-2992494.011084702,-187108.49268976902,-170917.2173641345,-2452963.8299314673,-2871556.1404983634,-2271208.8338293447,-2692379.523646172,-181754.99610212244,-179176.6168521911,-2369137.3959270106,-3007338.0212483224,-2187099.6352396803,-2833756.7054521153,-182037.76068733045,-173581.31579620697,-2417206.42161996,-2953024.2521132804,-2237830.782537456,-2781905.861330972,-179375.639082504,-171118.39078230818,-2444627.985983609,-3093963.730700137,-2255410.8609780464,-2918613.358658837,-189217.12500556276,-175350.37204129974,-2653108.2297089263,-2467581.6972017274,-185526.53250719878,,,,,,,,,,,,,,,
25,324315,109558,303911,-3708666.3678286,-2194652.5324154757,-3390824.5860236157,-2023359.2948685,-317841.78180498467,-171293.2375469757,covid_2020,-2659989.787387178,-2995400.892384575,-2463478.851348016,-2810191.6861480386,-196510.93603916198,-185209.2062365366,-2579569.6794309774,-3283734.9589288034,-2381483.869968522,-3080260.7223559353,-198085.8094624558,-203474.23657286828,-2529006.228415101,-3344549.5796147655,-2330637.60827728,-3163294.114073674,-198368.62013782104,-181255.4655410912,-2596218.082120039,-3036723.5048044,-2403447.46690959,-2846677.427584297,-192770.61521044865,-190046.0772201027,-2506640.326013481,-3179453.4501426043,-2313509.1125543965,-2995335.9012346338,-193131.21345908416,-184117.54890797072,-2557872.6377881584,-3121997.5762535743,-2367618.901834784,-2940507.8812350887,-190253.73595337413,-181489.69501848545,-2587947.5273034205,-3272497.5212798878,-2387201.986848252,-3086477.925877964,-200745.5404551687,-186019.59540192352,-2809376.372727504,-2612626.090007925,-196750.282719579,,,,,,,,,,,,,,,
0,737,58,108,-9689.357495885191,-7014.730817121026,-9539.55585902165,-6939.870921620552,-149.80163686354135,-74.8598955004741,covid_2021,-6604.041787582502,-7199.101110763338,-6523.712539819373,-7118.675149739071,-80.32924776312976,-80.42596102426694,-6272.777837927188,-7808.414203767098,-6192.79207543297,-7723.2857919613325,-79.98576249421829,-85.12841180576537,-6087.891424788513,-7955.520697706448,-6003.699361451496,-7873.194549776141,-84.19206333701739,-82.3261479303078,-6441.410302780383,-7246.872526798163,-6365.218669474278,-7163.700997037673,-76.19163330610539,-83.1715297604897,-6011.376863035957,-7516.6564944866695,-5929.743597928198,-7439.269458876939,-81.63326510775943,-77.38703560973052,-6233.8222587916425,-7395.467990841724,-6158.17476113505,-7312.171514420283,-75.64749765659242,-83.29647642144108,-6395.852376365388,-7909.501950379335,-6319.944107507909,-7832.177056067713,-75.90826885747933,-77.32489431162172,-6122.494316205292,-6041.259532751043,-81.23478345424996,-4910.99567144535,-6206.2224834442695,-4843.299309722879,-6106.759122713105,-67.69636172247091,-99.4633607311646,,,,,,,,,
1,7554,836,2286,-93706.56421024125,-52201.722358784784,-90997.67468494452,-50637.5375339162,-2708.8895252967377,-1564.1848248685865,covid_2021,-65089.682739736236,-71933.32460616443,-63515.58440183708,-70392.74128996991,-1574.0983378991566,-1540.583316194523,-62263.675749950955,-78318.37523477034,-60677.2428570817,-76656.48496212895,-1586.4328928692528,-1661.8902726413942,-60481.27478331415,-79856.64876737093,-58894.77818305517,-78399.91593901691,-1586.4966002589774,-1456.7328283540294,-63444.74085884607,-72536.71494372575,-61901.141236513504,-70990.08953165071,-1543.5996223325656,-1546.6254120750336,-59819.15162837246,-75596.35290349985,-58249.43164967366,-74086.75737244516,-1569.7199786988092,-1509.5955310546865,-61791.02084185753,-74295.42543849123,-60253.72116197908,-72800.95062662117,-1537.2996798784438,-1494.4748118700668,-63020.59694918105,-78920.67635640397,-61396.540944853456,-77366.54391417315,-1624.0560043275934,-1554.1324422308192,-60679.17769290127,-59203.47899256086,-1475.6987003404113,-49973.24749786105,-62629.14516676014,-48496.79882451601,-61132.53345500915,-1476.4486733450417,-1496.611711750992,,,,,,,,,
2,21023,3137,10020,-254992.3099024552,-140209.22130839582,-244296.65069998027,-134460.91876671795,-10695.659202474937,-5748.302541677872,covid_2021,-178184.45736696717,-197701.5568741408,-171771.36838157653,-191618.75474401968,-6413.0889853906465,-6082.802130121124,-171091.79660230706,-215848.30923913763,-164603.46011414798,-209169.58784604556,-6488.336488159074,-6678.721393092077,-166641.58433540634,-220049.0764702004,-160170.73037214106,-214221.56021654597,-6470.85396326529,-5827.516253654448,-173694.77916558273,-200022.15171694546,-167377.67641213827,-193768.94567188984,-6317.102753444467,-6253.206045055619,-165051.1671529334,-208615.3736143576,-158693.58778790297,-202582.683482533,-6357.579365030435,-6032.690131824602,-169879.52183082985,-204905.90623509156,-163625.47114058826,-198953.85448747344,-6254.050690241584,-5952.051747618112,-173008.43308449595,-217117.49170431876,-166341.19794160398,-210969.58621643105,-6667.235142891966,-6147.905487887698,-166800.6332452894,-160870.25127117865,-5930.381974110769,-137925.65299604664,-173272.19296269646,-132285.03235472224,-167346.2915630393,-5640.6206413244,-5925.901399657149,,,,,,,,,
3,36793,6969,22748,-446725.76432135253,-245203.4230727284,-422873.47098970495,-232640.34300671247,-23852.29333164757,-12563.080066015915,covid_2021,-312219.9382614398,-346658.99895458535,-297875.11500042863,-333065.18944680726,-14344.823261011146,-13593.80950777811,-300289.6082803615,-378746.36601466447,-285791.6049184029,-363833.83053998154,-14498.003361958603,-14912.535474682907,-292841.7654853838,-385820.27063266886,-278401.5259473843,-372835.6546598852,-14440.239537999481,-12984.615972783671,-304333.19918082206,-350996.7397046978,-290226.5998840317,-337027.5892118487,-14106.5992967904,-13969.150492849112,-290007.927391381,-365986.0196834485,-275827.39690868487,-352580.9451559151,-14180.530482696166,-13405.074527533383,-298049.26705230516,-359320.4996858808,-284104.0339162512,-346083.24436077964,-13945.233136053936,-13237.255325101154,-303509.2626616835,-380436.1046916416,-288594.5116094368,-366768.26431878976,-14914.751052246658,-13667.840372851819,-292515.71484032203,-279281.9397578719,-13233.775082450102,-243139.48297011052,-304554.0036875668,-230665.10139981512,-291410.43300822226,-12474.381570295394,-13143.57067934453,,,,,,,,,
4,53613,11849,37705,-650493.3308454304,-357927.50017879147,-610250.5814218473,-336974.65398979874,-40242.749423583016,-20952.846188992735,covid_2021,-454831.430655361,-505256.33077480854,-430791.94740076,-482439.69993337814,-24039.483254600935,-22816.630841430415,-437904.7221679433,-552268.4815728004,-413597.66914963454,-527263.4506896029,-24307.053018308754,-25005.030883197534,-427513.85606760636,-562209.3795056343,-403320.0086668216,-540407.5686701658,-24193.8474007848,-21801.810835468495,-443426.2284285665,-511828.3846026978,-419799.6017278776,-488422.7447348684,-23626.626700688867,-23405.639867829384,-423476.8480415554,-533627.3498458755,-399736.5771066813,-511185.2995383833,-23740.270934874097,-22442.05030749226,-434649.95887669624,-523824.80713475216,-411322.32884438557,-501660.2182200612,-23327.630032310677,-22164.588914690918,-442610.4979981507,-554226.8293153759,-417607.73877071956,-531395.3462452897,-25002.75922743114,-22831.483070086208,-426614.02126009885,-404413.78421308985,-22200.237047009017,-356052.81702185294,-444805.50090784236,-335155.7876503434,-422806.08245253353,-20897.029371509558,-21999.418455308838,,,,,,,,,
5,72155,17158,54339,-872119.9084944178,-481751.4340447684,-814311.9139537204,-451480.11054176756,-57807.99454069741,-30271.323503000815,covid_2021,-610339.5000328304,-678147.7992422311,-575550.0457008858,-645153.0922787688,-34789.45433194457,-32994.70696346235,-588073.8773362401,-741593.0255035436,-552962.1646011337,-705528.0169897679,-35111.71273510653,-36065.0085137756,-574913.0442279762,-754705.9597102988,-539953.5544268223,-723171.6885034122,-34959.48980115387,-31534.27120688662,-595262.0050658272,-687514.4552794233,-561097.3589560541,-653715.9682366981,-34164.64610977311,-33798.48704272523,-569796.768078433,-716740.3992596563,-535452.8525105689,-684327.9931212242,-34343.915567864125,-32412.406138432074,-584088.6372289597,-703501.8680916912,-550365.7310412312,-671452.5152359108,-33722.906187728535,-32049.352855780384,-594807.0778035207,-744123.1860614081,-558716.0431254306,-711157.8558238605,-36091.034678090116,-32965.33023754766,-573274.5657110729,-541136.6616742469,-32137.904036825985,-480080.7359681081,-598138.3841166474,-449828.7636320414,-566279.3557929948,-30251.97233606669,-31859.028323652565,,,,,,,,,
6,90936,22714,71093,-1093119.966558586,-606722.1308949603,-1017592.9912409761,-566886.0010477223,-75526.97531760993,-39836.12984723796,covid_2021,-765795.42427462,-851271.8803469033,-720079.6275010923,-807910.4389459,-45715.796773527756,-43361.44140100345,-738348.0104752816,-931401.9871556574,-692276.5373225703,-884105.0429921699,-46071.4731527113,-47296.94416348752,-722804.9778127088,-947765.8160364833,-676860.2957035302,-906219.1195877122,-45944.68210917867,-41546.69644877109,-747205.671993045,-863634.1624868286,-702328.9900178742,-819299.9391167241,-44876.681975170824,-44334.22337010455,-716689.6833799854,-900432.4332254622,-671543.7008768959,-857851.0248786088,-45145.982503089515,-42581.408346853495,-733845.9257787894,-883677.6337230491,-689553.5445227198,-841571.9195938013,-44292.38125606961,-42105.714129247775,-747167.680876231,-934461.9298802766,-699863.9081184379,-891177.7214297522,-47303.77275779321,-43284.20845052437,-720199.4530913326,-677941.5965083274,-42257.85658300512,-605181.5607116891,-752116.4092189511,-565342.8064413769,-710219.0933282969,-39838.7542703122,-41897.315890654194,,,,,,,,,
7,116927,29505,92043,-1395056.9700990932,-777678.8766674511,-1297642.4561000564,-726081.3967444599,-97414.51399903678,-51597.47992299119,covid_2021,-978386.5116000788,-1088371.179485342,-919240.8726415824,-1032251.9830840523,-59145.63895849644,-56119.19640128965,-943981.5460241393,-1191426.8454872519,-884351.7759729985,-1130289.3049413995,-59629.77005114076,-61137.54054585239,-925455.0778788826,-1212609.3805977039,-865946.6561462539,-1158695.5097162435,-59508.42173262875,-53913.87088146033,-955106.1018398353,-1105120.0992032553,-897027.1820048509,-1047810.4858227996,-58078.919834984365,-57309.613380455565,-918139.7849527715,-1152488.0599023725,-859712.9209704108,-1097334.2737631826,-58426.86398236074,-55153.78613918989,-939044.6005095114,-1130847.6709131722,-881724.4018210204,-1076318.6924211765,-57320.198688490986,-54528.97849199573,-955918.229601237,-1195729.4236512235,-894803.4701091007,-1139713.09783758,-61114.75949213631,-56016.32581364364,-921567.2789088794,-866822.8698271456,-54744.4090817338,-776443.1661186538,-963118.8400520855,-724826.0009312954,-908828.4870202225,-51617.165187358434,-54290.35303186299,,,,,,,,,
8,147145,38014,116563,-1742058.3040817564,-975384.4920007061,-1618497.4848768176,-909736.4159310709,-123560.81920493873,-65648.0760696352,covid_2021,-1223600.1252207316,-1361831.1975361237,-1148387.0046386234,-1290502.5517020763,-75213.12058210821,-71328.6458340474,-1181360.7130692238,-1491579.2053361048,-1105477.217531849,-1413899.1139381817,-75883.49553737495,-77680.0913979232,-1159624.0530176105,-1518245.936185158,-1083859.433614472,-1449572.4969735784,-75764.61940313857,-68673.43921157967,-1195011.191707943,-1384098.4650279144,-1121109.1478851016,-1311231.1776660266,-73902.04382284149,-72867.28736188785,-1151172.6171598383,-1443637.575205746,-1076836.6852632684,-1373448.6301810981,-74335.93189657,-70188.94502464804,-1176126.4678105102,-1416395.801394771,-1103156.289056116,-1347027.5315607425,-72970.17875439426,-69368.2698340285,-1196958.2003717541,-1497377.0559255565,-1119258.2891501847,-1426167.5882818296,-77699.91122156946,-71209.46764372679,-1154170.1898835222,-1084552.78566189,-69617.40422163239,-974695.7266686778,-1206951.9287589346,-908994.6666287483,-1137953.3172942197,-65701.06003992952,-68998.6114647148,,,,,,,,,
9,183742,49122,147060,-2162191.9403930157,-1214806.3160249065,-2005477.409240665,-1131273.0486249567,-156714.53115235103,-83533.2673999497,covid_2021,-1520739.862721947,-1693341.8251543513,-1425107.8483509154,-1602715.145830083,-95632.01437103172,-90626.67932426832,-1469173.747108759,-1855389.6435231185,-1372598.513473872,-1756713.456373408,-96575.23363488674,-98676.18714971052,-1443589.3507195835,-1888659.5465566472,-1347171.7839662898,-1801193.2980769307,-96417.5667532937,-87466.24847971645,-1485719.456560336,-1722296.467104394,-1391698.8769267742,-1629693.859719601,-94020.57963356194,-92602.607384793,-1433923.9607011483,-1796600.5272803109,-1339396.9501141103,-1707338.618819546,-94527.0105870379,-89261.90846076484,-1463534.8666763632,-1762684.451571183,-1370718.6420129598,-1674423.8426182023,-92816.2246634034,-88260.60895298065,-1489197.444776299,-1862933.3382178599,-1390483.7025945277,-1772452.532226141,-98713.74218177123,-90480.80599171885,-1436423.5836561683,-1347841.259027383,-88582.3246287852,-1214989.3482916793,-1502983.817484758,-1131347.6957925828,-1415138.4887483274,-83641.65249909651,-87845.32873643082,,,,,,,,,
10,227552,63580,184819,-2666855.1157222046,-1501191.6783004976,-2469542.581972334,-1395028.434809144,-197312.53374987026,-106163.24349135374,covid_2021,-1877342.325505889,-2090677.6671981963,-1755955.7183999773,-1975670.522405767,-121386.60710591162,-115007.14479242926,-1814542.5904699287,-2291349.1882696543,-1691990.7802961697,-2166371.010289507,-122551.8101737591,-124978.17798014733,-1784851.3893888593,-2332510.112465142,-1662383.183315332,-2221288.2644432085,-122468.20607352722,-111221.84802193324,-1834621.8606678045,-2127801.5449090246,-1715292.0419312455,-2010436.5153754237,-119329.818736559,-117365.02953360089,-1773915.727442436,-2219673.8428735347,-1653863.9547776554,-2106315.1823179917,-120051.7726647804,-113358.66055554272,-1808783.0112600771,-2177520.8236415735,-1690913.8613544605,-2065429.577032179,-117869.14990561656,-112091.24660939451,-1840161.1856325767,-2301222.4148802557,-1715150.7302953003,-2186334.866695348,-125010.45533727652,-114887.54818490773,-1774955.9813257847,-1662510.657519707,-112445.32380607763,-1502796.0300770255,-1857499.3763095734,-1396481.5119076842,-1745938.766921539,-106314.51816934127,-111560.60938803438,,,,,,,,,
11,271289,80582,226909,-3176197.7933989693,-1789605.6349429882,-2932140.087680819,-1657548.6844977061,-244057.7057181503,-132056.9504452821,covid_2021,-2236549.230771703,-2490267.046502198,-2085814.9182547503,-2347336.301551227,-150734.31251695295,-142930.74495097128,-2162616.032630891,-2729622.9730129847,-2010420.0856300797,-2574647.9040338756,-152195.9470008113,-154975.06897910906,-2128911.7838518205,-2778501.7836248707,-1976750.5819576934,-2640084.113111972,-152161.20189412692,-138417.6705128986,-2186125.697845635,-2535684.65574658,-2037945.8611862655,-2390064.25271281,-148179.83665936958,-145620.40303377013,-2116601.5532141672,-2644970.2798190094,-1967456.858769746,-2504110.565273918,-149144.69444442124,-140859.7145450912,-2156653.250575471,-2594545.5055926526,-2010254.1622960195,-2455249.050453487,-146399.08827945177,-139296.45513916554,-2194011.2762171607,-2741810.1311989445,-2038976.0517983392,-2599096.8073187815,-155035.22441882128,-142713.32388016308,-2116025.4907334796,-1976250.2395822182,-139775.2511512615,-1792995.5049860075,-2214209.756310526,-1660685.0584622032,-2075582.7408501452,-132310.44652380413,-138627.01546038073,,,,,,,,,
12,320277,99771,274573,-3746485.7423528614,-2112380.6732572196,-3450043.9012733637,-1950597.6584600937,-296441.8410794977,-161783.01479712606,covid_2021,-2638849.126154161,-2938045.507558417,-2454606.534301874,-2763075.4312661155,-184242.59185228695,-174970.07629230156,-2552488.4609559034,-3220330.8532300964,-2366670.9985149363,-3031218.985068489,-185817.46244096727,-189111.86816160765,-2514686.3140327763,-3278295.9795806906,-2328654.612346663,-3108770.267677068,-186031.70168611332,-169525.7119036227,-2579459.8431522525,-2992487.9938600864,-2398469.7340028994,-2814791.047493578,-180990.109149353,-177696.9463665087,-2501003.5403455924,-3121540.117053404,-2318559.699784072,-2949262.503045798,-182443.84056152025,-172277.61400760632,-2546342.672965139,-3061616.794589825,-2367464.19195287,-2891222.4277772084,-178878.4810122689,-170394.36681261656,-2590158.8625472714,-3235375.5810141833,-2401149.216879099,-3060806.4025017116,-189009.64566817228,-174569.17851247176,-2498118.8759646774,-2327136.174643053,-170982.7013216243,-2118043.8072619396,-2613913.1185860033,-1955884.4712945889,-2444311.082156433,-162159.33596735063,-169602.0364295705,,,,,,,,,
13,363522,118078,319479,-4254047.1974259075,-2399431.776698525,-3907942.6545817526,-2209461.4601685386,-346104.5428441544,-189970.31652998633,covid_2021,-2996605.237461662,-3336302.5930290725,-2780750.7919971272,-3131018.97779929,-215854.4454645349,-205283.61522978247,-2899443.1502345456,-3656480.124411622,-2681820.8413269133,-3435207.081592625,-217622.30890763208,-221273.0428189969,-2857891.515225591,-3722578.07212555,-2639949.124436384,-3523648.8983078212,-217942.3907892071,-198929.17381772847,-2929194.2767513874,-3398708.970362436,-2717193.723999042,-3190673.4185153414,-212000.5527523454,-208035.55184709476,-2843038.031832679,-3545291.8891293453,-2629168.7861216944,-3343288.560476577,-213869.2457109848,-202003.32865276822,-2892995.8708148994,-3476957.439234141,-2683390.489480519,-3277131.3737896765,-209605.38133438033,-199826.0654444643,-2942616.070528251,-3674159.715662473,-2721473.0712427106,-3469496.357323267,-221142.99928554034,-204663.35833920605,-2838179.194733826,-2637601.073298407,-200578.1214354194,-2407271.365373598,-2969557.4964110474,-2216756.2898818026,-2770663.270600627,-190515.0754917952,-198894.22581042023,,,,,,,,,
14,408700,136241,365587,-4784308.781332541,-2698999.31306357,-4387583.594690654,-2480559.460956816,-396725.1866418873,-218439.85210675368,covid_2021,-3369116.7422922784,-3751900.66419129,-3121482.549042455,-3515965.271163237,-247634.19324982332,-235935.393028053,-3261112.544012387,-4111785.882919818,-3011391.9003048074,-3857960.6948841508,-249720.64370757958,-253825.18803566726,-3215995.033205372,-4186703.174285297,-2965837.063506461,-3957993.496017843,-250157.9696989108,-228709.67826745386,-3293249.81054498,-3822588.9951712065,-3050073.4846254583,-3583983.8454476083,-243176.32591952215,-238605.14972359836,-3199684.8656707015,-3987696.707698472,-2954211.9526501233,-3755642.0280131726,-245472.9130205782,-232054.6796852991,-3254225.3107710415,-3910200.8835664433,-3013738.1332421997,-3680654.3358056303,-240487.17752884174,-229546.5477608132,-3309785.807954442,-4131985.0959461983,-3056365.498303605,-3896941.7632410363,-253420.30965083756,-235043.33270516183,-3192301.318400648,-2961916.740665242,-230384.57773540597,-2709129.120397305,-3340483.4950696644,-2489957.456064302,-3112007.076384498,-219171.664333003,-228476.4186851666,,,,,,,,,
15,446619,151923,406424,-5225547.076950218,-2950583.0299780164,-4784558.2038557455,-2706972.184094496,-440988.87309447245,-243610.8458835201,covid_2021,-3680179.7349163154,-4099344.3522485825,-3404469.2745946553,-3836359.3715255624,-275710.46032166,-262984.98072302015,-3563426.6001033224,-4492655.619204461,-3285503.023745543,-4210197.773140902,-277923.57635777973,-282457.8460635591,-3515926.7965361555,-4575023.520505989,-3237400.604562844,-4320057.138623004,-278526.19197331136,-254966.38188298477,-3597389.105649949,-4177417.5827625827,-3326712.7285053246,-3911856.507563334,-270676.37714462454,-265561.0751992488,-3498812.4026518064,-4358093.306514989,-3225414.18134638,-4099560.5498294923,-273398.22130542627,-258532.75668549648,-3556569.0501723853,-4272891.82202244,-3288837.3330037687,-4017161.478738037,-267731.7171686164,-255730.3432844027,-3617004.1691210214,-4515078.743278044,-3335104.415525342,-4253248.879451035,-281899.75359567977,-261829.86382700928,-3488836.11994797,-3232105.9164488516,-256730.20349911827,-2962932.5567121455,-3651473.1021705284,-2718424.885537886,-3396901.506896083,-244507.67117425954,-254571.5952744456,,,,,,,,,
16,486350,166715,446687,-5684522.39971616,-3212624.8986186157,-5200606.830382027,-2944460.5933354595,-483915.56933413394,-268164.3052831562,covid_2021,-4002845.8805843517,-4460018.804796213,-3699735.6116086035,-4170749.7207577596,-303110.26897574804,-289269.0840384539,-3877161.589955434,-4888695.493284406,-3571821.7715905383,-4578438.725701602,-305339.81836489594,-310256.7675828042,-3828054.858825405,-4978726.562887478,-3521953.293800549,-4698221.367787094,-306101.56502485625,-280505.195100384,-3913257.154892107,-4546397.890790632,-3615738.482098183,-4254585.682687185,-297518.6727939238,-291812.20810344734,-3810561.1189768147,-4743183.257398101,-3509886.062395761,-4458877.95163049,-300675.05658105406,-284305.3057676111,-3871111.061914886,-4649725.119177392,-3576754.4253182234,-4368479.921844384,-294356.63659666246,-281245.19733300776,-3936731.974173908,-4913687.496802015,-3627101.7391290776,-4625682.59412289,-309630.2350448307,-288004.9026791245,-3797095.597020753,-3514678.468506366,-282417.1285143872,-3227540.1217109943,-3974552.0598970177,-2958313.5605586325,-3694535.058981438,-269226.5611523618,-280017.00091557926,,,,,,,,,
17,522712,179539,484342,-6101323.561953933,-3452185.448806915,-5578637.087267365,-3161651.231526079,-522686.47468656773,-290534.2172808359,covid_2021,-4296479.652563085,-4789011.535818665,-3968454.8943453333,-4475866.243894765,-328024.75821775175,-313145.29192390013,-4163066.2346267262,-5250519.819383269,-3832709.4488283955,-4915040.302617578,-330356.7857983306,-335479.51676569175,-4112983.371312241,-5347674.153109516,-3781733.7170083886,-5043853.579337711,-331249.65430385224,-303820.5737718048,-4201008.390413916,-4883453.99141357,-3879035.4231972946,-4567773.855833143,-321972.9672166213,-315680.1355804272,-4095241.552411145,-5095115.453010452,-3769768.381572725,-4787340.657496349,-325473.1708384204,-307774.79551410297,-4158061.7442864785,-4994101.041456921,-3839456.1902010236,-4689607.564684537,-318605.55408545514,-304493.4767723841,-4228300.325923989,-5277853.774747775,-3893471.553755456,-4966054.581057915,-334828.77216853225,-311799.1936898596,-4078312.6686842446,-3772482.0792595185,-305830.5894247261,-3469631.547530373,-4269887.939849048,-3177904.593016241,-3966646.994622945,-291726.95451413206,-303240.94522610307,,,,,,,,,
18,558642,191297,519998,-6508212.0824069185,-3687661.619398272,-5948926.772836806,-3376287.4695205465,-559285.3095701123,-311374.14987772563,covid_2021,-4583186.786602726,-5111095.304485304,-4231805.048571338,-4775611.594533751,-351381.73803138826,-335483.7099515538,-4442602.3209027555,-5605850.850402838,-4088803.534291186,-5246620.437522177,-353798.7866115691,-359230.4128806612,-4392398.426878968,-5709657.514478734,-4037563.565045642,-5384037.458649756,-354834.86183332646,-325620.0558289777,-4482399.086914902,-5214193.032014224,-4137534.4121014024,-4876137.053745376,-344864.6748134995,-338055.9782688477,-4374681.64832838,-5440452.789305169,-4026000.7790943,-5110751.379615174,-348680.8692340797,-329701.4096899957,-4439179.420041235,-5331938.702082359,-4097892.385032027,-5005712.54133329,-341287.03500920796,-326226.1607490694,-4513907.627868297,-5635219.765283091,-4155461.480390587,-5301176.131491515,-358446.14747771004,-334043.6337915759,-4353676.76878654,-4025996.7736702617,-327679.99511627824,-3707881.270447679,-4559610.108915934,-3395188.7043822124,-4234659.974181649,-312692.56606546626,-324950.1347342855,,,,,,,,,
19,595907,203087,556294,-6921843.9206149,-3929594.903557616,-6325429.911797168,-3597205.711588856,-596414.0088177321,-332389.19196875993,covid_2021,-4875264.338384503,-5440193.717763028,-4500461.274448917,-5082243.603635237,-374803.0639355852,-357950.11412779137,-4727803.765809754,-5969724.753398956,-4350406.559053584,-5586564.221107596,-377397.20675617026,-383160.5322913601,-4678266.834282772,-6080050.188341933,-4299746.013435775,-5732478.79929432,-378520.82084699604,-347571.389047613,-4769579.065382669,-5552817.253426939,-4401726.224956755,-5192196.402423155,-367852.84042591427,-360620.851003785,-4660957.224128595,-5794168.110408907,-4289021.219523139,-5442355.940581589,-371936.0046054551,-351812.1698273174,-4726636.90477613,-5677934.485724294,-4362535.323962921,-5329833.8110071095,-364101.5808132083,-348100.6747171844,-4806085.476335682,-6001004.402794748,-4423830.410753792,-5644622.144438136,-382255.0655818903,-356382.25835661107,-4635407.853268009,-4285802.794409699,-349605.0588583101,-3953051.6549505624,-4856671.387087827,-3619248.6490469747,-4509941.023033773,-333803.00590358756,-346730.36405405385,,,,,,,,,
20,635497,214814,594048,-7355463.057864636,-4185942.4262631848,-6721608.27379208,-3832071.8963230066,-633854.7840725562,-353870.52994017804,covid_2021,-5182669.971257768,-5787055.227053449,-4783807.637752154,-5406165.845075869,-398862.33350561355,-380889.3819775797,-5028202.378804613,-6354230.133978991,-4626615.730373285,-5946585.383027118,-401586.6484313278,-407644.7509518733,-4980248.4175671125,-6471257.997815459,-4577408.684537766,-6101168.0437668525,-402839.7330293471,-370089.95404860657,-5072485.518068675,-5910537.10971862,-4680998.968143882,-5526839.709906768,-391486.5499247927,-383697.3998118521,-4963818.939891734,-6167892.619415177,-4567973.438840084,-5793438.500151496,-395845.5010516502,-374454.11926368054,-5030244.680327016,-6043563.254620795,-4642700.941334547,-5673046.086385587,-387543.73899246927,-370517.1682352081,-5114472.31379718,-6387662.278425098,-4707873.761725125,-6008342.795836623,-406598.552072055,-379319.4825884754,-4932766.466394045,-4560681.4347282285,-372085.03166581696,-4213296.402126736,-5170619.007319501,-3857886.8297057096,-4801523.68741172,-355409.5724210262,-369095.3199077804,,,,,,,,,
21,671078,226162,631143,-7744343.353416629,-4417062.9601084795,-7073821.793069308,-4042108.8886039313,-670521.5603473211,-374954.07150454825,covid_2021,-5458293.450600698,-6098039.367155025,-5035857.725233736,-5694584.0969681945,-422435.7253669609,-403455.2701868305,-5297842.110813715,-6699294.0862141205,-4872514.806932558,-6267702.375965002,-425327.3038811562,-431591.7102491187,-5251885.26737609,-6821780.945644649,-4825275.5008089775,-6429633.5543344375,-426609.7665671127,-392147.39131021174,-5344497.577025913,-6231590.2903120415,-4929850.542071211,-5825247.5718426,-414647.0349547011,-406342.71846944187,-5236613.985439973,-6503037.674413647,-4817357.63988054,-6106440.976507747,-419256.34555943264,-396596.6979058997,-5303154.28240967,-6371478.532187072,-4892618.6976119075,-5978969.108001515,-410535.58479776187,-392509.4241855567,-5391775.7779216645,-6734358.442368106,-4961291.555608797,-6332574.018306052,-430484.2223128679,-401784.4240620538,-5199980.078379495,-4805833.296714609,-394146.7816648864,-4448413.154196231,-5452782.351894869,-4071764.888403266,-5061763.3797158655,-376648.26579296443,-391018.9721790035,,,,,,,,,
22,713386,238221,671295,-8199843.18976227,-4688911.892988566,-7490015.544434445,-4291196.412461505,-709827.6453278256,-397715.48052706115,covid_2021,-5781770.844650441,-6463325.596834345,-5333804.68588064,-6035488.40755541,-447966.158769801,-427837.1892789353,-5614295.677769138,-7105075.220339475,-5163347.4378144555,-6647614.571523321,-450948.23995468207,-457460.6488161542,-5571185.485043362,-7233965.378267205,-5118926.169298632,-6817992.582835389,-452259.3157447301,-415972.7954318159,-5664124.378382819,-6609186.621890644,-5224417.056164153,-6178381.613590976,-439707.3222186655,-430805.0082996677,-5557729.304111811,-6897243.58262323,-5113146.470808039,-6476761.914513278,-444582.83330377215,-420481.6681099521,-5624079.635597046,-6757225.87858335,-5188667.983846512,-6340961.896408658,-435411.65175053495,-416263.98217469244,-5717887.17484357,-7142353.985995817,-5261595.26748918,-6716294.816345946,-456291.9073543898,-426059.16964987066,-5514246.377655862,-5096231.442269653,-418014.9353862088,-4725526.545579619,-5784555.304682764,-4325941.047734062,-5369844.474484215,-399585.4978455567,-414710.8301985501,,,,,,,,,
23,754007,250417,712972,-8637349.09856979,-4949546.6687187,-7887043.973518758,-4528728.586651467,-750305.1250510315,-420818.0820672334,covid_2021,-6091997.17190109,-6812837.878791247,-5618132.945475649,-6360317.887236609,-473864.226425441,-452519.9915546379,-5917773.170983771,-7493531.38146618,-5440756.441912317,-7009689.974337502,-477016.729071454,-483841.4071286777,-5877537.632975574,-7628053.069206322,-5399160.2158343475,-7187904.983922384,-478377.4171412263,-440148.0852839383,-5970784.357212375,-6970729.372404165,-5505631.328540847,-6515017.610867469,-465153.02867152804,-455711.761536696,-5865713.595176341,-7274421.16391688,-5395449.467943158,-6829688.894135161,-470264.12723318284,-444732.2697817194,-5931859.764817796,-7126315.271732919,-5471186.528768738,-6685976.172836505,-460673.23604905774,-440339.09889641404,-6030696.022024731,-7532698.440717492,-5548137.485955012,-7082065.486855352,-482558.53606971895,-450632.9538621396,-5815413.116301589,-5373257.977726166,-442155.13857542217,-4991624.098513388,-6102297.222537046,-4568804.968687281,-5663595.402661106,-422819.12982610695,-438701.81987594056,,,,,,,,,
24,791175,261794,752239,-9038205.465431606,-5189156.161070719,-8250205.075624882,-4746613.216712509,-788000.389806724,-442542.9443582099,covid_2021,-6376534.66170185,-7133189.951010866,-5878267.581323646,-6657484.18630738,-498267.0803782034,-475705.76470348577,-6196247.045709516,-7849508.81548106,-5694644.746088605,-7340991.4724596115,-501602.2996209104,-508517.3430214487,-6158730.953310644,-7989274.451410497,-5655822.257502716,-7526393.101929971,-502908.69580792834,-462881.3494805253,-6252223.078951497,-7302230.753929073,-5763049.633723037,-6823092.192191927,-489173.4452284593,-479138.5617371463,-6148420.308925032,-7620124.745862274,-5653980.356016833,-7152650.5204285225,-494439.9529081983,-467474.22543375206,-6214390.298604661,-7464668.3142707525,-5729861.801091837,-7001657.970157206,-484528.4975128238,-463010.3441135463,-6317847.872263983,-7890618.237505785,-5810571.857639497,-7416888.417958118,-507276.0146244862,-473729.81954766694,-6091858.071906012,-5626920.3804210415,-464937.6914849697,-5236549.271810145,-6393791.715205209,-4791856.939543181,-5932466.385170553,-444692.33226696384,-461325.33003465686,,,,,,,,,
25,822924,271608,787504,-9381449.84049427,-5394072.57318467,-8560560.784860712,-4932261.1815154385,-820889.0556335575,-461811.39166923135,covid_2021,-6619863.520321577,-7406703.939731013,-6100254.127502259,-6910643.945254757,-519609.3928193182,-496059.99447625637,-6434373.22681861,-8153278.0089514395,-5911256.912387678,-7623040.8867722135,-523116.3144309315,-530237.1221792257,-6399036.718618364,-8297552.444176018,-5874598.57908204,-7814593.3963876795,-524438.1395363243,-482959.047788339,-6492911.726589384,-7585132.836140232,-5982711.525706334,-7085420.37526655,-510200.2008830491,-499712.4608736817,-6389891.814953849,-7915247.4352056775,-5874267.15957505,-7427608.2568236245,-515624.6553787985,-487639.1783820533,-6455842.483373992,-7753398.454271583,-5950399.634210652,-7270381.543385699,-505442.84916334,-483016.9108858836,-6563165.693644007,-8195922.645024497,-6034233.436603941,-7701840.989016642,-528932.2570400661,-494081.6560078552,-6327921.317909189,-5842989.92808947,-484931.3898197193,-5446005.53945316,-6642560.267622099,-4981948.147384555,-6161330.997012258,-464057.3920686045,-481229.2706098418,,,,,,,,,
0,95,2,45,-837.8271306376424,-925.7475763870051,-806.9961716892228,-894.5559532618075,-30.83095894841966,-31.19162312519753,othervirus_2021,-623.2972662939424,-540.5160712454799,-615.6627669183677,-532.8627818246046,-7.634499375574687,-7.653289420875347,-606.6511805325451,-555.0855489179654,-597.7955579333687,-547.9048388553572,-8.855622599176426,-7.180710062608195,-597.8478050633013,-562.064888484061,-589.9044708058852,-554.7684734704753,-7.943334257416015,-7.296415013585765,-617.209480069254,-548.0226867355116,-609.1839467823679,-540.7653537041568,-8.025533286886064,-7.257333031354766,-613.6050735729474,-547.6931070338937,-606.49310002074,-540.69486367794,-7.111973552207393,-6.99824335595375,-598.4062348682808,-539.2544582568984,-591.112732905553,-532.2192379430705,-7.293501962727815,-7.035220313827843,-615.2947392056786,-569.0459414459178,-607.3086877085861,-562.0474163988519,-7.986051497092538,-6.998525047065992,-601.0691549079812,-593.1871870149204,-7.881967893060826,-789.1669933992041,-514.8797577694039,-781.5984030412291,-507.5776793087533,-7.5685903579749985,-7.302078460650608,,,,,,,,,
1,189,4,127,-1597.9001254719976,-1411.4160659141905,-1547.2290741853803,-1370.5506876222028,-50.67105128661724,-40.86537829198789,othervirus_2021,-1214.2384616530462,-1038.5653064094402,-1196.1684657535427,-1021.2512971330442,-18.06999589950343,-17.314009276395957,-1178.0437973801418,-1064.2844006443631,-1157.9521290794091,-1046.076993819972,-20.09166830073255,-18.20740682439127,-1158.3667853174643,-1072.8675327603034,-1139.1336147780532,-1055.6168534024234,-19.233170539411027,-17.250679357879996,-1199.372787277876,-1048.550400979923,-1180.762651032207,-1031.2228844578508,-18.610136245668762,-17.32751652207227,-1189.5108020284285,-1048.051044785471,-1172.0721086472954,-1030.4242963330632,-17.438693381133216,-17.62674845240784,-1158.9871502733722,-1032.5029918397,-1141.3589912879224,-1015.3315384413232,-17.628158985449854,-17.171453398376602,-1184.4217680604922,-1078.3697299200412,-1165.2651310594317,-1061.7890159787455,-19.156637001060496,-16.580713941295798,-1158.1553574159993,-1140.7061717107922,-17.449185705207086,-1558.4421743123723,-992.9385064946755,-1541.7930037466526,-976.1256664596233,-16.649170565719725,-16.812840035052222,,,,,,,,,
2,311,6,224,-2568.037791275464,-2017.3642173978192,-2509.046116967862,-1966.8267384231267,-58.99167430760197,-50.53747897469238,othervirus_2021,-1963.2153361902547,-1663.91370580292,-1937.0433532681038,-1637.8133798539611,-26.171982922150896,-26.10032594895901,-1904.0025593096095,-1704.9692438068944,-1875.4412798274934,-1678.3795193465112,-28.561279482116134,-26.589724460383266,-1865.6726497916716,-1715.6696454879723,-1838.4357799453974,-1689.7419832162411,-27.236869846274192,-25.927662271731077,-1940.7032944747523,-1678.3270219374697,-1913.7123690209332,-1653.2739013715677,-26.990925453819038,-25.053120565901956,-1925.7099389526913,-1675.6518936674959,-1900.172815519812,-1648.9643919713255,-25.537123432879255,-26.687501696170422,-1872.7051456788208,-1650.839650647161,-1846.9786932690104,-1624.3106634172732,-25.726452409810577,-26.528987229887832,-1906.7711148087797,-1722.1180200903698,-1879.518905851292,-1696.0814730435864,-27.252208957487625,-26.036547046783383,-1876.6645961486145,-1850.1900774715045,-26.474518677110034,-2543.8296806777507,-1605.2433242995796,-2516.310326640716,-1578.9056376926856,-27.51935403703463,-26.337686606894064,,,,,,,,,
3,486,11,364,-4009.74597957776,-2871.8039230862323,-3937.72450224108,-2801.1308536229035,-72.02147733667995,-70.67306946332869,othervirus_2021,-3072.2607026880314,-2560.700723842281,-3030.5362356255646,-2519.8641142982947,-41.72446706246673,-40.83660954398665,-2967.809814950316,-2606.701169481758,-2924.627542415423,-2566.473721266196,-43.182272534893556,-40.22744821556152,-2895.5255696344298,-2617.079132893504,-2853.5850018622555,-2575.775717683851,-41.94056777217435,-41.303415209652954,-3032.772484792027,-2571.032797105869,-2990.8094047758173,-2531.3769411276467,-41.96308001620993,-39.65585597822263,-3005.9354071767007,-2557.556471287876,-2965.352639603053,-2516.3152272733823,-40.582767573647736,-41.24124401449366,-2919.9584040240657,-2523.6213081400188,-2879.064029477072,-2482.1939980755747,-40.8943745469938,-41.42731006444419,-2966.436339086539,-2629.076901963182,-2925.7861465244932,-2588.663702946713,-40.65019256204605,-40.41319901646925,-2931.948724628035,-2890.6507688092775,-41.29795581875744,-3991.4830343561143,-2480.6438897230587,-3946.71543302958,-2438.5639497046122,-44.7676013265345,-42.07994001844665,,,,,,,,,
4,730,19,569,-6056.186159599862,-4089.0450284895487,-5938.583755620328,-3985.2632457663294,-117.60240397953419,-103.78178272321941,othervirus_2021,-4636.506598939469,-3846.8731386925533,-4564.429962799941,-3778.238561617764,-72.07663613952828,-68.63457707478948,-4476.472156308377,-3913.4074205696747,-4405.201761149697,-3842.272875601306,-71.27039515867997,-71.13454496836837,-4362.262344331435,-3923.5516002887207,-4291.163768135013,-3853.301837484733,-71.09857619642214,-70.24976280398757,-4572.479050447224,-3857.666707692035,-4501.089505139747,-3789.572189970362,-71.38954530747691,-68.09451772167286,-4529.164485217285,-3830.987938962351,-4458.4446323946395,-3760.7954321207503,-70.71985282264517,-70.19250684160082,-4398.294073214891,-3777.24289365964,-4329.1583023766725,-3708.288845057221,-69.13577083821816,-68.9540486024191,-4467.3510532141345,-3934.6595127717796,-4397.030640776431,-3865.1103840629685,-70.32041243770348,-69.54912870881097,-4414.874287678674,-4344.921922454771,-69.95236522390223,-6048.422901908967,-3727.5957371384493,-5975.067509189863,-3656.8831863076603,-73.3553927191042,-70.71255083078884,,,,,,,,,
5,970,28,796,-8049.864155229062,-5244.804011585281,-7894.805314338686,-5112.276852156123,-155.0588408903762,-132.5271594291578,othervirus_2021,-6144.175988017314,-5065.399190689038,-6046.152537499671,-4976.531856575167,-98.02345051764283,-88.86733411387102,-5934.547215321894,-5159.759457799148,-5837.074160814267,-5065.758686627986,-97.4730545076275,-94.00077117116105,-5791.962236433838,-5172.114457441706,-5694.393215674243,-5078.778477711914,-97.5690207595953,-93.33597972979189,-6067.933486518547,-5093.48720972473,-5969.6085657002095,-5001.3878431823905,-98.32492081833831,-92.09936654233888,-6019.4356684479435,-5051.775257954686,-5922.435492152689,-4958.749041826601,-97.000176295254,-93.02621612808562,-5841.81404036894,-4978.137517914557,-5746.422233372637,-4886.887810895603,-95.39180699630367,-91.24970701895391,-5934.913700946463,-5197.4424962908215,-5838.792415799301,-5105.711314015316,-96.12128514716179,-91.73118227550515,-5861.428192896768,-5766.681497642619,-94.74669525414889,-8052.244309625704,-4924.765333914527,-7955.194734331901,-4830.072340640851,-97.04957529380331,-94.69299327367658,,,,,,,,,
6,1279,34,1067,-10568.498025539791,-6665.666860507213,-10383.271081435218,-6511.534303377028,-185.2269441045745,-154.13255713018526,othervirus_2021,-8080.014165200551,-6580.26958338647,-7958.498470072399,-6472.913542440253,-121.51569512815276,-107.35604094621723,-7794.202281729055,-6686.539825530059,-7674.82849937307,-6570.962581781758,-119.37378235598455,-115.57724374830076,-7596.968793445482,-6694.282590926191,-7476.433373759433,-6582.521656851493,-120.53541968604867,-111.76093407469787,-7978.308290638641,-6612.994819318356,-7857.343119318132,-6501.716908465271,-120.96517132050829,-111.27791085308519,-7915.28798764734,-6545.1990451326365,-7795.731068350109,-6433.16075075799,-119.55691929723105,-112.03829437464609,-7674.024777224203,-6455.597226527467,-7557.555187017382,-6345.0060483701545,-116.46959020682091,-110.59117815731246,-7796.931406108844,-6744.407409540468,-7679.563943748212,-6633.784080012317,-117.36746236063179,-110.62332952815123,-7715.915541891356,-7600.05156294426,-115.86397894709586,-10646.837631352817,-6424.595339674687,-10530.144536472555,-6308.656336144068,-116.69309488026205,-115.93900353061919,,,,,,,,,
7,1595,41,1358,-13059.774212852424,-8004.290759472796,-12839.50669399001,-7822.695530333422,-220.26751886241473,-181.5952291393744,othervirus_2021,-9994.577381324623,-8033.351127235283,-9841.646187792745,-7899.742523955452,-152.93119353187853,-133.60860327983008,-9642.836192958015,-8128.244442463629,-9494.451765701744,-7986.96956676112,-148.38442725627033,-141.27487570250864,-9392.705549586528,-8124.080977750114,-9242.185958831615,-7986.337365373751,-150.51959075491274,-137.74361237636265,-9866.295580542133,-8060.399188694789,-9714.795358157706,-7923.345314924814,-151.5002223844283,-137.0538737699748,-9805.217099105623,-7950.230426610412,-9654.990492670655,-7813.198877867351,-150.22660643496855,-137.03154874306108,-9482.219768724,-7835.262017798631,-9336.185316669782,-7699.188708040201,-146.0344520542181,-136.0733097584294,-9623.86361277353,-8174.022673086122,-9477.623511333659,-8038.208440532126,-146.240101439871,-135.81423255399685,-9530.217995503739,-9385.583709104529,-144.63428639921116,-13340.799847411263,-7870.725846288872,-13195.350587472814,-7726.419477426055,-145.4492599384493,-144.30636886281758,,,,,,,,,
8,1918,55,1662,-15631.79696665792,-9359.884831664864,-15338.944666927357,-9129.444636075557,-292.85229973056306,-230.4401955893066,othervirus_2021,-11952.188708638721,-9501.294426075277,-11749.842143590804,-9319.596628111878,-202.34656504791752,-181.6977979633988,-11532.454502547358,-9587.151984920194,-11334.641871515832,-9396.85277453579,-197.81263103152497,-190.29921038440457,-11220.319529518636,-9566.04854050796,-11021.700477331839,-9382.508222043945,-198.61905218679698,-183.54031846401494,-11796.822771778585,-9523.806633615006,-11597.212279463514,-9337.388777443142,-199.61049231507113,-186.41785617186386,-11737.498198409987,-9367.874529499228,-11539.169127519694,-9185.233112548534,-198.32907089029376,-182.64141695069264,-11334.156367247031,-9231.475809408728,-11140.179521568447,-9049.065312763822,-193.97684567858465,-182.41049664490595,-11495.988837287614,-9623.95405279318,-11300.94878369277,-9442.503868028496,-195.04005359484523,-181.4501847646841,-11398.69311609052,-11208.025729980349,-190.66738611017132,-16105.01351623779,-9349.101962058376,-15913.73230132601,-9159.69497212988,-191.2812149117803,-189.40698992849488,,,,,,,,,
9,2355,72,2072,-19006.063153924326,-11086.476179815058,-18639.85384844746,-10795.350380084592,-366.20930547686646,-291.125799730465,othervirus_2021,-14559.686826207357,-11398.131280024176,-14297.4800876411,-11158.580123060034,-262.2067385662564,-239.55115696414242,-14040.10129757538,-11444.324514794576,-13783.663023229401,-11194.28925566775,-256.43827434597824,-250.03525912682534,-13651.319872508975,-11395.883428575902,-13393.757548122805,-11152.586785958707,-257.56232438617053,-243.29664261719432,-14361.212561826938,-11401.431286746933,-14102.53702518714,-11155.686537964435,-258.67553663979675,-245.74474878249725,-14323.351871395173,-11180.73869454214,-14065.323657670488,-10937.79571643467,-258.0282137246848,-242.94297810746977,-13793.389103485568,-11018.230847419543,-13540.685701850962,-10776.832620356628,-252.70340163460642,-241.39822706291505,-13986.20055119775,-11470.901332652713,-13732.337819570374,-11228.25187694755,-253.8627316273762,-242.64945570516284,-13888.134133483742,-13638.502298649759,-249.6318348339833,-19876.509133281135,-11280.897343917206,-19626.27444484926,-11032.10426606749,-250.23468843187584,-248.79307784971508,,,,,,,,,
10,2706,84,2411,-21793.21130968638,-12510.501355904034,-21367.762927016734,-12176.890997882743,-425.44838266964337,-333.6103580212903,othervirus_2021,-16698.366932603592,-12968.611920417714,-16393.25804838437,-12688.908182440653,-305.1088842192204,-279.70373797706037,-16089.70293398799,-12991.02933813683,-15790.856428121402,-12701.028438155014,-298.8465058665876,-290.00089998181704,-15633.699092748964,-12919.315758346398,-15333.092186414258,-12636.120171421277,-300.6069063347052,-283.1955869251217,-16471.859082750972,-12963.592091488432,-16170.24645796169,-12677.21351293635,-301.6126247892839,-286.37857855208074,-16431.905128267113,-12688.74245739276,-16130.484837442245,-12405.300093950294,-301.42029082486874,-283.44236344246474,-15811.1906502456,-12509.878668860933,-15515.533629418811,-12229.016837930678,-295.6570208267896,-280.8618309302545,-16034.530464789932,-13025.847670526766,-15736.94808893008,-12743.897092473844,-297.5823758598532,-281.950578052922,-15935.422240910351,-15643.439277494464,-291.98296341588747,-22887.12669936101,-12868.98691605601,-22594.671694393564,-12579.988693212159,-292.4550049674454,-288.9982228438518,,,,,,,,,
11,3147,95,2846,-25176.201943198335,-14094.339028130373,-24695.767796156804,-13715.857059070122,-480.4341470415316,-378.4819690602516,othervirus_2021,-19290.58603720002,-14775.089439054005,-18938.004947277106,-14449.407165262654,-352.5810899229145,-325.6822737913509,-18574.973150213682,-14745.725641786146,-18228.539284394345,-14411.91156932749,-346.4338658193366,-333.8140724586549,-18021.620324842243,-14642.361476681683,-17672.906286780562,-14313.593624375728,-348.7140380616814,-328.7678523059547,-19026.963241551304,-14750.393741686898,-18677.390316127887,-14419.506801232164,-349.57292542341855,-330.8869404547333,-18996.49466568585,-14398.171894172692,-18646.297777882177,-14069.014594879402,-350.1968878036721,-329.15729929329086,-18252.270067283538,-14197.59773882212,-17907.809843353247,-13870.667510820853,-344.4602239302921,-326.9302280012668,-18494.003481704596,-14777.221778924642,-18150.100652975885,-14448.41459597898,-343.9028287287097,-328.8071829456628,-18412.6328476565,-18073.495364804527,-339.13748285197227,-26643.99822069597,-14734.588176823698,-26302.763227930678,-14398.098922404686,-341.2349927652902,-336.48925441901207,,,,,,,,,
12,3550,106,3226,-28253.554785845576,-15648.680211834073,-27722.593376765002,-15233.781027304913,-530.9614090805735,-414.89918452916095,othervirus_2021,-21678.814038794688,-16515.72622190204,-21286.803458491035,-16152.648166607283,-392.01058030365243,-363.0780552947587,-20875.318257260467,-16454.5708652206,-20490.00238356211,-16083.526598015147,-385.3158736983554,-371.0442672054553,-20247.884037610613,-16325.93090192786,-19860.141760876628,-15961.055476242971,-387.7422767339851,-364.87542568488936,-21384.02903730886,-16483.01666164833,-20995.26427624907,-16114.663817972458,-388.76476105979066,-368.3528436758716,-21361.405701458476,-16065.713801346437,-20973.163517009667,-15700.850397654503,-388.24218444880836,-364.86340369193437,-20507.81192131507,-15844.864324328611,-20123.201221483316,-15481.326204426106,-384.6106998317559,-363.5381199025043,-20772.691037743865,-16480.392959334036,-20390.129875800194,-16115.565621306345,-382.5611619436724,-364.82733802769076,-20691.313513825182,-20315.46882470842,-375.8446891167612,-30085.22785948476,-16501.899552646846,-29704.407020834627,-16127.10574813893,-380.8208386501309,-374.7938045079168,,,,,,,,,
13,3907,120,3599,-31157.70977172658,-17090.371033646974,-30560.792426093314,-16622.684284417795,-596.9173456332638,-467.6867492291774,othervirus_2021,-23873.27580513796,-18130.507618182815,-23428.46559584776,-17716.797649478554,-444.8102092901998,-413.7099687042617,-22978.49880340705,-18044.579005881667,-22543.61182271883,-17624.8773454012,-434.8869806882167,-419.7016604804662,-22281.72384911874,-17894.84555472763,-21845.478291195814,-17481.393353823732,-436.24555792292927,-413.4522009038997,-23548.572129997094,-18085.25321111515,-23108.41204520731,-17667.12686092593,-440.1600847897838,-418.12635018921725,-23531.13096196288,-17611.227027730733,-23092.063006885048,-17199.553180260773,-439.06795507783437,-411.6738474699611,-22581.64072242621,-17369.267759065384,-22145.842198690432,-16957.912602052347,-435.7985237357802,-411.3551570130384,-22873.18984905944,-18075.217419301087,-22440.86189432154,-17662.320405476647,-432.32795473790037,-412.8970138244414,-22792.800349868477,-22366.426242248897,-426.37410761957955,-33162.33672687648,-18135.17336940703,-32727.752225707754,-17710.12093304092,-434.58450116872064,-425.0524363661119,,,,,,,,,
14,4219,125,3940,-33736.092703510854,-18379.601144859746,-33104.39809939124,-17888.541937763846,-631.6946041196118,-491.0592070958996,othervirus_2021,-25807.91030703582,-19583.91067852651,-25336.12656806895,-19147.598882064824,-471.78373896687157,-436.31179646168687,-24836.654939793523,-19491.443935282492,-24376.450589504413,-19047.630591674155,-460.20435028910833,-443.81334360833534,-24086.746041899813,-19324.706923385256,-23624.73693816632,-18889.338135077236,-462.0091037334924,-435.36878830801965,-25453.26339168903,-19534.643853432484,-24986.734222811327,-19092.47526681952,-466.529168877704,-442.16858661296163,-25434.832127379486,-19016.917150224854,-24969.093303096302,-18582.19603792973,-465.7388242831846,-434.72111229512245,-24408.359068147103,-18750.881658773447,-23946.89613477143,-18316.75703720444,-461.4629333756733,-434.12462156900807,-24730.75063192925,-19524.50467774128,-24271.908820841978,-19087.762328317272,-458.84181108727347,-436.7423494240051,-24629.951010657307,-24178.74846162516,-451.20254903214783,-35819.75455692631,-19572.933802640553,-35363.54402595146,-19125.08039257742,-456.21053097485003,-447.8534100631331,,,,,,,,,
15,4528,133,4275,-36311.247067433826,-19696.014665574654,-35638.26510786473,-19177.228072861963,-672.9819595690909,-518.7865927126902,othervirus_2021,-27737.671418764872,-21058.865617260177,-27237.33731756861,-20595.47974246532,-500.3341011962629,-463.38587479485716,-26697.429901817562,-20965.5127895264,-26207.780516954757,-20494.254650677743,-489.64938486280596,-471.2581388486587,-25902.146480094405,-20787.31501209898,-25411.034601977317,-20323.970621534867,-491.111878117089,-463.34439056411344,-27355.012781805337,-21008.976561602587,-26859.142770262686,-20538.560359415023,-495.8700115426492,-470.41620218756293,-27338.7329282075,-20451.81259345953,-26843.87972831405,-19988.717107603057,-494.8531998934539,-463.0954858564718,-26236.376319742394,-20158.40772042708,-25745.743189625035,-19696.698548965833,-490.633130117361,-461.70917146124674,-26591.111338836177,-20999.58521613279,-26103.0814483765,-20535.211029733597,-488.02989045967973,-464.37418639919395,-26460.251452832483,-25979.89058245061,-480.3608703818717,-38472.58815437554,-21021.368761513753,-37986.99545390906,-20545.69616058637,-485.5927004664781,-475.6726009273855,,,,,,,,,
16,4805,142,4573,-38586.85927615651,-20897.519894552126,-37873.012209963905,-20353.908344729785,-713.8470661926011,-543.6115498223418,othervirus_2021,-29465.412181623942,-22381.10201558056,-28937.334082785197,-21892.10568141249,-528.0780988387444,-488.99633416806887,-28360.1876406944,-22280.64931694462,-27841.132718879195,-21784.2100510358,-519.0549218152048,-496.4392659088204,-27512.104364091225,-22088.40723777737,-26993.18213563598,-21602.017082939663,-518.9222284552463,-486.39015483770584,-29056.454299144094,-22325.38606118563,-28532.42987199022,-21830.336734095214,-524.0244271538716,-495.04932709041447,-29043.091874984322,-21731.057176700073,-28521.25730983542,-21244.953285991076,-521.8345651489052,-486.1038907089976,-27869.879316534654,-21421.8030786681,-27352.457679630083,-20936.304337401063,-517.4216369045723,-485.4987412670382,-28248.7758172277,-22316.071978711618,-27733.31517089993,-21827.85674455749,-515.4606463277704,-488.21523415412634,-28107.423018045924,-27599.724860868624,-507.6981571772996,-40825.60276940368,-22329.669703634605,-40311.15753869036,-21828.36348679136,-514.4452307133286,-501.3062168432434,,,,,,,,,
17,5155,153,4910,-41591.26108513098,-22384.936042724697,-40815.71224478317,-21798.24281633058,-775.5488403478082,-586.6932263941168,othervirus_2021,-31695.04047466945,-24082.277260303494,-31122.833858632905,-23549.60722041539,-572.2066160365456,-532.6700398881034,-30512.60544068997,-23982.412243594932,-29949.022353398374,-23440.182013488775,-563.5830872915977,-542.2302301061562,-29609.326547938257,-23771.837332537045,-29046.85914822216,-23242.493130472798,-562.4673997160988,-529.3442020642475,-31255.66143366762,-24029.77923085138,-30687.89149728718,-23490.054821661917,-567.7699363804428,-539.7244091894661,-31238.236347667385,-23381.614301399466,-30672.76914730725,-22852.485000831297,-565.4672003601374,-529.1293005681679,-29982.53100199532,-23041.89321398896,-29421.876422293506,-22512.764497686177,-560.6545797018156,-529.1287163027824,-30401.921355334794,-24020.95703147836,-29842.535593015175,-23489.54668658831,-559.3857623196205,-531.4103448900502,-30217.796388986997,-29667.54718416092,-550.249204826077,-43862.54378377022,-23984.762547937597,-43304.33906505337,-23440.712589173043,-558.2047187168517,-544.0499587645542,,,,,,,,,
18,5446,163,5204,-43929.40234588781,-23811.27763522502,-43111.790635794736,-23183.447462265274,-817.6117100930728,-627.8301729597451,othervirus_2021,-33514.98300643737,-25584.03439105219,-32899.65689675986,-25010.970244309767,-615.3261096775128,-573.0641467424255,-32278.260531638967,-25506.881284467352,-31676.16747938362,-24924.798677647625,-602.0930522553457,-582.0826068197264,-31345.9651402349,-25304.727615049618,-30743.694293346307,-24735.691688792544,-602.2708468885946,-569.035926257076,-33054.465354115484,-25540.558326866085,-32445.586668007538,-24962.53393915962,-608.8786861079426,-578.0243877064652,-33040.43469368069,-24879.45259667867,-32432.809622607794,-24312.18282594865,-607.6250710728989,-567.2697707300212,-31721.060479240256,-24512.420183610193,-31119.71314703203,-23945.123416738155,-601.3473322082236,-567.2967668720391,-32160.599824457342,-25553.639759989084,-31561.80350207392,-24979.651699087342,-598.7963223834238,-573.9880609017433,-31952.424025094708,-31361.921838142247,-590.5021869524601,-46319.80697673253,-25447.454552125975,-45719.98338298459,-24862.058091919353,-599.8235937479425,-585.3964602066231,,,,,,,,,
19,5800,178,5547,-47085.61066825826,-25612.908029937436,-46207.38296178546,-24942.62149031763,-878.2277064728036,-670.2865396198072,othervirus_2021,-35880.72900501479,-27519.17755191666,-35221.84723564286,-26904.701114568565,-658.8817693719309,-614.4764373480951,-34560.86012280156,-27475.14443494138,-33912.68352388382,-26851.236223060605,-648.1765989177431,-623.9082118807746,-33575.89362167391,-27273.069996478822,-32929.13365675809,-26663.292965875087,-646.7599649158183,-609.7770306037332,-35392.03708601026,-27487.772384166623,-34738.28343584763,-26869.40484578028,-653.7536501626322,-618.3675383863429,-35353.30624569601,-26800.77691550643,-34702.96941942836,-26191.42806152532,-650.3368262676539,-609.3488539811106,-33970.90196453179,-26407.029329771434,-33325.62020927614,-25797.20110691704,-645.2817552556486,-609.8282228543927,-34462.03672840481,-27552.56358535825,-33820.29331212139,-26938.440632241,-641.7434162834243,-614.1229531172498,-34205.87183350397,-33571.37147754131,-634.5003559626584,-49361.345806618185,-27301.115753359056,-48714.0442305311,-26672.179189886745,-647.3015760870829,-628.9365634723105,,,,,,,,,
20,6068,182,5819,-49331.24872959061,-26889.954200384287,-48420.396901641005,-26194.859403203463,-910.8518279496043,-695.0947971808235,othervirus_2021,-37606.79054712486,-28900.940666444578,-36925.8876898459,-28263.256542072333,-680.9028572789633,-637.6841243722445,-36223.34357459913,-28860.267902055733,-35552.7691371796,-28213.06376795048,-670.5744374195266,-647.2041341052524,-35197.346281086066,-28653.85934307418,-34528.25003959261,-28021.574476598795,-669.0962414934568,-632.2848664753833,-37091.23544230388,-28869.067700500065,-36415.597467567466,-28227.633044261398,-675.6379747364109,-641.4346562386658,-37045.74440322008,-28157.08002921631,-36372.72290868308,-27524.45724714641,-673.0214945370026,-632.6227820699025,-35603.015662087404,-27746.046570387818,-34935.98302686692,-27113.18930255981,-667.0326352204844,-632.8572678280067,-36127.248470702405,-28951.84826743944,-35461.444534247516,-28313.083442030165,-665.8039364548915,-638.7648254092741,-35844.15946770349,-35186.40664504386,-657.7528226596276,-51653.21078575085,-28635.758327482625,-50984.36200353048,-27983.496406663937,-668.8487822203746,-652.261920818687,,,,,,,,,
21,6406,195,6123,-52382.107101701375,-28604.91282496088,-51410.517357564844,-27865.977556075122,-971.5897441365335,-738.9352688857564,othervirus_2021,-39895.98778590019,-30771.39455454816,-39167.85218692148,-30092.772979612113,-728.1355989787131,-678.6215749360448,-38428.67942749605,-30757.274821286304,-37712.50665949796,-30066.348829327428,-716.1727679980911,-690.9259919588778,-37355.94547494549,-30547.654155283995,-36642.24565730414,-29872.565783418773,-713.6998176413442,-675.0883718652232,-39352.45964872141,-30753.156392020588,-38629.58754592866,-30066.484992183447,-722.8721027927444,-686.6713998371412,-39284.73916500908,-30007.074431686036,-38564.88312447455,-29330.751621065046,-719.8560405345286,-676.3228106209899,-37777.51816674585,-29568.21462953152,-37064.41997313474,-28891.823531374415,-713.0981936111165,-676.3910981571048,-38355.049111315275,-30875.533341213362,-37642.030671563654,-30194.11022275345,-713.0184397516173,-681.4231184599107,-38015.79331635484,-37312.10586443459,-703.6874519202495,-54600.03333168755,-30417.081129412203,-53886.46351074454,-29720.32315543077,-713.5698209430016,-696.7579739814305,,,,,,,,,
22,6751,207,6469,-55293.73747230736,-30167.968694673258,-54266.85004351556,-29381.94223638297,-1026.8874287917984,-786.0264582902877,othervirus_2021,-42099.365210669006,-32507.327146011456,-41319.384117959526,-31779.657743095406,-779.9810927094838,-727.6694029160504,-40551.98749981143,-32494.03484721514,-39787.8085171005,-31756.076084749187,-764.1789827109347,-737.9587624659547,-39427.04295476868,-32279.38928248253,-38665.07578795294,-31555.678450122556,-761.9671668157421,-723.7108323599743,-41522.78006574242,-32493.354592541484,-40749.986590612534,-31756.504076547877,-772.7934751298897,-736.8505159936068,-41443.18296203525,-31705.53934486671,-40671.95465729365,-30981.883507707076,-771.2283047415996,-723.6558371596341,-39862.34248033786,-31239.86531479899,-39098.990676868816,-30515.307158363983,-763.3518034690392,-724.5581564350059,-40479.75678545088,-32631.030179838406,-39717.775281957736,-31899.863922341283,-761.9815034931444,-731.1662574971216,-40104.86183399546,-39352.441028806985,-752.4208051884815,-57543.37109367727,-32099.009218011448,-56782.17099070247,-31353.979504530165,-761.2001029747996,-745.0297134812829,,,,,,,,,
23,7126,222,6814,-58658.2499867396,-31932.70860083583,-57561.36713047139,-31094.722616902473,-1096.8828562682118,-837.9859839333594,othervirus_2021,-44617.579689130405,-34483.89174772818,-43782.85636546007,-33701.68204558727,-834.7233236703318,-782.2097021409099,-42971.231886592774,-34479.51622595255,-42152.11994654857,-33688.22127943295,-819.1119400442069,-791.2949465195991,-41786.62828113035,-34259.11912408241,-40970.002904222325,-33480.651642336896,-816.6253769080262,-778.4674817455148,-44013.27852537302,-34481.07284417253,-43186.31798598486,-33690.91999577475,-826.9605393881577,-790.1528483977823,-43908.86236183619,-33644.5551098263,-43083.287989975215,-32866.92191388228,-825.5743718609715,-777.6331959440199,-42251.2380492223,-33152.25369541939,-41433.55527937513,-32373.895676177824,-817.6827698471781,-778.3580192415666,-42923.93820134176,-34663.71875247793,-42108.76867568491,-33877.05473562154,-815.1695256568541,-786.6640168563895,-42501.12635253803,-41694.62509408111,-806.5012584569159,-60834.60734259519,-34002.57044936172,-60019.28058053175,-33202.965795904405,-815.3267620634406,-799.6046534573181,,,,,,,,,
24,7472,238,7155,-61712.08830169037,-33637.82560568191,-60560.773780537435,-32752.26633824511,-1151.3145211529345,-885.5592674368014,othervirus_2021,-46918.9930838135,-36352.59339774149,-46034.830264682554,-35524.00075076027,-884.1628191309425,-828.592646981215,-45199.10882776379,-36366.962830786455,-44332.32698688017,-35531.292598556836,-866.7818408836189,-835.6702322296153,-43968.95724262745,-36149.640466634904,-43104.95116348643,-35323.01355361386,-864.0060791410183,-826.6269130210392,-46275.73168907702,-36349.76823547754,-45398.88190857454,-35513.789238364625,-876.8497805024822,-835.9789971129109,-46169.4081751779,-35482.51429814955,-45295.00929608037,-34658.691876268815,-874.3988790975362,-823.8224218807399,-44436.44186305685,-34955.47854184344,-43568.896692286,-34130.483286727074,-867.5451707708463,-824.9952551163653,-45149.50929612533,-36555.268522652696,-44287.64380367238,-35720.45577170428,-861.865492452952,-834.8127509484193,-44677.634199910084,-43821.29636941286,-856.3378304972198,-63897.8071148319,-35793.72749557427,-63026.78514843082,-34943.53878813593,-871.0219664010789,-850.1887074383419,,,,,,,,,
25,7827,250,7509,-64924.34757130395,-35371.024934942136,-63714.21619475615,-34447.34333972819,-1210.1313765478076,-923.681595213941,othervirus_2021,-49302.72468619459,-38270.06244817232,-48377.49030540552,-37405.139584437486,-925.2343807890713,-864.922863734835,-47494.16580391199,-38307.83315978682,-46587.792731376816,-37433.24705199319,-906.3730725351681,-874.5861077936269,-46204.01446128783,-38085.69376142566,-45300.907976608745,-37222.500142568744,-903.1064846790823,-863.1936188569183,-48627.4736193856,-38279.83025478445,-47710.023247178135,-37403.93139631292,-917.450372207463,-875.8988584715354,-48494.06076295925,-37373.941040807236,-47578.81384073779,-36512.27366310688,-915.2469222214587,-861.6673777003607,-46694.62000053449,-36817.59081805559,-45787.151391483196,-35956.138265259775,-907.4686090512917,-861.4525527958165,-47464.522313868874,-38527.359102921546,-46561.68008610823,-37655.51509109235,-902.8422277606445,-871.8440118291958,-46940.072411709385,-46044.83367240086,-895.2387393085214,-66949.86812767143,-37622.28158571123,-66040.9792373714,-36735.42201807305,-908.8888903000387,-886.8595676381823,,,,,,,,,
0,24,5,19,-237.3351498923625,-239.16287935993782,-217.94047709503906,-225.99308292929885,-19.39467279732343,-13.16979643063896,flu_2021,-175.59568604642539,-199.58180355959098,-163.18980202164525,-187.87835363173937,-12.405884024780127,-11.703449927851594,-172.8880833581697,-216.00454542640588,-160.99480464574515,-204.95219510886872,-11.893278712424552,-11.052350317537156,-173.49240772466743,-225.6997849851145,-161.61698846882922,-214.6218821021819,-11.875419255838205,-11.077902882932595,-171.3727857317366,-203.51014999972898,-159.36945027154036,-192.39156845331095,-12.00333546019624,-11.11858154641804,-173.0396183026642,-214.66165215074668,-160.48103845293133,-203.99224024240235,-12.558579849732853,-10.669411908344342,-172.0966404138306,-209.41753320518097,-160.50015993088715,-198.22659687389609,-11.596480482943452,-11.190936331284874,-172.5318798401883,-219.1179702981137,-161.44511892317377,-208.40188495099488,-11.086760917014542,-10.716085347118831,-169.7935703354037,-157.39111709952599,-12.40245323587772,-161.81795274664913,-184.9595755494525,-150.857591298343,-172.0293307155946,-10.960361448306115,-12.930244833857904,-162.32905469246592,-224.09259203257193,-151.43604555959462,-210.65707163444998,-10.893009132871288,-13.435520398121954,,,
1,47,9,38,-490.76497232583506,-397.32523238748246,-448.95738574268455,-374.09730053354383,-41.807586583150496,-23.227931853938625,flu_2021,-347.1257492674191,-387.38112604300005,-325.5158474722978,-366.536961870629,-21.609901795121285,-20.844164172371045,-339.42748519440346,-422.26958035617264,-318.02858665958587,-401.2121952630486,-21.398898534817597,-21.057385093124037,-341.05598079285284,-435.7286595658526,-319.92349207806103,-415.5865949438815,-21.132488714791783,-20.14206462197111,-341.68926182961764,-396.7375535778135,-320.6628356365445,-376.32556471628607,-21.026426193073092,-20.411988861527455,-337.9799354389972,-415.46015273617854,-316.43746219947616,-395.5857864989182,-21.542473239521016,-19.87436623726034,-339.81071079088554,-404.34590166837495,-319.3693324806387,-384.33776015919995,-20.441378310246797,-20.00814150917502,-343.63280891951945,-426.7760112261411,-322.82873321427365,-407.4855528891352,-20.804075705245772,-19.29045833700596,-330.240704638443,-308.8846280876554,-21.356076550787567,-314.5673762134584,-352.2541401795833,-294.3845249419737,-330.4377685896647,-20.18285127148463,-21.81637158991864,-314.69294259477147,-420.9147844633527,-294.476046879741,-398.20868077871637,-20.216895715030468,-22.706103684636336,,,
2,75,16,65,-805.3701387278375,-606.9296856514197,-736.3904749096204,-568.3993573394653,-68.97966381821703,-38.530328311954435,flu_2021,-572.5308114893384,-642.6246251480871,-534.331547302393,-606.9478947537539,-38.19926418694537,-35.67673039433329,-561.02720929944,-703.7083342363879,-523.6947013534332,-666.0853375292218,-37.33250794600677,-37.62299670716616,-562.7324568449295,-722.9098195595265,-525.2283841162207,-687.7024598676314,-37.50407272870883,-35.20735969189505,-562.0078113446746,-658.2268107723602,-524.6703129364574,-622.1897691227592,-37.337498408217115,-36.03704164960098,-562.9066935189078,-689.1398030164389,-524.4339139425222,-653.5284321722452,-38.472779576385676,-35.611370844193765,-562.2647606117937,-670.7278824109293,-525.734222667712,-636.2530121149026,-36.53053794408176,-34.47487029602667,-568.8185447108681,-706.1157099246454,-530.8664120913186,-671.8448834983662,-37.95213261954946,-34.27082642627916,-548.6850545126603,-511.7699685553757,-36.91508595728449,-515.4554000713954,-583.9793136228394,-480.53956339303676,-547.8183430935096,-34.91583667835866,-36.160970529329774,-515.945575441527,-701.2700196789006,-481.17161268259235,-661.4277778261649,-34.77396275893462,-39.84224185273571,,,
3,93,20,83,-1013.3717263911958,-736.5967037305979,-926.5043905887266,-688.4612855148114,-86.86733580246928,-48.1354182157865,flu_2021,-722.2652393273307,-799.865507204653,-670.7595253526728,-750.494160885427,-51.50571397465797,-49.37134631922598,-704.9441550321499,-875.6248551404923,-656.0060769121457,-823.4849792787907,-48.93807812000419,-52.139875861701604,-705.5107666920127,-896.1129606325542,-655.6240273032921,-848.9185177888414,-49.88673938872057,-47.194442843712785,-709.5507137817478,-820.5598142357098,-660.4496866141278,-771.137068787604,-49.10102716762001,-49.422745448105815,-708.4624811287663,-855.3537229897229,-656.9672339491999,-807.4927802448285,-51.49524717956642,-47.860942744894416,-708.393442864465,-834.5324081312885,-659.9938970062605,-788.3096008225659,-48.399545858204554,-46.22280730872268,-720.2774703485579,-883.091737250135,-668.9702751614826,-835.8103974430321,-51.30719518707533,-47.281339807102924,-693.4195468164005,-645.2936265323607,-48.125920284039786,-648.4202479982653,-725.6205806379513,-603.2989585616759,-678.5596683874616,-45.121289436589294,-47.06091225048975,-648.7606254945694,-868.5583998090816,-603.3950965406389,-815.7857785668605,-45.365528953930465,-52.772621242221184,,,
4,109,20,99,-1142.207679006306,-831.8387829402143,-1050.7795209674207,-778.5571838389227,-91.4281580388854,-53.281599101291576,flu_2021,-822.4859651925469,-913.0894943981456,-766.9429111569157,-859.2083625476662,-55.54305403563125,-53.88113185047941,-803.0889705617586,-1001.3366025825493,-750.1736986816717,-944.63097149031,-52.91527188008695,-56.70563109223932,-806.4301018254969,-1023.7245767300774,-752.2224575591202,-972.3762483830478,-54.20764426637663,-51.34832834702955,-809.0571434502478,-938.3664185554957,-756.1678958609007,-885.1094616953474,-52.889247589347235,-53.25695686014831,-810.0678547457395,-978.6820614206611,-754.8537746662797,-926.9815499417795,-55.21408007945976,-51.70051147888158,-808.8292240009134,-955.8770501437509,-756.7223726168595,-905.7057829411582,-52.106851384053975,-50.17126720259269,-821.1517561661467,-1009.8943142157228,-766.0166993913439,-958.2815771818863,-55.13505677480282,-51.61273703383656,-790.5438055640568,-738.8876793681392,-51.65612619591766,-744.4652852485797,-830.4595698223494,-695.5299903902253,-779.741880229842,-48.93529485835439,-50.71768959250747,-743.9988701116102,-995.9669985089115,-694.5361941156847,-939.4109669635191,-49.462675995925515,-56.55603154539245,,,
5,127,23,117,-1345.5847445309664,-952.5956119627538,-1246.4780391301445,-891.7894532935654,-99.10670540082198,-60.806158669188385,flu_2021,-967.5091138532092,-1069.4269272319382,-903.268421279616,-1008.756412080673,-64.24069257359324,-60.67051515126516,-941.1516498301406,-1174.9826980673656,-880.3814059018949,-1109.8478004859826,-60.77024392824573,-65.13489758138313,-943.7922165176933,-1198.3617927271262,-880.8690572706082,-1139.9014536075172,-62.923159247085096,-58.460339119609074,-950.8173591667316,-1098.1881548261963,-889.9285360333008,-1037.8447510440117,-60.88882313343083,-60.34340378218451,-946.1734592349679,-1145.0243900084627,-882.6709950900312,-1085.937426777131,-63.502464144936766,-59.0869632313317,-947.2896533606886,-1118.9232676482054,-887.4923254968912,-1061.208528464911,-59.79732786379741,-57.71473918329428,-960.7363786464047,-1183.5223253732222,-898.1686037993521,-1123.8439506380291,-62.56777484705253,-59.678374735193074,-923.4558648680068,-864.7039594326666,-58.751905435340134,-860.139301667611,-969.9734149207144,-805.1654587279672,-911.2400426830085,-54.97384293964375,-58.733372237705936,-859.7341214423907,-1159.017433062401,-803.7322893635851,-1096.0620858485363,-56.00183207880565,-62.955347213864876,,,
6,141,27,128,-1541.2987745280088,-1057.2068335334375,-1433.091022570827,-989.6291860812012,-108.20775195718191,-67.57764745223626,flu_2021,-1100.892518630631,-1206.925960792039,-1027.8526237348412,-1140.1946179609556,-73.03989489578984,-66.7313428310833,-1067.4629829088653,-1325.0535615674116,-998.9722232517777,-1253.0036526653687,-68.49075965708766,-72.04990890204294,-1066.646841245276,-1347.9847658255337,-995.6430304659922,-1283.7643213160015,-71.00381077928367,-64.22044450953214,-1082.4877678870864,-1238.3740672317035,-1012.9741238153574,-1170.3188223972206,-69.51364407172908,-68.05524483448288,-1068.5434543532763,-1287.0658443257707,-996.3101394279985,-1221.8327109096374,-72.23331492527788,-65.23313341613346,-1073.8696957241355,-1258.765428104793,-1005.4023010673251,-1194.6247247170313,-68.46739465681044,-64.14070338776168,-1091.0985462595845,-1334.2376652964203,-1019.681212516406,-1267.6986461846752,-71.41733374317852,-66.53901911174516,-1045.0073681175486,-979.3871470268776,-65.62022109067088,-962.8655608656343,-1088.4667760602188,-901.9509033393701,-1022.9671993857125,-60.9146575262641,-65.4995766745063,-963.0997824931875,-1293.4329173952508,-900.8867568215185,-1224.4581528089377,-62.21302567166905,-68.97476458631311,,,
7,170,33,157,-1863.2395835026584,-1253.6737261312503,-1737.336432713416,-1172.359326521939,-125.90315078924257,-81.31439960931137,flu_2021,-1323.6344338957542,-1451.1511884479946,-1237.8560248242368,-1372.952132925301,-85.77840907151739,-78.19905552269378,-1284.943490312901,-1592.3829208283043,-1205.3159905150926,-1508.6827483203065,-79.62749979780837,-83.70017250799788,-1286.486762901337,-1622.6953175007384,-1204.366462328258,-1546.7783010496353,-82.1203005730791,-75.91701645110301,-1300.0211147393486,-1489.7013931128363,-1219.0850893924335,-1410.0049334817033,-80.93602534691505,-79.69645963113297,-1287.181599317819,-1546.4385493569594,-1203.8266207388438,-1470.9684631910663,-83.3549785789752,-75.47008616589294,-1291.4214557116518,-1509.5259199457894,-1211.8800776533355,-1434.6641897631143,-79.54137805831624,-74.86173018267502,-1311.3648406821917,-1601.4380961150478,-1228.9598658972573,-1524.3530403752538,-82.40497478493445,-77.085055739794,-1254.1503265553865,-1177.5078341252388,-76.64249243014775,-1167.067183367031,-1307.1456326171233,-1094.7618658457407,-1230.225232917058,-72.30531752129045,-76.92039970006525,-1168.1577124352566,-1548.1322978238836,-1094.2986254990085,-1468.062737015643,-73.85908693624806,-80.06956080824052,,,
8,193,38,176,-2093.923885344863,-1417.3411057784085,-1949.7821845380522,-1325.4613265932833,-144.1417008068106,-91.87977918512516,flu_2021,-1492.6051887252806,-1640.1375522317096,-1397.864878371138,-1551.9822628450554,-94.74031035414271,-88.15528938665419,-1451.472007104375,-1801.1827718367902,-1362.2626610017267,-1706.8629846629576,-89.20934610264834,-94.31978717383258,-1453.2979528912442,-1836.9533736596698,-1361.7583180127178,-1751.7873824256799,-91.53963487852636,-85.16599123398986,-1466.2701709604316,-1683.6259178029993,-1376.9727343431093,-1594.7720889488298,-89.29743661732229,-88.85382885416944,-1450.6269356273856,-1749.658953136636,-1359.0665135037798,-1665.5434317107495,-91.56042212360583,-84.1155214258866,-1456.516192732197,-1708.4372547584628,-1368.8961265096762,-1624.859061425601,-87.62006622252085,-83.57819333286179,-1478.3367963737685,-1810.8247507964395,-1387.0192128159952,-1725.1092984203478,-91.3175835577734,-85.71545237609165,-1416.3371409865665,-1331.5280786067058,-84.80906237986078,-1335.3271307777493,-1480.7225305750437,-1254.8152628781954,-1395.5865998523568,-80.5118678995538,-85.135930722687,-1338.4517507832481,-1755.9220247692085,-1256.3858198606085,-1667.399913451907,-82.06593092263952,-88.52211131730161,,,
9,218,46,197,-2352.506601122037,-1575.7059221326977,-2184.782469571951,-1468.439844085993,-167.72413155008604,-107.26607804670475,flu_2021,-1677.670834866834,-1844.7556879667304,-1566.7983694600762,-1739.7393611421176,-110.87246540675777,-105.01632682461275,-1629.881909637506,-2024.770194118255,-1525.8444981957389,-1914.4064948395119,-104.03741144176718,-110.36369927874308,-1633.526859386158,-2065.018645376401,-1526.681838597995,-1964.182167541991,-106.84502078816315,-100.83647783440983,-1647.585142537245,-1892.8341452253592,-1543.442696671099,-1789.172659339693,-104.1424458661461,-103.66148588566631,-1631.8214995187393,-1967.5000170578182,-1524.6847705216946,-1868.6802287704165,-107.13672899704466,-98.81978828740174,-1637.3937052727354,-1921.4856875997298,-1534.9201262684137,-1822.9776820706838,-102.47357900432165,-98.50800552904603,-1660.004926411166,-2036.4046426290008,-1554.1734926158815,-1935.2634764793936,-105.83143379528443,-101.14116614960712,-1591.088870183237,-1491.1849460072285,-99.90392417600846,-1497.3587567866189,-1665.0476844547939,-1400.8489702273052,-1565.0095061327177,-96.50978655931365,-100.03817832207626,-1498.6469988420315,-1975.1967886597674,-1400.8924710773895,-1871.027646242714,-97.75452776464202,-104.16914241705358,,,
10,235,49,217,-2503.959538286115,-1680.6846695578129,-2317.01961333487,-1564.089915167073,-186.93992495124496,-116.5947543907397,flu_2021,-1783.2530235542001,-1969.1225437972864,-1664.082000414293,-1854.2666483537578,-119.17102313990715,-114.8558954435286,-1736.9606848987871,-2162.0372652864617,-1623.768136187061,-2041.4530304682971,-113.1925487117263,-120.58423481816473,-1742.0653109099924,-2204.8652545734644,-1626.334019563902,-2095.014597692848,-115.73129134609033,-109.85065688061646,-1751.9777227299633,-2019.1751492541307,-1639.6650809761272,-1907.0332174180076,-112.31264175383609,-112.14193183612323,-1738.058642964694,-2101.193087370415,-1622.5842899806855,-1993.2809059201672,-115.47435298400845,-107.9121814502477,-1742.1692079852414,-2050.2536371714273,-1631.8998396825875,-1942.8496867780998,-110.2693683026539,-107.40395039332728,-1764.7183209994068,-2168.7002693606323,-1650.0850066162927,-2058.9003985509303,-114.63331438311421,-109.7998708097022,-1692.8165072513682,-1584.1093627263162,-108.70714452505196,-1607.9065932123644,-1780.2403259549826,-1502.3322224596645,-1671.1242097651125,-105.57437075269993,-109.11611618987021,-1610.6366846816024,-2111.642233075642,-1504.2046945724328,-1997.3777223796762,-106.43199010916969,-114.26451069596577,,,
11,263,51,242,-2809.7087247036357,-1860.2006769720151,-2611.796810932545,-1735.247395551206,-197.9119137710904,-124.9532814208091,flu_2021,-1997.4331599960738,-2205.2641221322865,-1868.3817228728537,-2081.2596829970325,-129.05143712322013,-124.00443913525373,-1945.1965001589851,-2424.3620435554913,-1822.2506307620915,-2294.6127835009893,-122.94586939689366,-129.7492600545022,-1953.784050607602,-2470.988785099346,-1827.9906642140625,-2352.348821394536,-125.7933863935395,-118.63996370480987,-1964.9708993233983,-2264.114149889899,-1842.9066082239729,-2142.87797354219,-122.06429109942552,-121.2361763477092,-1951.4187628890184,-2355.383558478762,-1825.7659938325503,-2238.426582608107,-125.65276905646799,-116.95697587065517,-1954.9848312985519,-2298.025184254619,-1834.9341387144027,-2181.7595283584506,-120.05069258414909,-116.26565589616844,-1981.1796610527751,-2432.855020482716,-1856.5958201182616,-2314.0072824739927,-124.58384093451362,-118.84773800872344,-1896.1188001243572,-1778.0758783922377,-118.04292173211964,-1792.8777598300837,-1990.9793476453576,-1678.8865831779804,-1873.221012414172,-113.99117665210329,-117.75833523118565,-1794.29548996376,-2359.526440511758,-1679.408284989625,-2236.6071607170616,-114.88720497413519,-122.91927979469669,,,
12,285,53,261,-3032.2907137894654,-1998.6957039711008,-2820.759157593296,-1867.3646641229993,-211.5315561961691,-131.33103984810137,flu_2021,-2152.9117801898824,-2375.5054435347397,-2015.9110991805906,-2244.402489035084,-137.000681009292,-131.10295449965574,-2098.064655186591,-2615.9960233121083,-1967.2185480992714,-2477.5767357636955,-130.84610708731998,-138.41928754841294,-2110.485500757809,-2662.9444951333094,-1976.76484257698,-2537.558284436958,-133.72065818082908,-125.38621069635168,-2119.435223555912,-2441.6124721748643,-1989.7236492453565,-2313.1301999053812,-129.7115743105559,-128.4822722694831,-2108.4818796676923,-2539.010542716282,-1975.2170851792112,-2415.4872294341462,-133.2647944884813,-123.52331328213602,-2110.3278050124336,-2477.1055723880427,-1983.0919498785136,-2353.9832574080087,-127.23585513391997,-123.1223149800339,-2139.184428109492,-2623.151475394557,-2007.0454525041557,-2497.35132342843,-132.1389756053361,-125.80015196612707,-2045.7279695712239,-1920.9121388746462,-124.81583069657776,-1941.4477263526544,-2146.920083387645,-1821.7038013833053,-2021.9286461322881,-119.7439249693491,-124.9914372553566,-1941.8710903127683,-2540.1436195285023,-1821.3882032904303,-2411.038963487119,-120.48288702233799,-129.10465604138332,,,
13,308,56,285,-3252.3035052067394,-2149.2394543777705,-3022.3628414069567,-2008.704329734745,-229.94066379978253,-140.53512464302568,flu_2021,-2313.1253526335213,-2544.1216331883534,-2167.0910994702485,-2403.0723451822782,-146.0342531632726,-141.04928800607507,-2253.589495272214,-2799.2094589762582,-2114.045072886547,-2650.4290557857485,-139.54442238566722,-148.78040319050984,-2266.255291710329,-2848.8904050920555,-2123.0958592404922,-2714.342679222585,-143.1594324698365,-134.5477258694704,-2277.5526621883614,-2613.4723738629355,-2139.130390377756,-2476.1367865547145,-138.42227181060508,-137.33558730822088,-2264.3892705200756,-2717.430154885509,-2121.8539071324367,-2584.7236226771925,-142.53536338763902,-132.7065322083166,-2265.6492442280514,-2651.50177146727,-2129.9036771004676,-2519.5314142846005,-135.74556712758374,-131.97035718266932,-2296.344824636805,-2807.2093445445707,-2154.863296777075,-2671.6408964999364,-141.48152785972968,-135.56844804463418,-2198.2032445926857,-2064.2493940605164,-133.95385053216918,-2105.996688855637,-2302.538986240659,-1976.8693753238053,-2168.497539802094,-129.1273135318316,-134.0414464385653,-2108.2247240525835,-2721.2743001124404,-1978.471370201982,-2582.164995655205,-129.7533538506017,-139.10930445723548,,,
14,332,57,314,-3423.314884785358,-2293.766790279009,-3187.9559593686345,-2145.8079150989197,-235.35892541672354,-147.95887518008936,flu_2021,-2451.563474003156,-2671.5942667659087,-2299.541093686158,-2525.3604414908013,-152.0223803169977,-146.2338252751074,-2388.5281394781914,-2931.905531322381,-2243.022804087385,-2778.347912838287,-145.5053353908066,-153.55761848409435,-2400.4748382100947,-2983.4208045840705,-2252.018596757117,-2843.1812232138755,-148.45624145297762,-140.2395813701953,-2414.6964453925425,-2742.9777391856633,-2269.9372942008686,-2600.151759107738,-144.75915119167377,-142.82598007792492,-2403.3072861499686,-2849.7345072052062,-2254.944758170538,-2711.2625833585284,-148.36252797943064,-138.47192384667773,-2400.1812719255686,-2782.065886840716,-2258.1192582460985,-2643.611132313048,-142.06201367947,-138.45475452766757,-2430.9315229936287,-2939.4144899972553,-2283.987114143836,-2798.5751296644066,-146.9444088497925,-140.83936033284849,-2332.242177915481,-2191.8964823774786,-140.3456955380023,-2282.9760235949802,-2428.0241663319734,-2146.5353963124844,-2287.416312816024,-136.44062728249585,-140.60785351594967,-2288.2194968154304,-2853.7490510255852,-2151.4293609544093,-2708.0087054250766,-136.79013586102116,-145.74034560050873,,,
15,346,60,331,-3599.7044860888827,-2396.8878616554193,-3352.82920265623,-2242.465485308716,-246.8752834326527,-154.42237634670332,flu_2021,-2569.647122688549,-2794.780896207321,-2411.777761649454,-2643.7158578359313,-157.869361039095,-151.0650383713898,-2504.6780096638718,-3066.521809500185,-2352.3518994188184,-2906.296805765736,-152.32611024505314,-160.22500373444913,-2515.237316731281,-3117.85329059291,-2360.5648249851415,-2973.0143088932255,-154.67249174613966,-144.83898169968444,-2530.7762191557713,-2867.83310081587,-2379.5433598688255,-2718.912051817102,-151.2328592869458,-148.9210489987676,-2516.6482018426073,-2977.9265641811153,-2362.079672815801,-2833.659964237272,-154.5685290268061,-144.26659994384318,-2514.114020157682,-2905.9451452993144,-2365.5090319155997,-2762.1793783563994,-148.6049882420822,-143.7657669429151,-2547.605218023792,-3070.6978707327844,-2393.578979244526,-2923.772224398764,-154.02623877926607,-146.92564633402026,-2439.9279777349984,-2294.2786250184654,-145.64935271653286,-2394.7483390613934,-2535.129267632968,-2254.1983123859377,-2389.7395523847817,-140.5500266754555,-145.3897152481863,-2403.095008594794,-2975.8301878019147,-2262.0545547724037,-2824.0848121983977,-141.0404538223903,-151.74537560351698,,,
16,364,63,349,-3783.7404061732805,-2512.0708370396683,-3526.9759335466924,-2351.450329152161,-256.7644726265878,-160.62050788750733,flu_2021,-2702.834191278006,-2936.209654243304,-2536.906477805897,-2777.5298829830203,-165.9277134721094,-158.6797712602837,-2634.9739802099066,-3219.7706863907206,-2474.6054870154635,-3052.2389288957997,-160.36849319444303,-167.5317574949206,-2647.606411252506,-3273.3249188615187,-2485.548583885666,-3122.2994941878524,-162.05782736683977,-151.0254246736662,-2663.2584638588887,-3013.813071555644,-2504.5097604996145,-2857.666346559573,-158.7487033592741,-156.1467249960709,-2649.2542529448892,-3127.5650634355716,-2487.3794764862887,-2977.304061668386,-161.87477645860037,-150.26100176718535,-2645.7777409023247,-3052.638706048364,-2489.9241892128907,-2902.1817372721434,-155.85355168943406,-150.4569687762207,-2683.3791148676373,-3226.6366569564234,-2521.7925514005588,-3072.7617643253925,-161.5865634670787,-153.87489263103078,-2566.806419468831,-2414.060870635148,-152.74554883368276,-2521.134050858118,-2661.279751782686,-2374.9543570971546,-2508.950733335792,-146.17969376096343,-152.32901844689434,-2529.263587622147,-3119.1380914926567,-2382.517331716379,-2961.0040438096785,-146.74625590576792,-158.13404768297818,,,
17,385,64,368,-3992.989177058796,-2653.6902518101556,-3726.3229752945945,-2488.4763883745477,-266.6662017642017,-165.21386343560795,flu_2021,-2855.008750611234,-3093.906355533495,-2685.924346534744,-2931.8361739423804,-169.08440407649007,-162.07018159111453,-2784.2347105485833,-3390.9231062081635,-2620.042822109993,-3219.8119223186563,-164.19188843859024,-171.11118388950706,-2797.5310010275334,-3448.0456063210568,-2631.600774111208,-3293.106337422201,-165.93022691632518,-154.93926889885583,-2814.9176556590546,-3175.59739971202,-2652.779345021912,-3016.04528698163,-162.1383106371426,-159.55211273039015,-2797.170344178863,-3294.3335061056096,-2631.7678756069904,-3140.1815553568676,-165.40246857187284,-154.15195074874214,-2793.6854351750094,-3214.835643285984,-2634.5177982100795,-3061.013012662983,-159.16763696492984,-153.82263062300126,-2832.9701167418584,-3396.390498902504,-2667.7696579995636,-3239.6153472116102,-165.20045874229498,-156.77515169089367,-2708.2435607161806,-2551.8696771563173,-156.37388355986354,-2686.302617562427,-2802.873231260117,-2536.406108735733,-2647.2319637308256,-149.8965088266937,-155.6412675292911,-2698.2972986045434,-3280.7654255879434,-2547.9534483611383,-3119.4995039556534,-150.34385024340486,-161.26592163228995,,,
18,399,65,382,-4147.079563039566,-2745.510388687343,-3871.787071836232,-2576.269534243863,-275.2924912033344,-169.24085444347998,flu_2021,-2959.757103792514,-3210.401296565412,-2786.106601328992,-3043.1470771621243,-173.65050246352206,-167.25421940328738,-2888.0611959254725,-3518.4552710137127,-2719.4974375822526,-3341.713920705156,-168.5637583432197,-176.74135030855678,-2900.82347351934,-3576.879657784779,-2730.9197764166993,-3417.5684818731384,-169.90369710264056,-159.31117591164028,-2918.493044759639,-3294.8001744881494,-2752.2496141360975,-3130.6957962328906,-166.24343062354157,-164.10437825525864,-2899.9809929776607,-3416.8224796322907,-2730.656947661128,-3258.535479374211,-169.32404531653256,-158.28700025807998,-2896.6305051866357,-3334.025136647934,-2733.690005051293,-3175.813174916214,-162.9405001353424,-158.21196173171967,-2937.747012240633,-3523.2231023554023,-2768.276290179377,-3361.445155444032,-169.47072206125588,-161.7779469113704,-2807.7472525912954,-2647.014413110132,-160.73283948116318,-2783.1788707264077,-2905.736216034658,-2629.266153880616,-2745.667038667522,-153.91271684579175,-160.0691773671359,-2796.1074650973064,-3401.0295164870563,-2641.8653660717973,-3234.326655894893,-154.24209902550894,-166.70286059216323,,,
19,414,66,392,-4324.801875459411,-2850.0010024028566,-4039.834176505444,-2677.927090986987,-284.9676989539677,-172.07391141586962,flu_2021,-3083.91301882736,-3346.0401943895604,-2906.4546605802243,-3174.936264690145,-177.45835824713552,-171.10392969941518,-3008.669417307092,-3666.26146273972,-2836.291937858902,-3484.8541287859343,-172.37747944818966,-181.40733395378578,-3021.3045236340267,-3727.3297245073313,-2847.8637800531747,-3564.5665379323355,-173.4407435808519,-162.76318657499584,-3041.0556618248866,-3434.173295489572,-2871.348688195569,-3266.450097846133,-169.7069736293175,-167.723197643439,-3018.8565170489655,-3560.3762044490604,-2846.173225383313,-3398.7933977725124,-172.68329166565243,-161.58280667654805,-3017.1012252881237,-3474.7375151025535,-2850.9819494921235,-3313.1677231203716,-166.11927579600047,-161.5697919821821,-3060.3054972609484,-3673.1248693200027,-2887.387635545626,-3507.757192729869,-172.91786171532243,-165.36767659013358,-2922.476630442223,-2758.522216841123,-163.95441360109993,-2893.058003125977,-3023.4760195186373,-2736.322690969472,-2860.0390315829713,-156.7353121565049,-163.4369879356659,-2906.847552520878,-3540.321487317487,-2749.876118824773,-3370.2831483226246,-156.9714336961048,-170.03833899486247,,,
20,431,68,404,-4512.228780201152,-2957.7036447449223,-4214.675326356024,-2780.6330542342703,-297.55345384512856,-177.07059051065215,flu_2021,-3213.340219418054,-3471.9025927570806,-3030.301335893275,-3294.6469679343727,-183.03888352477892,-177.25562482270783,-3131.3973315337357,-3802.7593229631325,-2953.773157754306,-3613.6108187949894,-177.62417377942978,-189.14850416814298,-3140.9673109887153,-3861.586583071623,-2961.5677132715177,-3693.4528048559027,-179.3995977171976,-168.13377821572038,-3168.5127569392585,-3561.3905681688902,-2993.737822292456,-3388.063673268698,-174.77493464680285,-173.32689490019206,-3139.481250162776,-3689.9442205492915,-2961.286240784194,-3522.3977113745245,-178.19500937858223,-167.54650917476704,-3139.366216356253,-3602.218895653053,-2968.385915078693,-3435.2683076681487,-170.98030127756002,-166.95058798490444,-3185.8149964905624,-3809.24354220455,-3007.170972009421,-3638.189856265167,-178.64402448114149,-171.05368593938314,-3041.95395876641,-2873.3498176748367,-168.60414109157335,-3012.175154464649,-3134.6802434818283,-2850.4271366301455,-2966.5414767215025,-161.74801783450368,-168.13876676032584,-3026.3082546018536,-3665.6079159679343,-2864.2828893639125,-3489.258850624202,-162.02536523794126,-176.34906534373238,,,
21,441,69,414,-4648.020867181213,-3027.236712045782,-4343.874927886228,-2847.240443012234,-304.1459392949851,-179.99626903354803,flu_2021,-3301.1773417189142,-3565.813417017523,-3115.033598955166,-3384.9488094680783,-186.14374276374855,-180.86460754944486,-3217.1588107174584,-3903.5137219945555,-3036.2458971193614,-3710.469776423424,-180.9129135980972,-193.0439455711317,-3226.704155469649,-3964.2357504853208,-3043.742292045778,-3792.7698195717235,-182.96186342387114,-171.4659309135973,-3254.5989335257595,-3656.385432786617,-3076.8734976613378,-3479.977940515322,-177.72543586442197,-176.4074922712947,-3223.7895457463555,-3787.7101047450706,-3042.4253839956627,-3616.722209614525,-181.36416175069283,-170.98789513054527,-3224.103097279069,-3697.035674455012,-3050.3041700225194,-3526.7504713608478,-173.79892725654952,-170.28520309416433,-3273.366811981622,-3911.364764758452,-3091.7648103510037,-3736.826960355357,-181.6020016306182,-174.537804403095,-3122.800108013173,-2951.175350035956,-171.62475797721714,-3085.605524439395,-3214.141902259829,-2920.776283474037,-3042.7423766776774,-164.82924096535797,-171.3995255821513,-3100.212355758091,-3756.3741400261006,-2935.089473561338,-3576.8127700358755,-165.12288219675312,-179.56136999022513,,,
22,452,72,427,-4767.086478805491,-3101.8014428606057,-4456.702156645899,-2917.0673010907435,-310.3843221595927,-184.73414176986208,flu_2021,-3388.3290192878057,-3657.341281576645,-3197.0938357675313,-3471.442925929198,-191.23518352027438,-185.8983556474473,-3301.7216979958866,-4003.5075805342253,-3116.034353845678,-3804.151339207491,-185.68734415020862,-199.3562413267342,-3311.9064573794476,-4064.335003182143,-3123.8753984663604,-3887.8947648297813,-188.03105891308746,-176.4402383523614,-3341.5116780750664,-3750.413572099957,-3159.051627339033,-3569.097353052036,-182.4600507360334,-181.316219047921,-3309.255689606177,-3884.4903808051763,-3123.1192036290613,-3708.4691329679267,-186.1364859771157,-176.02124783724943,-3309.0424738199645,-3792.3362089274638,-3130.8181112134203,-3617.2477582422266,-178.2243626065443,-175.08845068523723,-3360.517524179107,-4012.7696858945997,-3174.308335731457,-3832.5815382624446,-186.20918844764995,-180.188147632155,-3205.1876116300114,-3029.0787116808488,-176.10889994916246,-3167.6007347382492,-3295.6966728874745,-2998.2420197209753,-3119.135682202229,-169.35871501727402,-176.56099068524543,-3183.1465907244465,-3850.1931522860855,-3013.216385810722,-3664.658391454424,-169.9302049137243,-185.53476083166146,,,
23,461,73,433,-4850.197141221974,-3155.4747845642305,-4536.304483675858,-2967.8356817547206,-313.89265754611523,-187.63910280950986,flu_2021,-3449.7772889639523,-3716.306507193965,-3255.6110553370677,-3527.328538058855,-194.1662336268846,-188.97796913511007,-3361.2065547654615,-4065.8950434944613,-3172.9578164065933,-3863.398564609008,-188.24873835886825,-202.49647888545323,-3370.423906982548,-4127.514565460272,-3179.4580143778917,-3947.869108443897,-190.9658926046564,-179.64545701637505,-3402.0987145038775,-3810.173368055257,-3216.8830035264077,-3626.3620974963474,-185.21571097747,-183.81127055890963,-3368.593118629014,-3945.4176429507706,-3179.376168676606,-3766.4347235026244,-189.21694995240804,-178.9829194481461,-3367.650337173684,-3852.2370874556073,-3186.831100302505,-3674.1454717792117,-180.81923687117904,-178.09161567639535,-3419.785347196247,-4075.848523404373,-3231.259387281589,-3892.383720914262,-188.52595991465796,-183.4648024901107,-3262.7795001604563,-3083.9163859733717,-178.86311418708453,-3232.0345199183944,-3349.4200598229468,-3059.299157976948,-3169.6626899876214,-172.7353619414461,-179.7573698353254,-3248.084492207237,-3908.3909864484804,-3075.0638137801147,-3720.0728699491756,-173.02067842712222,-188.31811649930458,,,
24,474,75,446,-4996.15174011364,-3252.1783196052697,-4677.964077044354,-3060.311827197762,-318.1876630692857,-191.86649240750785,flu_2021,-3555.029905369088,-3826.5447895797274,-3355.5663543975975,-3632.416521061232,-199.46355097149032,-194.1282685184957,-3462.6916715223306,-4184.597287618349,-3269.903818100099,-3977.015155098272,-192.78785342223122,-207.58213252007673,-3471.7803690783817,-4248.938624481313,-3275.6625825031306,-4064.519488053821,-196.11778657525093,-184.41913642749208,-3505.360621317649,-3921.253797286615,-3315.3905007306157,-3732.77155288338,-189.97012058703348,-188.48224440323466,-3468.275113977415,-4060.9531844589574,-3273.7626704312215,-3877.072362896935,-194.51244354619345,-183.8808215620226,-3469.0267301134163,-3965.215004015906,-3283.352731515268,-3782.3380160677766,-185.67399859814827,-182.87698794812917,-3524.0121182141734,-4197.168652518876,-3330.9874572859735,-4008.323065340693,-193.02466092819995,-188.8455871781829,-3362.325821610276,-3178.86941020205,-183.45641140822588,-3336.92260282262,-3448.7301877123537,-3159.7805701184748,-3264.341259436428,-177.14203270414498,-184.38892827592562,-3355.102665252922,-4022.528975850673,-3177.6056449271055,-3829.5405547321993,-177.49702032581655,-192.98842111847358,,,
25,485,79,458,-5120.859364452481,-3330.7146710609513,-4788.289216244482,-3128.558922884911,-332.57014820799844,-202.1557481760401,flu_2021,-3640.2616290510123,-3916.754827617639,-3433.268803106328,-3712.6328600665097,-206.99282594468428,-204.12196755112907,-3544.871554340335,-4280.229768690154,-3344.588980357766,-4063.5782274836165,-200.28257398256915,-216.65154120653756,-3553.4025921773186,-4345.572100036659,-3349.635991620019,-4151.497819515378,-203.76660055729948,-194.07428052128088,-3589.1754201550407,-4010.0588043784824,-3391.3854383405433,-3813.495923561169,-197.78998181449722,-196.56288081731316,-3550.3618123733913,-4154.1435638821995,-3347.1775338952098,-3960.2660919836117,-203.18427847818157,-193.8774718985874,-3551.2961647908446,-4055.456846482311,-3357.4073649539646,-3863.7895177630003,-193.88879983687994,-191.6673287193108,-3608.5466376728455,-4293.682397102362,-3407.3832886173327,-4094.445487512341,-201.16334905551287,-199.23690959002107,-3444.508042086899,-3251.5962737572727,-192.91176832962634,-3424.291688702508,-3529.799887052584,-3235.686578417353,-3336.2221073190244,-188.60511028515526,-193.5777797335594,-3443.2896414944717,-4117.338376382225,-3254.714886908996,-3911.6020004918078,-188.57475458547555,-205.73637589041704,,,
0,917,46,296,-11640.94229334263,-8839.990609036036,-11175.229972577146,-8634.819043590292,-465.7123207654842,-205.1715654457438,covid_2022,-7726.051424907303,-8399.942556889022,-7620.61313687055,-8294.250766022538,-105.43828803675319,-105.69179086648296,-7428.42054332342,-9179.771621087906,-7312.647875907249,-9049.68807521823,-115.7726674161709,-130.08354586967693,-7294.603819059779,-9339.015349385187,-7180.88794210744,-9234.252146677043,-113.7158769523393,-104.76320270814284,-7610.088634986372,-8494.051577306709,-7504.023415611887,-8387.112111212999,-106.06521937448538,-106.93946609371086,-7170.863181588247,-8825.994256085774,-7068.069547334482,-8716.84832720386,-102.7936342537651,-109.14592888191545,-7393.3826043121835,-8620.220000382225,-7291.704203668589,-8520.525309316561,-101.6784006435944,-99.69469106566457,-7574.365398729781,-9215.292292615406,-7453.361503491649,-9109.841828468969,-121.00389523813178,-105.45046414643791,-7105.186352495583,-7005.921324321879,-99.26502817370437,-6424.083571737976,-7302.569024518479,-6316.699204888834,-7202.364089923313,-107.38436684914149,-100.20493459516572,-6516.944333726222,-8403.51469675275,-6404.275517166634,-8303.390626488075,-112.66881655958788,-100.12407026467635,-6283.1450172054665,-6185.770626470383,-97.3743907350836
1,6235,576,2911,-78231.04084798154,-45098.34813206393,-75572.88903935663,-43744.29512811616,-2658.151808624919,-1354.053003947773,covid_2022,-53195.50988609316,-58230.804555354276,-51882.568814307815,-56931.820165725985,-1312.9410717853452,-1298.9843896282912,-51172.69159676854,-63619.17484941034,-49837.03033099136,-62175.99013305252,-1335.6612657771861,-1443.1847163578223,-50187.68113814231,-64847.226230124106,-48838.95972462192,-63563.05086887549,-1348.721413520393,-1284.1753612486154,-52295.547668764775,-58858.31000771806,-51005.395020130534,-57556.65147527256,-1290.1526486342414,-1301.6585324454963,-49343.828645977585,-61245.38178979512,-48044.50660413953,-59947.81516839338,-1299.3220418380497,-1297.5666214017372,-50895.09823553791,-59871.02677918042,-49619.93671869638,-58615.80531561722,-1275.161516841529,-1255.2214635632033,-52004.80894925696,-63876.58247700278,-50633.35125669711,-62565.232936268876,-1371.4576925598506,-1311.3495407339035,-49026.47313858552,-47779.41904647416,-1247.0540921113554,-43801.661566922354,-50776.843643489476,-42546.24756209365,-49505.91429071434,-1255.4140048287034,-1270.9293527751358,-44431.27155013864,-58777.65623832115,-43172.35146191897,-57516.51619513241,-1258.920088219673,-1261.1400431887355,-43665.42885082293,-42425.11052824993,-1240.318322573002
2,17562,2378,10102,-225507.28185610892,-123328.23475899172,-216045.06380858406,-118467.65628428815,-9462.218047524846,-4860.578474703569,covid_2022,-153456.75965805392,-167336.97809307984,-148387.17989945665,-162369.8331943686,-5069.579758597264,-4967.144898711232,-147228.81772210036,-182407.2506606566,-142132.42727572913,-176902.19989229762,-5096.390446371237,-5505.050768358988,-143723.82585597612,-185624.8706505333,-138526.0469584838,-180666.57827701926,-5197.778897492315,-4958.292373514043,-150515.68934798895,-168634.309999219,-145531.8358155418,-163620.80273191817,-4983.853532447156,-5013.507267300818,-141285.45255180117,-175349.4664070331,-136230.83292641776,-170314.89690723433,-5054.619625383403,-5034.569499798758,-146051.50974167426,-171615.7181184364,-141116.17990755048,-166772.29531771576,-4935.329834123786,-4843.422800720651,-149362.74633518903,-182956.76639355332,-144073.5155493892,-177904.78887107613,-5289.230785799827,-5051.977522477181,-141030.55504207106,-136222.9057536741,-4807.649288396972,-124436.81899705912,-145638.88988898572,-119630.16425018819,-140765.2557505436,-4806.654746870932,-4873.634138442122,-126664.91521873052,-168643.0008002858,-121850.9314631027,-163800.85879674274,-4813.983755627821,-4842.142003543067,-125103.6156616239,-120303.24907311535,-4800.366588508551
3,33458,6188,22274,-439346.8241936889,-234444.907963065,-416531.74872249167,-223019.11341481312,-22815.075471197248,-11425.794548251859,covid_2022,-298392.8830844692,-324414.88782755035,-286162.110803948,-312506.8628454162,-12230.772280521189,-11908.024982134164,-285830.0097214441,-353213.3789092279,-273498.98631498683,-339974.97241650627,-12331.023406457287,-13238.406492721631,-278174.69627510774,-358732.2448587727,-265674.17197095574,-346934.78573398245,-12500.524304151975,-11797.459124790292,-292370.61447503505,-326482.92776838446,-280326.7270231512,-314354.8387312074,-12043.88745188385,-12128.089037177064,-273440.1790927922,-339020.95187956427,-261262.03622107056,-326995.22134155023,-12178.142871721653,-12025.730538014035,-283089.2430086889,-332115.3786727104,-271182.9744512836,-320517.4306435273,-11906.268557405343,-11597.948029183073,-289838.35095434973,-353956.12221783184,-276994.30744495103,-341900.9478140278,-12844.043509398718,-12055.17440380407,-273583.69355648366,-262045.56481288886,-11538.128743594816,-238994.15675614896,-281825.92144640314,-227549.37481110636,-270196.45585810323,-11444.781945042596,-11629.465588299903,-243765.3184260312,-326399.38768668775,-232297.26139402966,-314790.17987131694,-11468.057032001565,-11609.20781537082,-241883.81393573107,-230406.39187954887,-11477.422056182208
4,49919,11099,37425,-664099.3523863328,-351709.6046410334,-625055.6133711745,-331909.0986928626,-39043.739015158215,-19800.5059481708,covid_2022,-450970.6935051131,-489470.3190346276,-429548.0337126977,-468711.7194877708,-21422.65979241539,-20758.599546856785,-431790.1216743106,-532533.9091523964,-410301.20409213623,-509567.92389127513,-21488.917582174377,-22965.985261121255,-419755.4552946533,-540371.3421492879,-397996.06403533055,-519890.905006911,-21759.391259322765,-20480.437142376868,-441658.1749996727,-492279.19592595304,-420587.8111102682,-471134.518375664,-21070.363889404493,-21144.677550289045,-412724.78866016737,-510820.86905362766,-391388.24259187945,-489927.3134319094,-21336.546068287906,-20893.55562171821,-427360.3485109823,-500593.758988609,-406531.7734879367,-480397.28903577547,-20828.575023045585,-20196.469952833562,-437788.2173860333,-533561.2209100095,-415353.7278346221,-512541.76679959486,-22434.48955141122,-21019.454110414546,-413350.8284632288,-393183.2172069589,-20167.611256269927,-360043.7632369814,-425191.40441561246,-340146.3837366919,-404922.24800783716,-19897.37950028949,-20269.156407775314,-367520.78382416605,-492101.6423802924,-347596.2939276977,-471898.29844056896,-19924.489896468378,-20203.343939723436,-365391.57062840613,-345374.31937731407,-20017.251251092086
5,66086,16671,53851,-891071.899683146,-467788.8859125487,-834002.9684336141,-438555.78687938146,-57068.93124953196,-29233.09903316722,covid_2022,-604298.9910859062,-654974.3302622691,-572653.2044872631,-624250.979716668,-31645.786598643077,-30723.350545601075,-578212.5730765751,-712124.4935827648,-546527.370770006,-678302.634742689,-31685.202306569037,-33821.858840075765,-561535.3261967084,-722008.9677736799,-529490.5954255818,-691783.1730459864,-32044.73077112662,-30225.794727693417,-591578.4629523293,-658226.7783219521,-560492.8277379893,-627060.1193936005,-31085.635214340004,-31166.658928351568,-552160.048678152,-682655.9544474249,-520661.3468049032,-651824.2342266307,-31498.701873248883,-30831.72022079416,-571984.221082515,-669251.7351820476,-541260.2575668364,-639378.4737885226,-30723.963515678573,-29873.26139352491,-586309.1416072545,-713489.0495923123,-553261.213459678,-682431.6800996372,-33047.92814757653,-31057.369492675054,-553563.6470009295,-523736.0854078047,-29827.561593124796,-480210.2891385792,-568574.869002271,-450760.62253979174,-538590.1017786418,-29449.66659878746,-29984.76722362918,-490472.35020115005,-657565.0848569175,-461018.5739975448,-627666.1926216349,-29453.776203605205,-29898.892235282554,-488530.8929897729,-458915.9897579793,-29614.9032317936
6,78407,21370,67769,-1065445.5322922806,-556965.3954499548,-992967.8845701038,-519737.9916967135,-72477.64772217665,-37227.40375324126,covid_2022,-721937.67960895,-781682.8426649668,-681585.9823589819,-742478.3919893398,-40351.69724996814,-39204.450675626926,-690585.407162634,-849512.9551983532,-650229.8575857348,-806500.1201430002,-40355.54957689914,-43012.83505535303,-670457.2261234478,-860921.1127172094,-629633.8794834794,-822423.1875195468,-40823.34663996837,-38497.92519766257,-706634.7936795446,-785335.0204963743,-667024.9322523612,-745645.5451012113,-39609.86142718335,-39689.47539516306,-659338.6170327939,-814187.7702728962,-619149.4596458167,-774912.7221241206,-40189.15738697728,-39275.048148775604,-683027.5020131251,-798331.7440838958,-643869.9304232891,-760254.502301801,-39157.57158983609,-38077.241782094825,-700441.3030890703,-851241.7234639784,-658326.1673142005,-811659.4985836365,-42115.13577486969,-39582.22488034195,-661209.7768726223,-623149.0053571844,-38060.77151543792,-572597.9348095164,-678390.4733597075,-535059.674083116,-640186.9900641667,-37538.260726400425,-38203.48329554078,-584905.154314453,-784117.1593560014,-547391.164835955,-746007.3790999188,-37513.98947849797,-38109.780256082624,-583127.7485978918,-545356.4448500103,-37771.30374788139
7,87695,25223,79155,-1197544.138396696,-624850.8037980613,-1112672.507809572,-580997.318308914,-84871.63058712412,-43853.485489147315,covid_2022,-811163.7867202612,-877694.9443061951,-763699.2791860863,-831482.2059045566,-47464.5075341749,-46212.738401638526,-775846.6752965016,-953402.2863522893,-728405.2845304125,-902895.0997005345,-47441.39076608903,-50507.186651754826,-753078.1291098963,-966000.4799819933,-705114.1966441047,-920653.8906478195,-47963.932465791615,-45346.589334173856,-793873.8521264583,-881540.2734947865,-747297.9662318262,-834886.530349833,-46575.885894632076,-46653.74314495349,-740658.4738331168,-913694.9822163852,-693391.7395765764,-867495.1720086976,-47266.73425654047,-46199.81020768754,-767219.5999378869,-896005.5014116758,-721182.6794127498,-851177.2996023039,-46036.920525137146,-44828.20180937198,-787000.6357996751,-955445.7974963923,-737519.5186495634,-908857.8605887074,-49481.11715011172,-46587.936907684874,-742953.9949292381,-698081.7825419629,-44872.21238727523,-643014.4727708198,-761653.5938388151,-598746.4732366079,-716638.3445125937,-44267.999534211885,-45015.24932622138,-656858.645372428,-879906.2438809118,-612657.2398062126,-835005.223922526,-44201.40556621538,-44901.01995838584,-655043.040054396,-610548.2905331147,-44494.74952128135
8,92365,27552,85757,-1264946.93775901,-659782.0675283002,-1172815.2574002105,-611982.6872548905,-92131.6803587995,-47799.38027340983,covid_2022,-856846.5722546767,-926851.9869349346,-805123.2252450831,-876449.7481917256,-51723.34700959358,-50402.238743208996,-819512.5272658606,-1006542.6200281767,-767828.4716653656,-951578.9885841059,-51684.05560049499,-54963.63144407082,-795360.7807155085,-1019688.0694822703,-743119.179039708,-970268.5937404612,-52241.60167580056,-49419.47574180913,-838524.1001950207,-930719.9828918981,-787776.9829439099,-879922.6715721563,-50747.11725111069,-50797.31131974186,-782306.9174611854,-964585.3381634438,-730784.4904171254,-914254.5538210478,-51522.427044059914,-50330.78434239604,-810309.915864958,-946012.004725372,-760150.9297351517,-897142.9748292028,-50158.98612980629,-48869.02989616918,-831294.1461231479,-1008726.0632835892,-777417.3884826951,-957944.1793729566,-53876.75764045284,-50781.88391063254,-784881.5713197151,-735936.9944936652,-48944.57682604992,-679188.8286344713,-804408.8163086975,-630933.8366086697,-755333.4357798254,-48254.99202580151,-49075.380528871974,-693852.6220078352,-929098.1463188976,-645696.5539637936,-880146.037243887,-48156.068044041676,-48952.10907501059,-692069.3018680664,-643549.7257847235,-48519.57608334285
9,97039,29632,91950,-1332742.5364275551,-694281.810176585,-1233866.855149901,-642900.0298463773,-98875.68127765415,-51381.78033020767,covid_2022,-902331.3986634016,-975464.1702638683,-846695.7284145349,-921264.9555785203,-55635.670248866605,-54199.21468534804,-862937.3632363506,-1059138.0678219611,-807387.8438006676,-1000102.9782374768,-55549.51943568299,-59035.08958448425,-837533.1217848083,-1072754.815503086,-781363.7752185345,-1019612.2480697662,-56169.34656627381,-53142.56743331975,-883050.7998685661,-979423.1720141574,-828481.6576292336,-924840.7232854522,-54569.14223933253,-54582.448728705174,-823864.9896895065,-1014866.7226926043,-768434.1268274237,-960768.1764174489,-55430.862862082824,-54098.54627515537,-853246.8054341136,-995347.8256575175,-799313.5971907523,-942808.6263879514,-53933.20824336128,-52539.19926956615,-875509.8317481225,-1061425.9234102154,-817601.6960402495,-1006838.8939549214,-57908.1357078729,-54587.02945529397,-826496.8995750102,-773844.4532580526,-52652.44631695765,-715263.8888700955,-846528.4241234962,-663376.1467801944,-793756.9515282307,-51887.7420899011,-52771.47259526546,-730691.1624268417,-977173.501872418,-678926.1993611312,-924552.1371371585,-51764.96306571049,-52621.36473525949,-728552.6369929304,-676367.1616047885,-52185.475388141975
10,100462,31120,96491,-1380954.039309618,-719439.427772771,-1277271.8311952455,-665479.9391429644,-103682.2081143725,-53959.48862980653,covid_2022,-934910.1061664461,-1010234.377755191,-876428.0354618705,-953282.5804083088,-58482.07070457559,-56951.79734688216,-894071.5238201066,-1096783.1255548394,-835722.5150155921,-1034790.2379458799,-58349.00880451458,-61992.887608959565,-867851.382122007,-1110734.0635003594,-808821.1076475403,-1054918.5666087915,-59030.27447446668,-55815.496891567855,-914948.9586804791,-1014325.4897915135,-857608.6069898512,-956995.9045065697,-57340.35169062784,-57329.585284943794,-853757.0820003937,-1050900.3364649198,-795479.8165890417,-994078.3972019455,-58277.26541135189,-56821.939262974374,-884061.134738966,-1030684.648051958,-827388.2031365517,-975492.6622154531,-56672.93160241438,-55191.98583650486,-907223.8258769668,-1099157.744828823,-846389.7324570351,-1041812.0335059473,-60834.09341993171,-57345.71132287558,-856357.5886460026,-801032.6172000552,-55324.97144594739,-741503.9749255998,-876765.5873285139,-687000.6801232202,-821332.8565362325,-54503.29480237956,-55432.73079228138,-757437.3057902746,-1011712.6879574665,-703069.2275929742,-956445.6280971569,-54368.07819730049,-55267.059860309586,-754941.3735292044,-700112.0590392152,-54829.31448998916
11,103035,32155,99824,-1416642.8653968186,-738824.6256016056,-1309476.57067294,-682973.5272469611,-107166.29472387872,-55851.09835464448,covid_2022,-959256.9335293755,-1036297.145880873,-898710.6173560546,-977334.4356980252,-60546.316173320905,-58962.71018284783,-917418.1605601227,-1124953.7680253796,-857032.5025662698,-1060818.5417021296,-60385.65799385282,-64135.22632324997,-890568.4435859526,-1139202.8044383258,-829478.7305651476,-1081443.0528062554,-61089.71302080505,-57759.75163207044,-938776.2445624195,-1040479.6200647028,-879422.0766491541,-981147.1863475249,-59354.167913265395,-59332.433717177984,-876190.7668352938,-1077905.6169371398,-815849.2328954472,-1019105.1989477848,-60341.53393984669,-58800.41798935492,-907140.995700291,-1057194.4017997023,-848473.320271924,-1000063.2262552173,-58667.675428366936,-57131.17554448488,-930948.4203740826,-1127397.01398496,-867989.5348898591,-1068044.4617346479,-62958.88548422346,-59352.55225031224,-878810.5227896279,-821531.704069222,-57278.81872040595,-761722.2441980114,-899540.7079417357,-705304.2360678638,-842172.669036104,-56418.008130147544,-57368.0389056318,-778076.1042167036,-1037793.7636677666,-721811.0519067309,-980581.6227684008,-56265.05230997266,-57212.14089936581,-775040.6524616468,-718276.0340792484,-56764.618382398345
12,105226,33003,102536,-1448021.8233823562,-755333.9979087231,-1337990.4733079518,-697957.8775010087,-110031.35007440441,-57376.12040771437,covid_2022,-980386.5293604686,-1058973.18722205,-918197.969235177,-998379.0430409267,-62188.560125291624,-60594.144181123425,-937687.6883628505,-1149453.101186435,-875664.6946697251,-1083578.4517780067,-62022.99369312534,-65874.64940842826,-910321.6818894066,-1163954.756730694,-847578.8466491502,-1104618.18480895,-62742.8352402564,-59336.5719217441,-959467.414203098,-1063205.3536657854,-898513.2708574188,-1002277.5994740498,-60954.14334567924,-60927.75419173569,-895671.9388200775,-1101371.9499088204,-833691.7834326286,-1040962.6179218,-61980.155387448845,-60409.33198702042,-927181.0135884656,-1080201.5485903125,-866930.1956456347,-1021499.7539426374,-60250.81794283101,-58701.79464767511,-951586.4251741631,-1151983.7017619018,-886939.8125234713,-1091004.1278535693,-64646.61265069173,-60979.57390833249,-898263.0370311111,-839412.1892579901,-58850.84777312092,-779053.3735996166,-919212.7414153789,-721084.6818084867,-860280.5674583911,-57968.69179112987,-58932.17395698776,-795757.4328631295,-1060222.014761911,-737959.3221926015,-1001437.0627078349,-57798.11067052798,-58784.95205407618,-792273.3110675187,-733948.2362561615,-58325.07481135723
13,106887,33575,104571,-1471179.2592429991,-767396.2233491483,-1359108.137931596,-708939.0312047021,-112071.12131140311,-58457.192144446206,covid_2022,-995967.7510795075,-1075587.9961470533,-932619.4942476501,-1013857.4789486408,-63348.25683185739,-61730.51719841262,-952612.6575635046,-1167418.5106530492,-889430.4547093874,-1100322.67822596,-63182.202854117226,-67095.83242708922,-924837.9962462374,-1182119.9977491992,-860932.3457787576,-1121668.4667574328,-63905.65046747985,-60451.53099176647,-974714.941915825,-1079900.8145940609,-912627.6893844693,-1017835.7166323668,-62087.25253135574,-62065.09796169416,-909984.3956266197,-1118598.6091328464,-846856.8013666016,-1057056.082028175,-63127.59426001806,-61542.52710467146,-941933.4853209908,-1097086.0506452927,-880561.9347377484,-1037279.4834404706,-61371.55058324248,-59806.567204822095,-966765.6644906183,-1169991.932326296,-900925.3652910284,-1107895.001666725,-65840.29919958982,-62096.93065957126,-912550.9229914481,-852597.16288102,-59953.76011042813,-791666.3035975381,-933617.2039087059,-732595.9126913021,-873585.2042272146,-59070.39090623603,-60031.999681491325,-808588.4629486375,-1076655.35039186,-749698.8783999569,-1016764.1647414829,-58889.584548680665,-59891.18565037689,-804868.825024559,-745452.0611201626,-59416.76390439644
14,108063,33966,105999,-1487513.8881275977,-776126.8959516315,-1373948.3677778656,-716895.8114642275,-113565.52034973222,-59231.08448740392,covid_2022,-1006992.9566145134,-1087385.2209609903,-942820.7039781344,-1024820.9248827945,-64172.252636379,-62564.296078195875,-963203.1223263844,-1180148.5503856493,-899195.289401579,-1112168.90728615,-64007.832924805465,-67979.64309949947,-935157.4570864419,-1195008.8738628405,-870421.0826470058,-1133760.5697824273,-64736.37443943611,-61248.30408041329,-985502.9134836381,-1091744.7315764371,-922609.5937889573,-1028865.8209879376,-62893.31969468078,-62878.910588499566,-920179.6144143256,-1130830.2888995367,-856225.3046577827,-1068472.2920961014,-63954.30975654293,-62357.99680343519,-952403.1787169604,-1109072.4795842483,-890232.3933360473,-1048474.1500807628,-62170.78538091307,-60598.32950348544,-977539.484108923,-1182795.312773989,-910837.4473031771,-1119868.6545019264,-66702.03680574588,-62926.65827206275,-922709.1523065844,-861963.2065745798,-60745.94573200457,-800793.4183492492,-943867.840686826,-740928.1350307585,-883050.1729067075,-59865.28331849068,-60817.6677801185,-817873.0420844601,-1088374.8594453612,-758198.7224768049,-1027681.4379525736,-59674.31960765533,-60693.42149278764,-813918.2491212485,-753709.0120035243,-60209.237117724166
15,109113,34248,107188,-1501632.8071802803,-783860.9733535018,-1386953.836202893,-724045.038685684,-114678.97097738743,-59815.93466781775,covid_2022,-1016626.0412833757,-1097615.5641303728,-951787.8689816758,-1034418.8332527478,-64838.172301699866,-63196.730877625036,-972439.1966633801,-1191237.4483500933,-907781.4057190685,-1122568.1333282792,-64657.79094431168,-68669.31502181405,-944195.3818254385,-1206221.4184172293,-878788.4721368164,-1144362.280336292,-65406.90968862213,-61859.13808093739,-994943.9716590578,-1102043.6258005039,-931406.2030382499,-1038534.9944516713,-63537.76862080794,-63508.63134883255,-929106.2842569107,-1141467.1878751402,-864487.0520995293,-1078484.0649346292,-64619.23215738132,-62983.12294051103,-961555.8841555028,-1119502.1250526179,-898753.1630629282,-1058292.276958338,-62802.72109257454,-61209.84809427994,-986955.1978791074,-1193941.732281983,-919574.4567350282,-1130370.2870742541,-67380.74114407931,-63571.445207728684,-931591.9221591294,-870227.2179850469,-61364.70417408254,-808917.4666958875,-952823.4325710521,-748462.8945687787,-891386.8553578531,-60454.57212710881,-61436.577213199016,-826138.0964394121,-1098558.939366538,-765873.6481857036,-1037260.9348558835,-60264.448253708586,-61298.00451065449,-821850.5915212673,-761030.6343652724,-60819.957155994955
16,110675,34701,108739,-1522632.1562965312,-795077.3467505752,-1406501.5217600565,-734407.614757609,-116130.6345364748,-60669.73199296625,covid_2022,-1030952.0049331805,-1112951.62364142,-965205.0988280541,-1048867.091798657,-65746.90610512634,-64084.53184276282,-986141.4022732379,-1207826.7864114635,-920588.4326577312,-1138230.9168118143,-65552.96961550668,-69595.86959964925,-957510.7845723818,-1223052.7489985374,-891196.7127762451,-1160324.1635975635,-66314.07179613672,-62728.585400973905,-1008972.6665995562,-1117427.5612164056,-944544.2344546986,-1053047.6902302434,-64428.43214485757,-64379.87098616212,-942236.6225824297,-1157397.0934388756,-876705.0914301659,-1093540.1004699487,-65531.53115226377,-63856.992968926956,-975125.7827360304,-1135135.6187812274,-911438.8061872872,-1073067.2558526916,-63686.97654874315,-62068.36292853576,-1000869.5056433915,-1210632.7489161224,-932574.715622687,-1146168.6675696466,-68294.7900207045,-64464.08134647569,-944781.7670223506,-882546.6112606557,-62235.15576169492,-820631.3519973604,-966204.0307949728,-759306.0772970332,-903897.2350368783,-61325.27470032718,-62306.795758094486,-838076.0671381516,-1113890.0146307575,-776954.5496393712,-1051737.433677221,-61121.51749878042,-62152.580953536504,-833512.7190728233,-771833.1321713597,-61679.5869014636
17,112042,35045,110204,-1540394.9461960907,-804867.9571250828,-1422976.5113646854,-743460.1430175895,-117418.4348314053,-61407.81410749342,covid_2022,-1043119.084961057,-1125865.8106726313,-976585.5425104654,-1061011.6757257564,-66533.54245059162,-64854.134946874794,-997806.7961582917,-1221799.550448578,-931471.4384600889,-1151393.4988609974,-66335.35769820279,-70406.0515875807,-968894.0191196452,-1237214.679674382,-901788.8272311139,-1173724.0892541218,-67105.19188853134,-63490.590420260334,-1020913.5932376218,-1130424.2885491785,-955710.6378070511,-1065282.0136490003,-65202.95543057078,-65142.274900178294,-953474.0848896395,-1170828.7637963044,-887155.3672785867,-1106205.8420334398,-66318.71761105277,-64622.921762864615,-986683.0516531267,-1148301.1442285818,-922229.6240775615,-1085483.8535372803,-64453.42757556519,-62817.29069130155,-1012726.9003215637,-1224669.6994369666,-943623.7162154549,-1159439.4382219329,-69103.18410610888,-65230.26121503369,-955996.1167128069,-893004.6940718539,-62991.422640952944,-830890.0770609041,-977507.6537852257,-768809.2142567987,-914448.8619687957,-62080.8628041054,-63058.791816430086,-848492.3925094142,-1126769.0477586237,-786624.3691056112,-1063867.9199195425,-61868.023403803025,-62901.12783908116,-843547.7587415674,-781117.5033651242,-62430.2553764431
18,113490,35332,111590,-1559492.5122158136,-815148.6889479257,-1440914.0634837996,-753083.0637023717,-118578.448732014,-62065.62524555404,covid_2022,-1056141.025910075,-1139762.075819029,-988915.1882494666,-1074221.1159787066,-67225.83766060838,-65540.95984032238,-1010276.308726787,-1236840.901735066,-943252.4664665828,-1165704.4173906913,-67023.84226020411,-71136.48434437453,-981022.6052823375,-1252470.5301714295,-913221.8712459689,-1188304.7907584934,-67800.7340363687,-64165.739412936186,-1033684.1124549635,-1144390.173484664,-967800.4293013079,-1078567.0327213637,-65883.68315365566,-65823.14076330018,-965413.6275989066,-1185277.6193048442,-898403.8626082957,-1119970.007196104,-67009.76499061083,-65307.612108740184,-999020.0911910906,-1162472.8430817532,-933892.2605553212,-1098987.4446345333,-65127.83063576942,-63485.39844721993,-1025396.5114180704,-1239792.2864479134,-955580.5336354406,-1173875.974302151,-69815.97778262972,-65916.31214576241,-967967.4583314452,-904310.1024658129,-63657.3558656323,-841687.0303820417,-989608.3222001019,-778933.0537478816,-925881.2853824717,-62753.9766341601,-63727.03681763014,-859498.2535692584,-1140614.23464008,-796961.3735228773,-1077042.4701727505,-62536.88004638103,-63571.76446732951,-854146.6148071609,-791049.8541887307,-63096.7606184302
19,115432,35627,113284,-1585148.9329481907,-828904.1850021761,-1465289.1751437075,-766108.3465941226,-119859.75780448326,-62795.838408053445,covid_2022,-1073639.524351315,-1158513.19970939,-1005659.2860398625,-1092213.2608277532,-67980.23831145253,-66299.9388816369,-1027043.4807917615,-1257169.1929616411,-959255.32652071,-1185215.755885186,-67788.1542710515,-71953.43707645511,-997294.9794530042,-1273098.7039252138,-928728.6971806454,-1208185.8303448416,-68566.28227235879,-64912.8735803722,-1050839.8937521088,-1163218.6598037614,-984213.5629588587,-1096645.1005652007,-66626.33079325013,-66573.55923856076,-981398.1835653605,-1204776.533229066,-913645.5196306928,-1138711.5822447594,-67752.6639346677,-66064.95098430656,-1015587.7220663764,-1181599.2017658423,-949722.4061415914,-1117375.2472899752,-65865.31592478497,-64223.954475867096,-1042379.9488297557,-1260205.9326429395,-971790.6554046177,-1193529.4261947628,-70589.29342513796,-66676.50644817673,-984041.8375055691,-919657.2145042828,-64384.62300128633,-856164.6834803249,-1005918.3645365161,-792660.9204978487,-941446.7406898716,-63503.762982476255,-64471.62384664458,-874291.4909388591,-1159311.6222990553,-811004.8442553226,-1095001.8316916043,-63286.646683536506,-64309.79060745105,-868355.946567643,-804532.249622319,-63823.696945324
20,118118,36125,115529,-1621633.02861054,-847860.1996478772,-1499747.2173074859,-783995.6629335767,-121885.81130305424,-63864.5367143005,covid_2022,-1098313.1269980494,-1185060.6204252979,-1029200.1794528565,-1117636.7352409612,-69112.9475451928,-67423.8851843368,-1050667.2895962142,-1285962.9561945167,-981728.6894612839,-1212795.9094854654,-68938.6001349304,-73167.04670905136,-1020147.4806320488,-1302311.6094433847,-950426.7081637509,-1236291.9093307557,-69720.77246829783,-66019.70011262893,-1074992.7272487644,-1189838.6289201835,-1007244.6813746337,-1122142.6963088496,-67748.0458741307,-67695.93261133383,-1003796.9514467113,-1232350.3244833883,-934916.3815013717,-1165163.9411009438,-68880.56994533958,-67186.38338244456,-1038877.0733612846,-1208644.0118513592,-971905.4172595192,-1143328.2827987499,-66971.6561017654,-65315.7290526094,-1066276.46267735,-1289052.0050406249,-994502.8542406773,-1221263.8910593006,-71773.60843667263,-67788.1139813243,-1006624.6378008036,-941145.1894564065,-65479.44834439708,-876061.8918615988,-1028908.4485498432,-811468.6828025645,-963337.1128101739,-64593.20905903435,-65571.3357396693,-894679.2734048528,-1185756.6844916386,-830304.7063296124,-1120354.5459898286,-64374.56707524044,-65402.13850181001,-888166.4471891854,-823260.706448931,-64905.7407402544
21,121665,36717,118515,-1670218.5852939538,-872900.9804316632,-1545840.582651357,-807635.0017499829,-124378.00264259675,-65265.97868168032,covid_2022,-1131228.5621424725,-1220445.6109702145,-1060651.2219742176,-1151553.0318266635,-70577.34016825483,-68892.57914355097,-1082112.1722584642,-1324311.8568390298,-1011693.4254633122,-1249570.7926635514,-70418.74679515204,-74741.06417547839,-1050520.4443633435,-1341181.284031716,-979315.694736679,-1273722.9105372105,-71204.74962666465,-67458.37349450543,-1107213.7527296843,-1225261.1929991501,-1038017.8144564416,-1156105.6396760542,-69195.93827324283,-69155.55332309594,-1033573.9602834354,-1269033.8641193719,-963228.7643486747,-1200385.3064503332,-70345.19593476078,-68648.55766903875,-1069878.216119794,-1244644.7687633997,-1001474.517356819,-1177907.3089486323,-68403.69876297504,-66737.45981476727,-1098101.6150598866,-1327505.22173384,-1024803.3422765547,-1258246.884795181,-73298.2727833319,-69258.33693865886,-1036722.7711669519,-969818.9836959761,-66903.78747097579,-902450.1805782975,-1059510.869859932,-836410.9136776251,-992501.6094787973,-66039.26690067229,-67009.26038113462,-921757.2778030232,-1220951.5524539996,-855944.6695060305,-1154112.8621532521,-65812.60829699271,-66838.69030074762,-914472.4109235408,-848154.0076792436,-66318.40324429725
22,125938,37513,122319,-1728468.695923506,-903077.6992719915,-1600942.0384593299,-835991.1600810405,-127526.65746417629,-67086.53919095107,covid_2022,-1170707.226712572,-1262839.7387226485,-1098228.9039759997,-1192042.9384586143,-72478.32273657226,-70796.80026403423,-1119831.8691458325,-1370227.5913707684,-1047516.0189562555,-1293472.3737640097,-72315.85018957693,-76755.21760675874,-1086996.265895674,-1387767.3510538256,-1013887.8336751324,-1318437.8287261426,-73108.43222054174,-69329.52232768301,-1145825.2735646178,-1267702.4795093418,-1074764.4046322186,-1196669.3677632492,-71060.86893239919,-71033.11174609263,-1069341.8368003354,-1312992.264429644,-997113.7976123773,-1242459.9748598423,-72228.03918795813,-70532.28956980162,-1107082.9239959756,-1287756.2604194665,-1036830.3257990073,-1219178.9259622577,-70252.59819696828,-68577.33445720896,-1136276.7718264437,-1373555.1458627968,-1061024.48201234,-1302392.5308568233,-75252.28981410361,-71162.61500597348,-1072827.2055976372,-1004078.4771236652,-68748.72847397209,-934218.9921730615,-1096213.6817169115,-866307.8024162799,-1027341.7315977681,-67911.18975678158,-68871.95011914337,-954315.914588113,-1263122.0382037254,-886638.0517946335,-1194428.9101150716,-67677.86279347945,-68693.1280886537,-946096.6745129183,-877951.5008870829,-68145.17362583551
23,129772,38348,125901,-1781363.9910726617,-930137.3050697972,-1650783.132563802,-861263.9585703606,-130580.85850885964,-68873.34649943668,covid_2022,-1206375.2574831934,-1300908.4108784131,-1132047.9709423336,-1228245.8755666364,-74327.28654085983,-72662.53531177671,-1153878.7453400046,-1411416.9053504528,-1079714.6151518354,-1332699.2361541654,-74164.13018816929,-78717.6691962875,-1119890.4360471037,-1429491.517990523,-1044928.1810595107,-1358323.2363506083,-74962.25498759298,-71168.28163991477,-1180752.0994313436,-1305803.105098047,-1107864.7263865566,-1232936.664589193,-72887.37304478702,-72866.44050885408,-1101660.8793301112,-1352391.543076218,-1027583.5384725264,-1280009.305346814,-74077.34085758476,-72382.23772940402,-1140685.2296065271,-1326401.9222501689,-1068623.8434866476,-1256025.0143079408,-72061.38611987958,-70376.90794222802,-1170812.0545957254,-1414907.524877661,-1093654.8743455836,-1341881.3040007683,-77157.18025014171,-73026.22087689268,-1105486.072296673,-1034919.2322054685,-70566.84009120458,-962835.0667938594,-1129156.3788548799,-893082.6025485641,-1058449.6215238583,-69752.46424529531,-70706.75733102158,-983611.9368334847,-1300757.2145144197,-914106.6137182431,-1230237.6101614046,-69505.3231152416,-70519.6043530151,-974563.226732377,-904621.9505380057,-69941.27619437127
24,135660,39528,130863,-1862229.994350467,-971317.7746213083,-1727286.8101203425,-899976.4855172149,-134943.1842301245,-71341.28910409339,covid_2022,-1260885.546540383,-1359247.9479780681,-1184021.6533899168,-1283971.503039808,-76863.8931504662,-75276.44493826006,-1205856.7388027832,-1474549.4447063655,-1129138.9817195728,-1393077.7563872728,-76717.75708321048,-81471.68831909256,-1170159.7287663424,-1493418.5467471136,-1092612.3795640902,-1419673.3180916524,-77547.34920225218,-73745.22865546127,-1234133.2768835614,-1364113.7398577423,-1158753.544354762,-1288724.5543350668,-75379.73252879945,-75389.1855226756,-1150995.5137049146,-1412767.8129530973,-1074383.1947411099,-1337789.1880587277,-76612.31896380479,-74978.62489436957,-1191995.7091163986,-1385629.0578246983,-1117469.2124832484,-1312739.6490390496,-74526.49663315022,-72889.40878564873,-1223556.872669787,-1478237.782573805,-1143780.6888600285,-1402630.256586623,-79776.18380975841,-75607.52598718199,-1155329.7447561244,-1082260.6882632636,-73069.05649286097,-1006435.6431461453,-1179538.0731921727,-934106.9319794187,-1106300.6294698382,-72328.71116672653,-73237.44372233441,-1028258.100744861,-1358413.736538999,-956199.357017456,-1285357.3428781745,-72058.743727405,-73056.39366082443,-1017951.9732523488,-945513.8708678951,-72438.10238445371
25,141962,40896,136848,-1949840.7531829358,-1015871.006571196,-1809779.2557430137,-941589.2637600593,-140061.497439922,-74281.74281113675,covid_2022,-1319858.8226425152,-1422112.959510608,-1239889.931412913,-1343744.169164173,-79968.89122960222,-78368.79034643492,-1262099.2814097079,-1542526.4590394967,-1182321.915121482,-1457769.328096291,-79777.36628822582,-84757.13094320578,-1224552.499637388,-1562222.2116844214,-1143917.9359734727,-1485452.304017231,-80634.56366391519,-76769.90766719023,-1291811.2134740646,-1426994.071886532,-1213407.0123657691,-1348554.7340666282,-78404.20110829556,-78439.33781990381,-1204411.6381285982,-1477749.0156654555,-1124722.8357316107,-1399708.501278611,-79688.80239698746,-78040.51438684454,-1247487.5683567135,-1449350.2756546168,-1169964.3512073327,-1373471.0954889555,-77523.21714938074,-75879.18016566131,-1280617.8706802288,-1546399.976076189,-1197668.730281435,-1467707.0372355625,-82949.14039879378,-78692.93884062662,-1209138.9477789837,-1133089.508688412,-76049.43909057192,-1053720.781421641,-1233789.4715493016,-978369.06575447,-1157543.3602329267,-75351.71566717097,-76246.11131637488,-1076701.7625921478,-1420302.7531507877,-1001634.5544902353,-1344236.0584771815,-75067.20810191252,-76066.69467360615,-1064808.3832052774,-989399.8280876506,-75408.55511762669
0,705,33,249,-7480.484154759223,-6811.140459007579,-7270.167402386491,-6638.546811048152,-210.31675237273282,-172.5936479594264,flu_2022,-5440.544466800447,-5948.30734734969,-5358.935199888967,-5866.253256571415,-81.60926691147998,-82.05409077827561,-5275.63208909479,-6441.475392950481,-5193.6334677073655,-6353.936001977251,-81.99862138742424,-87.53939097323027,-5142.315909735873,-6616.3409893959,-5058.117312212513,-6531.045926911907,-84.19859752336026,-85.29506248399215,-5345.827668427516,-5979.347881645657,-5265.831390796153,-5903.346908514735,-79.9962776313636,-76.00097313092188,-5020.805935037906,-6266.37979154681,-4941.3567381236335,-6178.982879184273,-79.44919691427245,-87.3969123625375,-5179.06614911015,-6149.292587572956,-5101.561516484347,-6067.249922665449,-77.50463262580348,-82.04266490750744,-5238.130365499323,-6435.452879057828,-5158.601212584132,-6351.553335995986,-79.52915291519095,-83.8995430618412,-5058.994205653018,-4979.1145054874205,-79.87970016559726,-5132.466831366121,-5317.247475181835,-5034.794865366886,-5232.47458145937,-97.67196599923534,-84.77289372246605,-5270.398977784862,-6221.770300428999,-5170.2869446722925,-6142.603387806253,-100.11203311256982,-79.1669126227463,-4758.16298547353,-4678.085265018413,-80.07772045511683
1,2293,199,1397,-24488.904768689546,-17419.438553875196,-23634.199809610913,-16806.768697000472,-854.7049590786338,-612.6698568747222,flu_2022,-17762.390378916047,-19132.517679970435,-17251.421430100447,-18612.19566646741,-510.96894881559945,-520.3220135030247,-17148.73541732507,-20666.252089610443,-16641.61437389807,-20121.621085694598,-507.1210434269992,-544.6310039158437,-16673.53357712036,-21137.907723325334,-16157.98912571687,-20620.238324155056,-515.5444514034906,-517.6693991702775,-17435.433753748628,-19218.430990789475,-16935.01181294851,-18714.73031597807,-500.42194080012007,-503.7006748114048,-16343.007358776547,-20069.797075222614,-15833.539046191347,-19544.15671802342,-509.4683125852008,-525.640357199193,-16859.426602260824,-19720.099349086304,-16360.744540126758,-19209.168400500555,-498.68206213406546,-510.93094858574995,-17107.547245474525,-20696.658300007963,-16593.43031944703,-20171.0653540965,-514.1169260274964,-525.5929459114643,-16522.854596479745,-16023.334974991223,-499.5196214885235,-16495.778747204513,-17126.505426714222,-15952.216789134802,-16606.026092988992,-543.5619580697119,-520.4793337252302,-16891.495398259794,-19906.512844166533,-16350.320880410314,-19390.818301819105,-541.1745178494797,-515.6945423474277,-15398.622882108684,-14890.911213344365,-507.7116687643185
2,3330,392,2563,-35885.957585691,-24651.5579931008,-34314.74692203164,-23549.64297807437,-1571.2106636593628,-1101.9150150264295,flu_2022,-26075.324768653154,-28098.01496513157,-25078.9600288113,-27088.23411186651,-996.3647398418534,-1009.7808532650599,-25206.86994042239,-30335.054475875026,-24214.235340859435,-29286.9564741115,-992.6345995629576,-1048.0980017635284,-24498.317305935263,-31030.3020599843,-23498.06671038045,-30028.758614977683,-1000.2505955548106,-1001.5434450066177,-25581.30369983444,-28231.825550002613,-24599.770639494338,-27244.764472215487,-981.5330603401011,-987.0610777871257,-24016.186326568084,-29463.756719842935,-23021.089156433824,-28451.686008590917,-995.0971701342596,-1012.0707112520192,-24760.58110020844,-28948.60022525828,-23778.080649022828,-27959.487408807105,-982.5004511856138,-989.1128164511767,-25121.781275155943,-30379.512017170608,-24110.528949096344,-29357.93837337425,-1011.2523260595985,-1021.5736437963551,-24289.73650093739,-23315.080087115955,-974.6564138214329,-24258.63803900603,-25187.304516304524,-23224.126049101636,-24183.87180828385,-1034.5119899043946,-1003.4327080206745,-24842.33378203467,-29265.56146311813,-23815.515749188984,-28268.21165595251,-1026.8180328456858,-997.3498071656201,-22700.79401902944,-21718.05424087853,-982.7397781509103
3,3806,537,3247,-41497.23422166155,-28083.431998942273,-39421.86532385279,-26657.349372805373,-2075.368897808758,-1426.0826261369014,flu_2022,-30096.250332158565,-32357.77422984214,-28767.511109248404,-31016.493247117527,-1328.7392229101602,-1341.2809827246135,-29079.95256744658,-34912.9135194277,-27761.489141367478,-33527.14243491647,-1318.4634260791024,-1385.7710845112222,-28260.076067960923,-35694.058769654635,-26934.774032595615,-34368.80015803493,-1325.3020353653087,-1325.2586116197078,-29523.0285565858,-32499.9555641903,-28216.747470176168,-31189.554245542993,-1306.2810864096323,-1310.4013186473048,-27714.771398051773,-33899.77694291402,-26389.44430669744,-32560.190620997564,-1325.327091354331,-1339.5863219164553,-28567.712814962975,-33308.286215921966,-27262.105615923098,-31998.33445901984,-1305.6071990398777,-1309.9517569021243,-29004.044384503293,-34977.38887119927,-27658.173265390942,-33621.3713500279,-1345.8711191123514,-1356.01752117137,-28036.525628258514,-26735.816742381583,-1300.7088858769316,-27984.185876397107,-29008.251162539997,-26618.991446872413,-27678.68055924265,-1365.1944295246926,-1329.5706032973478,-28653.720492933513,-33638.111802789346,-27300.434560353395,-32318.904722844356,-1353.2859325801167,-1319.2070799449868,-26170.9246142602,-24866.07543679013,-1304.8491774700651
4,4150,647,3776,-45607.771098212776,-30590.349252265696,-43185.21717119545,-28934.309773753004,-2422.5539270173276,-1656.0394785126923,flu_2022,-33028.589988226275,-35506.408334704465,-31467.899414491523,-33933.697549143406,-1560.6905737347515,-1572.710785561057,-31911.702484130215,-38311.90592542684,-30362.018083411927,-36686.03700997389,-1549.6844007182867,-1625.8689154529532,-31025.745916092164,-39167.77422500975,-29467.083849731112,-37601.674263047666,-1558.6620663610538,-1566.0999619620848,-32409.1334063106,-35666.936289881036,-30872.810508332317,-34128.90557234878,-1536.3228979782823,-1538.0307175322494,-30427.326262833063,-37201.999484133536,-28869.76314304471,-35622.449086776185,-1557.5631197883522,-1579.550397357348,-31361.355794793064,-36550.62482785979,-29827.393572695695,-35007.3495753164,-1533.962222097368,-1543.275252543387,-31854.550148475308,-38403.2317524353,-30277.654000310176,-36808.93721122004,-1576.89614816513,-1594.294541215252,-30784.061564469397,-29250.552260315904,-1533.5093041534924,-30662.881426519598,-31838.43596221895,-29051.500579312207,-30265.56056290084,-1611.380847207391,-1572.8753993181133,-31385.894643052136,-36884.15654182269,-29790.433102194398,-35330.70284890782,-1595.4615408577363,-1553.4536929148671,-28703.438110918334,-27164.76571832427,-1538.672392594064
5,4419,705,4106,-48854.33110769658,-32531.015197858218,-46197.242800120956,-30736.30826508155,-2657.0883075756215,-1794.70693277667,flu_2022,-35309.82822327976,-37940.14611974649,-33607.12295076932,-36225.417683785025,-1702.705272510439,-1714.7284359614614,-34108.313883533476,-40932.488901416415,-32420.454025891282,-39159.58700665753,-1687.8598576421964,-1772.9018947588866,-33174.35064623904,-41837.18687546726,-31475.729098823205,-40131.88537525216,-1698.6215474158382,-1705.3015002151014,-34641.1734633845,-38112.83563533232,-32965.71527433812,-36435.14870274264,-1675.4581890463721,-1677.6869325896744,-32545.16413537669,-39738.76068796143,-30845.370455052303,-38020.05750747255,-1699.7936803243858,-1718.7031804888813,-33530.03974711831,-39038.68362211755,-31857.833909600384,-37360.998844139365,-1672.205837517923,-1677.6847779781788,-34080.65659751663,-41042.73798343632,-32356.01121727339,-39305.86061266527,-1724.6453802432377,-1736.8773707710488,-32912.040010066026,-31238.93008784156,-1673.1099222244698,-32726.129974057876,-34001.5636648886,-30975.47349347409,-32290.541273994117,-1750.656480583785,-1711.0223908944827,-33487.46986982978,-39360.62714687748,-31754.89534832366,-37670.29419187557,-1732.5745215061213,-1690.3329550019082,-30653.637867464022,-28977.460908724497,-1676.1769587395243
6,4621,762,4375,-51181.52613116917,-33974.450739046726,-48296.35926518197,-32056.25978405734,-2885.1668659872016,-1918.1909549893862,flu_2022,-36964.26007333581,-39716.39773710263,-35131.58561099064,-37878.03810236333,-1832.674462345171,-1838.3596347392966,-35718.31479035994,-42862.545614856346,-33898.94949486597,-40950.99406422895,-1819.3652954939669,-1911.5515506273925,-34754.52590094659,-43796.268989548495,-32923.96952888844,-41968.22371056003,-1830.5563720581467,-1828.045278988462,-36266.29284582471,-39909.89008917664,-34463.05350010356,-38103.7750323879,-1803.2393457211492,-1806.1150567887344,-34086.74626074578,-41604.01463240467,-32258.563392352087,-39759.61352938732,-1828.182868393688,-1844.4011030173488,-35109.29381477916,-40864.72635423005,-33311.48460058117,-39064.77268206837,-1797.8092141979878,-1799.953672161679,-35692.3357122111,-42958.45948649767,-33832.21028912362,-41099.487877129155,-1860.125423087474,-1858.971609368511,-34448.74747351027,-32655.168413429965,-1793.579060080307,-34289.53956278885,-35591.13477363111,-32421.590492677456,-33760.61936608396,-1867.9490701113937,-1830.5154075471423,-35082.97625234985,-41187.26968952169,-33232.78769180993,-39375.60366502559,-1850.1885605399243,-1811.6660244960972,-32098.28753034738,-30302.204017754342,-1796.08351259304
7,4782,804,4579,-53182.15256211317,-35133.425582405165,-50122.29362779959,-33121.36805518154,-3059.8589343135823,-2012.0575272236201,flu_2022,-38372.305575621205,-41204.971304945066,-36432.29058064546,-39272.605912558894,-1940.01499497575,-1932.3653923861737,-37063.07585181711,-44476.516449300834,-35145.6823418628,-42455.58713572666,-1917.393509954318,-2020.929313574174,-36062.008359135085,-45426.25636917267,-34128.96179340555,-43505.52120308032,-1933.0465657295385,-1920.7351660923466,-37638.32829141453,-41407.04832130305,-35733.45920498683,-39501.893538483106,-1904.8690864276991,-1905.154782819946,-35368.30429209216,-43152.67821091641,-33435.737162964,-41213.58977700504,-1932.5671291281587,-1939.0884339113672,-36429.689673739435,-42387.52999129836,-34534.09949854513,-40495.04406434853,-1895.5901751943006,-1892.4859269498315,-37046.14943863258,-44565.15722004512,-35079.75071328891,-42613.84561009906,-1966.3987253436728,-1951.3116099460576,-35739.43047577205,-33852.195074866315,-1887.2354009057365,-35521.61130417783,-36910.94776063659,-33565.50173494461,-34986.65579885,-1956.1095692332149,-1924.291961786594,-36348.803245096016,-42705.673830232794,-34410.07175162638,-40803.4509916306,-1938.7314934696299,-1902.222838602193,-33274.53423262989,-31384.897041596487,-1889.6371910334055
8,4873,827,4698,-54283.16875464769,-35798.59626381867,-51149.707975797064,-33737.07396037192,-3133.460778850629,-2061.5223034467476,flu_2022,-39160.538445373306,-42024.97436226896,-37169.43883175422,-40041.38693179377,-1991.0996136190863,-1983.587430475186,-37819.649574291005,-45355.38912693103,-35851.982267964304,-43281.88603620065,-1967.6673063267,-2073.5030907303776,-36799.296688635586,-46317.884354215996,-34815.99144461922,-44346.22059171176,-1983.30524401637,-1971.6637625042372,-38411.73282697495,-42230.23821610863,-36457.497906843666,-40275.65755686094,-1954.2349201312861,-1954.5806592476888,-36096.07805292609,-44000.673458764955,-34114.48053135876,-42012.821111736994,-1981.5975215673334,-1987.8523470279608,-37176.21312205026,-43224.82118441335,-35231.4156719823,-41283.506346399605,-1944.7974500679647,-1941.314838013741,-37811.428305628186,-45451.18505957761,-35794.845210862404,-43451.370727112764,-2016.5830947657805,-1999.8143324648447,-36471.35368253383,-34535.864582972674,-1935.4890995611577,-36247.18951606892,-37638.2343762168,-34239.94970508869,-35664.129837333385,-2007.2398109802198,-1974.104538883421,-37086.6454634892,-43528.1110141445,-35097.5533135956,-41577.32202659407,-1989.092149893597,-1950.7889875504336,-33943.10784492302,-32005.47126933855,-1937.6365755844681
9,4978,852,4821,-55587.26189265783,-36551.60651998541,-52356.28753488806,-34434.542873918064,-3230.9743577697695,-2117.0636460673463,flu_2022,-40071.57962908901,-42971.41029928244,-38020.93253680778,-40931.99004519578,-2050.6470922812323,-2039.4202540866618,-38691.86474119766,-46368.15652302097,-36667.27829427501,-44237.6703461407,-2024.5864469226474,-2130.4861768802634,-37644.04539918517,-47346.08131019122,-35602.81985191279,-45320.84947766736,-2041.2255472723746,-2025.2318325238616,-39302.61369200567,-43177.31940298967,-37290.311487226325,-41167.15932145142,-2012.3022047793404,-2010.160081538251,-36928.94033064718,-44977.20540560766,-34887.87774071559,-42935.81008920944,-2041.0625899315955,-2041.3953163982194,-38033.70163972815,-44186.34142238757,-36032.009157462395,-42192.39322071278,-2001.6924822657527,-1993.9482016747959,-38694.1536791262,-46470.94865394392,-36617.85091158663,-44417.177951823614,-2076.302767539567,-2053.7707021203055,-37315.49870292687,-35324.19107004337,-1991.307632883496,-37067.648143025945,-38476.79099152703,-35006.66881635399,-36448.75703841792,-2060.9793266719557,-2028.033953109109,-37927.55832965427,-44477.498821649446,-35885.55822219933,-42475.06959786147,-2042.0001074549382,-2002.4292237879772,-34704.731305816465,-32713.14512450171,-1991.5861813147562
10,5054,865,4916,-56533.00837117467,-37096.79226615718,-53246.455668499264,-34944.020500547755,-3286.5527026754094,-2152.7717656094264,flu_2022,-40726.14385557125,-43648.472882644724,-38640.754295851744,-41571.43981465949,-2085.389559719506,-2077.0330679852323,-39319.65076138171,-47089.03368822654,-37259.51849749876,-44921.418404255404,-2060.1322638829483,-2167.615283971135,-38253.79504785209,-48078.92136405129,-36177.52161443016,-46016.86278430126,-2076.2734334219276,-2062.058579750033,-39943.891484798754,-43852.6175063932,-37896.7361727303,-41807.955016928674,-2047.155312068455,-2044.66248946453,-37536.12144665957,-45674.63665802357,-35459.49375522074,-43596.49526809835,-2076.627691438829,-2078.1413899252216,-38653.985186829304,-44871.505274483105,-36617.902222516175,-42841.61057450477,-2036.0829643131303,-2029.8946999783338,-39330.93189088151,-47202.27725306266,-37219.177120225606,-45110.08835361655,-2111.7547706559085,-2092.1888994461096,-37924.77409495847,-35897.00175681925,-2027.7723381392218,-37655.82142837543,-39073.12437018508,-35556.690149956084,-37009.27498703825,-2099.131278419346,-2063.8493831468395,-38524.29077079549,-45146.00529018748,-36445.47452226466,-43106.979890604394,-2078.816248530824,-2039.0253995830838,-35253.32443022036,-33225.00209007781,-2028.32234014255
11,5128,876,5007,-57373.467894158355,-37612.55031226894,-54027.454065849444,-35433.716245081625,-3346.0138283089086,-2178.834067187315,flu_2022,-41312.487207203514,-44240.55788433798,-39197.40486009038,-42137.02716458815,-2115.082347113136,-2103.530719749827,-39888.17719280205,-47725.55840940622,-37798.70451823402,-45525.45460449239,-2089.4726745680287,-2200.1038049138288,-38810.78881744207,-48719.01485347646,-36705.58408595595,-46631.63423833906,-2105.2047314861234,-2087.380615137398,-40516.578387451416,-44451.979026953886,-38440.63734578302,-42377.89174690293,-2075.941041668395,-2074.0872800509546,-38088.29851679691,-46286.17884594951,-35983.433767002796,-44181.40659064343,-2104.8647497941156,-2104.772255306073,-39211.129997967706,-45469.40782346009,-37147.39135991443,-43413.73809942618,-2063.738638053276,-2055.669724033912,-39905.815087357696,-47835.88499417565,-37762.26522064443,-45717.426280725966,-2143.549866713266,-2118.458713449683,-38470.63113079672,-36417.05443228523,-2053.576698511489,-38239.50949869377,-39602.82041793173,-36117.17109652063,-37514.08300594595,-2122.338402173141,-2088.7374119857873,-39117.76797007874,-45731.90316954308,-37015.14165440774,-43667.370217609445,-2102.6263156710033,-2064.532951933635,-35767.289513859,-33713.513627876026,-2053.7758859829787
12,5192,891,5090,-58109.52138853619,-38089.238024180275,-54706.38916709772,-35878.54137524086,-3403.132221438472,-2210.6966489394194,flu_2022,-41833.997223567065,-44760.81857365638,-39686.316724081036,-42625.07952314328,-2147.6804994860277,-2135.739050513107,-40393.629741928205,-48274.818141933894,-38273.016503243845,-46040.643896115886,-2120.6132386843574,-2234.174245818008,-39307.08546807922,-49272.87359906542,-37170.175988008115,-47154.35841414544,-2136.9094800711023,-2118.515184919976,-41026.075462202345,-44971.02201203782,-38918.16967983423,-42864.48237973383,-2107.9057823681164,-2106.5396323039927,-38586.894242528106,-46815.7346564356,-36448.90878966158,-44679.08106611094,-2137.9854528665246,-2136.6535903246568,-39708.271725900064,-45986.476367521704,-37612.938843912925,-43899.88384393884,-2095.3328819871413,-2086.5925235828613,-40415.59941459275,-48379.72555990533,-38237.89083893267,-46229.2678061468,-2177.708575660078,-2150.457753758532,-38957.69257723329,-36872.68463579896,-2085.0079414343304,-38801.98464006774,-40070.85089777694,-36645.195062137354,-37951.68237936903,-2156.7895779303853,-2119.168518407909,-39690.757597219635,-46238.10127482276,-37554.76922032084,-44142.16261353111,-2135.988376898793,-2095.938661291649,-36237.786743357414,-34151.41958572138,-2086.3671576360357
13,5260,899,5151,-58953.35168312364,-38577.06899588858,-55509.10595216025,-36346.30961137289,-3444.245730963389,-2230.7593845156844,flu_2022,-42423.73709991035,-45379.60669693911,-40255.062626390245,-43221.60241671878,-2168.674473520104,-2158.0042802203334,-40962.056558933196,-48938.84969304333,-38819.813757814496,-46680.69356092757,-2142.2428011187003,-2258.1561321157624,-39857.78117839626,-49944.16589636203,-37698.68564869546,-47805.85878931555,-2159.095529700802,-2138.3071070464784,-41601.9409075969,-45590.503109578836,-39473.48229021191,-43462.366605171235,-2128.4586173849875,-2128.1365044076015,-39125.661697609336,-47453.596264581814,-36966.25713010324,-45295.152169298075,-2159.4045675060984,-2158.4440952837367,-40262.74973777932,-46612.940265528174,-38146.72158287064,-44505.70001786441,-2116.0281549086817,-2107.2402476637667,-40986.46589468501,-49045.33124570585,-38785.55639781263,-46872.844960356284,-2200.909496872379,-2172.486285349567,-39500.96704609867,-37396.119716893925,-2104.847329204741,-39344.97726858082,-40611.173155251134,-37168.12134560829,-38473.24135309009,-2176.8559229725297,-2137.931802161048,-40250.0648453977,-46853.272260938764,-38094.03766027724,-44736.76152682455,-2156.027185120459,-2116.5107341142166,-36733.74898297235,-34626.91641871429,-2106.8325642580635
14,5313,908,5211,-59468.93175178573,-38937.110348954404,-55983.98976745999,-36680.63722614498,-3484.941984325731,-2256.4731228094233,flu_2022,-42817.900656891325,-45778.631479172545,-40620.629715429044,-43592.676664253704,-2197.270941462279,-2185.9548149188404,-41345.62187118817,-49357.00664028615,-39176.16860902662,-47073.04560936846,-2169.4532621615454,-2283.961030917689,-40227.784359045094,-50373.539292474234,-38042.41487890112,-48209.96361141425,-2185.369480143974,-2163.5756810599855,-41986.56871754515,-45989.97112855845,-39830.99647653369,-43834.56427180709,-2155.5722410114604,-2155.406856751364,-39492.55374416058,-47863.392730372645,-37305.047353076945,-45680.31592035876,-2187.5063910836348,-2183.076810013886,-40634.61411199908,-47016.293527417714,-38491.084659449814,-44884.20046208681,-2143.529452549266,-2132.093065330907,-41361.395904847705,-49463.66021814445,-39132.532355994146,-47265.51866718502,-2228.8635488535606,-2198.1415509594335,-39869.70395972349,-37738.60501128457,-2131.0989484389206,-39769.65020135856,-40975.07005123357,-37569.246382651814,-38813.67867857291,-2200.403818706749,-2161.3913726606584,-40686.55655882954,-47262.555667694236,-38507.28729874431,-45121.7807810324,-2179.269260085232,-2140.7748866618335,-37094.98007536508,-34963.79844179118,-2131.1816335738995
15,5373,917,5269,-60084.44416185315,-39347.00553844878,-56570.544261594565,-37067.4126124788,-3513.8999002585842,-2279.59292596998,flu_2022,-43277.64667208458,-46243.63129054225,-41056.37361158638,-44033.224917357606,-2221.2730604982025,-2210.406373184648,-41790.63551540652,-49852.10685610553,-39596.980763787615,-47543.97068142362,-2193.6547516188994,-2308.136174681907,-40663.763439186645,-50878.679200832186,-38454.41929663378,-48690.80741798481,-2209.344142552869,-2187.871782847372,-42439.092899736825,-46459.986491176795,-40260.016576191905,-44280.688440416634,-2179.0763235449185,-2179.298050760164,-39925.86900046836,-48346.99536285238,-37714.31914512413,-46139.68484445848,-2211.5498553442294,-2207.310518393896,-41073.96595427494,-47492.16131334756,-38906.542536389235,-45336.10926987883,-2167.423417885708,-2156.0520434687314,-41808.88441048117,-49964.48945001896,-39556.435498806444,-47742.18316047134,-2252.4489116747245,-2222.306289547622,-40300.2647876044,-38146.66180747815,-2153.602980126249,-40242.77078478867,-41395.98192093666,-38018.07594736936,-39211.38609121302,-2224.6948374193116,-2184.59582972364,-41166.43107666869,-47734.67601349015,-38962.75245061236,-45569.81882964345,-2203.6786260563345,-2164.8571838466987,-37505.00238040336,-35350.98504150838,-2154.0173388949843
16,5468,928,5355,-61076.817263035824,-40007.74483982542,-57527.86320110311,-37700.654664661684,-3548.954061932715,-2307.0901751637384,flu_2022,-44024.30091689693,-47022.14531845492,-41773.13297476795,-44781.27564363958,-2251.1679421289778,-2240.8696748153397,-42508.54323660471,-50685.875979416676,-40288.4460657516,-48346.97084559986,-2220.0971708531083,-2338.9051338168156,-41364.528343929735,-51727.09865356368,-39127.04363679572,-49509.0738279591,-2237.4847071340146,-2218.0248256045766,-43171.06712762899,-47242.01006018704,-40964.34770336595,-45033.288891586126,-2206.7194242630353,-2208.72116860092,-40622.367922633755,-49156.824770231564,-38381.730506253145,-46919.240126033365,-2240.637416380607,-2237.5846441982003,-41783.86393329778,-48291.708178330344,-39588.313374152276,-46106.30416691204,-2195.5505591455026,-2185.4040114183044,-42530.28359256139,-50801.48937275195,-40249.083662431694,-48548.6613490633,-2281.1999301296937,-2252.8280236886476,-41000.50660650631,-38818.653605467036,-2181.8530010392683,-40989.08170168231,-42099.67672748012,-38731.69910542336,-39884.71380190781,-2257.382596258951,-2214.9629255723066,-41927.09462663864,-48538.113310749766,-39690.9936510452,-46343.46589625623,-2236.1009755934356,-2194.647414493535,-38169.429199305276,-35986.207227021616,-2183.221972283663
17,5561,934,5445,-62050.10542936282,-40634.18785640084,-58462.649234746474,-38302.75761964453,-3587.456194616344,-2331.430236756306,flu_2022,-44744.082062078574,-47751.00284750332,-42464.16290288002,-45484.48136632305,-2279.9191591985477,-2266.521481180264,-43199.73159372346,-51464.750482425654,-40954.127690864334,-49098.20277359622,-2245.6039028591276,-2366.5477088294338,-42035.08180237166,-52519.25179669016,-39771.84986205249,-50277.308986195254,-2263.2319403191646,-2241.942810494905,-43874.800218186974,-47977.94802120611,-41641.21257908889,-45741.34309595776,-2233.5876390980875,-2236.604925248351,-41290.85949075332,-49913.60337775708,-39022.27383331798,-47651.29695925833,-2268.585657435335,-2262.306418498742,-42465.214389378525,-49038.00835748564,-40242.6142379718,-46828.345683780564,-2222.6001514067248,-2209.662673705078,-43224.99157852558,-51586.89175865992,-40914.706987639256,-49309.08391017421,-2310.284590886321,-2277.8078484857124,-41672.13919906443,-39465.80249010152,-2206.336708962913,-41700.90112591613,-42756.36951863977,-39420.71663841123,-40519.46736045768,-2280.1844875049023,-2236.9021581820884,-42652.26787869208,-49281.656630887155,-40393.126226392036,-47063.24912475877,-2259.141652300047,-2218.407506128385,-38801.58933927274,-36594.21727811187,-2207.3720611608646
18,5650,946,5539,-62978.78640359191,-41270.7354324584,-59350.94968340529,-38908.27707462377,-3627.836720186622,-2362.458357834632,flu_2022,-45455.75710562169,-48490.10087952473,-43142.204278486584,-46190.2541218956,-2313.5528271351086,-2299.846757629127,-43887.66625223006,-52255.14186511279,-41609.463416895065,-49852.25144025368,-2278.202835334996,-2402.8904248591066,-42700.974504081176,-53326.51765404435,-40404.09151960218,-51050.31973603998,-2296.882984478993,-2276.197918004369,-44572.677299469266,-48718.344939083254,-42306.70958827273,-46450.77848782289,-2265.9677111965325,-2267.5664512603616,-41948.664984941606,-50683.882760240565,-39646.63040827951,-48387.173694108875,-2302.034576662095,-2296.7090661316943,-43137.295158249566,-49800.453210045685,-40883.678867643626,-47557.752973580835,-2253.6162906059426,-2242.7002364648483,-43911.201327091,-52389.189570539,-41569.98433686211,-50075.855237849755,-2341.216990228898,-2313.3343326892414,-42350.317127151815,-40110.8980713702,-2239.4190557816214,-42427.25310744664,-43435.30313940178,-40114.77257063758,-41164.067067335614,-2312.4805368090574,-2271.236072066166,-43399.93262396375,-50062.21216494088,-41108.69464515253,-47810.523526484474,-2291.2379788112257,-2251.688638456407,-39450.28631249972,-37210.356012646,-2239.9302998537146
19,5805,952,5656,-64589.64921833947,-42302.88264874201,-60924.357407667514,-39914.92732853002,-3665.291810671958,-2387.955320211983,flu_2022,-46620.42617725559,-49689.53530294172,-44280.90243892986,-47362.77336277367,-2339.523738325735,-2326.761940168052,-45017.53429927453,-53540.11038918364,-42713.478756651624,-51110.03604320017,-2304.0555426229034,-2430.0743459834707,-43811.488242175474,-54636.419670784155,-41489.008779730575,-52334.67401877073,-2322.479462444897,-2301.7456520134187,-45723.420417046415,-49930.869657370255,-43432.002393173716,-47637.19818699054,-2291.4180238726976,-2293.6714703797084,-43042.75764267704,-51936.794941138025,-40714.929060825205,-49614.37585934458,-2327.8285818518348,-2322.4190817934464,-44252.32920557882,-51033.77747384608,-41973.2543159996,-48765.613326534876,-2279.074889579221,-2268.1641473112,-45061.98967296102,-53699.735693409624,-42694.05013656435,-51359.12497525965,-2367.9395363966705,-2340.6107181499783,-43457.53052876729,-41193.359100474656,-2264.1714282926314,-43622.269388450855,-44521.80364588899,-41283.62122541885,-42227.00274848977,-2338.6481630320072,-2294.800897399215,-44613.46787587143,-51281.05374936221,-42296.78330307058,-49003.60085992351,-2316.6845728008475,-2277.452889438707,-40480.63462730617,-38215.13223662901,-2265.5023906771626
20,5964,962,5799,-66212.21380957091,-43371.140432962726,-62493.35728067929,-40946.93269364755,-3718.856528891621,-2424.2077393151812,flu_2022,-47820.7271531542,-50916.8989867379,-45440.59585624634,-48552.93842281735,-2380.131296907854,-2363.9605639205442,-46179.11297437599,-54850.92394230908,-43836.79825291757,-52379.63571472854,-2342.3147214584196,-2471.2882275805423,-44937.67019755685,-55973.07481896291,-42577.11495947062,-53634.599422017236,-2360.55523808623,-2338.475396945672,-46900.95336232833,-51167.33727304228,-44570.29543267594,-48834.61260391054,-2330.6579296523855,-2332.724669131743,-44159.193390312845,-53213.76218969146,-41791.80908626183,-50854.68094988683,-2367.384304051018,-2359.0812398046255,-45389.16106219051,-52295.117387394064,-43072.1129173462,-49990.13220070922,-2317.0481448443074,-2304.9851866848508,-46227.9151779817,-55030.845828757185,-43820.37197429262,-52650.68694497033,-2407.543203689081,-2380.1588837868517,-44599.90774497833,-42297.98560904813,-2301.922135930193,-44848.85750397425,-45650.45518593802,-42475.460825592956,-43317.00432533036,-2373.396678381292,-2333.4508606076656,-45870.23365489049,-52557.56821932046,-43518.40683418243,-50242.89142846694,-2351.826820708062,-2314.676790853528,-41560.23469790986,-39257.97860507222,-2302.2560928376383
21,6143,980,5966,-68260.06456207123,-44651.66966964531,-64459.25715849898,-42180.429218997844,-3800.8074035722466,-2471.2404506474645,flu_2022,-49288.28298621751,-52471.4667478575,-46856.21609631687,-50056.6265873653,-2432.066889900641,-2414.8401604921955,-47605.39882878268,-56525.73220945366,-45211.974677955746,-53998.325787576774,-2393.424150826936,-2527.4064218768835,-46334.45776180944,-57678.823293432695,-43921.7079465416,-55291.54552317234,-2412.7498152678363,-2387.277770260354,-48341.11725999843,-52735.23430887316,-45960.12669654785,-50351.68980291182,-2380.9905634505776,-2383.544505961344,-45533.91687579096,-54834.97111894417,-43114.43092426114,-52424.898541373565,-2419.485951529819,-2410.072577570611,-46789.66713917914,-53885.25684660416,-44422.794133087926,-51530.855493384355,-2366.8730060912103,-2354.4013532198073,-47661.61175713629,-56715.022561393045,-45202.597636247,-54281.726545336875,-2459.0141208892906,-2433.29601605617,-45974.646207126956,-43624.94254093039,-2349.7036661965676,-46276.27214009434,-47037.64473286083,-43854.65589096962,-44655.508470855726,-2421.6162491247205,-2382.1362620050977,-47330.378243713865,-54135.91637354921,-44930.908256463066,-51772.05093465621,-2399.4699872507977,-2363.8654388930036,-42847.96713101113,-40496.815604579,-2351.151526432125
22,6301,990,6127,-69789.67269977204,-45720.70129868766,-65935.09814988286,-43208.18323267988,-3854.5745498891793,-2512.5180660077735,flu_2022,-50445.86496891417,-53679.61463322176,-47971.00277494554,-51223.545531512595,-2474.862193968628,-2456.0691017091654,-48734.054334253815,-57824.327469054464,-46299.71846432326,-55256.44734200656,-2434.335869930552,-2567.880127047905,-47447.015199455156,-59013.94503098718,-44993.15486150702,-56586.18595665873,-2453.860337948135,-2427.7590743284522,-49484.941185054624,-53964.496218851404,-47062.39708502697,-51539.68096571626,-2422.544100027657,-2424.815253135148,-46635.33884241027,-56109.66134513479,-44173.3448045426,-53659.846649799525,-2461.994037867666,-2449.8146953352643,-47905.7933502033,-55139.05945341009,-45497.45543781582,-52744.438630957775,-2408.3379123874734,-2394.6208224523166,-48793.305567126,-58031.53130009328,-46292.81318075853,-55556.520686543634,-2500.4923863674735,-2475.010613549643,-47075.2993716162,-44684.48499261988,-2390.8143789963246,-47501.739068464245,-48149.48063880084,-45038.8222091817,-45725.616021131944,-2462.9168592825454,-2423.864617668896,-48574.108510737744,-55402.70239487745,-46133.895328425,-52998.0910826367,-2440.2131823127456,-2404.6113122407496,-43913.78843602688,-41522.03561115193,-2391.752824874952
23,6475,1010,6293,-71690.9834736107,-46942.36623445639,-67751.9255476854,-44378.32932649698,-3939.0579259253054,-2564.0369079594066,flu_2022,-51829.35493782166,-55103.45476010819,-49301.06400280917,-52593.89390994748,-2528.2909350124905,-2509.560850160706,-50077.16001108359,-59339.831334295166,-47588.54092580051,-56715.075880326985,-2488.6190852830846,-2624.7554539681814,-48756.93476741147,-60556.84029009416,-46249.99085940548,-58076.584080948436,-2506.943908005986,-2480.2562091457257,-50843.8463156684,-55394.80313771714,-48367.916799066305,-52916.89853500195,-2475.929516602098,-2477.90460271519,-47929.5695384443,-57583.470641379805,-45414.124306505895,-55079.45471512416,-2515.445231938407,-2504.0159262556504,-49219.148886284835,-56587.504906639835,-46758.25463900393,-54140.6636240437,-2460.8942472809053,-2446.8412825961323,-50143.60264398554,-59563.28072777022,-47588.13875898526,-57033.76660677488,-2555.4638850002784,-2529.5141209953435,-48380.931000122335,-45937.495352788035,-2443.4356473343005,-48913.97831501897,-49435.43354359879,-46396.86350739858,-46958.72573030772,-2517.114807620393,-2476.707813291066,-50020.43804272618,-56845.29626961097,-47526.87112037887,-54386.89290627355,-2493.5669223473074,-2458.403363337422,-45147.79625784283,-42703.42046942985,-2444.375788412975
24,6680,1032,6468,-73904.38242480828,-48347.80302895645,-69876.81322319669,-45725.93376365447,-4027.5692016115986,-2621.8692653019725,flu_2022,-53445.834160349295,-56794.66251106364,-50858.620633996055,-54227.47911680735,-2587.2135263532414,-2567.183394256291,-51639.01645575461,-61154.744362344594,-49090.88644968974,-58468.80204509071,-2548.130006064875,-2685.94231725388,-50279.88213920407,-62407.074202759126,-47716.71465814252,-59871.55057620533,-2563.167481061551,-2535.523626553798,-52430.78453345154,-57102.18863368761,-49896.147855415926,-54565.537727385636,-2534.6366780356093,-2536.650906301978,-49432.449196605216,-59349.741901192436,-46859.513452198684,-56789.17844710592,-2572.935744406534,-2560.563454086512,-50756.492695993285,-58329.61926529284,-48237.7966237746,-55825.00155709982,-2518.6960722186873,-2504.6177081930155,-51722.85774228386,-61404.27398482533,-49107.43195526696,-58817.25323567594,-2615.4257870168967,-2587.020749149394,-49905.268937389716,-47404.14336628645,-2501.125571103262,-50480.644462137374,-50960.78106603946,-47901.26300548291,-48426.09230403814,-2579.381456654464,-2534.688762001322,-51616.04301682966,-58593.23720921631,-49061.470412098104,-56075.48197938476,-2554.5726047315543,-2517.7552298315595,-46569.567839496325,-44067.55224134331,-2502.015598153022
25,6834,1056,6672,-75586.15325998826,-49442.05859630789,-71464.16584292061,-46754.66545129427,-4121.987417067655,-2687.393145013626,flu_2022,-54672.834664831236,-58059.730320443996,-52018.157136215195,-55424.27699103456,-2654.677528616039,-2635.4533294094363,-52832.20903864771,-62500.21282379749,-50220.06126862557,-59746.7676496961,-2612.147770022137,-2753.4451741013922,-51451.72535836353,-63786.008508145016,-48823.15819227299,-61182.36098229319,-2628.567166090546,-2603.6475258518253,-53634.86999149581,-58377.270428144904,-51035.353250970154,-55775.5854535041,-2599.5167405256575,-2601.684974640801,-50592.385872153776,-60662.6394906654,-47952.91293946272,-58035.76721662047,-2639.4729326910515,-2626.872274044928,-51927.49418767989,-59616.802957003085,-49345.161632052674,-57045.61104308492,-2582.3325556272166,-2571.1919139181596,-52917.32880168122,-62762.65213965451,-50236.925677774256,-60108.079702588824,-2680.403123906963,-2654.572437065682,-51059.03442108869,-48490.239382493426,-2568.795038595263,-51739.41908936004,-52103.983410926514,-49089.68137671522,-49498.96613211209,-2649.73771264482,-2605.017278814425,-52897.72600802475,-59869.792394154705,-50273.76781615452,-57284.194971223595,-2623.9581918702297,-2585.597422931109,-47669.9404760075,-45100.89543026569,-2569.0450457418074
0,87,1,25,-777.6204549418173,-836.5536051327066,-759.2278422336299,-819.224925618708,-18.39261270818745,-17.32867951399863,othervirus_2022,-565.6265935335095,-459.29603573943973,-561.6498099097386,-456.39492164826,-3.976783623770987,-2.901114091179758,-547.0435835488664,-463.14636326534355,-543.0858095411456,-460.46813545107693,-3.957774007720804,-2.6782278142666454,-532.5545793797384,-461.94921413277604,-528.9770540401555,-459.51007969786207,-3.5775253395827957,-2.439134434913962,-556.858820452893,-459.1387884425392,-552.8945269186218,-456.51381748650596,-3.9642935342713437,-2.624970956033202,-551.1463596017884,-450.2603769844292,-547.686293305981,-447.7185275855214,-3.460066295807317,-2.5418493989077957,-534.8378415125369,-441.17364374471435,-531.4065598350115,-438.7401990229023,-3.431281677525418,-2.4334447218120667,-546.7992711744049,-464.1248145278319,-542.960107539113,-461.8517878479391,-3.8391636352919063,-2.273026679892823,-532.7278642083317,-529.6580138375933,-3.069850370738371,-741.1987156739149,-434.8890354795708,-737.2753649065758,-432.4820835697224,-3.9233507673391137,-2.406951909848396,-746.408034751009,-409.83608132272093,-742.7907120617709,-407.8416254813202,-3.6173226892381245,-1.9944558414007312,-531.0410187623373,-528.6643626295973,-2.376656132739929
1,386,5,219,-3340.129754404579,-2306.952006323872,-3289.9812353526363,-2264.5899702522315,-50.14851905194269,-42.362036071640546,othervirus_2022,-2483.6792549630886,-2011.9205045842386,-2460.385587789525,-1990.5203396292247,-23.293667173563737,-21.400164955013913,-2386.8516526083145,-2030.1345891397505,-2364.342452267033,-2010.2611773314836,-22.509200341281417,-19.87341180826674,-2308.4143886598354,-2026.1846655540687,-2286.808321392094,-2006.6069398078314,-21.60606726774138,-19.57772574623742,-2436.828769554059,-1996.0149036754508,-2413.579195387276,-1976.2515419645415,-23.249574166782878,-19.763361710909194,-2405.9211646931994,-1971.0192695663286,-2383.7168740606503,-1951.3251365022052,-22.20429063254912,-19.694133064123452,-2338.169748712406,-1938.859067367886,-2315.8567248979402,-1919.2754575075414,-22.313023814465765,-19.58360986034446,-2376.86397912195,-2030.429946711582,-2354.2826632548395,-2008.5058748737467,-22.581315867110504,-21.924071837835356,-2348.068151946486,-2326.3268363361112,-21.7413156103748,-3251.557388535306,-1939.404885331422,-3225.543208472642,-1919.862794675326,-26.014180062663716,-19.54209065609605,-3282.089956236327,-1862.1474791492342,-3256.7220347844723,-1844.3608766466914,-25.367921451854873,-17.786602502542696,-2361.2886680099077,-2341.5207333467883,-19.76793466311916
2,640,16,462,-5484.713123552734,-3505.128210010662,-5374.453091442385,-3417.0838041175975,-110.26003211034953,-88.04440589306449,othervirus_2022,-4092.9071713446556,-3310.214896661799,-4027.078910628391,-3244.5065216849043,-65.82826071626458,-65.70837497689448,-3942.108263885013,-3335.9574292887737,-3876.547655766574,-3272.2551750451557,-65.560608118439,-63.70225424361807,-3816.903578570785,-3323.877407624176,-3752.0442001861675,-3261.3275741367315,-64.85937838461753,-62.549833487444545,-4015.6920312607413,-3278.2908979673884,-3949.438381798467,-3215.302686800835,-66.25364946227415,-62.988211166553384,-3979.381078535967,-3235.934286755607,-3912.374154501851,-3171.962089897379,-67.00692403411583,-63.972196858228145,-3856.8554886593565,-3177.877717279846,-3791.0598001816443,-3115.884609328719,-65.7956884777121,-61.99310795112708,-3915.13243281037,-3317.002654565302,-3847.3178252279176,-3248.7539067203397,-67.8146075824526,-68.24874784496214,-3871.2474928068677,-3806.479588983285,-64.767903823583,-5438.934141258515,-3203.4561299270968,-5368.383533189717,-3142.5229089441536,-70.5506080687984,-60.933220982943034,-5495.511601571437,-3063.905356243864,-5425.0826929473005,-3001.613245590887,-70.42890862413586,-62.292110652977,-3926.9839231058786,-3864.051222509356,-62.93270059652231
3,791,29,634,-6777.3643332380325,-4219.00958762316,-6611.035348405419,-4089.0132662343726,-166.32898483261323,-129.99632138878718,othervirus_2022,-5070.754876577359,-4090.7922819386617,-4961.215876950238,-3983.5100948151967,-109.53899962712023,-107.28218712346495,-4879.754593157649,-4118.115619279672,-4771.429968914437,-4012.2452908839005,-108.32462424321139,-105.87032839577105,-4721.248237629083,-4099.1635401090525,-4612.508063986617,-3995.640371810947,-108.74017364246512,-103.52316829810601,-4974.820829598892,-4051.5082776567424,-4864.654678312471,-3945.8291745393117,-110.16615128642034,-105.67910311743091,-4929.350101761719,-3993.63653934861,-4817.996368719887,-3888.9411395173174,-111.35373304183243,-104.69539983129242,-4776.866738065592,-3924.933655548639,-4666.51300509678,-3822.2740742171472,-110.35373296881176,-102.65958133149155,-4844.630517795762,-4091.822184351771,-4731.244389077502,-3980.436683896776,-113.38612871825998,-111.38550045499494,-4790.522352983171,-4684.52100381868,-106.00134916449089,-6717.8592815873435,-3963.49647265493,-6602.9790893240015,-3860.383604052102,-114.88019226334221,-103.11286860282829,-6788.441613511309,-3790.6343476168004,-6672.685053947482,-3686.1970941750005,-115.75655956382701,-104.43725344180004,-4864.139516532669,-4759.224401959692,-104.91511457297787
4,986,40,850,-8488.231859089638,-5221.1937780134285,-8271.595447610474,-5056.420291602681,-216.63641147916363,-164.77348641074798,othervirus_2022,-6357.23147557659,-5164.70650684053,-6216.108005132179,-5024.6539416523065,-141.1234704444113,-140.05256518822375,-6118.620216848132,-5205.036974553361,-5978.09494664727,-5066.359746756449,-140.52527020086157,-138.6772277969117,-5916.449190336776,-5186.536368980092,-5774.646458700473,-5050.284242865175,-141.80273163630352,-136.25212611491753,-6236.397951448027,-5111.556739329562,-6094.02337850062,-4974.642264540151,-142.37457294740688,-136.91447478941143,-6171.752019758449,-5050.088323913689,-6028.049393845791,-4912.152615984366,-143.70262591265816,-137.93570792932275,-5988.181855605034,-4964.977643133582,-5845.817562346348,-4830.493905022213,-142.36429325868593,-134.48373811136958,-6075.668283626737,-5176.641236787374,-5928.1207550221025,-5031.4470904060145,-147.5475286046352,-145.19414638135905,-6015.916419876303,-5876.199906282796,-139.71651359350687,-8389.060985353346,-5005.163368109131,-8238.204489094389,-4867.945682473298,-150.85649625895735,-137.21768563583265,-8482.298442428928,-4815.914907871861,-8331.502025226813,-4678.25997733458,-150.79641720211433,-137.65493053728122,-6106.337624990727,-5967.332044778248,-139.00558021247863
5,1187,45,1054,-10096.947993150296,-6161.873907653296,-9849.029578419964,-5977.855940780204,-247.91841473033062,-184.01796687309184,othervirus_2022,-7609.837554244805,-6157.443279628633,-7449.397411975453,-5998.988711139924,-160.4401422693519,-158.45456848870862,-7324.733930160996,-6198.382743523611,-7164.183392908102,-6040.7768695940495,-160.5505372528945,-157.60587392956162,-7082.064450850153,-6174.717823585767,-6921.393506039218,-6021.9593333975745,-160.67094481093503,-152.75849018819258,-7466.68416314255,-6096.335199239151,-7304.5537569083235,-5941.6022825152195,-162.13040623422611,-154.73291672393162,-7392.2879822797095,-6018.458034748257,-7229.90452405927,-5863.73629538101,-162.38345822043902,-154.72173936724698,-7166.450756368992,-5922.936887084009,-7004.856316702297,-5771.405408973662,-161.59443966669525,-151.5314781103467,-7269.015325870111,-6168.158158555774,-7101.7317822535015,-6004.686636778338,-167.28354361660985,-163.4715217774365,-7208.592764737191,-7049.614683374504,-158.9780813626869,-10113.517966784353,-5986.940788240236,-9943.68486526906,-5830.325437045135,-169.83310151529227,-156.61535119510089,-10225.681484913048,-5759.779137119264,-10056.924208429116,-5604.649116865061,-168.7572764839313,-155.1300202542033,-7342.806909817849,-7185.441893731135,-157.36501608671435
6,1456,50,1291,-12254.715005667493,-7350.4682601704435,-11973.379829865076,-7141.060373107748,-281.33517580241727,-209.40788706269524,othervirus_2022,-9254.844619898658,-7441.1762390431695,-9072.417006760312,-7259.546922093408,-182.42761313834612,-181.62931694976123,-8909.813272233305,-7480.519518075589,-8726.265371023928,-7300.3196758093245,-183.54790120937693,-180.19984226626437,-8617.775380824783,-7451.5873790453215,-8433.444257825751,-7274.792622652123,-184.33112299903283,-176.79475639319833,-9082.494212101035,-7366.411390081456,-8897.909397987145,-7189.87214208046,-184.5848141138905,-176.53924800099628,-9008.1321966632,-7267.306344500591,-8822.65042331731,-7088.564868219039,-185.48177334589147,-178.74147628155134,-8718.282979306603,-7149.228265656127,-8534.4677513946,-6974.99107210318,-183.81522791200305,-174.2371935529477,-8835.356475894425,-7435.921092881512,-8645.667851498001,-7249.362818415708,-189.68862439642442,-186.55827446580446,-8769.69820093279,-8587.483311994289,-182.2148889385009,-12392.799169058217,-7256.379328739035,-12199.86884667271,-7077.099292354822,-192.93032238550495,-179.28003638421384,-12524.559838905203,-6949.717107663688,-12333.268700357705,-6772.021060304056,-191.2911385474976,-177.69604735963225,-8962.486473507319,-8782.375430813454,-180.11104269386487
7,1799,60,1603,-14983.982813273708,-8821.129752258634,-14653.381087533919,-8576.870265705951,-330.60172573978974,-244.25948655268294,othervirus_2022,-11359.880652483547,-9050.797963968918,-11143.10920419663,-8836.931830101503,-216.77144828691732,-213.86613386741544,-10937.333094589381,-9077.616361723214,-10719.599198622407,-8864.384549914888,-217.7338959669737,-213.23181180832518,-10586.687232119544,-9032.442712579237,-10368.05771714611,-8823.30696091403,-218.62951497343457,-209.13575166520707,-11149.672468703346,-8966.818838697729,-10930.518614657592,-8756.830467271568,-219.15385404575255,-209.98837142616225,-11066.342422173335,-8826.143181077325,-10845.975688167187,-8614.143887185372,-220.3667340061475,-211.99929389195228,-10697.521260457075,-8686.802396671626,-10479.62703988499,-8479.737916337212,-217.8942205720851,-207.06448033441404,-10845.843266220578,-9026.925212825869,-10621.790063379402,-8807.600940481649,-224.05320284117647,-219.32427234422025,-10760.379601494998,-10544.053244888371,-216.32635660662655,-15341.127123731727,-8837.334711398726,-15114.08042208857,-8624.535895520063,-227.04670164315812,-212.79881587866225,-15492.342384784157,-8402.422158493322,-15268.059407735229,-8192.051710613736,-224.28297704892714,-210.37044787958624,-11014.613042207486,-10800.545925052793,-214.06711715469214
8,2153,74,1894,-17780.74152867467,-10365.032087967453,-17390.65553839037,-10077.384960109692,-390.0859902843004,-287.6471278577614,othervirus_2022,-13517.78945546079,-10727.432123938823,-13257.213518091372,-10473.350390288855,-260.5759373694173,-254.08173364996782,-13026.870659957385,-10743.133226292306,-12768.402436413728,-10490.920262477644,-258.4682235436583,-252.2129638146608,-12625.891922965364,-10685.462442321226,-12366.128416146645,-10437.567838414476,-259.76350681871924,-247.8946039067502,-13265.723272281557,-10630.24006923787,-13004.186587307846,-10380.508084967694,-261.53668497371115,-249.7319842701766,-13199.714348649395,-10448.532785258576,-12936.92581104949,-10199.400772709532,-262.78853759990426,-249.13201254904322,-12734.117773214879,-10280.198885626947,-12475.307528149697,-10035.777502041132,-258.8102450651831,-244.42138358581494,-12912.165407258542,-10668.600817140332,-12646.197568554295,-10411.816253129131,-265.96783870424684,-256.78456401120076,-12808.198083465533,-12550.103428327877,-258.09465513765554,-18424.18310907081,-10492.169625919034,-18154.037658067202,-10239.953582334581,-270.14545100360965,-252.21604358445302,-18603.274625985097,-9933.494503954122,-18336.934710969923,-9685.569851954431,-266.3399150151728,-247.92465199969115,-13164.962841657167,-12910.816487155418,-254.14635450174833
9,2666,82,2341,-21845.35069795835,-12690.851991229436,-21408.080007250832,-12363.97178971564,-437.27069070751895,-326.8802015137949,othervirus_2022,-16673.292995512562,-13244.756791524049,-16375.596676921845,-12952.66809484262,-297.69631859071814,-292.0886966814288,-16098.670608101644,-13254.769168244304,-15802.551401281671,-12964.549660820236,-296.1192068199729,-290.2195074240688,-15628.122124096315,-13192.153391596254,-15331.646809994952,-12908.07662647439,-296.4753141013623,-284.0767651218632,-16372.296192414033,-13142.143819825722,-16074.259497823343,-12854.916848343182,-298.0366945906907,-287.22697148253957,-16311.199015566644,-12907.925161214462,-16012.315823387926,-12622.384775324557,-298.88319217871907,-285.5403858899037,-15720.797290941931,-12695.307713060361,-15425.543871112828,-12413.87651050015,-295.253419829103,-281.43120256021155,-15944.871712540447,-13164.50453793125,-15642.717092207746,-12870.690445371334,-302.15462033270245,-293.8140925599165,-15801.192369439,-15506.92230946635,-294.2700599726501,-22900.462269440002,-12945.969761290453,-22595.370503357866,-12656.745587905096,-305.09176608213437,-289.22417338535615,-23128.914189454976,-12239.708685950987,-22827.788400504076,-11955.566585713095,-301.1257889508994,-284.1421002378918,-16289.135016366112,-15999.594288031829,-289.5407283342838
10,3253,95,2884,-26663.966514850505,-15298.613106690576,-26155.533400787805,-14918.598497569006,-508.43311406270107,-380.0146091215705,othervirus_2022,-20357.19831607155,-16151.675270721835,-20002.53935009235,-15806.525567355,-354.658965979201,-345.149703366835,-19663.620724016408,-16150.495693471912,-19314.808668345657,-15807.133099049337,-348.8120556707506,-343.36259442257466,-19108.19516875627,-16071.044642504552,-18758.297871682444,-15734.444501213275,-349.89729707382514,-336.60014129127796,-19986.610734089587,-16031.779831980153,-19633.321849109743,-15689.243707490361,-353.2888849798454,-342.53612448979214,-19923.439783457456,-15731.151952193728,-19566.685626285853,-15392.103042195777,-356.75415717160223,-339.0489099979516,-19192.02552407249,-15466.208179905207,-18841.23292787438,-15132.089756226109,-350.7925961981128,-334.1184236790983,-19476.38064888724,-16036.79161701353,-19118.888767203138,-15688.306021551678,-357.49188168410126,-348.4855954618526,-19271.99697169937,-18923.360166985487,-348.6368047138805,-28039.822993710277,-15757.317828969568,-27680.49553936228,-15415.979386052146,-359.3274543479968,-341.3384429174217,-28318.93488214388,-14846.714088637758,-27965.07421179665,-14510.122474313748,-353.86067034722794,-336.591614324011,-19865.107702037203,-19521.516034157372,-343.59166787982974
11,3952,105,3528,-32271.02396722655,-18350.381012337566,-31714.1822115576,-17927.21398241385,-556.8417556689509,-423.16702992371427,othervirus_2022,-24676.74002005747,-19536.077538720387,-24278.58762396104,-19151.554661574864,-398.1523960964302,-384.5228771455232,-23841.86311893467,-19525.599358505653,-23451.438935317023,-19139.597992410243,-390.4241836176474,-386.00136609541073,-23187.365675414658,-19424.926940846664,-22796.223697744816,-19048.398696625707,-391.1419776698431,-376.5282442209573,-24229.816147773134,-19407.62400134716,-23833.712547975432,-19024.771058460283,-396.1035997977017,-382.8529428868785,-24169.756477640258,-19028.36399915462,-23770.749225601674,-18648.424104054106,-399.00725203858474,-379.93989510051483,-23266.56588319265,-18707.927083472918,-22874.446055098633,-18332.909884896835,-392.1198280940167,-375.0171985760818,-23616.534422486773,-19394.84936600978,-23218.890567667277,-19004.398431642938,-397.64385481949637,-390.450934366843,-23344.283275121055,-22953.984560618686,-390.29871450236897,-34058.279087225965,-19042.582121842246,-33656.53028260307,-18658.46452865061,-401.748804622898,-384.1175931916357,-34383.69816708659,-17897.452490434553,-33987.87490288063,-17520.707993603315,-395.82326420596985,-376.7444968312393,-24070.94420466456,-23685.150116512603,-385.79408815195717
12,4789,125,4262,-39193.12310295708,-22037.296989992414,-38537.98036666227,-21530.417718711968,-655.1427362948072,-506.8792712804449,othervirus_2022,-29920.797581752526,-23658.64148004913,-29434.836660028526,-23194.44952191127,-485.96092172400057,-464.1919581378603,-28920.62210247928,-23646.95519950488,-28447.928720673804,-23179.013017082016,-472.6933818054754,-467.9421824228639,-28143.351397985443,-23525.277873885672,-27671.116795551046,-23067.284095857554,-472.2346024343965,-457.9937780281192,-29375.354861459437,-23509.730684186947,-28893.529894422263,-23042.459417508493,-481.82496703717334,-467.27126667845425,-29320.670362654593,-23037.044315553965,-28835.15157527139,-22575.169850280246,-485.51878738320454,-461.8744652737203,-28216.213313862903,-22631.562747470645,-27738.91131858369,-22174.305360119928,-477.30199527921434,-457.25738735071735,-28641.09014025196,-23469.795583069223,-28159.840214595955,-22996.84346088046,-481.24992565600473,-472.95212218876316,-28284.78835332969,-27812.24174078796,-472.54661254173305,-41385.77997400275,-23046.444331359606,-40895.60646514176,-22579.975100402342,-490.1735088609829,-466.4692309572654,-41781.6115100096,-21590.63768117511,-41295.28411698396,-21130.578531687544,-486.32739302563914,-460.0591494875649,-29165.450385385837,-28697.12443664654,-468.3259487392975
13,5633,140,5024,-45917.06995723534,-25631.597857336903,-45170.303278824416,-25061.889506521973,-746.7666784109219,-569.7083508149302,othervirus_2022,-35089.680709511704,-27655.48322572687,-34536.80742457539,-27129.617948751496,-552.8732849363162,-525.8652769753738,-33914.0984744154,-27618.489172175035,-33377.6331901413,-27086.900480480217,-536.4652842740958,-531.5886916948178,-33002.89320354961,-27468.147742721365,-32466.27087407851,-26948.888375510774,-536.6223294711018,-519.2593672105917,-34444.02472272826,-27479.514134843404,-33896.37807024787,-26948.145149308773,-547.6466524803932,-531.3689855346307,-34396.77624320485,-26910.795911678197,-33843.478086975665,-26385.216648855887,-553.2981562291789,-525.5792628223081,-33082.77370746147,-26435.275646533675,-32540.11550571966,-25916.256853104358,-542.65820174181,-519.018793429316,-33570.72294237497,-27398.54045867554,-33023.06210297066,-26863.507419581238,-547.6608394043034,-535.0330390943018,-33162.657480346534,-32625.26346696488,-537.3940133816567,-48687.86077640028,-26965.738646384823,-48134.191252724835,-26437.409021835843,-553.6695236754484,-528.32962454898,-49148.257140397334,-25203.679595847156,-48600.537582289566,-24682.939773140784,-547.7195581077664,-520.7398227063725,-34234.51211353931,-33702.170631707864,-532.3414818314496
14,6499,160,5921,-52694.087865040936,-29187.998100507128,-51840.72838408535,-28533.152547089907,-853.3594809555898,-654.8455534172207,othervirus_2022,-40328.899285668675,-31625.839818279288,-39685.16048701234,-31012.591420275214,-643.7387986563306,-613.2483980040729,-38966.861193183904,-31530.556791848743,-38342.408623706084,-30912.082180036545,-624.4525694778237,-618.4746118121968,-37910.673197306685,-31343.7575266831,-37284.4825717469,-30736.979238581534,-626.1906255597846,-606.7782881015663,-39576.89747762269,-31405.312036035968,-38939.77487067898,-30784.332464907508,-637.1226069437089,-620.9795711284604,-39551.660743270295,-30728.942302495343,-38906.847358173705,-30116.03964795914,-644.813385096593,-612.9026545362042,-38010.55928468078,-30192.33971331908,-37378.01270049333,-29585.486205773377,-632.5465841874433,-606.8535075457029,-38562.42040014351,-31270.692276756054,-37924.9972701438,-30645.089186113077,-637.4231299997078,-625.6030906429787,-38126.01657715543,-37501.2889411116,-624.7276360438357,-56185.03059290005,-30906.939621909733,-55545.669643588764,-30291.56879250202,-639.3609493112908,-615.3708294077119,-56711.65998029634,-28791.15199238888,-56077.54495609241,-28183.999299714487,-634.1150242039271,-607.1526926743946,-39416.709904828356,-38797.372025541925,-619.337879286433
15,7414,179,6747,-59946.58100964035,-33148.45617718843,-58975.04226551801,-32411.60489843819,-971.5387441223411,-736.8512787502423,othervirus_2022,-45916.770200938394,-35969.807180325566,-45191.868160117716,-35277.51292237267,-724.9020408206793,-692.2942579528967,-44374.50214807536,-35846.93993630188,-43667.81084986399,-35148.3058538364,-706.6912982113635,-698.6340824654801,-43188.19889833306,-35643.270435445345,-42479.10344616749,-34955.13781963987,-709.095452165564,-688.132615805469,-45062.87763801918,-35717.87650250377,-44343.057749712025,-35017.73936417405,-719.8198883071511,-700.1371383297255,-45065.81821053337,-34950.82896186448,-44339.05683013529,-34257.99729847198,-726.7613803980748,-692.8316633924951,-43290.84825220683,-34337.8827809453,-42575.93224265033,-33652.968202606724,-714.9160095564994,-684.9145783385785,-43921.673821111726,-35555.56763285646,-43199.334428664646,-34850.908249293316,-722.3393924470824,-704.6593835631431,-43431.35805482876,-42724.95001543247,-706.4080393962862,-64130.174563737906,-35192.38545209455,-63404.61126950517,-34495.96912618744,-725.5632942327354,-696.4163259071162,-64724.56795928331,-32764.939188634413,-64004.11733061595,-32077.732730115396,-720.4506286673654,-687.2064585190166,-44949.9989373973,-44249.24276495316,-700.7561724441372
16,8712,206,7898,-70371.21419338783,-38571.44273200872,-69246.95628622123,-37726.33186063944,-1124.2579071666007,-845.1108713692781,othervirus_2022,-53862.57254109976,-41991.733188042665,-53022.77505754103,-41192.15376088953,-839.7974835587316,-799.5794271531321,-52016.84730770711,-41816.0333870107,-51199.79689367689,-41009.36344650798,-817.0504140302219,-806.6699405027193,-50610.421444083775,-41554.215355593195,-49791.70265379378,-40762.483263806964,-818.7187902899975,-791.7320917862296,-52872.00083050284,-41698.74645243321,-52039.395552153124,-40890.15895905751,-832.6052783497139,-808.5874933757,-52868.51371010141,-40766.20741815583,-52030.16187328805,-39971.09940458346,-838.3518368133615,-795.1080135723694,-50778.72214781165,-40062.18528727978,-49951.56523267136,-39274.64101158105,-827.1569151402881,-787.5442756987331,-51530.3079259685,-41514.48444272648,-50694.66159794033,-40706.579560349826,-835.646328028167,-807.9048823766549,-50976.16242932883,-50161.339947765504,-814.8224815633324,-75291.2078194306,-41156.33592939904,-74454.39983962812,-40352.4802486284,-836.8079798024768,-803.8556807706393,-75956.67566207905,-38199.55089864383,-75125.92949256115,-37408.74292366218,-830.7461695179103,-790.8079749816493,-52720.269208922975,-51913.88176894926,-806.3874399737167
17,9791,227,8994,-79002.4232211847,-43172.28549806942,-77740.73554449655,-42229.960900967846,-1261.6876766881408,-942.3245971015746,othervirus_2022,-60466.259515534635,-47079.55602761357,-59526.83541489128,-46182.887246827384,-939.4241006433617,-896.6687807861864,-58395.35706903509,-46867.3071097682,-57480.850355896844,-45962.36600141348,-914.5067131382476,-904.941108354717,-56816.8167328433,-46569.36048641082,-55902.81750914734,-45682.60609212839,-913.9992236959606,-886.7543942824232,-59353.754083831096,-46746.63459120182,-58422.93961303596,-45840.70717714991,-930.814470795133,-905.9274140519105,-59369.84035007595,-45692.04215669923,-58433.604971929984,-44802.489744228216,-936.2353781459697,-889.5524124710157,-57008.59534213511,-44903.04928125235,-56085.5913437108,-44020.76911849043,-923.0039984243058,-882.2801627619225,-57854.724545192315,-46530.33383998514,-56919.84068899508,-45628.142238089065,-934.8838561972386,-902.1916018960742,-57250.16780326892,-56336.895094484484,-913.272708784442,-84651.60357151643,-46182.03523575032,-83717.09506836391,-45283.6450347744,-934.5085031525238,-898.3902009759183,-85395.24424784757,-42823.90167693876,-84466.23576394567,-41937.0605967543,-929.0084839018951,-886.8410801844607,-59229.763476170556,-58327.829043332684,-901.9344328378716
18,10857,255,10033,-87330.8234926155,-47705.30089888589,-85900.88905292291,-46648.09123003298,-1429.9344396925876,-1057.2096688529143,othervirus_2022,-66926.66784808012,-52020.6802327539,-65869.42157342588,-51006.617419421396,-1057.2462746542428,-1014.0628133325013,-64619.837136518545,-51765.48808969309,-63586.38741214432,-50742.95302815096,-1033.449724374223,-1022.5350615421304,-62860.057889059695,-51433.39372792472,-61829.085943235244,-50428.99229296502,-1030.971945824454,-1004.401434959697,-65706.26235688185,-51656.17406219037,-64657.166743695154,-50631.75233171272,-1049.0956131867044,-1024.4217304776494,-65723.55985217715,-50483.44551664966,-64669.57393496434,-49477.23723385476,-1053.9859172127988,-1006.2082827949087,-63101.25920028281,-49625.59131127098,-62061.33493472623,-48628.395140311535,-1039.9242655565847,-997.1961709594482,-64028.355330683524,-51414.38937269128,-62972.82768524263,-50395.541424952076,-1055.5276454408931,-1018.8479477392034,-63403.76440584367,-62371.91290580148,-1031.8515000421926,-93805.06814621126,-51104.74885777166,-92753.28251379181,-50089.47505331929,-1051.785632419449,-1015.2738044523672,-94617.29326506915,-47383.46964937531,-93569.8095669132,-46379.4368742642,-1047.483698155951,-1004.0327751111091,-65633.27890424179,-64616.64793048216,-1016.6309737596308
19,11956,279,11130,-95938.04002250293,-52394.53870597117,-94371.8158357453,-51237.520887732295,-1566.2241867576295,-1157.017818238879,othervirus_2022,-73591.75307881157,-57155.51080988256,-72434.51452054165,-56040.24910964816,-1157.2385582699253,-1115.2617002344007,-71049.56819372991,-56850.46513544202,-69917.2979721859,-55728.25560380894,-1132.2702215440004,-1122.2095316330847,-69093.20337589996,-56478.998848857365,-67962.29201917106,-55375.538604354326,-1130.9113567288994,-1103.4602445030425,-72249.6705391031,-56739.299524186965,-71101.82462316705,-55617.81084797012,-1147.8459159360434,-1121.4886762168476,-72257.50787433873,-55449.77008439957,-71104.18925813028,-54345.63593695444,-1153.3186162084435,-1104.134147445132,-69371.38902665091,-54523.686846557765,-68233.03805750313,-53429.156410345284,-1138.350969147787,-1094.5304362124798,-70387.40805599203,-56469.07940496204,-69232.81549212725,-55351.37157190595,-1154.5925638647805,-1117.7078330560919,-69745.16420893473,-68614.73420704686,-1130.430001887871,-103235.55569819514,-56196.9730648032,-102081.12982754581,-55083.08906321444,-1154.4258706493204,-1113.8840015887654,-104135.99370744395,-52108.518550597844,-102988.06510623122,-51006.297474646526,-1147.928601212725,-1102.22107595132,-72227.20129966945,-71111.63824307584,-1115.5630565936108
20,13006,304,12163,-104336.00118397296,-57066.277992355586,-102652.37721704725,-55814.706373566,-1683.6239669257031,-1251.5716187895866,othervirus_2022,-80076.07396108708,-62188.185168955766,-78821.22443800817,-60980.52302133124,-1254.8495230789088,-1207.6621476245298,-77282.25768938632,-61867.975041258964,-76051.64094381592,-60654.244208788725,-1230.6167455703958,-1213.7308324702406,-75126.61907452728,-61468.67997855757,-73898.55404541806,-60273.86531188892,-1228.065029109219,-1194.8146666686512,-78625.02389185833,-61735.00806292422,-77378.91169259745,-60524.09216614088,-1246.1121992608796,-1210.915896783345,-78590.55818601824,-60350.638418017006,-77339.46152402084,-59153.114679117694,-1251.0966619974067,-1197.5237388993153,-75476.28231802527,-59362.339631993615,-74242.18765526474,-58174.5657956997,-1234.094662760525,-1187.773836293915,-76578.47064786997,-61497.27376430411,-75328.78425543703,-60285.53172137656,-1249.6863924329316,-1211.742042927552,-75923.43918289721,-74695.89582405008,-1227.5433588471305,-112193.1248443775,-61182.311274413645,-110939.61267886593,-59973.406014508975,-1253.5121655115704,-1208.9052599046731,-113165.37775153112,-56793.42629047764,-111919.56284067128,-55599.26601916501,-1245.81491085984,-1194.1602713126335,-78585.92117472131,-77374.16174029138,-1211.7594344299246
21,13960,340,13134,-112326.76358604663,-61463.89972916757,-110449.77092572609,-60094.28526762679,-1876.9926603205329,-1369.6144615407843,othervirus_2022,-86119.13704368567,-66979.92277240525,-84734.02506374539,-65654.3734015995,-1385.1119799402798,-1325.5493708057445,-83108.24363354025,-66674.91343542722,-81749.05885762715,-65336.80905173646,-1359.1847759130862,-1338.1043836907684,-80785.14784528998,-66250.46975142843,-79430.24750511136,-64940.31731504505,-1354.9003401786158,-1310.1524363833807,-84557.13133768673,-66495.08626953734,-83181.64945681771,-65161.43189717504,-1375.4818808690227,-1333.6543723622926,-84490.9350125841,-65025.6749817648,-83111.64096229948,-63709.743675337246,-1379.294050284619,-1315.9313064275566,-81171.70298207963,-63954.941346776046,-79811.13552293164,-62649.6004075043,-1360.5674591479906,-1305.3409392717426,-82360.91227491168,-66272.41719917743,-80980.83840268906,-64944.013464853735,-1380.0738722226201,-1328.4037343236957,-81639.97483028068,-80289.69587574186,-1350.2789545388284,-120438.09217189738,-65861.84459916635,-119059.14285260561,-64533.45516781087,-1378.9493192917755,-1328.3894313554827,-121490.56711473006,-61199.588414335805,-120119.74324295642,-59888.03983317601,-1370.823871773645,-1311.5485811598007,-84439.06863778159,-83106.42892254649,-1332.6397152351033
22,14839,367,14022,-119760.69031556131,-65595.6873578253,-117747.36407619479,-64128.094160261564,-2013.3262393665273,-1467.593197563731,othervirus_2022,-91736.90244826491,-71472.21847425685,-90252.4532806759,-70050.25105930166,-1484.449167589014,-1421.9674149551915,-88520.22932446934,-71193.41783995903,-87063.78416263284,-69755.42178980121,-1456.4451618364947,-1437.99605015781,-86036.60012422665,-70751.83129839614,-84583.36967152556,-69344.98386855194,-1453.2304527010826,-1406.8474298442081,-90070.71568760148,-70957.54492850896,-88597.89693321663,-69529.77013460567,-1472.8187543848537,-1427.7747939032918,-89960.75556313242,-69416.39950639973,-88484.70708763109,-68004.48152814806,-1476.0484755013356,-1411.9179782516744,-86462.87437138632,-68272.69169932902,-85006.83693450257,-66871.91489403021,-1456.0374368837447,-1400.776805298814,-87733.10167863559,-70770.9795825106,-86255.87147466761,-69345.40049740147,-1477.2302039679712,-1425.5790851091288,-86943.01038921326,-85497.24060629278,-1445.7697829204847,-127973.00463164326,-70216.01997491662,-126494.3927751209,-68789.47182408406,-1478.6118565223571,-1426.5481508325554,-129096.47918582593,-65333.70125531896,-127626.2661894332,-63926.68873854815,-1470.212996392728,-1407.0125167708102,-89845.3872009747,-88416.35667421407,-1429.0305267606263
23,15494,401,14773,-125184.33270964232,-68560.1731707113,-123006.68640069106,-66975.66921931166,-2177.646308951257,-1584.5039513996514,othervirus_2022,-95877.90704440865,-74704.73102768874,-94270.92864796137,-73164.38069283913,-1606.9783964472833,-1540.350334849621,-92509.29795467477,-74423.23178752724,-90934.5041484018,-72867.28199220625,-1574.7938062729725,-1555.9497953209989,-89918.52170892553,-73966.1946389438,-88343.85997499723,-72439.70751434645,-1574.661733928301,-1526.4871245973436,-94144.54054413957,-74178.86877388855,-92550.65252454203,-72633.62778727293,-1593.8880195975423,-1545.2409866156172,-94018.7399480817,-72566.71270002617,-92421.15084805034,-71038.49555099878,-1597.5891000313618,-1528.21714902739,-90374.2422334696,-71375.52040875892,-88797.62164717427,-69858.45961949787,-1576.620586295341,-1517.0607892610558,-91705.74789717575,-74005.1915955326,-90106.82986498163,-72462.85958656252,-1598.9180321941226,-1542.3320089700721,-90880.0562202186,-89314.49608717738,-1565.5601330412167,-133684.84809384687,-73399.25429846148,-132082.76124075547,-71850.71420637783,-1602.086853091412,-1548.5400920836528,-134847.58773557367,-68302.99160295406,-133256.6065981686,-66779.52663365737,-1590.9811374050523,-1523.4649692966968,-93888.82976304206,-92339.88802271565,-1548.941740326406
24,16434,429,15699,-132941.49769271418,-72875.47772010729,-130621.52260804074,-71189.43600190511,-2319.9750846734523,-1686.0417182021831,othervirus_2022,-101819.93227846737,-79385.41256804738,-100108.20689292457,-77746.74938507388,-1711.7253855427928,-1638.6631829735047,-98236.53637943616,-79112.78901222642,-96559.08495068976,-77454.40248878728,-1677.4514287463917,-1658.3865234391405,-95491.8977318761,-78636.33768982925,-93815.4253554307,-77009.41636221838,-1676.472376445396,-1626.9213276108705,-99984.19131358984,-78848.93435132955,-98287.49414329733,-77202.7165493901,-1696.6971702925034,-1646.2178019394487,-99842.49037371574,-77143.96007366043,-98142.7848017337,-75515.06900396499,-1699.7055719820535,-1628.8910696954442,-95984.19812761658,-75884.41343901862,-94306.82978725538,-74267.48859294625,-1677.3683403611913,-1616.9248460723772,-97410.64408611144,-78702.6282475889,-95710.2721386899,-77063.31409096766,-1700.3719474215309,-1639.3141566212448,-96523.61209023342,-94857.27123960105,-1666.3408506323685,-141820.09649776688,-77976.14604632955,-140114.41772424412,-76327.58216358312,-1705.6787735227483,-1648.563882746435,-143042.2925327171,-72619.83237695273,-141348.25943405827,-70997.30271561416,-1694.0330986588267,-1622.5296613385656,-99682.58643371407,-98033.47841094909,-1649.1080227649827
25,17335,459,16624,-140368.26834829865,-76922.00846894468,-137907.81808456665,-75140.03681788669,-2460.450263732001,-1781.9716510579944,othervirus_2022,-107476.24928996165,-83824.01206196196,-105662.08402722423,-82090.18408694076,-1814.1652627374167,-1733.8279750211948,-103707.28480438598,-83559.70214835579,-101930.67770219826,-81804.19717134188,-1776.607102187731,-1755.5049770139196,-100826.97561949847,-83074.0039919795,-99050.6088026639,-81351.36243458158,-1776.3668168345546,-1722.6415573979248,-105543.76818098698,-83281.47301307735,-103746.12150159644,-81539.01649135113,-1797.646679390548,-1742.4565217262243,-105397.65171876857,-81484.26906223151,-103597.33288660676,-79759.63437353048,-1800.3188321618018,-1724.63468870103,-101329.56565351723,-80141.84741664756,-99553.48891098706,-78429.92022643154,-1776.076742530175,-1711.9271902160267,-102840.91019627576,-83141.7486850144,-101041.92356854732,-81409.38202970759,-1798.9866277284323,-1732.3666553068106,-101888.77300723328,-100122.68673679735,-1766.0862704359297,-149675.93837485224,-82319.22174952399,-147866.7897473729,-80572.8342610012,-1809.1486274793338,-1746.387488522785,-150955.61607050148,-76668.0033770145,-149160.86996445735,-74952.77747723703,-1794.7461060441303,-1715.225899777464,-105211.3638045068,-103463.51319938859,-1747.850605118202
