fob,week,n_so_far,top_kin,top_share,best_share,top_is_best,top_same_family,group_testable,top_group,top_group_share,true_group_share,top_group_right,stranger,novelty_gap,nll,tau
covid_2020,0,2,h1n1_2009,0.06569471368780236,0.06303720040948889,False,,False,flu,0.5737740461056446,,,0.04289682313587834,1.1034119031022867,,0.03
covid_2020,1,8,flu_2019,0.07269630152883766,0.06971524738355912,False,,False,flu,0.6140812051676156,,,0.03897646623570517,1.1034119031022867,,0.03
covid_2020,2,39,flu_2019,0.11855940408282611,0.10857704316667838,False,,False,flu,0.8685843905175596,,,0.041500040946880985,1.1034119031022867,,0.03
covid_2020,3,749,flu_2017,0.8851417359739845,0.8851417359739845,True,,False,flu,0.9999999999999928,,,0.5149802042750473,1.1034119031022867,,0.03
covid_2020,4,3538,flu_2017,0.9996493249828182,0.9996493249828182,True,,False,flu,0.9999999999999865,,,1.0,1.1034119031022867,,0.03
covid_2020,5,7670,flu_2017,0.9999991120304762,0.9999991120304762,True,,False,flu,1.0000000000000444,,,1.0,1.1034119031022867,,0.03
covid_2020,6,11660,flu_2017,0.9999999980918801,0.9999999980918801,True,,False,flu,0.9999999999999054,,,1.0,1.1034119031022867,,0.03
covid_2020,7,16833,flu_2017,0.9999999999995453,0.9999999999995453,True,,False,flu,1.0000000000000235,,,1.0,1.1034119031022867,,0.03
covid_2020,8,25622,flu_2017,1.0,1.0,True,,False,flu,1.0,,,1.0,1.1034119031022867,,0.03
covid_2020,9,36488,flu_2017,1.0,1.0,True,,False,flu,1.0,,,1.0,1.1034119031022867,,0.03
covid_2020,10,49955,flu_2017,1.0,1.0,True,,False,flu,1.0,,,1.0,1.1034119031022867,,0.03
covid_2020,11,64280,flu_2017,1.0,1.0,True,,False,flu,1.0,,,1.0,1.1034119031022867,,0.03
covid_2020,12,79851,flu_2017,1.0,1.0,True,,False,flu,1.0,,,1.0,1.1034119031022867,,0.03
covid_2020,13,96235,flu_2017,1.0,1.0,True,,False,flu,1.0,,,1.0,1.1034119031022867,,0.03
covid_2020,14,112317,flu_2017,1.0,1.0,True,,False,flu,1.0,,,1.0,1.1034119031022867,,0.03
covid_2020,15,131858,flu_2017,1.0,1.0,True,,False,flu,1.0,,,1.0,1.1034119031022867,,0.03
covid_2020,16,151080,flu_2017,1.0,1.0,True,,False,flu,1.0,,,1.0,1.1034119031022867,,0.03
covid_2020,17,169299,flu_2017,1.0,1.0,True,,False,flu,1.0,,,1.0,1.1034119031022867,,0.03
covid_2020,18,189339,flu_2017,1.0,1.0,True,,False,flu,1.0,,,1.0,1.1034119031022867,,0.03
covid_2020,19,210012,flu_2017,1.0,1.0,True,,False,flu,1.0,,,1.0,1.1034119031022867,,0.03
covid_2020,20,231168,flu_2017,1.0,1.0,True,,False,flu,1.0,,,1.0,1.1034119031022867,,0.03
covid_2020,21,252038,flu_2017,1.0,1.0,True,,False,flu,1.0,,,1.0,1.1034119031022867,,0.03
covid_2020,22,271902,flu_2017,1.0,1.0,True,,False,flu,1.0,,,1.0,1.1034119031022867,,0.03
covid_2020,23,290466,flu_2017,1.0,1.0,True,,False,flu,1.0,,,1.0,1.1034119031022867,,0.03
covid_2020,24,307438,flu_2017,1.0,1.0,True,,False,flu,1.0,,,1.0,1.1034119031022867,,0.03
covid_2020,25,324315,flu_2017,1.0,1.0,True,,False,flu,1.0,,,1.0,1.1034119031022867,,0.03
covid_2021,0,737,covid_2020,1.0,1.0,True,True,True,covid,1.0,1.0,True,7.731280854284666e-29,0.06336431028464773,-0.0,0.03
covid_2021,1,7554,covid_2020,1.0,1.0,True,True,True,covid,1.0,1.0,True,2.7622394018158544e-30,0.06336431028464773,-0.0,0.03
covid_2021,2,21023,covid_2020,1.0,1.0,True,True,True,covid,1.0,1.0,True,9.297413548557328e-31,0.06336431028464773,-0.0,0.03
covid_2021,3,36793,covid_2020,1.0,1.0,True,True,True,covid,1.0,1.0,True,4.855884918993802e-28,0.06336431028464773,-0.0,0.03
covid_2021,4,53613,covid_2020,1.0,1.0,True,True,True,covid,1.0,1.0,True,1.2290760852772757e-25,0.06336431028464773,-0.0,0.03
covid_2021,5,72155,covid_2020,1.0,1.0,True,True,True,covid,1.0,1.0,True,3.34793263247113e-23,0.06336431028464773,-0.0,0.03
covid_2021,6,90936,covid_2020,1.0,1.0,True,True,True,covid,1.0,1.0,True,1.566041456255182e-21,0.06336431028464773,-0.0,0.03
covid_2021,7,116927,covid_2020,1.0,1.0,True,True,True,covid,1.0,1.0,True,2.0058638109651585e-17,0.06336431028464773,-0.0,0.03
covid_2021,8,147145,covid_2020,1.0,1.0,True,True,True,covid,1.0,1.0,True,1.2687185421971953e-10,0.06336431028464773,-0.0,0.03
covid_2021,9,183742,covid_2020,1.0,1.0,True,True,True,covid,1.0,1.0,True,0.939065301969156,0.06336431028464773,-0.0,0.03
covid_2021,10,227552,covid_2020,1.0,1.0,True,True,True,covid,1.0,1.0,True,1.0,0.06336431028464773,-0.0,0.03
covid_2021,11,271289,covid_2020,1.0,1.0,True,True,True,covid,1.0,1.0,True,1.0,0.06336431028464773,-0.0,0.03
covid_2021,12,320277,covid_2020,1.0,1.0,True,True,True,covid,1.0,1.0,True,1.0,0.06336431028464773,-0.0,0.03
covid_2021,13,363522,covid_2020,1.0,1.0,True,True,True,covid,1.0,1.0,True,1.0,0.06336431028464773,-0.0,0.03
covid_2021,14,408700,covid_2020,1.0,1.0,True,True,True,covid,1.0,1.0,True,1.0,0.06336431028464773,-0.0,0.03
covid_2021,15,446619,covid_2020,1.0,1.0,True,True,True,covid,1.0,1.0,True,1.0,0.06336431028464773,-0.0,0.03
covid_2021,16,486350,covid_2020,1.0,1.0,True,True,True,covid,1.0,1.0,True,1.0,0.06336431028464773,-0.0,0.03
covid_2021,17,522712,covid_2020,1.0,1.0,True,True,True,covid,1.0,1.0,True,1.0,0.06336431028464773,-0.0,0.03
covid_2021,18,558642,covid_2020,1.0,1.0,True,True,True,covid,1.0,1.0,True,1.0,0.06336431028464773,-0.0,0.03
covid_2021,19,595907,covid_2020,1.0,1.0,True,True,True,covid,1.0,1.0,True,1.0,0.06336431028464773,-0.0,0.03
covid_2021,20,635497,covid_2020,1.0,1.0,True,True,True,covid,1.0,1.0,True,1.0,0.06336431028464773,-0.0,0.03
covid_2021,21,671078,covid_2020,1.0,1.0,True,True,True,covid,1.0,1.0,True,1.0,0.06336431028464773,-0.0,0.03
covid_2021,22,713386,covid_2020,1.0,1.0,True,True,True,covid,1.0,1.0,True,1.0,0.06336431028464773,-0.0,0.03
covid_2021,23,754007,covid_2020,1.0,1.0,True,True,True,covid,1.0,1.0,True,1.0,0.06336431028464773,-0.0,0.03
covid_2021,24,791175,covid_2020,1.0,1.0,True,True,True,covid,1.0,1.0,True,1.0,0.06336431028464773,-0.0,0.03
covid_2021,25,822924,covid_2020,1.0,1.0,True,True,True,covid,1.0,1.0,True,1.0,0.06336431028464773,-0.0,0.03
covid_2022,0,917,flu_2021,0.9952213235060723,0.9952213235060723,True,False,True,flu,0.9952213235186079,0.00477867648136305,False,7.663183238979606e-36,0.3040155171358414,5.343591657563116,0.03
covid_2022,1,6235,flu_2021,0.9999748641217578,0.9999748641217578,True,False,True,flu,0.9999748641217578,2.513587822309496e-05,False,1.2921317713527061e-23,0.3040155171358414,10.591214321183664,0.03
covid_2022,2,17562,flu_2021,0.9808538497409794,0.9808538497409794,True,False,True,flu,0.9808538497409794,0.019146150258888786,False,0.9999999999949978,0.3040155171358414,3.9556536144323218,0.03
covid_2022,3,33458,covid_2020,1.0,5.436776713055786e-15,False,True,True,covid,1.0,1.0,True,1.0,0.3040155171358414,-0.0,0.03
covid_2022,4,49919,covid_2020,1.0,6.635339397023552e-32,False,True,True,covid,1.0,1.0,True,1.0,0.3040155171358414,-0.0,0.03
covid_2022,5,66086,covid_2020,1.0,1.6692849735269905e-54,False,True,True,covid,1.0,1.0,True,1.0,0.3040155171358414,-0.0,0.03
covid_2022,6,78407,covid_2020,1.0,6.026869736254379e-71,False,True,True,covid,1.0,1.0,True,1.0,0.3040155171358414,-0.0,0.03
covid_2022,7,87695,covid_2020,1.0,1.4320010362206474e-81,False,True,True,covid,1.0,1.0,True,1.0,0.3040155171358414,-0.0,0.03
covid_2022,8,92365,covid_2020,1.0,2.4147237134444202e-87,False,True,True,covid,1.0,1.0,True,1.0,0.3040155171358414,-0.0,0.03
covid_2022,9,97039,covid_2020,1.0,1.9609708486740123e-88,False,True,True,covid,1.0,1.0,True,1.0,0.3040155171358414,-0.0,0.03
covid_2022,10,100462,covid_2020,1.0,1.9411313256876308e-87,False,True,True,covid,1.0,1.0,True,1.0,0.3040155171358414,-0.0,0.03
covid_2022,11,103035,covid_2020,1.0,7.879847012548966e-84,False,True,True,covid,1.0,1.0,True,1.0,0.3040155171358414,-0.0,0.03
covid_2022,12,105226,covid_2020,1.0,8.690262745184714e-81,False,True,True,covid,1.0,1.0,True,1.0,0.3040155171358414,-0.0,0.03
covid_2022,13,106887,covid_2020,1.0,2.5488497632930258e-79,False,True,True,covid,1.0,1.0,True,1.0,0.3040155171358414,-0.0,0.03
covid_2022,14,108063,covid_2020,1.0,1.645505342511012e-77,False,True,True,covid,1.0,1.0,True,1.0,0.3040155171358414,-0.0,0.03
covid_2022,15,109113,covid_2020,1.0,3.0961236651267218e-74,False,True,True,covid,1.0,1.0,True,1.0,0.3040155171358414,-0.0,0.03
covid_2022,16,110675,covid_2020,1.0,2.295790732173461e-72,False,True,True,covid,1.0,1.0,True,1.0,0.3040155171358414,-0.0,0.03
covid_2022,17,112042,covid_2020,1.0,1.063861412810477e-68,False,True,True,covid,1.0,1.0,True,1.0,0.3040155171358414,-0.0,0.03
covid_2022,18,113490,covid_2020,1.0,3.7262090996800847e-65,False,True,True,covid,1.0,1.0,True,1.0,0.3040155171358414,-0.0,0.03
covid_2022,19,115432,covid_2020,1.0,3.290686001887243e-60,False,True,True,covid,1.0,1.0,True,1.0,0.3040155171358414,-0.0,0.03
covid_2022,20,118118,covid_2020,1.0,4.687588587245154e-57,False,True,True,covid,1.0,1.0,True,1.0,0.3040155171358414,-0.0,0.03
covid_2022,21,121665,covid_2020,1.0,7.541866966120704e-53,False,True,True,covid,1.0,1.0,True,1.0,0.3040155171358414,-0.0,0.03
covid_2022,22,125938,covid_2020,1.0,1.500778903378613e-47,False,True,True,covid,1.0,1.0,True,1.0,0.3040155171358414,-0.0,0.03
covid_2022,23,129772,covid_2020,1.0,2.6614026369965353e-42,False,True,True,covid,1.0,1.0,True,1.0,0.3040155171358414,-0.0,0.03
covid_2022,24,135660,covid_2020,1.0,1.4320172092532841e-34,False,True,True,covid,1.0,1.0,True,1.0,0.3040155171358414,-0.0,0.03
covid_2022,25,141962,covid_2020,1.0,1.0835624991465572e-23,False,True,True,covid,1.0,1.0,True,1.0,0.3040155171358414,-0.0,0.03
flu_2013,0,8,h1n1_2009,1.0,1.0,True,True,True,flu,1.0,1.0,True,0.3550197779066459,0.9853195250034279,-0.0,0.03
flu_2013,1,11,h1n1_2009,1.0,1.0,True,True,True,flu,1.0,1.0,True,0.4154440542577904,0.9853195250034279,-0.0,0.03
flu_2013,2,16,h1n1_2009,1.0,1.0,True,True,True,flu,1.0,1.0,True,0.42992301392446625,0.9853195250034279,-0.0,0.03
flu_2013,3,19,h1n1_2009,1.0,1.0,True,True,True,flu,1.0,1.0,True,0.42803867004197754,0.9853195250034279,-0.0,0.03
flu_2013,4,22,h1n1_2009,1.0,1.0,True,True,True,flu,1.0,1.0,True,0.40185738365642265,0.9853195250034279,-0.0,0.03
flu_2013,5,25,h1n1_2009,1.0,1.0,True,True,True,flu,1.0,1.0,True,0.4728008014633301,0.9853195250034279,-0.0,0.03
flu_2013,6,27,h1n1_2009,1.0,1.0,True,True,True,flu,1.0,1.0,True,0.5178638903794768,0.9853195250034279,-0.0,0.03
flu_2013,7,37,h1n1_2009,1.0,1.0,True,True,True,flu,1.0,1.0,True,0.596383688996464,0.9853195250034279,-0.0,0.03
flu_2013,8,45,h1n1_2009,1.0,1.0,True,True,True,flu,1.0,1.0,True,0.610334431706167,0.9853195250034279,-0.0,0.03
flu_2013,9,56,h1n1_2009,1.0,1.0,True,True,True,flu,1.0,1.0,True,0.588285142839886,0.9853195250034279,-0.0,0.03
flu_2013,10,60,h1n1_2009,1.0,1.0,True,True,True,flu,1.0,1.0,True,0.6020845271134593,0.9853195250034279,-0.0,0.03
flu_2013,11,77,h1n1_2009,1.0,1.0,True,True,True,flu,1.0,1.0,True,0.752692507989574,0.9853195250034279,-0.0,0.03
flu_2013,12,116,h1n1_2009,1.0,1.0,True,True,True,flu,1.0,1.0,True,0.8498389829859275,0.9853195250034279,-0.0,0.03
flu_2013,13,160,h1n1_2009,1.0,1.0,True,True,True,flu,1.0,1.0,True,0.9554475457717944,0.9853195250034279,-0.0,0.03
flu_2013,14,229,h1n1_2009,1.0,1.0,True,True,True,flu,1.0,1.0,True,0.9916582338291573,0.9853195250034279,-0.0,0.03
flu_2013,15,373,h1n1_2009,1.0,1.0,True,True,True,flu,1.0,1.0,True,0.999542228318772,0.9853195250034279,-0.0,0.03
flu_2013,16,595,h1n1_2009,1.0,1.0,True,True,True,flu,1.0,1.0,True,0.9999990575188953,0.9853195250034279,-0.0,0.03
flu_2013,17,848,h1n1_2009,1.0,1.0,True,True,True,flu,1.0,1.0,True,0.9999999998742339,0.9853195250034279,-0.0,0.03
flu_2013,18,1078,h1n1_2009,1.0,1.0,True,True,True,flu,1.0,1.0,True,0.9999999999998295,0.9853195250034279,-0.0,0.03
flu_2013,19,1399,h1n1_2009,1.0,1.0,True,True,True,flu,1.0,1.0,True,1.0,0.9853195250034279,-0.0,0.03
flu_2013,20,1656,h1n1_2009,1.0,1.0,True,True,True,flu,1.0,1.0,True,1.0,0.9853195250034279,-0.0,0.03
flu_2013,21,2088,h1n1_2009,1.0,1.0,True,True,True,flu,1.0,1.0,True,1.0,0.9853195250034279,-0.0,0.03
flu_2013,22,2498,h1n1_2009,1.0,1.0,True,True,True,flu,1.0,1.0,True,1.0,0.9853195250034279,-0.0,0.03
flu_2013,23,2870,h1n1_2009,1.0,1.0,True,True,True,flu,1.0,1.0,True,1.0,0.9853195250034279,-0.0,0.03
flu_2013,24,3287,h1n1_2009,1.0,1.0,True,True,True,flu,1.0,1.0,True,1.0,0.9853195250034279,-0.0,0.03
flu_2013,25,3638,h1n1_2009,1.0,1.0,True,True,True,flu,1.0,1.0,True,1.0,0.9853195250034279,-0.0,0.03
flu_2014,0,9,flu_2013,0.3980168483410714,0.3980168483410714,True,True,True,flu,0.7011079562039215,0.7011079562039215,True,0.13799146283643182,0.033415833380575855,0.3550934006608458,0.03
flu_2014,1,17,flu_2013,0.4395284167166446,0.4395284167166446,True,True,True,flu,0.7150422092033555,0.7150422092033555,True,0.142399369173026,0.033415833380575855,0.3354137041797118,0.03
flu_2014,2,22,flu_2013,0.5014131367169672,0.5014131367169672,True,True,True,flu,0.7124588511482913,0.7124588511482913,True,0.16708597416623858,0.033415833380575855,0.3390331212814151,0.03
flu_2014,3,27,flu_2013,0.5309457719164513,0.5309457719164513,True,True,True,flu,0.7485475711667444,0.7485475711667444,True,0.15660329591536373,0.033415833380575855,0.28962052180901676,0.03
flu_2014,4,32,flu_2013,0.5570150736683067,0.5570150736683067,True,True,True,flu,0.7802158625830526,0.7802158625830526,True,0.15161392150434236,0.033415833380575855,0.24818465068451,0.03
flu_2014,5,37,flu_2013,0.5825590083659472,0.5825590083659472,True,True,True,flu,0.8000771134932576,0.8000771134932576,True,0.14786870870375765,0.033415833380575855,0.2230471640930352,0.03
flu_2014,6,45,flu_2013,0.6053484814603336,0.6053484814603336,True,True,True,flu,0.8095116950487771,0.8095116950487771,True,0.13890007812940453,0.033415833380575855,0.21132405871892873,0.03
flu_2014,7,53,flu_2013,0.6344105223122195,0.6344105223122195,True,True,True,flu,0.8206700954795534,0.8206700954795534,True,0.15404580460863918,0.033415833380575855,0.19763408283226083,0.03
flu_2014,8,59,flu_2013,0.6734232516038178,0.6734232516038178,True,True,True,flu,0.8375389107864968,0.8375389107864968,True,0.15929429657090036,0.033415833380575855,0.1772875557215845,0.03
flu_2014,9,62,flu_2013,0.676019491627054,0.676019491627054,True,True,True,flu,0.8357747269087413,0.8357747269087413,True,0.16035084835181315,0.033415833380575855,0.17939616762993107,0.03
flu_2014,10,77,flu_2013,0.7025174186337403,0.7025174186337403,True,True,True,flu,0.8674843301967567,0.8674843301967567,True,0.16589203330709998,0.033415833380575855,0.14215783049803132,0.03
flu_2014,11,87,flu_2013,0.7480019657065929,0.7480019657065929,True,True,True,flu,0.887081691960914,0.887081691960914,True,0.1638543624441438,0.033415833380575855,0.1198182017466678,0.03
flu_2014,12,116,flu_2013,0.8698293268005001,0.8698293268005001,True,True,True,flu,0.9328182989456838,0.9328182989456838,True,0.14839815896561948,0.033415833380575855,0.06954484635524992,0.03
flu_2014,13,148,flu_2013,0.9197226449298362,0.9197226449298362,True,True,True,flu,0.9556199141173941,0.9556199141173941,True,0.15593237022422077,0.033415833380575855,0.04539502436148091,0.03
flu_2014,14,160,flu_2013,0.9369176514972677,0.9369176514972677,True,True,True,flu,0.9605154061635012,0.9605154061635012,True,0.14961239473599272,0.033415833380575855,0.04028525716920804,0.03
flu_2014,15,186,flu_2013,0.9670022003026554,0.9670022003026554,True,True,True,flu,0.9766767389723179,0.9766767389723179,True,0.1479803802456077,0.033415833380575855,0.023599552751371954,0.03
flu_2014,16,228,flu_2013,0.9897887202351221,0.9897887202351221,True,True,True,flu,0.9916195339181932,0.9916195339181932,True,0.17232437624779498,0.033415833380575855,0.008415779622036868,0.03
flu_2014,17,274,flu_2013,0.9955402906305464,0.9955402906305464,True,True,True,flu,0.9958271453449867,0.9958271453449867,True,0.15358393261993486,0.033415833380575855,0.004181585309298099,0.03
flu_2014,18,343,flu_2013,0.9990020076063344,0.9990020076063344,True,True,True,flu,0.9990532931807073,0.9990532931807073,True,0.1332377364952892,0.033415833380575855,0.0009471552292243326,0.03
flu_2014,19,404,flu_2013,0.999752167085473,0.999752167085473,True,True,True,flu,0.9997642207852605,0.9997642207852605,True,0.12419361927406138,0.033415833380575855,0.00023580701502845313,0.03
flu_2014,20,499,flu_2013,0.9999809558004654,0.9999809558004654,True,True,True,flu,0.9999811777040202,0.9999811777040202,True,0.1272228825007244,0.033415833380575855,1.8822473121461442e-05,0.03
flu_2014,21,563,flu_2013,0.9999946728907996,0.9999946728907996,True,True,True,flu,0.9999947195797717,0.9999947195797717,True,0.12140917617607976,0.033415833380575855,5.280434169760975e-06,0.03
flu_2014,22,637,flu_2013,0.9999987274852057,0.9999987274852057,True,True,True,flu,0.9999987291745717,0.9999987291745717,True,0.10808282861228723,0.033415833380575855,1.2708262358337732e-06,0.03
flu_2014,23,671,flu_2013,0.9999993835222422,0.9999993835222422,True,True,True,flu,0.9999993849778981,0.9999993849778981,True,0.09873965419694582,0.033415833380575855,6.150222910391691e-07,0.03
flu_2014,24,748,flu_2013,0.9999999075232935,0.9999999075232935,True,True,True,flu,0.9999999076055202,0.9999999076055202,True,0.11712852051872735,0.033415833380575855,9.239448411314089e-08,0.03
flu_2014,25,818,flu_2013,0.9999999866570023,0.9999999866570023,True,True,True,flu,0.9999999866638681,0.9999999866638681,True,0.10820161772058288,0.033415833380575855,1.3336131954419635e-08,0.03
flu_2015,0,6,flu_2014,0.21676379850200603,0.21676379850200603,True,True,True,flu,0.6147025016926364,0.6147025016926364,True,0.10116053215491191,0.05384900981782881,0.48661686529929243,0.03
flu_2015,1,11,flu_2014,0.25074752770787795,0.25074752770787795,True,True,True,flu,0.6282461772393311,0.6282461772393311,True,0.1106778010836684,0.05384900981782881,0.4648231873531817,0.03
flu_2015,2,13,flu_2014,0.265113719293251,0.265113719293251,True,True,True,flu,0.6286865968790668,0.6286865968790668,True,0.11588646738958991,0.05384900981782881,0.46412240260664855,0.03
flu_2015,4,22,flu_2014,0.2710136297617674,0.2710136297617674,True,True,True,flu,0.6439176587897093,0.6439176587897093,True,0.09689086970104178,0.05384900981782881,0.44018442007463554,0.03
flu_2015,5,26,flu_2014,0.27453623395094806,0.27453623395094806,True,True,True,flu,0.6231952457735371,0.6231952457735371,True,0.09649027452858133,0.05384900981782881,0.4728954131877894,0.03
flu_2015,6,30,flu_2014,0.2949983984173273,0.2949983984173273,True,True,True,flu,0.6487877779316167,0.6487877779316167,True,0.10274024869008672,0.05384900981782881,0.43264961431827076,0.03
flu_2015,7,34,flu_2014,0.3238212306336588,0.3238212306336588,True,True,True,flu,0.695187036156717,0.695187036156717,True,0.11159136913039587,0.05384900981782881,0.36357435285051337,0.03
flu_2015,8,56,flu_2014,0.35734307112343566,0.35734307112343566,True,True,True,flu,0.6711969478060043,0.6711969478060043,True,0.10926710377632598,0.05384900981782881,0.39869267120836516,0.03
flu_2015,9,69,flu_2014,0.377905627032597,0.377905627032597,True,True,True,flu,0.6868336951410164,0.6868336951410164,True,0.10710157345181202,0.05384900981782881,0.37566309009497895,0.03
flu_2015,10,81,flu_2014,0.45003963976509553,0.45003963976509553,True,True,True,flu,0.760567317223766,0.760567317223766,True,0.12590353061216214,0.05384900981782881,0.27369065414067184,0.03
flu_2015,11,94,flu_2014,0.4371455489206976,0.4371455489206976,True,True,True,flu,0.7117228394419498,0.7117228394419498,True,0.12518814260845867,0.05384900981782881,0.3400667138022693,0.03
flu_2015,12,114,flu_2014,0.4236239452586046,0.4236239452586046,True,True,True,flu,0.6718100018255603,0.6718100018255603,True,0.11377033927856096,0.05384900981782881,0.3977797138148007,0.03
flu_2015,13,139,flu_2014,0.47247441482432984,0.47247441482432984,True,True,True,flu,0.7307954493142181,0.7307954493142181,True,0.11747013485999715,0.05384900981782881,0.31362168148971187,0.03
flu_2015,14,153,flu_2014,0.4616804226365321,0.4616804226365321,True,True,True,flu,0.6775812653965745,0.6775812653965745,True,0.13354512497779203,0.05384900981782881,0.389225784496745,0.03
flu_2015,15,163,flu_2014,0.49504949961595707,0.49504949961595707,True,True,True,flu,0.7309837257634451,0.7309837257634451,True,0.1343892726331262,0.05384900981782881,0.31336408245768566,0.03
flu_2015,16,192,flu_2014,0.595057165303247,0.595057165303247,True,True,True,flu,0.84043181526619,0.84043181526619,True,0.14735453669783793,0.05384900981782881,0.17383945343824866,0.03
flu_2015,17,242,flu_2014,0.6902578027783074,0.6902578027783074,True,True,True,flu,0.9431138159417147,0.9431138159417147,True,0.14791345190399055,0.05384900981782881,0.05856830804144074,0.03
flu_2015,18,305,flu_2014,0.7702408550933685,0.7702408550933685,True,True,True,flu,0.9799055395690704,0.9799055395690704,True,0.18128930811377977,0.05384900981782881,0.020299100157986097,0.03
flu_2015,19,365,flu_2014,0.7910865075499007,0.7910865075499007,True,True,True,flu,0.9951152349303332,0.9951152349303332,True,0.15680171411489838,0.05384900981782881,0.004896734529133031,0.03
flu_2015,20,420,flu_2014,0.8425313910281307,0.8425313910281307,True,True,True,flu,0.9984275804128098,0.9984275804128098,True,0.18721626022634927,0.05384900981782881,0.0015736571363371354,0.03
flu_2015,21,450,flu_2014,0.8582125003235593,0.8582125003235593,True,True,True,flu,0.9992251540452163,0.9992251540452163,True,0.1884700856624084,0.05384900981782881,0.000775146303069668,0.03
flu_2015,22,531,flu_2014,0.9080036855017362,0.9080036855017362,True,True,True,flu,0.9998084982314429,0.9998084982314429,True,0.2581877578075711,0.05384900981782881,0.00019152010736208302,0.03
flu_2015,23,592,flu_2014,0.9339801115559532,0.9339801115559532,True,True,True,flu,0.9999187729766855,0.9999187729766855,True,0.33723750152774773,0.05384900981782881,8.123032240778834e-05,0.03
flu_2015,24,662,flu_2014,0.9606879450150334,0.9606879450150334,True,True,True,flu,0.9999713615349137,0.9999713615349137,True,0.48998574368568254,0.05384900981782881,2.8638875174943355e-05,0.03
flu_2015,25,705,flu_2014,0.9643425236463226,0.9643425236463226,True,True,True,flu,0.9999879685458345,0.9999879685458345,True,0.46621697710589427,0.05384900981782881,1.2031526544031653e-05,0.03
flu_2016,0,5,flu_2013,0.16227969440417994,0.16227969440417994,True,True,True,flu,0.6297688324545225,0.6297688324545225,True,0.07256491664432367,0.04058844148182761,0.4624024595446709,0.03
flu_2016,1,16,flu_2013,0.19897078402953913,0.19897078402953913,True,True,True,flu,0.740983834679517,0.740983834679517,True,0.10042180454406201,0.04058844148182761,0.2997764694712232,0.03
flu_2016,2,29,flu_2013,0.24000146175548556,0.24000146175548556,True,True,True,flu,0.8238319980357456,0.8238319980357456,True,0.08968543707742697,0.04058844148182761,0.1937886557391663,0.03
flu_2016,3,48,flu_2013,0.3059843817134297,0.3059843817134297,True,True,True,flu,0.8948595596159342,0.8948595596159342,True,0.09246795322451597,0.04058844148182761,0.11108848965022526,0.03
flu_2016,4,63,flu_2013,0.34447473086008285,0.34447473086008285,True,True,True,flu,0.9255426051659978,0.9255426051659978,True,0.09258882838611804,0.04058844148182761,0.07737511327288658,0.03
flu_2016,5,91,flu_2013,0.35854227409880435,0.35854227409880435,True,True,True,flu,0.9621875439209323,0.9621875439209323,True,0.07606707721680891,0.04058844148182761,0.038545895216360676,0.03
flu_2016,6,129,flu_2013,0.4064632754162669,0.4064632754162669,True,True,True,flu,0.9837784120092052,0.9837784120092052,True,0.07807942714839106,0.04058844148182761,0.016354598336750428,0.03
flu_2016,7,187,flu_2013,0.4528790947887632,0.4528790947887632,True,True,True,flu,0.9972188111230197,0.9972188111230197,True,0.07538489212756824,0.04058844148182761,0.002785063568598703,0.03
flu_2016,8,309,flu_2013,0.5322600210706977,0.5322600210706977,True,True,True,flu,0.9997181189256323,0.9997181189256323,True,0.08628806278324032,0.04058844148182761,0.0002819208103050871,0.03
flu_2016,9,506,flu_2013,0.6416705945904561,0.6416705945904561,True,True,True,flu,0.9999965204629591,0.9999965204629591,True,0.11449269385021361,0.04058844148182761,3.479543094543225e-06,0.03
flu_2016,10,763,flu_2013,0.6198411359718662,0.6198411359718662,True,True,True,flu,0.9999999768064148,0.9999999768064148,True,0.18573533976457027,0.04058844148182761,2.319358543253238e-08,0.03
flu_2016,11,1362,flu_2013,0.7445051491031915,0.7445051491031915,True,True,True,flu,0.9999999999999235,0.9999999999999235,True,0.24559747822706776,0.04058844148182761,7.649436639667621e-14,0.03
flu_2016,12,2484,flu_2013,0.7494839875670981,0.7494839875670981,True,True,True,flu,0.9999999999999716,0.9999999999999716,True,0.46120592792412546,0.04058844148182761,2.842170943040441e-14,0.03
flu_2016,13,3725,flu_2013,0.8365262857918899,0.8365262857918899,True,True,True,flu,1.0000000000000255,1.0000000000000255,True,0.8448045051923575,0.04058844148182761,-2.5535129566378275e-14,0.03
flu_2016,14,4697,flu_2013,0.8840433221589679,0.8840433221589679,True,True,True,flu,0.9999999999999629,0.9999999999999629,True,0.9501631121275009,0.04058844148182761,3.7081449022480916e-14,0.03
flu_2016,15,5597,flu_2013,0.8370702808119048,0.8370702808119048,True,True,True,flu,0.9999999999999382,0.9999999999999382,True,0.9909647967131641,0.04058844148182761,6.183942247162313e-14,0.03
flu_2016,16,6356,flu_2013,0.8884986382792941,0.8884986382792941,True,True,True,flu,0.999999999999946,0.999999999999946,True,0.9966028108440198,0.04058844148182761,5.3956838996784066e-14,0.03
flu_2016,17,7187,flu_2013,0.9130853327095992,0.9130853327095992,True,True,True,flu,1.0000000000000038,1.0000000000000038,True,0.9988143422367867,0.04058844148182761,-3.774758283725525e-15,0.03
flu_2016,18,7925,flu_2013,0.9333099510589189,0.9333099510589189,True,True,True,flu,0.9999999999999112,0.9999999999999112,True,0.9993749831460033,0.04058844148182761,8.881784197001647e-14,0.03
flu_2016,19,8465,flu_2013,0.9561139151330031,0.9561139151330031,True,True,True,flu,0.9999999999998939,0.9999999999998939,True,0.9994944086812534,0.04058844148182761,1.061373211541706e-13,0.03
flu_2016,20,8986,flu_2013,0.9746047390384374,0.9746047390384374,True,True,True,flu,1.0000000000000655,1.0000000000000655,True,0.9995624803865113,0.04058844148182761,-6.550315845288209e-14,0.03
flu_2016,21,9358,flu_2013,0.9770393611661004,0.9770393611661004,True,True,True,flu,1.0000000000000513,1.0000000000000513,True,0.9996834826262762,0.04058844148182761,-5.129230373768092e-14,0.03
flu_2016,22,9663,flu_2013,0.9789791435168781,0.9789791435168781,True,True,True,flu,0.9999999999999413,0.9999999999999413,True,0.9997361739274705,0.04058844148182761,5.873079800267251e-14,0.03
flu_2016,23,9926,flu_2013,0.9804139739764954,0.9804139739764954,True,True,True,flu,1.00000000000007,1.00000000000007,True,0.999756158695405,0.04058844148182761,-6.994405055138241e-14,0.03
flu_2016,24,10246,flu_2013,0.9769266642990785,0.9769266642990785,True,True,True,flu,0.9999999999999981,0.9999999999999981,True,0.99983218381622,0.04058844148182761,1.887379141862768e-15,0.03
flu_2016,25,10475,flu_2013,0.983043969650607,0.983043969650607,True,True,True,flu,0.9999999999998955,0.9999999999998955,True,0.9998574773315724,0.04058844148182761,1.0447198661723268e-13,0.03
flu_2017,0,5,flu_2014,0.11653383657568224,0.11302161834976543,False,True,True,flu,0.5663706052151161,0.5663706052151161,True,0.05320023495755704,0.05289687002335963,0.5685066355215347,0.03
flu_2017,1,16,flu_2015,0.15061455260692222,0.15061455260692222,True,True,True,flu,0.64225561675888,0.64225561675888,True,0.049128271576192144,0.05289687002335963,0.44276889759032295,0.03
flu_2017,2,22,flu_2015,0.17312366558666667,0.17312366558666667,True,True,True,flu,0.7153473514602753,0.7153473514602753,True,0.05556436423489473,0.05289687002335963,0.33498704801562856,0.03
flu_2017,3,40,flu_2015,0.18653965466873723,0.18653965466873723,True,True,True,flu,0.7357692698968598,0.7357692698968598,True,0.04609988882969512,0.05289687002335963,0.3068387013901085,0.03
flu_2017,4,62,flu_2015,0.24997659698228555,0.24997659698228555,True,True,True,flu,0.8504523351956547,0.8504523351956547,True,0.06155647598692552,0.05289687002335963,0.16198691199047818,0.03
flu_2017,5,93,flu_2015,0.3115931251026929,0.3115931251026929,True,True,True,flu,0.9444146455901452,0.9444146455901452,True,0.07690132779154948,0.05289687002335963,0.0571899660657964,0.03
flu_2017,6,128,flu_2015,0.3254939504404945,0.3254939504404945,True,True,True,flu,0.9691779240597078,0.9691779240597078,True,0.0688997857779682,0.05289687002335963,0.03130706778606562,0.03
flu_2017,7,150,flu_2015,0.32963381005766507,0.32963381005766507,True,True,True,flu,0.9771488301404002,0.9771488301404002,True,0.06796771689011596,0.05289687002335963,0.02311630472275294,0.03
flu_2017,8,204,flu_2015,0.4168079067481821,0.4168079067481821,True,True,True,flu,0.9955293604265885,0.9955293604265885,True,0.07636062337292396,0.05289687002335963,0.004480662767056031,0.03
flu_2017,9,260,flu_2015,0.41640766641328625,0.41640766641328625,True,True,True,flu,0.9988356892314839,0.9988356892314839,True,0.07638524952291578,0.05289687002335963,0.001164989104879601,0.03
flu_2017,10,340,flu_2015,0.512743852398471,0.512743852398471,True,True,True,flu,0.9998940251179711,0.9998940251179711,True,0.10258866172714443,0.05289687002335963,0.00010598049776346827,0.03
flu_2017,11,405,flu_2015,0.5070909314870912,0.5070909314870912,True,True,True,flu,0.9999729014849942,0.9999729014849942,True,0.10119981973960009,0.05289687002335963,2.709888217720992e-05,0.03
flu_2017,12,481,flu_2015,0.5081768590599821,0.5081768590599821,True,True,True,flu,0.9999957150864472,0.9999957150864472,True,0.11581030028670398,0.05289687002335963,4.284922733022812e-06,0.03
flu_2017,13,549,flu_2015,0.5897344922791445,0.5897344922791445,True,True,True,flu,0.99999955685063,0.99999955685063,True,0.14918658763610304,0.05289687002335963,4.4314946816818016e-07,0.03
flu_2017,14,615,flu_2015,0.6285294280035116,0.6285294280035116,True,True,True,flu,0.9999999349566014,0.9999999349566014,True,0.21474329591696392,0.05289687002335963,6.504340067138583e-08,0.03
flu_2017,15,730,flu_2015,0.7212597377621225,0.7212597377621225,True,True,True,flu,0.9999999957721342,0.9999999957721342,True,0.23974780705088247,0.05289687002335963,4.22786584414205e-09,0.03
flu_2017,16,814,flu_2015,0.7643696676277584,0.7643696676277584,True,True,True,flu,0.9999999991314751,0.9999999991314751,True,0.24217736822537247,0.05289687002335963,8.685249190284711e-10,0.03
flu_2017,17,948,flu_2015,0.8471443845995916,0.8471443845995916,True,True,True,flu,0.9999999999561081,0.9999999999561081,True,0.2627334024341993,0.05289687002335963,4.389189012340158e-11,0.03
flu_2017,18,1085,flu_2015,0.8848297056514833,0.8848297056514833,True,True,True,flu,0.9999999999985512,0.9999999999985512,True,0.30847528253986556,0.05289687002335963,1.4488410471368788e-12,0.03
flu_2017,19,1254,flu_2015,0.9416543681488508,0.9416543681488508,True,True,True,flu,0.9999999999999738,0.9999999999999738,True,0.3723289293683985,0.05289687002335963,2.6201263381154038e-14,0.03
flu_2017,20,1395,flu_2015,0.9715755669050417,0.9715755669050417,True,True,True,flu,1.0000000000000144,1.0000000000000144,True,0.3775511215133945,0.05289687002335963,-1.443289932012693e-14,0.03
flu_2017,21,1549,flu_2015,0.9764882455015574,0.9764882455015574,True,True,True,flu,0.9999999999999881,0.9999999999999881,True,0.39104499001329873,0.05289687002335963,1.1879386363489246e-14,0.03
flu_2017,22,1688,flu_2015,0.9847217991658284,0.9847217991658284,True,True,True,flu,1.0000000000000262,1.0000000000000262,True,0.46647078097358785,0.05289687002335963,-2.620126338115335e-14,0.03
flu_2017,23,1834,flu_2015,0.9886355957347058,0.9886355957347058,True,True,True,flu,1.0000000000000246,1.0000000000000246,True,0.4863635906036215,0.05289687002335963,-2.4646951146678172e-14,0.03
flu_2017,24,1974,flu_2015,0.9932846046415102,0.9932846046415102,True,True,True,flu,0.9999999999999863,0.9999999999999863,True,0.5304649632485579,0.05289687002335963,1.3655743202889519e-14,0.03
flu_2017,25,2098,flu_2015,0.996266152826428,0.996266152826428,True,True,True,flu,1.0000000000000193,1.0000000000000193,True,0.5591957782188401,0.05289687002335963,-1.9317880628477538e-14,0.03
flu_2018,0,8,flu_2017,0.1050418050518231,0.10201218867404496,False,True,True,flu,0.6062632688713356,0.6062632688713356,True,0.037902548490432966,0.047634670743732954,0.5004409501718772,0.03
flu_2018,1,18,flu_2015,0.1256060367862908,0.11166306219463827,False,True,True,flu,0.6436761600820688,0.6436761600820688,True,0.04123837903585472,0.047634670743732954,0.44055953636819445,0.03
flu_2018,2,36,flu_2017,0.1748295060242272,0.13135803823124387,False,True,True,flu,0.7648900976788081,0.7648900976788081,True,0.03773731963886067,0.047634670743732954,0.2680231186410989,0.03
flu_2018,3,49,flu_2017,0.19942916370470595,0.15076499134759053,False,True,True,flu,0.8391374001571406,0.8391374001571406,True,0.03729605291310465,0.047634670743732954,0.17538081934735983,0.03
flu_2018,4,57,flu_2017,0.2027073028576221,0.1537933880962691,False,True,True,flu,0.849849378196492,0.849849378196492,True,0.03348503244849335,0.047634670743732954,0.16269614732170004,0.03
flu_2018,5,65,flu_2017,0.20393364270995537,0.15923585848122926,False,True,True,flu,0.8674393376891981,0.8674393376891981,True,0.03164039429063395,0.047634670743732954,0.14220969734197558,0.03
flu_2018,6,82,flu_2017,0.2143340639550249,0.16413502275784878,False,True,True,flu,0.9072459006029598,0.9072459006029598,True,0.03364616950229855,0.047634670743732954,0.09734175138584543,0.03
flu_2018,7,100,flu_2017,0.2118096893147356,0.17544205186323739,False,True,True,flu,0.9423402073278115,0.9423402073278115,True,0.03157916951696452,0.047634670743732954,0.05938891533047321,0.03
flu_2018,8,131,flu_2015,0.23169295462053946,0.1766908432364983,False,True,True,flu,0.9740319691429837,0.9740319691429837,True,0.03708189194898233,0.047634670743732954,0.02631115334951863,0.03
flu_2018,9,167,flu_2015,0.24156062481775234,0.17782503979804234,False,True,True,flu,0.9803960908799932,0.9803960908799932,True,0.03924688811850235,0.047634670743732954,0.019798614606637455,0.03
flu_2018,10,232,flu_2015,0.2582603064924973,0.16932903192807322,False,True,True,flu,0.9959804110280164,0.9959804110280164,True,0.03889749673766034,0.047634670743732954,0.004027689233503274,0.03
flu_2018,11,310,flu_2017,0.24418939245284693,0.18200760153041903,False,True,True,flu,0.9987878317013089,0.9987878317013089,True,0.04310825676492626,0.047634670743732954,0.0012129035689241656,0.03
flu_2018,12,421,flu_2016,0.2165936992686362,0.2165936992686362,True,True,True,flu,0.9998982072341924,0.9998982072341924,True,0.04645359413522067,0.047634670743732954,0.00010179794704277,0.03
flu_2018,13,559,flu_2016,0.2496821177194412,0.2496821177194412,True,True,True,flu,0.9999897564439763,0.9999897564439763,True,0.04717525023539775,0.047634670743732954,1.024360848932623e-05,0.03
flu_2018,14,779,flu_2016,0.28637691935415893,0.28637691935415893,True,True,True,flu,0.9999997373381027,0.9999997373381027,True,0.06257414008274641,0.047634670743732954,2.6266193183900584e-07,0.03
flu_2018,15,1116,flu_2016,0.352956046545151,0.352956046545151,True,True,True,flu,0.999999998333578,0.999999998333578,True,0.10927449514381775,0.047634670743732954,1.6664220017788363e-09,0.03
flu_2018,16,1419,flu_2016,0.4185819165353456,0.4185819165353456,True,True,True,flu,0.9999999999971569,0.9999999999971569,True,0.14486753969808264,0.047634670743732954,2.8430591214641423e-12,0.03
flu_2018,17,1835,flu_2016,0.531745410833666,0.531745410833666,True,True,True,flu,0.9999999999999831,0.9999999999999831,True,0.2833042802415831,0.047634670743732954,1.687538997430252e-14,0.03
flu_2018,18,2277,flu_2016,0.6722501829034632,0.6722501829034632,True,True,True,flu,1.0000000000000178,1.0000000000000178,True,0.40644411257695984,0.047634670743732954,-1.7763568394002347e-14,0.03
flu_2018,19,2762,flu_2016,0.7198731278686883,0.7198731278686883,True,True,True,flu,0.9999999999999634,0.9999999999999634,True,0.578174355134472,0.047634670743732954,3.6637359812630835e-14,0.03
flu_2018,20,3287,flu_2016,0.7972561068961179,0.7972561068961179,True,True,True,flu,1.0000000000000209,1.0000000000000209,True,0.7092675863264063,0.047634670743732954,-2.0872192862952725e-14,0.03
flu_2018,21,3643,flu_2016,0.8317579670272065,0.8317579670272065,True,True,True,flu,0.9999999999999515,0.9999999999999515,True,0.7649670495615464,0.047634670743732954,4.8516746176120515e-14,0.03
flu_2018,22,4103,flu_2016,0.8463574536499627,0.8463574536499627,True,True,True,flu,0.9999999999999902,0.9999999999999902,True,0.8443418368307141,0.047634670743732954,9.769962616701425e-15,0.03
flu_2018,23,4582,flu_2016,0.8449386681167688,0.8449386681167688,True,True,True,flu,0.9999999999999525,0.9999999999999525,True,0.8846890181810174,0.047634670743732954,4.751754545395783e-14,0.03
flu_2018,24,5071,flu_2016,0.8575880293990394,0.8575880293990394,True,True,True,flu,0.9999999999999588,0.9999999999999588,True,0.9281302299224492,0.047634670743732954,4.1189274213594153e-14,0.03
flu_2018,25,5575,flu_2016,0.8708047787149265,0.8708047787149265,True,True,True,flu,1.0000000000000697,1.0000000000000697,True,0.9588796367990192,0.047634670743732954,-6.97220059464574e-14,0.03
flu_2019,0,1,othervirus_2013,0.07841830052102461,0.07591195770144368,False,False,True,flu,0.5326022592319509,0.5326022592319509,True,0.06089250329801851,0.03588606978212905,0.6299803637187918,0.03
flu_2019,1,6,h1n1_2009,0.08147897666804789,0.07487622822728195,False,True,True,flu,0.5279464548019085,0.5279464548019085,True,0.04482664050140704,0.03588606978212905,0.6387604117783771,0.03
flu_2019,2,49,h1n1_2009,0.10098939937643098,0.09556820878794921,False,True,True,flu,0.6248380256693178,0.6248380256693178,True,0.03214435730803873,0.03588606978212905,0.4702628217623055,0.03
flu_2019,3,67,flu_2018,0.1174826415269413,0.1174826415269413,True,True,True,flu,0.6951072075054442,0.6951072075054442,True,0.03600683103551281,0.03588606978212905,0.3636891899099695,0.03
flu_2019,4,79,flu_2018,0.12185373550420239,0.12185373550420239,True,True,True,flu,0.696907252862199,0.696907252862199,True,0.03317284150974449,0.03588606978212905,0.36110294327054115,0.03
flu_2019,5,81,flu_2018,0.12590526364978855,0.12590526364978855,True,True,True,flu,0.7196045611801921,0.7196045611801921,True,0.0341432433125637,0.03588606978212905,0.32905343843197266,0.03
flu_2019,6,90,flu_2018,0.1259192783701069,0.1259192783701069,True,True,True,flu,0.698556382534489,0.698556382534489,True,0.03485588747250863,0.03588606978212905,0.3587393840946725,0.03
flu_2019,7,104,flu_2018,0.13091117278890965,0.13091117278890965,True,True,True,flu,0.7031546995311867,0.7031546995311867,True,0.03745040269507439,0.03588606978212905,0.3521783551481643,0.03
flu_2019,8,115,flu_2018,0.15259569123997468,0.15259569123997468,True,True,True,flu,0.7577668137271275,0.7577668137271275,True,0.03953038935829434,0.03588606978212905,0.27737957427406257,0.03
flu_2019,9,133,flu_2018,0.1619802367690595,0.1619802367690595,True,True,True,flu,0.7500276309135413,0.7500276309135413,True,0.048446080102940804,0.03588606978212905,0.28764523191234687,0.03
flu_2019,10,157,flu_2018,0.20134824665766438,0.20134824665766438,True,True,True,flu,0.8261414956760814,0.8261414956760814,True,0.042603984970797745,0.03588606978212905,0.1909892178604327,0.03
flu_2019,11,205,flu_2018,0.22901775773807295,0.22901775773807295,True,True,True,flu,0.9079813178246814,0.9079813178246814,True,0.05337226759360851,0.03588606978212905,0.09653147567546369,0.03
flu_2019,12,264,flu_2018,0.27893085811490476,0.27893085811490476,True,True,True,flu,0.977841515315859,0.977841515315859,True,0.05009528709007107,0.03588606978212905,0.022407671858089187,0.03
flu_2019,13,353,flu_2018,0.3174254992273175,0.3174254992273175,True,True,True,flu,0.9934762577789227,0.9934762577789227,True,0.05620281294863268,0.03588606978212905,0.006545114831002665,0.03
flu_2019,14,460,flu_2018,0.337020259446941,0.337020259446941,True,True,True,flu,0.9987627360299072,0.9987627360299072,True,0.05417777890037681,0.03588606978212905,0.0012380300130887967,0.03
flu_2019,15,655,flu_2018,0.4163595694730001,0.4163595694730001,True,True,True,flu,0.9999800523785841,0.9999800523785841,True,0.06329281305091056,0.03588606978212905,1.994782037232924e-05,0.03
flu_2019,16,882,flu_2018,0.5368602212468851,0.5368602212468851,True,True,True,flu,0.9999995253771301,0.9999995253771301,True,0.10965607141361583,0.03588606978212905,4.746229825283284e-07,0.03
flu_2019,17,1215,flu_2018,0.6587800757648576,0.6587800757648576,True,True,True,flu,0.9999999996889295,0.9999999996889295,True,0.12157112282720538,0.03588606978212905,3.11070502738241e-10,0.03
flu_2019,18,1518,flu_2018,0.7790155056144139,0.7790155056144139,True,True,True,flu,0.9999999999993878,0.9999999999993878,True,0.14364751972869677,0.03588606978212905,6.121769757784987e-13,0.03
flu_2019,19,1772,flu_2018,0.8277644038494177,0.8277644038494177,True,True,True,flu,1.0000000000000007,1.0000000000000007,True,0.14946591645759488,0.03588606978212905,-6.661338147750937e-16,0.03
flu_2019,20,2062,flu_2018,0.8573907931495658,0.8573907931495658,True,True,True,flu,0.99999999999998,0.99999999999998,True,0.16147497550672257,0.03588606978212905,1.9984014443253017e-14,0.03
flu_2019,21,2307,flu_2018,0.8709500556549566,0.8709500556549566,True,True,True,flu,1.0000000000000087,1.0000000000000087,True,0.17668844181897658,0.03588606978212905,-8.659739592076183e-15,0.03
flu_2019,22,2481,flu_2018,0.8946069988941501,0.8946069988941501,True,True,True,flu,1.00000000000001,1.00000000000001,True,0.20257090952084472,0.03588606978212905,-9.992007221626358e-15,0.03
flu_2019,23,2643,flu_2018,0.9020266385764735,0.9020266385764735,True,True,True,flu,0.999999999999984,0.999999999999984,True,0.22212813332486964,0.03588606978212905,1.5987211554602384e-14,0.03
flu_2019,24,2778,flu_2018,0.9037831594747763,0.9037831594747763,True,True,True,flu,1.0000000000000115,1.0000000000000115,True,0.2739116649807673,0.03588606978212905,-1.1546319456101562e-14,0.03
flu_2019,25,2917,flu_2018,0.9185384122412187,0.9185384122412187,True,True,True,flu,0.9999999999999987,0.9999999999999987,True,0.30980918212393027,0.03588606978212905,1.3322676295501886e-15,0.03
flu_2020,0,11,flu_2015,0.07427401446415453,0.07326753368807269,False,True,True,flu,0.5587741682408448,0.5587741682408448,True,0.022175176340129797,0.07406527789600226,0.5820098798674738,0.03
flu_2020,1,43,flu_2019,0.10752334811620112,0.10752334811620112,True,True,True,flu,0.6963287863863525,0.6963287863863525,True,0.021017482622746317,0.07406527789600226,0.3619333359574813,0.03
flu_2020,2,82,flu_2019,0.12852537827845256,0.12852537827845256,True,True,True,flu,0.6992698097088196,0.6992698097088196,True,0.025577134922027997,0.07406527789600226,0.3577186173638206,0.03
flu_2020,3,120,flu_2019,0.1696205671844947,0.1696205671844947,True,True,True,flu,0.834660252633908,0.834660252633908,True,0.029313776383146126,0.07406527789600226,0.18073052000382384,0.03
flu_2020,4,159,flu_2019,0.20033016368685128,0.20033016368685128,True,True,True,flu,0.9263173783845341,0.9263173783845341,True,0.030677046616645973,0.07406527789600226,0.07653836182231982,0.03
flu_2020,5,202,flu_2019,0.23968055513067782,0.23968055513067782,True,True,True,flu,0.9526222383920172,0.9526222383920172,True,0.03897991726326631,0.07406527789600226,0.04853684594558462,0.03
flu_2020,6,264,flu_2019,0.28366011026317856,0.28366011026317856,True,True,True,flu,0.9795711298388312,0.9795711298388312,True,0.0455545647200168,0.07406527789600226,0.020640425715678944,0.03
flu_2020,7,311,flu_2019,0.30349414412949216,0.30349414412949216,True,True,True,flu,0.9900103817820833,0.9900103817820833,True,0.06062730933080096,0.07406527789600226,0.010039849259916928,0.03
flu_2020,8,469,flu_2019,0.38083220197877815,0.38083220197877815,True,True,True,flu,0.9996474582455706,0.9996474582455706,True,0.07640911332237661,0.07406527789600226,0.0003526039118829165,0.03
flu_2020,9,602,flu_2019,0.45759584962751126,0.45759584962751126,True,True,True,flu,0.999959468735328,0.999959468735328,True,0.18036617073027866,0.07406527789600226,4.053208608586466e-05,0.03
flu_2020,10,786,flu_2019,0.49129950010932183,0.49129950010932183,True,True,True,flu,0.999998779062503,0.999998779062503,True,0.32324515062096404,0.07406527789600226,1.2209382423377167e-06,0.03
flu_2020,11,1049,flu_2019,0.6872219848164239,0.6872219848164239,True,True,True,flu,0.9999999964900063,0.9999999964900063,True,0.27157045959792075,0.07406527789600226,3.509993746262885e-09,0.03
flu_2020,12,1345,flu_2019,0.8249786583135643,0.8249786583135643,True,True,True,flu,0.9999999999984606,0.9999999999984606,True,0.19745119948833104,0.07406527789600226,1.5394352459464269e-12,0.03
flu_2020,13,1553,flu_2019,0.8546396614599663,0.8546396614599663,True,True,True,flu,0.9999999999999696,0.9999999999999696,True,0.33549901828165607,0.07406527789600226,3.042011087472975e-14,0.03
flu_2020,14,1630,flu_2019,0.8899786404439316,0.8899786404439316,True,True,True,flu,1.000000000000011,1.000000000000011,True,0.20497722483534833,0.07406527789600226,-1.1102230246251504e-14,0.03
flu_2020,15,1686,flu_2019,0.8803140515054616,0.8803140515054616,True,True,True,flu,1.0000000000000204,1.0000000000000204,True,0.20814479190639418,0.07406527789600226,-2.0428103653102672e-14,0.03
flu_2020,16,1737,flu_2019,0.8972064599946605,0.8972064599946605,True,True,True,flu,1.0000000000000062,1.0000000000000062,True,0.22714081326459226,0.07406527789600226,-6.217248937900858e-15,0.03
flu_2020,17,1760,flu_2019,0.8955828488678463,0.8955828488678463,True,True,True,flu,1.0000000000000107,1.0000000000000107,True,0.21199160210690413,0.07406527789600226,-1.0658141036401446e-14,0.03
flu_2020,18,1794,flu_2019,0.9012159342559664,0.9012159342559664,True,True,True,flu,0.9999999999999805,0.9999999999999805,True,0.19721709811991098,0.07406527789600226,1.9539925233402948e-14,0.03
flu_2020,19,1829,flu_2019,0.8985753076884015,0.8985753076884015,True,True,True,flu,1.0000000000000204,1.0000000000000204,True,0.1889309122576424,0.07406527789600226,-2.0428103653102672e-14,0.03
flu_2020,20,1847,flu_2019,0.9011353826085032,0.9011353826085032,True,True,True,flu,1.0000000000000142,1.0000000000000142,True,0.19134949740293114,0.07406527789600226,-1.4210854715201903e-14,0.03
flu_2020,21,1868,flu_2019,0.9022361629625483,0.9022361629625483,True,True,True,flu,0.9999999999999848,0.9999999999999848,True,0.19520330028328858,0.07406527789600226,1.521005543736476e-14,0.03
flu_2020,22,1882,flu_2019,0.8981670391747806,0.8981670391747806,True,True,True,flu,1.000000000000011,1.000000000000011,True,0.19774859777476064,0.07406527789600226,-1.1102230246251504e-14,0.03
flu_2020,23,1908,flu_2019,0.9000308636836346,0.9000308636836346,True,True,True,flu,0.9999999999999875,0.9999999999999875,True,0.2059151820872642,0.07406527789600226,1.2545520178264348e-14,0.03
flu_2020,24,1921,flu_2019,0.9029029355087597,0.9029029355087597,True,True,True,flu,0.9999999999999846,0.9999999999999846,True,0.2029438636560961,0.07406527789600226,1.5432100042289796e-14,0.03
flu_2020,25,1935,flu_2019,0.8999156637191872,0.8999156637191872,True,True,True,flu,0.9999999999999996,0.9999999999999996,True,0.2131281795403375,0.07406527789600226,4.440892098500627e-16,0.03
flu_2021,0,5,othervirus_2018,0.058240201871454324,0.05192729889447264,False,False,True,flu,0.459216477337306,0.459216477337306,True,0.02975575958421447,0.4842213631942549,0.7782335519173568,0.03
flu_2021,1,6,othervirus_2020,0.060716741140710406,0.05591718130484427,False,False,True,flu,0.4717550513383664,0.4717550513383664,True,0.03273308600329575,0.4842213631942549,0.7512953871313097,0.03
flu_2021,2,11,flu_2015,0.06583092327480751,0.06478861272663532,False,True,True,flu,0.5198225474163859,0.5198225474163859,True,0.03225815792653304,0.4842213631942549,0.6542677806158798,0.03
flu_2021,3,17,flu_2020,0.07274238743613379,0.06749441337601814,False,True,True,flu,0.5512822266826769,0.5512822266826769,True,0.032468237773397544,0.4842213631942549,0.5955083928275032,0.03
flu_2021,4,20,covid_2020,0.08590574542939246,0.07310001512957377,False,False,True,flu,0.5842597048985797,0.5842597048985797,True,0.0402426262811835,0.4842213631942549,0.5374096948349246,0.03
flu_2021,5,23,covid_2020,0.08751776023729553,0.07419749627418308,False,False,True,flu,0.5890219365121898,0.5890219365121898,True,0.043160434030667244,0.4842213631942549,0.5292918523701055,0.03
flu_2021,6,34,flu_2020,0.1024598944182837,0.07824446790408046,False,True,True,flu,0.6365533252773902,0.6365533252773902,True,0.04974963616743624,0.4842213631942549,0.4516870855820866,0.03
flu_2021,7,46,flu_2020,0.11617685720842853,0.08597362482802637,False,True,True,flu,0.6744036882864248,0.6744036882864248,True,0.05538132554340008,0.4842213631942549,0.39392640332008555,0.03
flu_2021,8,61,flu_2020,0.1290552342723568,0.0918185417751712,False,True,True,flu,0.7093143118957438,0.7093143118957438,True,0.06544252747261695,0.4842213631942549,0.34345653348471683,0.03
flu_2021,9,74,flu_2020,0.14458039331077788,0.09745873769736445,False,True,True,flu,0.7479376456005682,0.7479376456005682,True,0.07446283201522655,0.4842213631942549,0.29043566597898907,0.03
flu_2021,10,89,flu_2020,0.16395307914916654,0.09432804498266271,False,True,True,flu,0.7860298969170771,0.7860298969170771,True,0.08912000615139988,0.4842213631942549,0.2407604504861364,0.03
flu_2021,11,108,flu_2020,0.17592445821829797,0.09582693843447025,False,True,True,flu,0.7510525368690912,0.7510525368690912,True,0.1428330620590331,0.4842213631942549,0.2862796737805251,0.03
flu_2021,12,127,flu_2020,0.19719259973702932,0.08954138327344455,False,True,True,flu,0.7875844461818042,0.7875844461818042,True,0.16487157020223017,0.4842213631942549,0.238784680784687,0.03
flu_2021,13,151,flu_2020,0.21283453516261744,0.08801820235421973,False,True,True,flu,0.7930338851712078,0.7930338851712078,True,0.2113889649669797,0.4842213631942549,0.2318893279055921,0.03
flu_2021,14,174,flu_2020,0.23568091122949716,0.0848675366996768,False,True,True,flu,0.7444589624175197,0.7444589624175197,True,0.2622384018866679,0.4842213631942549,0.2950975493745785,0.03
flu_2021,15,202,covid_2020,0.28448259831438505,0.06849040094572413,False,False,True,flu,0.6615835289351636,0.6615835289351636,True,0.3794069179881845,0.4842213631942549,0.41311903138793665,0.03
flu_2021,16,220,covid_2020,0.3540814097026588,0.06306574466884454,False,False,True,flu,0.5936575837601787,0.5936575837601787,True,0.44732597558730314,0.4842213631942549,0.5214525841516655,0.03
flu_2021,17,236,covid_2020,0.3840016287503427,0.05667052100237201,False,False,True,flu,0.5740667872062782,0.5740667872062782,True,0.4726253330451548,0.4842213631942549,0.555009535413268,0.03
flu_2021,18,254,covid_2020,0.536338109299067,0.04370696631478144,False,False,True,covid,0.5430822869315366,0.43215915348118866,False,0.522859030877827,0.4842213631942549,0.8389613477485508,0.03
flu_2021,19,268,covid_2020,0.6800452330701399,0.031693773084571344,False,False,True,covid,0.6894757669544473,0.29129790654580967,False,0.5570587122217151,0.4842213631942549,1.2334088016343683,0.03
flu_2021,20,297,covid_2020,0.7484070803555325,0.02298986577681102,False,False,True,covid,0.7544046846644947,0.23186265944304743,False,0.6655536058652423,0.4842213631942549,1.4616100677675035,0.03
flu_2021,21,320,covid_2020,0.7316432611651246,0.025474051498590874,False,False,True,covid,0.7352366089249331,0.2531486598459836,False,0.7000767190611608,0.4842213631942549,1.3737783744929963,0.03
flu_2021,22,345,covid_2020,0.8221434047012337,0.015285482530388661,False,False,True,covid,0.8245222490826682,0.16909644908084193,False,0.7354691528205985,0.4842213631942549,1.7772860222286453,0.03
flu_2021,23,362,covid_2020,0.7959606278516465,0.016700878023415612,False,False,True,covid,0.7973985039631889,0.19733407657428095,False,0.7662305046889439,0.4842213631942549,1.622857166349613,0.03
flu_2021,24,390,covid_2020,0.8825349353500568,0.008039191994050872,False,False,True,covid,0.8835284818177562,0.11374868770864181,False,0.8133478789309465,0.4842213631942549,2.1737637578449496,0.03
flu_2021,25,412,covid_2020,0.8909428340364028,0.006558706131085034,False,False,True,covid,0.8915506562277489,0.10614801920772862,False,0.8586610938774082,0.4842213631942549,2.242920751320415,0.03
flu_2022,0,705,flu_2021,0.999806751247725,0.999806751247725,True,True,True,flu,0.9999985160799963,0.9999985160799963,True,1.517525605859146e-29,0.07071940430495793,1.4839211046635387e-06,0.03
flu_2022,1,2293,flu_2021,0.9999999999999432,0.9999999999999432,True,True,True,flu,0.9999999999999726,0.9999999999999726,True,1.2326858442479352e-29,0.07071940430495793,2.7422508708241742e-14,0.03
flu_2022,2,3330,flu_2021,1.0,1.0,True,True,True,flu,1.0,1.0,True,3.1742490523703954e-29,0.07071940430495793,-0.0,0.03
flu_2022,3,3806,flu_2021,1.0,1.0,True,True,True,flu,1.0,1.0,True,6.088027212056513e-29,0.07071940430495793,-0.0,0.03
flu_2022,4,4150,flu_2021,1.0,1.0,True,True,True,flu,1.0,1.0,True,8.252896090663633e-29,0.07071940430495793,-0.0,0.03
flu_2022,5,4419,flu_2021,1.0,1.0,True,True,True,flu,1.0,1.0,True,8.15644792388188e-29,0.07071940430495793,-0.0,0.03
flu_2022,6,4621,flu_2021,1.0,1.0,True,True,True,flu,1.0,1.0,True,7.842880973173056e-29,0.07071940430495793,-0.0,0.03
flu_2022,7,4782,flu_2021,1.0,1.0,True,True,True,flu,1.0,1.0,True,9.787714268429168e-29,0.07071940430495793,-0.0,0.03
flu_2022,8,4873,flu_2021,1.0,1.0,True,True,True,flu,1.0,1.0,True,1.0178049904487655e-28,0.07071940430495793,-0.0,0.03
flu_2022,9,4978,flu_2021,1.0,1.0,True,True,True,flu,1.0,1.0,True,1.1781712400983792e-28,0.07071940430495793,-0.0,0.03
flu_2022,10,5054,flu_2021,1.0,1.0,True,True,True,flu,1.0,1.0,True,1.2046240716988972e-28,0.07071940430495793,-0.0,0.03
flu_2022,11,5128,flu_2021,1.0,1.0,True,True,True,flu,1.0,1.0,True,1.1534486897088838e-28,0.07071940430495793,-0.0,0.03
flu_2022,12,5192,flu_2021,1.0,1.0,True,True,True,flu,1.0,1.0,True,1.043246502384978e-28,0.07071940430495793,-0.0,0.03
flu_2022,13,5260,flu_2021,1.0,1.0,True,True,True,flu,1.0,1.0,True,1.2190135546112441e-28,0.07071940430495793,-0.0,0.03
flu_2022,14,5313,flu_2021,1.0,1.0,True,True,True,flu,1.0,1.0,True,1.2417378986066177e-28,0.07071940430495793,-0.0,0.03
flu_2022,15,5373,flu_2021,1.0,1.0,True,True,True,flu,1.0,1.0,True,1.2794864153193644e-28,0.07071940430495793,-0.0,0.03
flu_2022,16,5468,flu_2021,1.0,1.0,True,True,True,flu,1.0,1.0,True,1.3762313653503454e-28,0.07071940430495793,-0.0,0.03
flu_2022,17,5561,flu_2021,1.0,1.0,True,True,True,flu,1.0,1.0,True,1.5491046903453248e-28,0.07071940430495793,-0.0,0.03
flu_2022,18,5650,flu_2021,1.0,1.0,True,True,True,flu,1.0,1.0,True,1.934811885530519e-28,0.07071940430495793,-0.0,0.03
flu_2022,19,5805,flu_2021,1.0,1.0,True,True,True,flu,1.0,1.0,True,1.8141098112447794e-28,0.07071940430495793,-0.0,0.03
flu_2022,20,5964,flu_2021,1.0,1.0,True,True,True,flu,1.0,1.0,True,2.415272915140596e-28,0.07071940430495793,-0.0,0.03
flu_2022,21,6143,flu_2021,1.0,1.0,True,True,True,flu,1.0,1.0,True,2.678480610437093e-28,0.07071940430495793,-0.0,0.03
flu_2022,22,6301,flu_2021,1.0,1.0,True,True,True,flu,1.0,1.0,True,2.5461967776321202e-28,0.07071940430495793,-0.0,0.03
flu_2022,23,6475,flu_2021,1.0,1.0,True,True,True,flu,1.0,1.0,True,3.292435024102369e-28,0.07071940430495793,-0.0,0.03
flu_2022,24,6680,flu_2021,1.0,1.0,True,True,True,flu,1.0,1.0,True,4.682691441616014e-28,0.07071940430495793,-0.0,0.03
flu_2022,25,6834,flu_2021,1.0,1.0,True,True,True,flu,1.0,1.0,True,5.706198095849498e-28,0.07071940430495793,-0.0,0.03
othervirus_2013,0,2,h1n1_2009,1.0,1.0,True,,False,flu,1.0,,,0.517364515669394,1.7630031010527647,,0.03
othervirus_2013,1,7,h1n1_2009,1.0,1.0,True,,False,flu,1.0,,,0.524339604969214,1.7630031010527647,,0.03
othervirus_2013,2,16,h1n1_2009,1.0,1.0,True,,False,flu,1.0,,,0.602469096346396,1.7630031010527647,,0.03
othervirus_2013,3,25,h1n1_2009,1.0,1.0,True,,False,flu,1.0,,,0.6193663978984817,1.7630031010527647,,0.03
othervirus_2013,4,27,h1n1_2009,1.0,1.0,True,,False,flu,1.0,,,0.6276791414820879,1.7630031010527647,,0.03
othervirus_2013,5,29,h1n1_2009,1.0,1.0,True,,False,flu,1.0,,,0.6660243045989428,1.7630031010527647,,0.03
othervirus_2013,6,32,h1n1_2009,1.0,1.0,True,,False,flu,1.0,,,0.6822377587177108,1.7630031010527647,,0.03
othervirus_2013,7,38,h1n1_2009,1.0,1.0,True,,False,flu,1.0,,,0.710749046514716,1.7630031010527647,,0.03
othervirus_2013,8,51,h1n1_2009,1.0,1.0,True,,False,flu,1.0,,,0.7926019471657351,1.7630031010527647,,0.03
othervirus_2013,9,64,h1n1_2009,1.0,1.0,True,,False,flu,1.0,,,0.9211333247951236,1.7630031010527647,,0.03
othervirus_2013,10,77,h1n1_2009,1.0,1.0,True,,False,flu,1.0,,,0.9236509223838947,1.7630031010527647,,0.03
othervirus_2013,11,91,h1n1_2009,1.0,1.0,True,,False,flu,1.0,,,0.954117016150899,1.7630031010527647,,0.03
othervirus_2013,12,108,h1n1_2009,1.0,1.0,True,,False,flu,1.0,,,0.9830355323765549,1.7630031010527647,,0.03
othervirus_2013,13,144,h1n1_2009,1.0,1.0,True,,False,flu,1.0,,,0.9978097334263974,1.7630031010527647,,0.03
othervirus_2013,14,196,h1n1_2009,1.0,1.0,True,,False,flu,1.0,,,0.9996525004519131,1.7630031010527647,,0.03
othervirus_2013,15,296,h1n1_2009,1.0,1.0,True,,False,flu,1.0,,,0.9999994213717369,1.7630031010527647,,0.03
othervirus_2013,16,376,h1n1_2009,1.0,1.0,True,,False,flu,1.0,,,0.9999999957412555,1.7630031010527647,,0.03
othervirus_2013,17,496,h1n1_2009,1.0,1.0,True,,False,flu,1.0,,,0.9999999999951825,1.7630031010527647,,0.03
othervirus_2013,18,609,h1n1_2009,1.0,1.0,True,,False,flu,1.0,,,1.0,1.7630031010527647,,0.03
othervirus_2013,19,774,h1n1_2009,1.0,1.0,True,,False,flu,1.0,,,1.0,1.7630031010527647,,0.03
othervirus_2013,20,890,h1n1_2009,1.0,1.0,True,,False,flu,1.0,,,1.0,1.7630031010527647,,0.03
othervirus_2013,21,1094,h1n1_2009,1.0,1.0,True,,False,flu,1.0,,,1.0,1.7630031010527647,,0.03
othervirus_2013,22,1280,h1n1_2009,1.0,1.0,True,,False,flu,1.0,,,1.0,1.7630031010527647,,0.03
othervirus_2013,23,1454,h1n1_2009,1.0,1.0,True,,False,flu,1.0,,,1.0,1.7630031010527647,,0.03
othervirus_2013,24,1637,h1n1_2009,1.0,1.0,True,,False,flu,1.0,,,1.0,1.7630031010527647,,0.03
othervirus_2013,25,1808,h1n1_2009,1.0,1.0,True,,False,flu,1.0,,,1.0,1.7630031010527647,,0.03
othervirus_2014,0,4,othervirus_2013,0.383054229004294,0.383054229004294,True,True,True,flu,0.616945770995706,0.383054229004294,False,0.19211920812449573,0.07021335516250726,0.9595787097348812,0.03
othervirus_2014,1,14,othervirus_2013,0.4215476480109285,0.4215476480109285,True,True,True,flu,0.5784523519890716,0.4215476480109285,False,0.15069264693747847,0.07021335516250726,0.8638224640124155,0.03
othervirus_2014,2,20,othervirus_2013,0.48002498821815054,0.48002498821815054,True,True,True,flu,0.5199750117818496,0.48002498821815054,False,0.14892925002367585,0.07021335516250726,0.7339171176473985,0.03
othervirus_2014,3,27,othervirus_2013,0.5355910518840997,0.5355910518840997,True,True,True,othervirus,0.5355910518840997,0.5355910518840997,True,0.1389228711648356,0.07021335516250726,0.6243843720184578,0.03
othervirus_2014,4,34,othervirus_2013,0.6160244512441638,0.6160244512441638,True,True,True,othervirus,0.6160244512441638,0.6160244512441638,True,0.1481235124318414,0.07021335516250726,0.48446862265819846,0.03
othervirus_2014,5,41,othervirus_2013,0.672457254558601,0.672457254558601,True,True,True,othervirus,0.672457254558601,0.672457254558601,True,0.1409737638653893,0.07021335516250726,0.3968167315209375,0.03
othervirus_2014,6,56,othervirus_2013,0.7648745935223608,0.7648745935223608,True,True,True,othervirus,0.7648745935223608,0.7648745935223608,True,0.16009492513194332,0.07021335516250726,0.26804338862972793,0.03
othervirus_2014,7,65,othervirus_2013,0.8209543908856789,0.8209543908856789,True,True,True,othervirus,0.8209543908856789,0.8209543908856789,True,0.1644323755763237,0.07021335516250726,0.19728772419625257,0.03
othervirus_2014,8,79,othervirus_2013,0.8816387586073482,0.8816387586073482,True,True,True,othervirus,0.8816387586073482,0.8816387586073482,True,0.1618055680905201,0.07021335516250726,0.12597287761231793,0.03
othervirus_2014,9,92,othervirus_2013,0.9313036792290217,0.9313036792290217,True,True,True,othervirus,0.9313036792290217,0.9313036792290217,True,0.1613712585119839,0.07021335516250726,0.07116986882448728,0.03
othervirus_2014,10,111,othervirus_2013,0.9503003669933489,0.9503003669933489,True,True,True,othervirus,0.9503003669933489,0.9503003669933489,True,0.1553012296043517,0.07021335516250726,0.05097716857810754,0.03
othervirus_2014,11,135,othervirus_2013,0.9781383860709952,0.9781383860709952,True,True,True,othervirus,0.9781383860709952,0.9781383860709952,True,0.15489877853128176,0.07021335516250726,0.022104119907268665,0.03
othervirus_2014,12,170,othervirus_2013,0.9928506789132089,0.9928506789132089,True,True,True,othervirus,0.9928506789132089,0.9928506789132089,True,0.15753215778437338,0.07021335516250726,0.007174999946933337,0.03
othervirus_2014,13,210,othervirus_2013,0.9984744083310024,0.9984744083310024,True,True,True,othervirus,0.9984744083310024,0.9984744083310024,True,0.13167637879016936,0.07021335516250726,0.0015267565688929596,0.03
othervirus_2014,14,224,othervirus_2013,0.9989272969386326,0.9989272969386326,True,True,True,othervirus,0.9989272969386326,0.9989272969386326,True,0.13587190347475664,0.07021335516250726,0.0010732788190778862,0.03
othervirus_2014,15,283,othervirus_2013,0.999872364743551,0.999872364743551,True,True,True,othervirus,0.999872364743551,0.999872364743551,True,0.13546658491932856,0.07021335516250726,0.00012764340252149046,0.03
othervirus_2014,16,336,othervirus_2013,0.9999858512556303,0.9999858512556303,True,True,True,othervirus,0.9999858512556303,0.9999858512556303,True,0.13453176224206093,0.07021335516250726,1.414884446409638e-05,0.03
othervirus_2014,17,425,othervirus_2013,0.9999993257000881,0.9999993257000881,True,True,True,othervirus,0.9999993257000881,0.9999993257000881,True,0.15710707044293953,0.07021335516250726,6.74300139247216e-07,0.03
othervirus_2014,18,521,othervirus_2013,0.9999999910279911,0.9999999910279911,True,True,True,othervirus,0.9999999910279911,0.9999999910279911,True,0.1548127399263604,0.07021335516250726,8.972008953836543e-09,0.03
othervirus_2014,19,595,othervirus_2013,0.9999999994144559,0.9999999994144559,True,True,True,othervirus,0.9999999994144559,0.9999999994144559,True,0.16199894959788882,0.07021335516250726,5.855440578566143e-10,0.03
othervirus_2014,20,702,othervirus_2013,0.9999999999906919,0.9999999999906919,True,True,True,othervirus,0.9999999999906919,0.9999999999906919,True,0.16872794832956672,0.07021335516250726,9.308109838500633e-12,0.03
othervirus_2014,21,808,othervirus_2013,0.9999999999998153,0.9999999999998153,True,True,True,othervirus,0.9999999999998153,0.9999999999998153,True,0.18698692822206028,0.07021335516250726,1.8474111129764311e-13,0.03
othervirus_2014,22,934,othervirus_2013,1.0,1.0,True,True,True,othervirus,1.0,1.0,True,0.23910818810731116,0.07021335516250726,-0.0,0.03
othervirus_2014,23,1019,othervirus_2013,1.0,1.0,True,True,True,othervirus,1.0,1.0,True,0.3097388646940403,0.07021335516250726,-0.0,0.03
othervirus_2014,24,1161,othervirus_2013,1.0,1.0,True,True,True,othervirus,1.0,1.0,True,0.33715752726952164,0.07021335516250726,-0.0,0.03
othervirus_2014,25,1252,othervirus_2013,1.0,1.0,True,True,True,othervirus,1.0,1.0,True,0.42219270142484805,0.07021335516250726,-0.0,0.03
othervirus_2015,0,2,othervirus_2014,0.21629296708345647,0.21629296708345647,True,True,True,flu,0.5725708801732591,0.4274291198267407,False,0.12272552076572882,0.00909942825614074,0.8499668059267983,0.03
othervirus_2015,1,9,othervirus_2013,0.22278247115740546,0.21223950734956826,False,True,True,flu,0.5649780214930262,0.4350219785069737,False,0.10839202184296241,0.00909942825614074,0.8323587238664253,0.03
othervirus_2015,2,15,othervirus_2013,0.23891005826673045,0.22523020024290322,False,True,True,flu,0.5358597414903664,0.4641402585096337,False,0.08641505423937616,0.00909942825614074,0.767568491162898,0.03
othervirus_2015,3,19,othervirus_2013,0.25308173282601504,0.22741259788280346,False,True,True,flu,0.5195056692911815,0.48049433070881853,False,0.09368528255747113,0.00909942825614074,0.7329398493743434,0.03
othervirus_2015,4,25,othervirus_2013,0.2668224123104822,0.2265381849727019,False,True,True,flu,0.5066394027168161,0.4933605972831841,False,0.09821191098602088,0.00909942825614074,0.7065149376559158,0.03
othervirus_2015,5,44,othervirus_2013,0.3132734558939796,0.2688058866273229,False,True,True,othervirus,0.5820793425213024,0.5820793425213024,True,0.07973171222251872,0.00909942825614074,0.541148513186239,0.03
othervirus_2015,6,68,othervirus_2013,0.402300341668506,0.38661045660616045,False,True,True,othervirus,0.7889107982746664,0.7889107982746664,True,0.08043929072613218,0.00909942825614074,0.2371020212137526,0.03
othervirus_2015,7,79,othervirus_2013,0.4329487922605777,0.41015793195844147,False,True,True,othervirus,0.8431067242190191,0.8431067242190191,True,0.07851510817859159,0.00909942825614074,0.17066172849639114,0.03
othervirus_2015,8,103,othervirus_2014,0.467211941413496,0.467211941413496,True,True,True,othervirus,0.9228807789931863,0.9228807789931863,True,0.08223763022878194,0.00909942825614074,0.08025521967666084,0.03
othervirus_2015,9,144,othervirus_2014,0.5655670850321899,0.5655670850321899,True,True,True,othervirus,0.9888040614740973,0.9888040614740973,True,0.08421523739468333,0.00909942825614074,0.011259084809297206,0.03
othervirus_2015,10,194,othervirus_2014,0.642636903503364,0.642636903503364,True,True,True,othervirus,0.9988124830056553,0.9988124830056553,True,0.07605402132386849,0.00909942825614074,0.0011882226513590963,0.03
othervirus_2015,11,230,othervirus_2014,0.7056658197260426,0.7056658197260426,True,True,True,othervirus,0.9997775024188962,0.9997775024188962,True,0.08529522170175519,0.00909942825614074,0.00022252233736282502,0.03
othervirus_2015,12,298,othervirus_2014,0.760129936384066,0.760129936384066,True,True,True,othervirus,0.9999872369610676,0.9999872369610676,True,0.0856749133576786,0.00909942825614074,1.2763120380658476e-05,0.03
othervirus_2015,13,356,othervirus_2014,0.7945983166216919,0.7945983166216919,True,True,True,othervirus,0.9999987076640857,0.9999987076640857,True,0.07084077723501589,0.00909942825614074,1.292336749349238e-06,0.03
othervirus_2015,14,416,othervirus_2014,0.8409201557034002,0.8409201557034002,True,True,True,othervirus,0.9999999092072905,0.9999999092072905,True,0.07712245408526881,0.00909942825614074,9.079271358343161e-08,0.03
othervirus_2015,15,486,othervirus_2014,0.8608457906168759,0.8608457906168759,True,True,True,othervirus,0.9999999954713064,0.9999999954713064,True,0.057638704376415335,0.00909942825614074,4.52869365256843e-09,0.03
othervirus_2015,16,598,othervirus_2014,0.9185831117098824,0.9185831117098824,True,True,True,othervirus,0.99999999996633,0.99999999996633,True,0.04880084306525682,0.00909942825614074,3.366995571297888e-11,0.03
othervirus_2015,17,682,othervirus_2014,0.9410463261788492,0.9410463261788492,True,True,True,othervirus,0.9999999999988237,0.9999999999988237,True,0.04612546310739906,0.00909942825614074,1.1762812945910452e-12,0.03
othervirus_2015,18,819,othervirus_2014,0.973328078167986,0.973328078167986,True,True,True,othervirus,1.0000000000000044,1.0000000000000044,True,0.053649885310327265,0.00909942825614074,-4.440892098500617e-15,0.03
othervirus_2015,19,938,othervirus_2014,0.9804187830483603,0.9804187830483603,True,True,True,othervirus,1.0000000000000038,1.0000000000000038,True,0.05013614531709128,0.00909942825614074,-3.774758283725525e-15,0.03
othervirus_2015,20,1020,othervirus_2014,0.9877718955135881,0.9877718955135881,True,True,True,othervirus,1.0000000000000069,1.0000000000000069,True,0.054097702655724604,0.00909942825614074,-6.883382752675947e-15,0.03
othervirus_2015,21,1060,othervirus_2014,0.9894708663574833,0.9894708663574833,True,True,True,othervirus,0.9999999999999939,0.9999999999999939,True,0.05408521194216104,0.00909942825614074,6.10622663543838e-15,0.03
othervirus_2015,22,1213,othervirus_2014,0.9932269452361608,0.9932269452361608,True,True,True,othervirus,0.9999999999999883,0.9999999999999883,True,0.05357494916680597,0.00909942825614074,1.1657341758564212e-14,0.03
othervirus_2015,23,1318,othervirus_2014,0.9963621404844704,0.9963621404844704,True,True,True,othervirus,1.0000000000000118,1.0000000000000118,True,0.05936031506206969,0.00909942825614074,-1.176836406102659e-14,0.03
othervirus_2015,24,1428,othervirus_2014,0.9975666485309767,0.9975666485309767,True,True,True,othervirus,1.0000000000000044,1.0000000000000044,True,0.05487386089161399,0.00909942825614074,-4.440892098500617e-15,0.03
othervirus_2015,25,1529,othervirus_2014,0.9983471673017867,0.9983471673017867,True,True,True,othervirus,0.9999999999999906,0.9999999999999906,True,0.05421953361150237,0.00909942825614074,9.436895709313875e-15,0.03
othervirus_2016,0,3,flu_2015,0.1495703758807495,0.14552805213136036,False,False,True,flu,0.5754965364192934,0.4245034635807068,False,0.0879379953510327,0.03484374080928454,0.8568351140632985,0.03
othervirus_2016,1,9,flu_2015,0.16020769643558833,0.15495040439791005,False,False,True,flu,0.5477294510592997,0.4522705489407003,False,0.08280246554910684,0.03484374080928454,0.7934747186119354,0.03
othervirus_2016,2,18,flu_2015,0.16598531027631694,0.16321132002973676,False,False,True,flu,0.536039081776704,0.463960918223296,False,0.07709217197637878,0.03484374080928454,0.7679549582702907,0.03
othervirus_2016,3,22,flu_2015,0.17656199709181167,0.16546279524322424,False,False,True,flu,0.5460938637525602,0.45390613624743986,False,0.0832939438840191,0.03484374080928454,0.7898648506698329,0.03
othervirus_2016,4,24,flu_2015,0.1745731931411438,0.1696180271966799,False,False,True,flu,0.526414176727462,0.47358582327253806,False,0.08557907526354064,0.03484374080928454,0.7474221298288298,0.03
othervirus_2016,5,31,othervirus_2013,0.18420069694434754,0.18420069694434754,True,True,True,othervirus,0.5060536310300655,0.5060536310300655,True,0.09055500372596816,0.03484374080928454,0.6811126251332384,0.03
othervirus_2016,6,42,othervirus_2013,0.21371269365213968,0.21371269365213968,True,True,True,othervirus,0.5908554142613438,0.5908554142613438,True,0.08227946223914337,0.03484374080928454,0.5261839374266257,0.03
othervirus_2016,7,56,othervirus_2013,0.24535697586087818,0.24535697586087818,True,True,True,othervirus,0.6607331053171994,0.6607331053171994,True,0.0807281597169744,0.03484374080928454,0.4144052947732495,0.03
othervirus_2016,8,80,othervirus_2013,0.29376926973701367,0.29376926973701367,True,True,True,othervirus,0.7066257457032529,0.7066257457032529,True,0.0786870795233287,0.03484374080928454,0.3472541086845638,0.03
othervirus_2016,9,100,othervirus_2013,0.33628286608226166,0.33628286608226166,True,True,True,othervirus,0.7777165374839266,0.7777165374839266,True,0.0881250505620543,0.03484374080928454,0.25139316890153324,0.03
othervirus_2016,10,122,othervirus_2013,0.37917454377093024,0.37917454377093024,True,True,True,othervirus,0.8164831870151448,0.8164831870151448,True,0.09407190730224292,0.03484374080928454,0.2027489583143731,0.03
othervirus_2016,11,201,othervirus_2013,0.4737314648255359,0.4737314648255359,True,True,True,othervirus,0.9467892131734913,0.9467892131734913,True,0.10104189142825185,0.03484374080928454,0.05467879433761443,0.03
othervirus_2016,12,312,othervirus_2013,0.5978720079735855,0.5978720079735855,True,True,True,othervirus,0.9926982829222317,0.9926982829222317,True,0.09974976037776545,0.03484374080928454,0.007328505092568768,0.03
othervirus_2016,13,448,othervirus_2013,0.7353512890793007,0.7353512890793007,True,True,True,othervirus,0.9989596595829207,0.9989596595829207,True,0.1038809416430411,0.03484374080928454,0.0010408819467871225,0.03
othervirus_2016,14,574,othervirus_2013,0.8265567457734699,0.8265567457734699,True,True,True,othervirus,0.9997747740400247,0.9997747740400247,True,0.12472576814182644,0.03484374080928454,0.00022525132715080955,0.03
othervirus_2016,15,724,othervirus_2013,0.8484450505953421,0.8484450505953421,True,True,True,othervirus,0.9999918112889611,0.9999918112889611,True,0.12395067717350892,0.03484374080928454,8.18874456659177e-06,0.03
othervirus_2016,16,848,othervirus_2013,0.7894311574733036,0.7894311574733036,True,True,True,othervirus,0.9999997272084172,0.9999997272084172,True,0.11115437880724387,0.03484374080928454,2.727916199747929e-07,0.03
othervirus_2016,17,981,othervirus_2013,0.7887829183184186,0.7887829183184186,True,True,True,othervirus,0.9999999774702365,0.9999999774702365,True,0.12232571061606679,0.03484374080928454,2.2529763753052297e-08,0.03
othervirus_2016,18,1142,othervirus_2013,0.7676092022031682,0.7676092022031682,True,True,True,othervirus,0.9999999994207562,0.9999999994207562,True,0.11736660474398128,0.03484374080928454,5.792437642328022e-10,0.03
othervirus_2016,19,1248,othervirus_2013,0.785492046329864,0.785492046329864,True,True,True,othervirus,0.9999999999493626,0.9999999999493626,True,0.12628787500188962,0.03484374080928454,5.0637383176737924e-11,0.03
othervirus_2016,20,1442,othervirus_2013,0.8314522639587301,0.8314522639587301,True,True,True,othervirus,0.9999999999962337,0.9999999999962337,True,0.12545795629669368,0.03484374080928454,3.7663205887454735e-12,0.03
othervirus_2016,21,1657,othervirus_2013,0.8071227312943221,0.8071227312943221,True,True,True,othervirus,0.9999999999999521,0.9999999999999521,True,0.15454720996847876,0.03484374080928454,4.785061236134539e-14,0.03
othervirus_2016,22,1912,othervirus_2013,0.7668540440714535,0.7668540440714535,True,True,True,othervirus,0.9999999999999858,0.9999999999999858,True,0.17789353808674688,0.03484374080928454,1.4210854715202105e-14,0.03
othervirus_2016,23,2121,othervirus_2013,0.7822434992181798,0.7822434992181798,True,True,True,othervirus,1.000000000000004,1.000000000000004,True,0.2145661771704179,0.03484374080928454,-3.996802888650556e-15,0.03
othervirus_2016,24,2387,othervirus_2013,0.8247986418764401,0.8247986418764401,True,True,True,othervirus,0.9999999999999833,0.9999999999999833,True,0.2725730984354592,0.03484374080928454,1.6653345369377487e-14,0.03
othervirus_2016,25,2658,othervirus_2013,0.6857536455011616,0.6857536455011616,True,True,True,othervirus,1.0000000000000104,1.0000000000000104,True,0.3215967788063384,0.03484374080928454,-1.0436096431476416e-14,0.03
othervirus_2017,0,11,othervirus_2014,0.13291906298804018,0.13291906298804018,True,True,True,othervirus,0.5257336886981889,0.5257336886981889,True,0.023780230659727532,0.019563393821901975,0.6429604897057358,0.03
othervirus_2017,1,13,othervirus_2013,0.14028995848151482,0.1361993135098415,False,True,True,othervirus,0.5456261572740442,0.5456261572740442,True,0.02299656347268585,0.019563393821901975,0.6058212313842531,0.03
othervirus_2017,2,22,othervirus_2013,0.1480531166988708,0.1378768738862255,False,True,True,othervirus,0.5585357728733193,0.5585357728733193,True,0.023233523990473015,0.019563393821901975,0.5824366108261285,0.03
othervirus_2017,3,31,othervirus_2016,0.16140621410458494,0.14268478067595486,False,True,True,othervirus,0.5987185710933012,0.5987185710933012,True,0.02391405670935395,0.019563393821901975,0.5129636225018438,0.03
othervirus_2017,4,47,othervirus_2013,0.1860704053765002,0.15937938518833009,False,True,True,othervirus,0.6811243668409831,0.6811243668409831,True,0.021364314359105522,0.019563393821901975,0.38401036565760277,0.03
othervirus_2017,5,77,othervirus_2016,0.23429271252302933,0.19550327453498662,False,True,True,othervirus,0.8296831354126962,0.8296831354126962,True,0.024050577557379126,0.019563393821901975,0.18671141564515278,0.03
othervirus_2017,6,114,othervirus_2016,0.26021270117060635,0.22604643565458257,False,True,True,othervirus,0.9364211420570759,0.9364211420570759,True,0.022231014197263855,0.019563393821901975,0.06568996560117092,0.03
othervirus_2017,7,133,othervirus_2016,0.2820337511433299,0.22340323828039166,False,True,True,othervirus,0.9436540259444219,0.9436540259444219,True,0.024357012151858693,0.019563393821901975,0.057995677953651396,0.03
othervirus_2017,8,170,othervirus_2016,0.29846690288029104,0.2344150210599244,False,True,True,othervirus,0.9740569769108336,0.9740569769108336,True,0.027991225861032632,0.019563393821901975,0.02628547919546946,0.03
othervirus_2017,9,225,othervirus_2016,0.3068196536642624,0.24484140939438045,False,True,True,othervirus,0.9932606295393884,0.9932606295393884,True,0.02429143131803898,0.019563393821901975,0.006762182568313342,0.03
othervirus_2017,10,293,othervirus_2016,0.30393768349281647,0.27267989101919604,False,True,True,othervirus,0.9992673994513132,0.9992673994513132,True,0.020697395258987006,0.019563393821901975,0.0007328690316039774,0.03
othervirus_2017,11,360,othervirus_2016,0.3331515088616807,0.26964629219959035,False,True,True,othervirus,0.9996870046903101,0.9996870046903101,True,0.02356680181994497,0.019563393821901975,0.00031304430294518414,0.03
othervirus_2017,12,432,othervirus_2016,0.3160370546335986,0.28785193699918854,False,True,True,othervirus,0.9999638168806051,0.9999638168806051,True,0.018288568040048452,0.019563393821901975,3.618377401976135e-05,0.03
othervirus_2017,13,536,othervirus_2016,0.32724343904294767,0.30384980305221543,False,True,True,othervirus,0.9999976184038544,0.9999976184038544,True,0.02039293108104228,0.019563393821901975,2.3815989816332094e-06,0.03
othervirus_2017,14,668,othervirus_2014,0.33422173234893693,0.33422173234893693,True,True,True,othervirus,0.999999967416954,0.999999967416954,True,0.017800942240024237,0.019563393821901975,3.2583046569863845e-08,0.03
othervirus_2017,15,805,othervirus_2014,0.3636003676281593,0.3636003676281593,True,True,True,othervirus,0.9999999997060767,0.9999999997060767,True,0.016283984427881624,0.019563393821901975,2.9392333016232344e-10,0.03
othervirus_2017,16,982,othervirus_2014,0.372686518724281,0.372686518724281,True,True,True,othervirus,0.9999999999996194,0.9999999999996194,True,0.012054816361239739,0.019563393821901975,3.8058445284157606e-13,0.03
othervirus_2017,17,1183,othervirus_2014,0.4222683775181729,0.4222683775181729,True,True,True,othervirus,0.9999999999999869,0.9999999999999869,True,0.01216462573994129,0.019563393821901975,1.3100631690576932e-14,0.03
othervirus_2017,18,1355,othervirus_2014,0.44712783786178895,0.44712783786178895,True,True,True,othervirus,1.0000000000000093,1.0000000000000093,True,0.012970270322572568,0.019563393821901975,-9.32587340685127e-15,0.03
othervirus_2017,19,1588,othervirus_2015,0.4700593872147176,0.4143941758450389,False,True,True,othervirus,0.999999999999992,0.999999999999992,True,0.012826832492745343,0.019563393821901975,7.993605777301159e-15,0.03
othervirus_2017,20,1813,othervirus_2015,0.4967839316911523,0.4224411270694371,False,True,True,othervirus,0.9999999999999866,0.9999999999999866,True,0.012172890731109907,0.019563393821901975,1.3433698597964484e-14,0.03
othervirus_2017,21,2016,othervirus_2015,0.5468523340164848,0.4009526791345302,False,True,True,othervirus,0.9999999999999727,0.9999999999999727,True,0.012550595709322657,0.019563393821901975,2.7311486405779223e-14,0.03
othervirus_2017,22,2285,othervirus_2015,0.564728153915427,0.3957226482253394,False,True,True,othervirus,0.999999999999992,0.999999999999992,True,0.013485799095268796,0.019563393821901975,7.993605777301159e-15,0.03
othervirus_2017,23,2476,othervirus_2015,0.6160011695572071,0.35842551118764343,False,True,True,othervirus,1.0000000000000129,1.0000000000000129,True,0.011744003648749,0.019563393821901975,-1.2878587085651732e-14,0.03
othervirus_2017,24,2697,othervirus_2015,0.6599671641435766,0.3251340632424275,False,True,True,othervirus,1.0000000000000182,1.0000000000000182,True,0.010297188565266478,0.019563393821901975,-1.82076576038524e-14,0.03
othervirus_2017,25,2865,othervirus_2015,0.6249228239544329,0.3567534044190067,False,True,True,othervirus,0.9999999999999776,0.9999999999999776,True,0.01113651093044241,0.019563393821901975,2.2426505097428415e-14,0.03
othervirus_2018,0,16,othervirus_2014,0.131240591075419,0.12877746115130193,False,True,True,othervirus,0.639249174213121,0.639249174213121,True,0.006945416774988079,0.014786405481251208,0.44746095661750884,0.03
othervirus_2018,1,30,othervirus_2016,0.14140544068213512,0.1337597873382065,False,True,True,othervirus,0.6716903012528497,0.6716903012528497,True,0.006391569632463489,0.014786405481251208,0.39795790591904223,0.03
othervirus_2018,2,55,othervirus_2013,0.17146919860742954,0.14800165654699227,False,True,True,othervirus,0.7812533706649151,0.7812533706649151,True,0.006748497384387694,0.014786405481251208,0.24685576348974173,0.03
othervirus_2018,3,66,othervirus_2013,0.17280912915455005,0.12989178068038781,False,True,True,othervirus,0.7026369544052258,0.7026369544052258,True,0.007245661840311351,0.014786405481251208,0.3529149438850803,0.03
othervirus_2018,4,80,othervirus_2013,0.18525572475430496,0.12362276885747354,False,True,True,othervirus,0.7046939897703237,0.7046939897703237,True,0.00775529464123195,0.014786405481251208,0.3499916274632746,0.03
othervirus_2018,5,99,othervirus_2013,0.2151425477706505,0.1382756776357598,False,True,True,othervirus,0.7856352909821032,0.7856352909821032,True,0.007977631996517189,0.014786405481251208,0.2412626006212975,0.03
othervirus_2018,6,119,othervirus_2013,0.24199610017371695,0.14772671732431125,False,True,True,othervirus,0.8570930984124507,0.8570930984124507,True,0.008277562895979848,0.014786405481251208,0.1542087333644731,0.03
othervirus_2018,7,140,othervirus_2013,0.25982136804996725,0.14372095894071765,False,True,True,othervirus,0.8664689288467393,0.8664689288467393,True,0.009409448265725413,0.014786405481251208,0.14332902869589603,0.03
othervirus_2018,8,183,othervirus_2013,0.29485817928544467,0.15447281643802271,False,True,True,othervirus,0.9525907737479817,0.9525907737479817,True,0.009247894806062074,0.014786405481251208,0.048569875999271886,0.03
othervirus_2018,9,268,othervirus_2013,0.32773254342877295,0.14559168803722503,False,True,True,othervirus,0.99327343246406,0.99327343246406,True,0.00864739712820921,0.014786405481251208,0.006749292857619124,0.03
othervirus_2018,10,351,othervirus_2013,0.3291285949140802,0.14202197942846576,False,True,True,othervirus,0.9989153277442631,0.9989153277442631,True,0.007714203663581828,0.014786405481251208,0.0010852609384117994,0.03
othervirus_2018,11,466,othervirus_2013,0.3458654462333962,0.12073332908178153,False,True,True,othervirus,0.999940005967773,0.999940005967773,True,0.011404818698625361,0.014786405481251208,5.9995831940939686e-05,0.03
othervirus_2018,12,637,othervirus_2013,0.3336570715411179,0.1191692492646034,False,True,True,othervirus,0.9999991967343734,0.9999991967343734,True,0.01182117823933441,0.014786405481251208,8.032659491879662e-07,0.03
othervirus_2018,13,897,othervirus_2013,0.32632246220582156,0.11912803136172996,False,True,True,othervirus,0.9999999989889234,0.9999999989889234,True,0.017912015943289034,0.014786405481251208,1.0110765563235891e-09,0.03
othervirus_2018,14,1182,othervirus_2016,0.343594980597212,0.15833802691694585,False,True,True,othervirus,0.999999999999446,0.999999999999446,True,0.019917111579117987,0.014786405481251208,5.540012892881066e-13,0.03
othervirus_2018,15,1536,othervirus_2016,0.3831893673763906,0.18605525459964278,False,True,True,othervirus,1.0000000000000038,1.0000000000000038,True,0.02179330110863546,0.014786405481251208,-3.774758283725525e-15,0.03
othervirus_2018,16,1799,othervirus_2016,0.3646759576919284,0.28868470449876754,False,True,True,othervirus,0.9999999999999902,0.9999999999999902,True,0.01879424869861382,0.014786405481251208,9.769962616701425e-15,0.03
othervirus_2018,17,2230,othervirus_2017,0.3846792551318908,0.3846792551318908,True,True,True,othervirus,0.9999999999999718,0.9999999999999718,True,0.03478475810629258,0.014786405481251208,2.8199664825479374e-14,0.03
othervirus_2018,18,2587,othervirus_2017,0.5057409494085011,0.5057409494085011,True,True,True,othervirus,1.000000000000003,1.000000000000003,True,0.03048381074709639,0.014786405481251208,-3.1086244689504336e-15,0.03
othervirus_2018,19,2937,othervirus_2017,0.5992012175445042,0.5992012175445042,True,True,True,othervirus,0.9999999999999963,0.9999999999999963,True,0.03190156015825703,0.014786405481251208,3.663735981263024e-15,0.03
othervirus_2018,20,3238,othervirus_2017,0.6900970445854112,0.6900970445854112,True,True,True,othervirus,0.9999999999999796,0.9999999999999796,True,0.026743834528510656,0.014786405481251208,2.042810365310309e-14,0.03
othervirus_2018,21,3516,othervirus_2017,0.7740674664972718,0.7740674664972718,True,True,True,othervirus,1.0000000000000242,1.0000000000000242,True,0.023624437642076758,0.014786405481251208,-2.420286193682812e-14,0.03
othervirus_2018,22,3809,othervirus_2017,0.8188754567185635,0.8188754567185635,True,True,True,othervirus,0.9999999999999791,0.9999999999999791,True,0.019792442108481047,0.014786405481251208,2.087219286295316e-14,0.03
othervirus_2018,23,4043,othervirus_2017,0.8441985046850145,0.8441985046850145,True,True,True,othervirus,1.000000000000012,1.000000000000012,True,0.01769890001676651,0.014786405481251208,-1.1990408665951618e-14,0.03
othervirus_2018,24,4380,othervirus_2017,0.8975214798189399,0.8975214798189399,True,True,True,othervirus,0.9999999999999947,0.9999999999999947,True,0.01900189068785283,0.014786405481251208,5.3290705182007656e-15,0.03
othervirus_2018,25,4676,othervirus_2017,0.9225253203683408,0.9225253203683408,True,True,True,othervirus,0.9999999999999976,0.9999999999999976,True,0.025835702246262724,0.014786405481251208,2.4424906541753475e-15,0.03
othervirus_2019,0,4,othervirus_2015,0.08851598539203645,0.08558098370664141,False,True,True,othervirus,0.5165396338976289,0.5165396338976289,True,0.03284707431278106,0.052884637411087176,0.6606032578434646,0.03
othervirus_2019,1,7,othervirus_2014,0.08758127088824975,0.08540677615157115,False,True,True,othervirus,0.5151486296953687,0.5151486296953687,True,0.032299617529995765,0.052884637411087176,0.6632998186055292,0.03
othervirus_2019,2,8,othervirus_2015,0.09098409028273839,0.08797666543493976,False,True,True,othervirus,0.531364606250719,0.531364606250719,True,0.03194202606721714,0.052884637411087176,0.6323068525966361,0.03
othervirus_2019,3,10,othervirus_2015,0.09760764187775059,0.09265151955902043,False,True,True,othervirus,0.5619013438278154,0.5619013438278154,True,0.03105926992844956,0.052884637411087176,0.5764289892886001,0.03
othervirus_2019,4,17,othervirus_2015,0.0999543688197554,0.09702250489050189,False,True,True,othervirus,0.5860956839010025,0.5860956839010025,True,0.030505506304115797,0.052884637411087176,0.5342722196268472,0.03
othervirus_2019,5,26,othervirus_2014,0.10940229907872713,0.10827613590513704,False,True,True,othervirus,0.6469260890148419,0.6469260890148419,True,0.030906029223382675,0.052884637411087176,0.4355232274598207,0.03
othervirus_2019,6,29,othervirus_2014,0.11784641620924599,0.11498612259446771,False,True,True,othervirus,0.6897834196998351,0.6897834196998351,True,0.031260024005163076,0.052884637411087176,0.37137761515587275,0.03
othervirus_2019,7,131,othervirus_2014,0.2009446841624619,0.1585282739419787,False,True,True,othervirus,0.9911622384307983,0.9911622384307983,True,0.03605791567640505,0.052884637411087176,0.008877046214135181,0.03
othervirus_2019,8,195,othervirus_2015,0.2249830419271647,0.15198824355257373,False,True,True,othervirus,0.999396958456283,0.999396958456283,True,0.036874300093000474,0.052884637411087176,0.0006032234464023602,0.03
othervirus_2019,9,220,othervirus_2015,0.23407444544739495,0.155039719266238,False,True,True,othervirus,0.9997973621312071,0.9997973621312071,True,0.041183321985162225,0.052884637411087176,0.00020265840261986728,0.03
othervirus_2019,10,263,othervirus_2015,0.2532138285057607,0.15337114090760556,False,True,True,othervirus,0.999966327911475,0.999966327911475,True,0.046398203578053514,0.052884637411087176,3.36726554425043e-05,0.03
othervirus_2019,11,285,othervirus_2015,0.25521870073254543,0.16210713788218936,False,True,True,othervirus,0.9999855248446847,0.9999855248446847,True,0.04564028153530697,0.052884637411087176,1.447526008134614e-05,0.03
othervirus_2019,12,337,othervirus_2015,0.2757569876970813,0.1577982656096117,False,True,True,othervirus,0.9999982419781932,0.9999982419781932,True,0.05429149165458526,0.052884637411087176,1.7580233521191089e-06,0.03
othervirus_2019,13,389,othervirus_2015,0.29204873562747613,0.15201879943142554,False,True,True,othervirus,0.9999997899990516,0.9999997899990516,True,0.05293790001290202,0.052884637411087176,2.100009704587086e-07,0.03
othervirus_2019,14,444,othervirus_2015,0.30406124296966336,0.15352458908081915,False,True,True,othervirus,0.999999969562398,0.999999969562398,True,0.06002677019371687,0.052884637411087176,3.0437602457616865e-08,0.03
othervirus_2019,15,530,othervirus_2015,0.3336173305577839,0.15058353375524777,False,True,True,othervirus,0.9999999991290748,0.9999999991290748,True,0.0816153874471897,0.052884637411087176,8.709252212097983e-10,0.03
othervirus_2019,16,611,othervirus_2015,0.357067854244783,0.15595543093675474,False,True,True,othervirus,0.9999999999652451,0.9999999999652451,True,0.07943558293116154,0.052884637411087176,3.47548656526797e-11,0.03
othervirus_2019,17,702,othervirus_2015,0.3835187816484982,0.14578382416629315,False,True,True,othervirus,0.9999999999982068,0.9999999999982068,True,0.056832371614217975,0.052884637411087176,1.7932322293761608e-12,0.03
othervirus_2019,18,803,othervirus_2015,0.42277684700355045,0.1267090036081459,False,True,True,othervirus,0.9999999999999645,0.9999999999999645,True,0.053719199867559526,0.052884637411087176,3.552713678800564e-14,0.03
othervirus_2019,19,919,othervirus_2015,0.35704526286777916,0.1617990355287633,False,True,True,othervirus,1.0000000000000029,1.0000000000000029,True,0.03959509489346367,0.052884637411087176,-2.8865798640254027e-15,0.03
othervirus_2019,20,1114,othervirus_2015,0.43203012860468026,0.13822332533121173,False,True,True,othervirus,1.000000000000003,1.000000000000003,True,0.053889261880278726,0.052884637411087176,-3.1086244689504336e-15,0.03
othervirus_2019,21,1314,othervirus_2015,0.46224499412850034,0.11939830253005311,False,True,True,othervirus,0.9999999999999962,0.9999999999999962,True,0.08086477695778686,0.052884637411087176,3.774758283725539e-15,0.03
othervirus_2019,22,1646,othervirus_2015,0.47471625596339373,0.11803842545895712,False,True,True,othervirus,1.0000000000000033,1.0000000000000033,True,0.09490630899150133,0.052884637411087176,-3.330669073875464e-15,0.03
othervirus_2019,23,1965,othervirus_2015,0.5068036313865045,0.13223554868282622,False,True,True,othervirus,0.9999999999999956,0.9999999999999956,True,0.13802012131836977,0.052884637411087176,4.440892098500636e-15,0.03
othervirus_2019,24,2159,othervirus_2015,0.4968676394675912,0.13398651163115397,False,True,True,othervirus,1.0000000000000016,1.0000000000000016,True,0.12635024944573042,0.052884637411087176,-1.554312234475218e-15,0.03
othervirus_2019,25,2346,othervirus_2015,0.4959477496264196,0.12881721247828892,False,True,True,othervirus,1.0000000000000098,1.0000000000000098,True,0.15075852194762934,0.052884637411087176,-9.76996261670133e-15,0.03
othervirus_2020,0,20,othervirus_2019,0.10386083775375073,0.08975413385777956,False,True,True,othervirus,0.6683644932949199,0.6683644932949199,True,0.0014445327299538859,0.25894349152052865,0.40292160561249335,0.03
othervirus_2020,1,59,othervirus_2019,0.13836957894987634,0.10447966638126356,False,True,True,othervirus,0.8788108539900441,0.8788108539900441,True,0.0014241997828540588,0.25894349152052865,0.1291855876261923,0.03
othervirus_2020,2,94,othervirus_2019,0.14601638820625285,0.11424410729708698,False,True,True,othervirus,0.941402772458344,0.941402772458344,True,0.0013437230303212319,0.25894349152052865,0.060384204981887644,0.03
othervirus_2020,3,133,othervirus_2019,0.1592540144033813,0.11188838179661048,False,True,True,othervirus,0.9705693631684323,0.9705693631684323,True,0.001442108325142556,0.25894349152052865,0.029872407347000165,0.03
othervirus_2020,4,171,othervirus_2019,0.17938316627780376,0.11317304696741623,False,True,True,othervirus,0.9796750006460848,0.9796750006460848,True,0.0021040462547934177,0.25894349152052865,0.020534394313360734,0.03
othervirus_2020,5,209,othervirus_2019,0.18045666949520087,0.1304754648021335,False,True,True,othervirus,0.9864660883732668,0.9864660883732668,True,0.002107348903450554,0.25894349152052865,0.013626329808990097,0.03
othervirus_2020,6,260,othervirus_2019,0.19814389967840187,0.12977216624183835,False,True,True,othervirus,0.9958531752227815,0.9958531752227815,True,0.002388351852033584,0.25894349152052865,0.004155446699072913,0.03
othervirus_2020,7,297,othervirus_2019,0.23099321363390854,0.10619123299076225,False,True,True,othervirus,0.9991206868523961,0.9991206868523961,True,0.002145921763859209,0.25894349152052865,0.0008796999701851078,0.03
othervirus_2020,8,422,othervirus_2019,0.2887636162182025,0.11356161977707177,False,True,True,othervirus,0.9999104642859287,0.9999104642859287,True,0.0037637778998709953,0.25894349152052865,8.95397226326534e-05,0.03
othervirus_2020,9,521,othervirus_2019,0.3327851415726736,0.11313415006288907,False,True,True,othervirus,0.9999838213697654,0.9999838213697654,True,0.004626825867073552,0.25894349152052865,1.61787611100698e-05,0.03
othervirus_2020,10,664,othervirus_2019,0.27245959996955227,0.17710857756907294,False,True,True,othervirus,0.9999961898148318,0.9999961898148318,True,0.007807881710928274,0.25894349152052865,3.810192426925516e-06,0.03
othervirus_2020,11,910,othervirus_2016,0.2722076439084985,0.26256278314855996,False,True,True,othervirus,0.9999996084157756,0.9999996084157756,True,0.0073181278071687604,0.25894349152052865,3.915843010486933e-07,0.03
othervirus_2020,12,1260,othervirus_2013,0.48521941492369786,0.48521941492369786,True,True,True,othervirus,0.9999999586024554,0.9999999586024554,True,0.012465211646281102,0.25894349152052865,4.13975454713971e-08,0.03
othervirus_2020,13,1590,othervirus_2013,0.5663487280819636,0.5663487280819636,True,True,True,othervirus,0.999999999327392,0.999999999327392,True,0.019829216586058896,0.25894349152052865,6.726079695470938e-10,0.03
othervirus_2020,14,1787,othervirus_2013,0.5503240409269731,0.5503240409269731,True,True,True,othervirus,0.9999999999100995,0.9999999999100995,True,0.031558466538356825,0.25894349152052865,8.990053146766802e-11,0.03
othervirus_2020,15,1882,othervirus_2013,0.6086760886152233,0.6086760886152233,True,True,True,othervirus,0.9999999999270782,0.9999999999270782,True,0.035895591812572965,0.25894349152052865,7.292177972839079e-11,0.03
othervirus_2020,16,1997,othervirus_2013,0.6127916293317622,0.6127916293317622,True,True,True,othervirus,0.9999999999765306,0.9999999999765306,True,0.05255432540863784,0.25894349152052865,2.346944860703644e-11,0.03
othervirus_2020,17,2044,othervirus_2013,0.6337762479175326,0.6337762479175326,True,True,True,othervirus,0.9999999999819078,0.9999999999819078,True,0.0675441143190766,0.25894349152052865,1.8092194409455213e-11,0.03
othervirus_2020,18,2114,othervirus_2013,0.6433547442714462,0.6433547442714462,True,True,True,othervirus,0.9999999999807294,0.9999999999807294,True,0.08184622920348632,0.25894349152052865,1.9270585127814368e-11,0.03
othervirus_2020,19,2156,othervirus_2013,0.6743393513887581,0.6743393513887581,True,True,True,othervirus,0.9999999999780483,0.9999999999780483,True,0.10785221390181536,0.25894349152052865,2.1951662710036922e-11,0.03
othervirus_2020,20,2191,othervirus_2013,0.6719527500311724,0.6719527500311724,True,True,True,othervirus,0.999999999975328,0.999999999975328,True,0.14155431852130076,0.25894349152052865,2.4672042187339358e-11,0.03
othervirus_2020,21,2242,othervirus_2013,0.7214424368879347,0.7214424368879347,True,True,True,othervirus,0.9999999999740949,0.9999999999740949,True,0.18121515940628224,0.25894349152052865,2.5905055878519237e-11,0.03
othervirus_2020,22,2271,othervirus_2013,0.7412334409092126,0.7412334409092126,True,True,True,othervirus,0.9999999999608736,0.9999999999608736,True,0.21637802312937562,0.25894349152052865,3.9126368812302744e-11,0.03
othervirus_2020,23,2310,othervirus_2013,0.7569695109231701,0.7569695109231701,True,True,True,othervirus,0.9999999999524002,0.9999999999524002,True,0.2876995553104966,0.25894349152052865,4.759981298121429e-11,0.03
othervirus_2020,24,2349,othervirus_2013,0.7997829687567007,0.7997829687567007,True,True,True,othervirus,0.9999999999484206,0.9999999999484206,True,0.34164081304423366,0.25894349152052865,5.1579407413180514e-11,0.03
othervirus_2020,25,2377,othervirus_2013,0.8269460493974072,0.8269460493974072,True,True,True,othervirus,0.9999999999589543,0.9999999999589543,True,0.407653381326241,0.25894349152052865,4.104572237735165e-11,0.03
othervirus_2021,0,48,othervirus_2020,0.1395807870737087,0.08923465506461563,False,True,True,othervirus,0.6652300016835097,0.6652300016835097,True,0.00021819043911541582,0.28100500507895987,0.40762243093130524,0.03
othervirus_2021,1,140,othervirus_2020,0.39871267730604315,0.1176865261087828,False,True,True,othervirus,0.9309675149796288,0.9309675149796288,True,0.0004863182636903809,0.28100500507895987,0.07153089492432664,0.03
othervirus_2021,2,247,othervirus_2020,0.5686509337969717,0.12522108669738258,False,True,True,othervirus,0.9945482266512702,0.9945482266512702,True,0.0006547062396347435,0.28100500507895987,0.005466688499098911,0.03
othervirus_2021,3,405,othervirus_2020,0.5029185719380774,0.19623503895483907,False,True,True,othervirus,0.9999352702257401,0.9999352702257401,True,0.0007902081157118097,0.28100500507895987,6.4731869322111e-05,0.03
othervirus_2021,4,605,othervirus_2020,0.7104036645594398,0.16521920177476274,False,True,True,othervirus,0.9999996990822362,0.9999996990822362,True,0.0022156820777429406,0.28100500507895987,3.0091780909377985e-07,0.03
othervirus_2021,5,856,othervirus_2020,0.8621366132040561,0.1040439339920683,False,True,True,othervirus,0.9999999997469491,0.9999999997469491,True,0.007089956942019032,0.28100500507895987,2.5305091358878005e-10,0.03
othervirus_2021,6,1099,othervirus_2020,0.8217867082269124,0.15378425681269628,False,True,True,othervirus,0.9999999999998398,0.9999999999998398,True,0.033689061196854664,0.28100500507895987,1.602051824534229e-13,0.03
othervirus_2021,7,1405,othervirus_2020,0.5917885294312297,0.3835165500881631,False,True,True,othervirus,0.9999999999999867,0.9999999999999867,True,0.28098745136806413,0.28100500507895987,1.3322676295501967e-14,0.03
othervirus_2021,8,1738,othervirus_2018,0.8721589265441169,0.8721589265441169,True,True,True,othervirus,0.9999999999999883,0.9999999999999883,True,0.7528144796324165,0.28100500507895987,1.1657341758564212e-14,0.03
othervirus_2021,9,2097,othervirus_2018,0.9821402775997328,0.9821402775997328,True,True,True,othervirus,1.0000000000000124,1.0000000000000124,True,0.9247504737477041,0.28100500507895987,-1.2434497875801676e-14,0.03
othervirus_2021,10,2547,othervirus_2018,0.994562202956069,0.994562202956069,True,True,True,othervirus,0.999999999999982,0.999999999999982,True,0.9932701436360664,0.28100500507895987,1.7985612998927697e-14,0.03
othervirus_2021,11,2910,othervirus_2018,0.9967731682463382,0.9967731682463382,True,True,True,othervirus,0.9999999999999979,0.9999999999999979,True,0.9994190704831991,0.28100500507895987,2.1094237467877998e-15,0.03
othervirus_2021,12,3317,othervirus_2018,0.9982147468147023,0.9982147468147023,True,True,True,othervirus,1.0000000000000213,1.0000000000000213,True,0.9999365154776148,0.28100500507895987,-2.1316282072802778e-14,0.03
othervirus_2021,13,3725,othervirus_2018,0.9990899940104107,0.9990899940104107,True,True,True,othervirus,1.0000000000000169,1.0000000000000169,True,0.9999973044042414,0.28100500507895987,-1.6875389974302237e-14,0.03
othervirus_2021,14,4083,othervirus_2018,0.9995410590674846,0.9995410590674846,True,True,True,othervirus,1.0000000000000018,1.0000000000000018,True,0.9999998423952672,0.28100500507895987,-1.7763568394002489e-15,0.03
othervirus_2021,15,4372,othervirus_2018,0.999787437783739,0.999787437783739,True,True,True,othervirus,0.999999999999984,0.999999999999984,True,0.9999999890000026,0.28100500507895987,1.5987211554602384e-14,0.03
othervirus_2021,16,4669,othervirus_2018,0.999886182731785,0.999886182731785,True,True,True,othervirus,1.0000000000000246,1.0000000000000246,True,0.9999999985788008,0.28100500507895987,-2.4646951146678172e-14,0.03
othervirus_2021,17,4972,othervirus_2018,0.9999407043916343,0.9999407043916343,True,True,True,othervirus,1.0000000000000062,1.0000000000000062,True,0.9999999999258762,0.28100500507895987,-6.217248937900858e-15,0.03
othervirus_2021,18,5295,othervirus_2018,0.9999760008110052,0.9999760008110052,True,True,True,othervirus,1.0000000000000449,1.0000000000000449,True,0.9999999999938609,0.28100500507895987,-4.485301019485532e-14,0.03
othervirus_2021,19,5636,othervirus_2018,0.9999881801803039,0.9999881801803039,True,True,True,othervirus,1.0000000000000535,1.0000000000000535,True,0.9999999999995453,0.28100500507895987,-5.351274978693111e-14,0.03
othervirus_2021,20,5947,othervirus_2018,0.9999943089820185,0.9999943089820185,True,True,True,othervirus,1.0000000000000455,1.0000000000000455,True,1.0,0.28100500507895987,-4.5519144009630383e-14,0.03
othervirus_2021,21,6219,othervirus_2018,0.9999970727413582,0.9999970727413582,True,True,True,othervirus,0.9999999999999563,0.9999999999999563,True,1.0,0.28100500507895987,4.374278717023213e-14,0.03
othervirus_2021,22,6556,othervirus_2018,0.9999987336125347,0.9999987336125347,True,True,True,othervirus,1.0000000000000444,1.0000000000000444,True,1.0,0.28100500507895987,-4.440892098500528e-14,0.03
othervirus_2021,23,6913,othervirus_2018,0.9999993421558774,0.9999993421558774,True,True,True,othervirus,0.9999999999999766,0.9999999999999766,True,1.0,0.28100500507895987,2.3425705819591078e-14,0.03
othervirus_2021,24,7309,othervirus_2018,0.9999997547486447,0.9999997547486447,True,True,True,othervirus,1.0000000000000213,1.0000000000000213,True,1.0,0.28100500507895987,-2.1316282072802778e-14,0.03
othervirus_2021,25,7481,othervirus_2018,0.9999998716987275,0.9999998716987275,True,True,True,othervirus,1.0000000000001077,1.0000000000001077,True,1.0,0.28100500507895987,-1.0769163338863439e-13,0.03
othervirus_2022,0,87,othervirus_2021,0.3091043256784033,0.3091043256784033,True,True,True,othervirus,0.955658199601518,0.955658199601518,True,2.5089838213727123e-07,0.021123419535814314,0.045354961658042627,0.03
othervirus_2022,1,386,othervirus_2021,0.7787065835222787,0.7787065835222787,True,True,True,othervirus,0.9999976441683758,0.9999976441683758,True,2.3739625146496556e-07,0.021123419535814314,2.3558343991990493e-06,0.03
othervirus_2022,2,640,othervirus_2021,0.9442068426737822,0.9442068426737822,True,True,True,othervirus,0.9999999997872426,0.9999999997872426,True,3.3719179421168345e-07,0.021123419535814314,2.127573673020698e-10,0.03
othervirus_2022,3,791,othervirus_2021,0.9748949222290834,0.9748949222290834,True,True,True,othervirus,0.9999999999990954,0.9999999999990954,True,4.944883050484544e-07,0.021123419535814314,9.046097204649867e-13,0.03
othervirus_2022,4,986,othervirus_2021,0.9851958106257458,0.9851958106257458,True,True,True,othervirus,0.9999999999999952,0.9999999999999952,True,1.0282194067232334e-06,0.021123419535814314,4.773959005888184e-15,0.03
othervirus_2022,5,1187,othervirus_2021,0.9915994253380567,0.9915994253380567,True,True,True,othervirus,0.9999999999999991,0.9999999999999991,True,1.1725626678862328e-06,0.021123419535814314,8.881784197001256e-16,0.03
othervirus_2022,6,1456,othervirus_2021,0.9975105968403947,0.9975105968403947,True,True,True,othervirus,0.9999999999999862,0.9999999999999862,True,1.1188309836086847e-06,0.021123419535814314,1.3766765505352036e-14,0.03
othervirus_2022,7,1799,othervirus_2021,0.9998124041028555,0.9998124041028555,True,True,True,othervirus,0.9999999999999969,0.9999999999999969,True,6.808600683607677e-07,0.021123419535814314,3.108624468950443e-15,0.03
othervirus_2022,8,2153,othervirus_2021,0.9999714225495864,0.9999714225495864,True,True,True,othervirus,1.0000000000000118,1.0000000000000118,True,4.93630560592875e-07,0.021123419535814314,-1.176836406102659e-14,0.03
othervirus_2022,9,2666,othervirus_2021,0.9999989175625107,0.9999989175625107,True,True,True,othervirus,1.0000000000000244,1.0000000000000244,True,2.7752795518618924e-07,0.021123419535814314,-2.4424906541753144e-14,0.03
othervirus_2022,10,3253,othervirus_2021,0.9999999921274139,0.9999999921274139,True,True,True,othervirus,1.0000000000000164,1.0000000000000164,True,2.636714254410443e-07,0.021123419535814314,-1.643130076445218e-14,0.03
othervirus_2022,11,3952,othervirus_2021,0.9999999999743068,0.9999999999743068,True,True,True,othervirus,0.9999999999999539,0.9999999999999539,True,2.751750206436239e-07,0.021123419535814314,4.6074255521945057e-14,0.03
othervirus_2022,12,4789,othervirus_2021,1.0,1.0,True,True,True,othervirus,1.0000000000000262,1.0000000000000262,True,3.375906014261484e-07,0.021123419535814314,-2.620126338115335e-14,0.03
othervirus_2022,13,5633,othervirus_2021,1.0,1.0,True,True,True,othervirus,1.0,1.0,True,6.546572621675151e-07,0.021123419535814314,-0.0,0.03
othervirus_2022,14,6499,othervirus_2021,1.0,1.0,True,True,True,othervirus,1.0,1.0,True,1.4970220588220207e-06,0.021123419535814314,-0.0,0.03
othervirus_2022,15,7414,othervirus_2021,1.0,1.0,True,True,True,othervirus,1.0,1.0,True,2.0036408950376358e-06,0.021123419535814314,-0.0,0.03
othervirus_2022,16,8712,othervirus_2021,1.0,1.0,True,True,True,othervirus,1.0,1.0,True,3.0178383496157627e-06,0.021123419535814314,-0.0,0.03
othervirus_2022,17,9791,othervirus_2021,1.0,1.0,True,True,True,othervirus,1.0,1.0,True,5.752266562152049e-06,0.021123419535814314,-0.0,0.03
othervirus_2022,18,10857,othervirus_2021,1.0,1.0,True,True,True,othervirus,1.0,1.0,True,1.1528135027055165e-05,0.021123419535814314,-0.0,0.03
othervirus_2022,19,11956,othervirus_2021,1.0,1.0,True,True,True,othervirus,1.0,1.0,True,3.550379320102847e-05,0.021123419535814314,-0.0,0.03
othervirus_2022,20,13006,othervirus_2021,1.0,1.0,True,True,True,othervirus,1.0,1.0,True,4.8763881875992344e-05,0.021123419535814314,-0.0,0.03
othervirus_2022,21,13960,othervirus_2021,1.0,1.0,True,True,True,othervirus,1.0,1.0,True,6.553193919760432e-05,0.021123419535814314,-0.0,0.03
othervirus_2022,22,14839,othervirus_2021,1.0,1.0,True,True,True,othervirus,1.0,1.0,True,6.995491382951242e-05,0.021123419535814314,-0.0,0.03
othervirus_2022,23,15494,othervirus_2021,1.0,1.0,True,True,True,othervirus,1.0,1.0,True,8.149090284578802e-05,0.021123419535814314,-0.0,0.03
othervirus_2022,24,16434,othervirus_2021,1.0,1.0,True,True,True,othervirus,1.0,1.0,True,8.633504780562519e-05,0.021123419535814314,-0.0,0.03
othervirus_2022,25,17335,othervirus_2021,1.0,1.0,True,True,True,othervirus,1.0,1.0,True,9.697699949665706e-05,0.021123419535814314,-0.0,0.03
